-- phpMyAdmin SQL Dump
-- version 4.1.8
-- http://www.phpmyadmin.net
--
-- Host: localhost:8889
-- Generation Time: Mar 13, 2014 at 01:25 PM
-- Server version: 5.5.34
-- PHP Version: 5.4.4

SET SQL_MODE = "NO_AUTO_VALUE_ON_ZERO";
SET time_zone = "+00:00";

--
-- Database: `ecoexplorers_new`
--

-- --------------------------------------------------------

--
-- Table structure for table `arthro_samples`
--

CREATE TABLE `arthro_samples` (
  `id` int(11) NOT NULL AUTO_INCREMENT,
  `site_id` int(11) DEFAULT NULL,
  `teachers_class_id` int(11) DEFAULT NULL,
  `habitat_id` int(11) DEFAULT NULL,
  `collection_date` date DEFAULT NULL,
  `comments` varchar(250) DEFAULT NULL,
  `date_entered` datetime DEFAULT NULL,
  `observer` varchar(255) DEFAULT NULL,
  PRIMARY KEY (`id`),
  KEY `site_id` (`site_id`),
  KEY `teachers_class_id` (`teachers_class_id`),
  KEY `habitat_id` (`habitat_id`)
) ENGINE=InnoDB  DEFAULT CHARSET=latin1 AUTO_INCREMENT=2151 ;

--
-- Dumping data for table `arthro_samples`
--

INSERT INTO `arthro_samples` (`id`, `site_id`, `teachers_class_id`, `habitat_id`, `collection_date`, `comments`, `date_entered`, `observer`) VALUES
(1, 147, 13, 36, '2001-04-05', NULL, '2000-06-05 10:18:03', NULL),
(2, 99, 3, 12, '1999-03-26', 'Some traps showed no arthropods', '2000-06-05 10:18:03', NULL),
(3, 99, 3, 12, '1999-03-26', NULL, '2000-06-05 10:18:03', NULL),
(4, 218, 6, 78, '2000-04-06', NULL, '2000-06-05 10:18:03', NULL),
(5, 98, 3, 11, '1999-03-26', NULL, '2000-06-05 10:18:03', NULL),
(6, 98, 3, 11, '1999-03-26', NULL, '2000-06-05 10:18:03', NULL),
(7, 98, 3, 11, '1999-03-26', NULL, '2000-06-05 10:18:03', NULL),
(8, 98, 3, 11, '1999-01-26', NULL, '2000-06-05 10:18:03', NULL),
(9, 98, 3, 11, '1999-01-15', NULL, '2000-06-05 10:18:03', NULL),
(10, 98, 3, 11, '1999-01-15', NULL, '2000-06-05 10:18:03', NULL),
(11, 98, 3, 11, '1999-01-15', NULL, '2000-06-05 10:18:03', NULL),
(12, 98, 3, 11, '1999-02-16', NULL, '2000-06-05 10:18:03', NULL),
(13, 98, 3, 11, '1999-02-16', NULL, '2000-06-05 10:18:03', NULL),
(14, 98, 3, 11, '1999-02-16', NULL, '2000-06-05 10:18:03', NULL),
(15, 98, 3, 11, '1999-01-15', NULL, '2000-06-05 10:18:03', NULL),
(16, 99, 3, 12, '1999-02-11', NULL, '2000-06-05 10:18:03', NULL),
(17, 99, 3, 12, '1999-02-12', 'Lepidopera: 1 Larva', '2000-06-05 10:18:03', NULL),
(18, 98, 3, 11, '1999-01-15', NULL, '2000-06-05 10:18:03', NULL),
(19, 99, 3, 12, '1999-02-11', NULL, '2000-06-05 10:18:03', NULL),
(20, 99, 3, 12, '1999-02-12', NULL, '2000-06-05 10:18:03', NULL),
(21, 98, 3, 11, '1999-01-15', NULL, '2000-06-05 10:18:03', NULL),
(22, 99, 3, 12, '1999-02-12', NULL, '2000-06-05 10:18:03', NULL),
(23, 99, 3, 12, '1999-02-12', 'unknown larva: 1', '2000-06-05 10:18:03', NULL),
(24, 98, 3, 11, '1999-01-15', 'One Protura added', '2000-06-05 10:18:03', NULL),
(25, 99, 3, 12, '1999-02-12', NULL, '2000-06-05 10:18:03', NULL),
(26, 99, 3, 12, '1999-02-12', NULL, '2000-06-05 10:18:03', NULL),
(27, 100, 3, 13, '1999-02-12', 'unknown larva: 1', '2000-06-05 10:18:03', NULL),
(28, 100, 3, 13, '1999-02-12', NULL, '2000-06-05 10:18:03', NULL),
(29, 100, 3, 13, '1999-02-12', NULL, '2000-06-05 10:18:03', NULL),
(30, 100, 3, 13, '1999-02-12', 'It rained during sampling period.', '2000-06-05 10:18:03', NULL),
(31, 100, 3, 13, '1999-02-12', NULL, '2000-06-05 10:18:03', NULL),
(32, 100, 3, 13, '1999-02-12', 'Unknow larvae:  2', '2000-06-05 10:18:03', NULL),
(33, 100, 3, 13, '1999-02-12', NULL, '2000-06-05 10:18:03', NULL),
(34, 100, 3, 13, '1999-02-12', 'Many plant pieces.', '2000-06-05 10:18:03', NULL),
(35, 98, 3, 11, '1999-01-15', NULL, '2000-06-05 10:18:03', NULL),
(36, 98, 3, 11, '1999-02-11', 'Unknown larva: 1', '2000-06-05 10:18:03', NULL),
(37, 98, 3, 11, '1999-01-15', 'Few plants nearby', '2000-06-05 10:18:03', NULL),
(38, 100, 3, 13, '1999-02-12', NULL, '2000-06-05 10:18:03', NULL),
(39, 101, 3, 14, '1999-02-12', 'Cup was filled with dirt.', '2000-06-05 10:18:03', NULL),
(40, 101, 3, 14, '1999-02-12', NULL, '2000-06-05 10:18:03', NULL),
(41, 101, 3, 14, '1999-02-12', NULL, '2000-06-05 10:18:03', NULL),
(42, 101, 3, 14, '1999-02-12', NULL, '2000-06-05 10:18:03', NULL),
(43, 101, 3, 14, '1999-02-12', 'Nothing found.', '2000-06-05 10:18:03', NULL),
(44, 101, 3, 14, '1999-02-12', '1 Isoptera.', '2000-06-05 10:18:03', NULL),
(45, 98, 3, 11, '1999-01-15', NULL, '2000-06-05 10:18:03', NULL),
(46, 98, 3, 11, '1999-01-15', NULL, '2000-06-05 10:18:03', NULL),
(47, 98, 3, 11, '1999-01-15', '5 Ephemeroptera (mayflies) found', '2000-06-05 10:18:03', NULL),
(48, 99, 3, 12, '1999-01-15', NULL, '2000-06-05 10:18:03', NULL),
(49, 99, 3, 12, '1999-01-15', '*(Rain)over and above ground', '2000-06-05 10:18:03', NULL),
(50, 99, 3, 12, '1999-01-15', 'Cups crushed by a jeep', '2000-06-05 10:18:03', NULL),
(51, 99, 3, 12, '1999-01-15', '2 larvae found', '2000-06-05 10:18:03', NULL),
(52, 99, 3, 12, '1999-01-15', NULL, '2000-06-05 10:18:03', NULL),
(53, 99, 3, 12, '1999-01-15', NULL, '2000-06-05 10:18:03', NULL),
(54, 100, 3, 13, '1999-01-15', 'Lots of dirt.', '2000-06-05 10:18:03', NULL),
(55, 99, 3, 12, '1999-01-15', 'Cups crushed by jeep/ filled with dirt Single hym', '2000-06-05 10:18:03', NULL),
(56, 100, 3, 13, '1999-01-15', NULL, '2000-06-05 10:18:03', NULL),
(57, 100, 3, 13, '1999-01-15', 'Nothing found.', '2000-06-05 10:18:03', NULL),
(58, 100, 3, 13, '1999-01-15', 'Traps were ran over.', '2000-06-05 10:18:03', NULL),
(59, 99, 3, 12, '1999-01-15', NULL, '2000-06-05 10:18:03', NULL),
(60, 100, 3, 13, '1999-01-15', 'Traps were jogged over, nothing found.', '2000-06-05 10:18:03', NULL),
(61, 99, 3, 12, '1999-01-15', NULL, '2000-06-05 10:18:03', NULL),
(62, 100, 3, 13, '1999-01-15', NULL, '2000-06-05 10:18:03', NULL),
(63, 100, 3, 13, '1999-01-15', NULL, '2000-06-05 10:18:03', NULL),
(64, 100, 3, 13, '1999-01-15', 'Traps were run over.', '2000-06-05 10:18:03', NULL),
(65, 100, 3, 13, '1999-01-16', 'Dirty.', '2000-06-05 10:18:03', NULL),
(66, 101, 3, 14, '1999-01-15', '19 unknown larvae found', '2000-06-05 10:18:03', NULL),
(67, 101, 3, 14, '1999-01-15', 'Nothng found', '2000-06-05 10:18:03', NULL),
(68, 101, 3, 14, '1999-01-15', NULL, '2000-06-05 10:18:03', NULL),
(69, 101, 3, 14, '1999-01-15', NULL, '2000-06-05 10:18:03', NULL),
(70, 101, 3, 14, '1999-01-15', 'Nothing found', '2000-06-05 10:18:03', NULL),
(71, 101, 3, 14, '1999-01-20', NULL, '2000-06-05 10:18:03', NULL),
(72, 101, 3, 14, '1999-01-15', NULL, '2000-06-05 10:18:03', NULL),
(73, 101, 3, 14, '1999-01-15', NULL, '2000-06-05 10:18:03', NULL),
(74, 101, 3, 14, '1999-01-15', NULL, '2000-06-05 10:18:03', NULL),
(75, 101, 3, 14, '1999-01-15', NULL, '2000-06-05 10:18:03', NULL),
(76, 98, 3, 11, '1999-03-26', NULL, '2000-06-05 10:18:03', NULL),
(77, 98, 3, 11, '1999-03-25', 'one Gecko in cup', '2000-06-05 10:18:03', NULL),
(78, 98, 3, 11, '1999-03-26', '1 Copepod,1 neuroptera', '2000-06-05 10:18:03', NULL),
(79, 98, 3, 11, '1999-03-26', NULL, '2000-06-05 10:18:03', NULL),
(80, 98, 3, 11, '1999-03-26', NULL, '2000-06-05 10:18:03', NULL),
(81, 98, 3, 11, '1999-03-26', NULL, '2000-06-05 10:18:03', NULL),
(82, 98, 3, 11, '1999-03-29', NULL, '2000-06-05 10:18:03', NULL),
(83, 99, 3, 12, '1999-03-26', 'cups were filled half full from sprinkler', '2000-06-05 10:18:03', NULL),
(84, 99, 3, 12, '1999-03-26', 'cups filled with water', '2000-06-05 10:18:03', NULL),
(85, 99, 3, 12, '1999-03-29', NULL, '2000-06-05 10:18:03', NULL),
(86, 99, 3, 12, '1999-03-29', NULL, '2000-06-05 10:18:03', NULL),
(87, 99, 3, 12, '1999-03-26', 'Ran over by truck, cup crushed and filled with dirt', '2000-06-05 10:18:03', NULL),
(88, 99, 3, 12, '1999-03-26', 'cups filled with water due to sprinklers', '2000-06-05 10:18:03', NULL),
(89, 99, 3, 12, '1999-03-26', 'cups smashed and filled with dirt/nothing found', '2000-06-05 10:18:03', NULL),
(90, 99, 3, 12, '1999-03-26', NULL, '2000-06-05 10:18:03', NULL),
(91, 99, 3, 12, '1999-03-26', NULL, '2000-06-05 10:18:03', NULL),
(92, 100, 3, 13, '1999-03-26', '1 larvae found', '2000-06-05 10:18:03', NULL),
(93, 101, 3, 14, '1999-03-26', NULL, '2000-06-05 10:18:03', NULL),
(94, 100, 3, 13, '1999-03-26', NULL, '2000-06-05 10:18:03', NULL),
(95, 101, 3, 14, '1999-03-29', NULL, '2000-06-05 10:18:03', NULL),
(96, 100, 3, 13, '1999-03-26', NULL, '2000-06-05 10:18:03', NULL),
(97, 101, 3, 14, '1999-03-29', NULL, '2000-06-05 10:18:03', NULL),
(98, 100, 3, 13, '1999-03-26', NULL, '2000-06-05 10:18:03', NULL),
(99, 101, 3, 14, '1999-03-26', NULL, '2000-06-05 10:18:03', NULL),
(100, 101, 3, 14, '1999-03-26', NULL, '2000-06-05 10:18:03', NULL),
(101, 101, 3, 14, '1999-03-29', NULL, '2000-06-05 10:18:03', NULL),
(102, 101, 3, 14, '1999-03-26', NULL, '2000-06-05 10:18:03', NULL),
(103, 100, 3, 13, '1999-03-26', '1 strepsiptera found', '2000-06-05 10:18:03', NULL),
(104, 101, 3, 14, '1999-03-29', NULL, '2000-06-05 10:18:03', NULL),
(105, 101, 3, 14, '1999-03-26', NULL, '2000-06-05 10:18:03', NULL),
(106, 101, 3, 14, '1999-03-26', NULL, '2000-06-05 10:18:03', NULL),
(107, 101, 3, 14, '1999-03-29', NULL, '2000-06-05 10:18:03', NULL),
(108, 101, 3, 14, '1999-03-29', NULL, '2000-06-05 10:18:03', NULL),
(109, 101, 3, 14, '1999-03-29', NULL, '2000-06-05 10:18:03', NULL),
(110, 98, 3, 11, '1999-04-26', NULL, '2000-06-05 10:18:03', NULL),
(111, 98, 3, 11, '1999-04-26', '2 Arachnid larva1 coleoptera larva', '2000-06-05 10:18:03', NULL),
(112, 98, 3, 11, '1999-04-26', NULL, '2000-06-05 10:18:03', NULL),
(113, 98, 3, 11, '1999-04-26', NULL, '2000-06-05 10:18:03', NULL),
(114, 98, 3, 11, '1999-04-26', NULL, '2000-06-05 10:18:03', NULL),
(115, 100, 3, 13, '1999-04-26', NULL, '2000-06-05 10:18:03', NULL),
(116, 100, 3, 13, '1999-04-26', NULL, '2000-06-05 10:18:03', NULL),
(117, 101, 3, 14, '1999-04-26', NULL, '2000-06-05 10:18:03', NULL),
(118, 101, 3, 14, '1999-04-26', NULL, '2000-06-05 10:18:03', NULL),
(119, 101, 3, 14, '1999-04-26', NULL, '2000-06-05 10:18:03', NULL),
(120, 101, 3, 14, '1999-04-26', NULL, '2000-06-05 10:18:03', NULL),
(121, 101, 3, 14, '1999-04-26', NULL, '2000-06-05 10:18:03', NULL),
(122, 101, 3, 14, '1999-04-26', NULL, '2000-06-05 10:18:03', NULL),
(123, 101, 3, 14, '1999-04-26', NULL, '2000-06-05 10:18:03', NULL),
(124, 99, 3, 12, '1999-04-26', '1 unkown larva1 lepidoptera larva', '2000-06-05 10:18:03', NULL),
(125, 99, 3, 12, '1999-04-26', NULL, '2000-06-05 10:18:03', NULL),
(126, 99, 3, 12, '1999-04-26', NULL, '2000-06-05 10:18:03', NULL),
(127, 99, 3, 12, '1999-04-26', NULL, '2000-06-05 10:18:03', NULL),
(128, 99, 3, 12, '1999-04-26', NULL, '2000-06-05 10:18:03', NULL),
(129, 99, 3, 12, '1999-04-26', NULL, '2000-06-05 10:18:03', NULL),
(130, 99, 3, 12, '1999-04-26', NULL, '2000-06-05 10:18:03', NULL),
(131, 99, 3, 12, '1999-04-26', NULL, '2000-06-05 10:18:03', NULL),
(132, 98, 3, 11, '1999-09-27', NULL, '2000-06-05 10:18:03', NULL),
(133, 98, 3, 11, '1999-10-25', NULL, '2000-06-05 10:18:03', NULL),
(134, 98, 3, 11, '1999-10-25', NULL, '2000-06-05 10:18:03', NULL),
(135, 98, 3, 11, '1999-10-25', NULL, '2000-06-05 10:18:03', NULL),
(136, 99, 3, 12, '1999-10-25', NULL, '2000-06-05 10:18:03', NULL),
(137, 99, 3, 12, '1999-10-25', NULL, '2000-06-05 10:18:03', NULL),
(138, 99, 3, 12, '1999-10-25', NULL, '2000-06-05 10:18:03', NULL),
(139, 99, 3, 12, '1999-10-25', NULL, '2000-06-05 10:18:03', NULL),
(140, 99, 3, 12, '1999-10-25', NULL, '2000-06-05 10:18:03', NULL),
(141, 99, 3, 12, '1999-10-25', NULL, '2000-06-05 10:18:03', NULL),
(142, 99, 3, 12, '1999-10-25', NULL, '2000-06-05 10:18:03', NULL),
(143, 99, 3, 12, '1999-10-25', NULL, '2000-06-05 10:18:03', NULL),
(144, 99, 3, 12, '1999-10-25', NULL, '2000-06-05 10:18:03', NULL),
(145, 100, 3, 13, '1999-10-25', NULL, '2000-06-05 10:18:03', NULL),
(146, 100, 3, 13, '1999-10-25', NULL, '2000-06-05 10:18:03', NULL),
(147, 100, 3, 13, '1999-10-25', NULL, '2000-06-05 10:18:03', NULL),
(148, 100, 3, 13, '1999-10-25', NULL, '2000-06-05 10:18:03', NULL),
(149, 100, 3, 13, '1999-10-25', NULL, '2000-06-05 10:18:03', NULL),
(150, 100, 3, 13, '1999-10-25', NULL, '2000-06-05 10:18:03', NULL),
(151, 100, 3, 13, '1999-10-25', NULL, '2000-06-05 10:18:03', NULL),
(152, 100, 3, 13, '1999-10-25', NULL, '2000-06-05 10:18:03', NULL),
(153, 100, 3, 13, '1999-10-25', NULL, '2000-06-05 10:18:03', NULL),
(154, 100, 3, 13, '1999-10-25', NULL, '2000-06-05 10:18:03', NULL),
(155, 101, 3, 14, '1999-10-25', NULL, '2000-06-05 10:18:03', NULL),
(156, 101, 3, 14, '1999-10-25', NULL, '2000-06-05 10:18:03', NULL),
(157, 101, 3, 14, '1999-10-25', NULL, '2000-06-05 10:18:03', NULL),
(158, 101, 3, 14, '1999-10-25', NULL, '2000-06-05 10:18:03', NULL),
(159, 101, 3, 14, '1999-10-25', NULL, '2000-06-05 10:18:03', NULL),
(160, 101, 3, 14, '1999-10-25', NULL, '2000-06-05 10:18:03', NULL),
(161, 101, 3, 14, '1999-10-25', NULL, '2000-06-05 10:18:03', NULL),
(162, 101, 3, 14, '1999-10-25', NULL, '2000-06-05 10:18:03', NULL),
(163, 101, 3, 14, '1999-10-25', NULL, '2000-06-05 10:18:03', NULL),
(164, 101, 3, 14, '1999-10-25', NULL, '2000-06-05 10:18:03', NULL),
(165, 102, 3, 15, '1999-10-25', NULL, '2000-06-05 10:18:03', NULL),
(166, 102, 3, 15, '1999-10-25', NULL, '2000-06-05 10:18:03', NULL),
(167, 102, 3, 15, '1999-10-25', NULL, '2000-06-05 10:18:03', NULL),
(168, 102, 3, 15, '1999-10-25', NULL, '2000-06-05 10:18:03', NULL),
(169, 102, 3, 15, '1999-10-25', NULL, '2000-06-05 10:18:03', NULL),
(170, 102, 3, 15, '1999-10-25', NULL, '2000-06-05 10:18:03', NULL),
(171, 102, 3, 15, '1999-10-25', NULL, '2000-06-05 10:18:03', NULL),
(172, 102, 3, 15, '1999-10-25', NULL, '2000-06-05 10:18:03', NULL),
(173, 102, 3, 15, '1999-10-25', NULL, '2000-06-05 10:18:03', NULL),
(174, 102, 3, 15, '1999-10-25', NULL, '2000-06-05 10:18:03', NULL),
(175, 102, 3, 15, '1999-10-25', NULL, '2000-06-05 10:18:03', NULL),
(176, 98, 3, 11, '1999-09-27', NULL, '2000-06-05 10:18:03', NULL),
(177, 98, 3, 11, '1999-09-27', NULL, '2000-06-05 10:18:03', NULL),
(178, 98, 3, 11, '1999-09-27', NULL, '2000-06-05 10:18:03', NULL),
(179, 98, 3, 11, '1999-09-27', NULL, '2000-06-05 10:18:03', NULL),
(180, 98, 3, 11, '1999-09-27', 'Live lizard was found in trap and may have eaten some insects', '2000-06-05 10:18:03', NULL),
(181, 98, 3, 11, '1999-09-27', NULL, '2000-06-05 10:18:03', NULL),
(182, 98, 3, 11, '1999-09-27', NULL, '2000-06-05 10:18:03', NULL),
(183, 98, 3, 11, '1999-09-27', NULL, '2000-06-05 10:18:03', NULL),
(184, 98, 3, 11, '1999-09-27', NULL, '2000-06-05 10:18:03', NULL),
(185, 98, 3, 11, '1999-09-27', NULL, '2000-06-05 10:18:03', NULL),
(186, 99, 3, 12, '1999-09-27', NULL, '2000-06-05 10:18:03', NULL),
(187, 99, 3, 12, '1999-09-27', NULL, '2000-06-05 10:18:03', NULL),
(188, 99, 3, 12, '1999-09-27', NULL, '2000-06-05 10:18:03', NULL),
(189, 99, 3, 12, '1999-09-27', NULL, '2000-06-05 10:18:03', NULL),
(190, 99, 3, 12, '1999-09-27', NULL, '2000-06-05 10:18:03', NULL),
(191, 99, 3, 12, '1999-09-27', NULL, '2000-06-05 10:18:03', NULL),
(192, 99, 3, 12, '1999-09-27', NULL, '2000-06-05 10:18:03', NULL),
(193, 99, 3, 12, '1999-09-27', NULL, '2000-06-05 10:18:03', NULL),
(194, 99, 3, 12, '1999-09-27', NULL, '2000-06-05 10:18:03', NULL),
(195, 99, 3, 12, '1999-09-27', NULL, '2000-06-05 10:18:03', NULL),
(196, 100, 3, 13, '1999-09-27', NULL, '2000-06-05 10:18:03', NULL),
(197, 100, 3, 13, '1999-09-27', NULL, '2000-06-05 10:18:03', NULL),
(198, 100, 3, 13, '1999-09-27', NULL, '2000-06-05 10:18:03', NULL),
(199, 100, 3, 13, '1999-09-27', NULL, '2000-06-05 10:18:03', NULL),
(200, 100, 3, 13, '1999-09-27', NULL, '2000-06-05 10:18:03', NULL),
(201, 100, 3, 13, '1999-09-27', NULL, '2000-06-05 10:18:03', NULL),
(202, 100, 3, 13, '1999-09-27', NULL, '2000-06-05 10:18:03', NULL),
(203, 100, 3, 13, '1999-09-27', NULL, '2000-06-05 10:18:03', NULL),
(204, 100, 3, 13, '1999-09-27', NULL, '2000-06-05 10:18:03', NULL),
(205, 100, 3, 13, '1999-09-27', NULL, '2000-06-05 10:18:03', NULL),
(206, 101, 3, 14, '1999-09-27', NULL, '2000-06-05 10:18:03', NULL),
(207, 101, 3, 14, '1999-09-27', NULL, '2000-06-05 10:18:03', NULL),
(208, 101, 3, 14, '1999-09-27', NULL, '2000-06-05 10:18:03', NULL),
(209, 101, 3, 14, '1999-09-27', NULL, '2000-06-05 10:18:03', NULL),
(210, 101, 3, 14, '1999-09-27', NULL, '2000-06-05 10:18:03', NULL),
(211, 101, 3, 14, '1999-09-27', NULL, '2000-06-05 10:18:03', NULL),
(212, 101, 3, 14, '1999-09-27', NULL, '2000-06-05 10:18:03', NULL),
(213, 101, 3, 14, '1999-09-27', NULL, '2000-06-05 10:18:03', NULL),
(214, 98, 3, 11, '1999-09-27', NULL, '2000-06-05 10:18:03', NULL),
(215, 101, 3, 14, '1999-09-27', NULL, '2000-06-05 10:18:03', NULL),
(216, 102, 3, 15, '1999-09-27', NULL, '2000-06-05 10:18:03', NULL),
(217, 102, 3, 15, '1999-09-27', NULL, '2000-06-05 10:18:03', NULL),
(218, 102, 3, 15, '1999-09-27', NULL, '2000-06-05 10:18:03', NULL),
(219, 102, 3, 15, '1999-09-27', NULL, '2000-06-05 10:18:03', NULL),
(220, 102, 3, 15, '1999-09-27', NULL, '2000-06-05 10:18:03', NULL),
(221, 102, 3, 15, '1999-09-27', NULL, '2000-06-05 10:18:03', NULL),
(222, 102, 3, 15, '1999-09-27', NULL, '2000-06-05 10:18:03', NULL),
(223, 102, 3, 15, '1999-09-27', NULL, '2000-06-05 10:18:03', NULL),
(224, 102, 3, 15, '1999-09-27', 'irrigation filled cup', '2000-06-05 10:18:03', NULL),
(225, 102, 3, 15, '1999-09-27', 'irrigation filled cup', '2000-06-05 10:18:03', NULL),
(226, 102, 3, 15, '1999-09-27', NULL, '2000-06-05 10:18:03', NULL),
(227, 98, 3, 11, '1999-11-22', NULL, '2000-06-05 10:18:03', NULL),
(228, 98, 3, 11, '1999-11-22', NULL, '2000-06-05 10:18:03', NULL),
(229, 98, 3, 11, '1999-11-22', NULL, '2000-06-05 10:18:03', NULL),
(230, 98, 3, 11, '1999-11-22', NULL, '2000-06-05 10:18:03', NULL),
(231, 98, 3, 11, '1999-11-22', NULL, '2000-06-05 10:18:03', NULL),
(232, 98, 3, 11, '1999-11-22', NULL, '2000-06-05 10:18:03', NULL),
(233, 98, 3, 11, '1999-11-22', NULL, '2000-06-05 10:18:03', NULL),
(234, 98, 3, 11, '1999-11-22', NULL, '2000-06-05 10:18:03', NULL),
(235, 100, 3, 13, '1999-11-22', NULL, '2000-06-05 10:18:03', NULL),
(236, 100, 3, 13, '1999-11-22', NULL, '2000-06-05 10:18:03', NULL),
(237, 100, 3, 13, '1999-11-22', NULL, '2000-06-05 10:18:03', NULL),
(238, 100, 3, 13, '1999-11-22', NULL, '2000-06-05 10:18:03', NULL),
(239, 100, 3, 13, '1999-11-22', NULL, '2000-06-05 10:18:03', NULL),
(240, 100, 3, 13, '1999-11-22', NULL, '2000-06-05 10:18:03', NULL),
(241, 100, 3, 13, '1999-11-22', NULL, '2000-06-05 10:18:03', NULL),
(242, 100, 3, 13, '1999-11-22', NULL, '2000-06-05 10:18:03', NULL),
(243, 100, 3, 13, '1999-11-22', NULL, '2000-06-05 10:18:03', NULL),
(244, 100, 3, 13, '1999-11-22', NULL, '2000-06-05 10:18:03', NULL),
(245, 101, 3, 14, '1999-11-22', NULL, '2000-06-05 10:18:03', NULL),
(246, 101, 3, 14, '1999-11-22', NULL, '2000-06-05 10:18:03', NULL),
(247, 101, 3, 14, '1999-11-22', NULL, '2000-06-05 10:18:03', NULL),
(248, 101, 3, 14, '1999-11-22', NULL, '2000-06-05 10:18:03', NULL),
(249, 101, 3, 14, '1999-11-22', NULL, '2000-06-05 10:18:03', NULL),
(250, 101, 3, 14, '1999-11-22', NULL, '2000-06-05 10:18:03', NULL),
(251, 101, 3, 14, '1999-11-22', NULL, '2000-06-05 10:18:03', NULL),
(252, 101, 3, 14, '1999-11-22', NULL, '2000-06-05 10:18:03', NULL),
(253, 101, 3, 14, '1999-11-22', NULL, '2000-06-05 10:18:03', NULL),
(254, 101, 3, 14, '1999-11-22', NULL, '2000-06-05 10:18:03', NULL),
(255, 205, 5, 75, '1998-12-03', 'gravel area', '2000-06-05 10:18:03', NULL),
(256, 205, 5, 75, '1998-12-03', 'gravel area', '2000-06-05 10:18:03', NULL),
(257, 205, 5, 75, '1998-12-03', 'nothing in cup', '2000-06-05 10:18:03', NULL),
(258, 205, 5, 75, '1998-12-03', 'next to irrigation ditch', '2000-06-05 10:18:03', NULL),
(259, 205, 5, 75, '1998-12-03', NULL, '2000-06-05 10:18:03', NULL),
(260, 205, 5, 75, '1998-12-03', NULL, '2000-06-05 10:18:03', NULL),
(261, 205, 5, 75, '1998-12-03', NULL, '2000-06-05 10:18:03', NULL),
(262, 205, 5, 75, '1999-12-03', 'No species in cup', '2000-06-05 10:18:03', NULL),
(263, 205, 5, 75, '1998-12-03', 'No species in cup', '2000-06-05 10:18:03', NULL),
(264, 205, 5, 75, '1998-12-03', 'No species in cup', '2000-06-05 10:18:03', NULL),
(265, 205, 5, 75, '1998-11-12', 'gravel area', '2000-06-05 10:18:03', NULL),
(266, 205, 5, 75, '1998-11-12', NULL, '2000-06-05 10:18:03', NULL),
(267, 205, 5, 75, '1998-11-12', NULL, '2000-06-05 10:18:03', NULL),
(268, 205, 5, 75, '1998-11-12', 'next to irrigation ditch', '2000-06-05 10:18:03', NULL),
(269, 205, 5, 75, '1998-11-12', NULL, '2000-06-05 10:18:03', NULL),
(270, 205, 5, 75, '1998-11-12', 'No species', '2000-06-05 10:18:03', NULL),
(271, 205, 5, 75, '1998-11-12', NULL, '2000-06-05 10:18:03', NULL),
(272, 205, 5, 75, '1998-11-12', 'No species in cup', '2000-06-05 10:18:03', NULL),
(273, 205, 5, 75, '1998-11-12', NULL, '2000-06-05 10:18:03', NULL),
(274, 205, 5, 75, '1998-11-12', NULL, '2000-06-05 10:18:03', NULL),
(275, 205, 5, 75, '1999-10-07', 'Cup destroyed', '2000-06-05 10:18:03', NULL),
(276, 205, 5, 75, '1999-10-07', NULL, '2000-06-05 10:18:03', NULL),
(277, 205, 5, 75, '1999-10-07', NULL, '2000-06-05 10:18:03', NULL),
(278, 205, 5, 75, '1999-10-07', NULL, '2000-06-05 10:18:03', NULL),
(279, 205, 5, 75, '1999-10-07', NULL, '2000-06-05 10:18:03', NULL),
(280, 205, 5, 75, '1999-10-07', NULL, '2000-06-05 10:18:03', NULL),
(281, 205, 5, 75, '1999-10-07', NULL, '2000-06-05 10:18:03', NULL),
(282, 205, 5, 75, '1999-10-07', NULL, '2000-06-05 10:18:03', NULL),
(283, 205, 5, 75, '1999-10-14', 'No species in cup', '2000-06-05 10:18:03', NULL),
(284, 205, 5, 75, '1999-10-14', NULL, '2000-06-05 10:18:03', NULL),
(285, 205, 5, 75, '1999-10-14', NULL, '2000-06-05 10:18:03', NULL),
(286, 205, 5, 75, '1999-10-14', NULL, '2000-06-05 10:18:03', NULL),
(287, 205, 5, 75, '1999-10-14', NULL, '2000-06-05 10:18:03', NULL),
(288, 205, 5, 75, '1999-10-14', NULL, '2000-06-05 10:18:03', NULL),
(289, 205, 5, 75, '1999-10-21', NULL, '2000-06-05 10:18:03', NULL),
(290, 205, 5, 75, '1999-10-21', NULL, '2000-06-05 10:18:03', NULL),
(291, 205, 5, 75, '1999-10-21', NULL, '2000-06-05 10:18:03', NULL),
(292, 205, 5, 75, '1999-10-21', NULL, '2000-06-05 10:18:03', NULL),
(293, 205, 5, 75, '1999-10-21', 'No species in cup', '2000-06-05 10:18:03', NULL),
(294, 205, 5, 75, '1999-10-21', NULL, '2000-06-05 10:18:03', NULL),
(295, 205, 5, 75, '1999-10-21', NULL, '2000-06-05 10:18:03', NULL),
(296, 205, 5, 75, '1999-10-21', 'No species in cup', '2000-06-05 10:18:03', NULL),
(297, 205, 5, 75, '1999-10-28', 'Cup destroyed', '2000-06-05 10:18:03', NULL),
(298, 205, 5, 75, '1999-10-28', NULL, '2000-06-05 10:18:03', NULL),
(299, 205, 5, 75, '1999-10-28', 'No species in cup', '2000-06-05 10:18:03', NULL),
(300, 205, 5, 75, '1999-10-28', 'No species in cup', '2000-06-05 10:18:03', NULL),
(301, 205, 5, 75, '1999-10-28', NULL, '2000-06-05 10:18:03', NULL),
(302, 205, 5, 75, '1999-10-28', 'No species in cup', '2000-06-05 10:18:03', NULL),
(303, 205, 5, 75, '1999-10-28', 'No species in cup', '2000-06-05 10:18:03', NULL),
(304, 102, 3, 15, '1999-11-22', NULL, '2000-06-05 10:18:03', NULL),
(305, 102, 3, 15, '1999-11-22', NULL, '2000-06-05 10:18:03', NULL),
(306, 102, 3, 15, '1999-11-22', NULL, '2000-06-05 10:18:03', NULL),
(307, 102, 3, 15, '1999-11-22', NULL, '2000-06-05 10:18:03', NULL),
(308, 102, 3, 15, '1999-11-22', NULL, '2000-06-05 10:18:03', NULL),
(309, 102, 3, 15, '1999-11-22', NULL, '2000-06-05 10:18:03', NULL),
(310, 102, 3, 15, '1999-11-22', NULL, '2000-06-05 10:18:03', NULL),
(311, 102, 3, 15, '1999-11-22', NULL, '2000-06-05 10:18:03', NULL),
(312, 102, 3, 15, '1999-11-22', NULL, '2000-06-05 10:18:03', NULL),
(313, 102, 3, 15, '1999-11-22', NULL, '2000-06-05 10:18:03', NULL),
(314, 187, 7, 70, '1999-10-26', NULL, '2000-06-05 10:18:03', NULL),
(315, 187, 7, 70, '1999-10-26', 'Lots of round eggs, white, onion-like. .5 mm dia 35 or so', '2000-06-05 10:18:03', NULL),
(316, 187, 8, 70, '1999-10-26', NULL, '2000-06-05 10:18:03', NULL),
(317, 187, 7, 70, '1999-10-26', NULL, '2000-06-05 10:18:03', NULL),
(318, 187, 7, 70, '1999-10-26', 'Hemiptera 2.5 mm long, compound eyes, proboscis thin 1 mm long', '2000-06-05 10:18:03', NULL),
(319, 187, 7, 70, '1999-10-26', NULL, '2000-06-05 10:18:03', NULL),
(320, 187, 7, 70, '1999-10-26', NULL, '2000-06-05 10:18:03', NULL),
(321, 187, 7, 70, '1999-10-26', NULL, '2000-06-05 10:18:03', NULL),
(322, 98, 3, 11, '2000-01-31', NULL, '2000-06-05 10:18:03', NULL),
(323, 98, 3, 11, '2000-01-31', NULL, '2000-06-05 10:18:03', NULL),
(324, 98, 3, 11, '2000-01-31', NULL, '2000-06-05 10:18:03', NULL),
(325, 98, 3, 11, '2000-01-31', NULL, '2000-06-05 10:18:03', NULL),
(326, 98, 3, 11, '2000-01-31', NULL, '2000-06-05 10:18:03', NULL),
(327, 100, 3, 13, '2000-01-30', NULL, '2000-06-05 10:18:03', NULL),
(328, 100, 3, 13, '2000-01-30', NULL, '2000-06-05 10:18:03', NULL),
(329, 100, 3, 13, '2000-01-30', NULL, '2000-06-05 10:18:03', NULL),
(330, 100, 3, 13, '2000-01-30', NULL, '2000-06-05 10:18:03', NULL),
(331, 101, 3, 14, '2000-01-30', NULL, '2000-06-05 10:18:03', NULL),
(332, 101, 3, 14, '2000-01-30', NULL, '2000-06-05 10:18:03', NULL),
(333, 101, 3, 14, '2000-01-30', NULL, '2000-06-05 10:18:03', NULL),
(334, 102, 3, 15, '2000-01-30', NULL, '2000-06-05 10:18:03', NULL),
(335, 102, 3, 15, '2000-01-30', NULL, '2000-06-05 10:18:03', NULL),
(336, 102, 3, 15, '2000-01-30', NULL, '2000-06-05 10:18:03', NULL),
(337, 102, 3, 15, '2000-01-30', NULL, '2000-06-05 10:18:03', NULL),
(338, 102, 3, 15, '2000-01-30', NULL, '2000-06-05 10:18:03', NULL),
(339, 102, 3, 15, '2000-01-30', NULL, '2000-06-05 10:18:03', NULL),
(340, 102, 3, 15, '2000-01-30', NULL, '2000-06-05 10:18:03', NULL),
(341, 102, 3, 15, '2000-01-30', NULL, '2000-06-05 10:18:03', NULL),
(342, 216, 6, 76, '2000-04-03', NULL, '2000-06-05 10:18:03', NULL),
(343, 216, 6, 76, '0000-00-00', 'It rained over the collection period', '2000-06-05 10:18:03', NULL),
(344, 216, 6, 76, '2000-04-03', 'It rained and it caused the trap to be flooded.', '2000-06-05 10:18:03', NULL),
(345, 216, 6, 76, '0000-00-00', 'Over the time period of collection it rained ', '2000-06-05 10:18:03', NULL),
(346, 217, 6, 77, '2000-04-03', NULL, '2000-06-05 10:18:03', NULL),
(347, 217, 6, 77, '2000-04-03', NULL, '2000-06-05 10:18:03', NULL),
(348, 217, 6, 77, '2000-04-03', 'It rained on Friday.', '2000-06-05 10:18:03', NULL),
(349, 217, 6, 77, '2000-04-03', 'There was only one arthropod in the cup.  This might be a result of the rain on Friday.', '2000-06-05 10:18:03', NULL),
(350, 217, 6, 77, '2000-04-03', 'rained', '2000-06-05 10:18:03', NULL),
(351, 217, 6, 77, '2000-04-03', 'It rained th day we set the traps.', '2000-06-05 10:18:03', NULL),
(352, 217, 6, 77, '2000-04-03', 'It rained the first day', '2000-06-05 10:18:03', NULL),
(353, 217, 6, 77, '2000-04-13', 'no arthropods in trap', '2000-06-05 10:18:03', NULL),
(354, 218, 6, 78, '0000-00-00', NULL, '2000-06-05 10:18:03', NULL),
(355, 218, 6, 78, '0000-00-00', NULL, '2000-06-05 10:18:03', NULL),
(356, 218, 6, 78, '2000-04-06', NULL, '2000-06-05 10:18:03', NULL),
(357, 218, 6, 78, '2000-04-06', NULL, '2000-06-05 10:18:03', NULL),
(358, 218, 6, 78, '2000-04-06', 'Desert landscape Found ant head and half a wing', '2000-06-05 10:18:03', NULL),
(359, 218, 6, 78, '2000-04-06', 'There was lots of dirt and hard to find arthropods', '2000-06-05 10:18:03', NULL),
(360, 218, 6, 78, '2000-04-06', 'Desert landscapeFound ant head and half a wing and 2 mesquito larvae', '2000-06-05 10:18:03', NULL),
(361, 218, 6, 78, '2000-04-06', 'we found multipul body parts belonging to ants. we collected in a dessert landscaping.', '2000-06-05 10:18:03', NULL),
(362, 218, 6, 78, '2000-04-06', 'desert landscape', '2000-06-05 10:18:03', NULL),
(363, 102, 3, 15, '2000-10-25', ' ', '2000-10-02 10:05:05', NULL),
(364, 102, 3, 15, '2000-10-25', ' ', '2000-10-02 10:08:12', NULL),
(365, 151, 18, 41, '2000-12-17', 'Cup was taken out of hole', '2000-11-21 15:14:11', NULL),
(366, 102, 3, 15, '2000-10-25', NULL, '2001-03-06 11:47:26', NULL),
(367, 102, 3, 15, '2000-10-25', NULL, '2001-03-06 11:48:15', NULL),
(368, 205, 16, 75, '2001-04-21', NULL, '2001-04-25 21:11:23', NULL),
(369, 205, 16, 75, '2001-04-21', 'some traps were destroyed ', '2001-04-25 21:16:59', NULL),
(370, 6, 7, 2, '2000-11-02', ' Data Entered by Charlene', '2002-01-10 12:38:34', 'Langstaff students'),
(371, 6, 7, 2, '2000-12-20', ' Data entered by Charlene', '2002-01-10 12:47:16', 'Langstaff students'),
(372, 6, 7, 2, '2000-11-02', ' entered by Jackie', '2002-01-21 12:12:00', 'Langstaff student'),
(373, 6, 7, 2, '2001-03-12', ' Data entered by Charlene', '2002-01-22 13:39:46', 'Langstaff class'),
(374, 6, 7, 2, '2001-03-12', ' Data Entered by Charlene', '2002-01-22 13:46:53', 'Langstaff class'),
(375, 6, 7, 2, '2001-04-03', ' Data Entered by Charlene', '2002-01-22 13:53:03', 'Langstaff class'),
(376, 6, 7, 2, '2001-04-30', ' Data Entered by Charlene', '2002-01-24 15:55:47', 'Langstaff Class'),
(377, 6, 7, 2, '2001-04-30', ' Data entered by Charlene', '2002-01-24 15:58:25', 'Langstaff Class'),
(378, 6, 7, 2, '2001-06-05', ' Data entered by Charlene', '2002-01-24 16:04:05', 'Langstaff Class'),
(379, 6, 7, 2, '2001-06-07', ' Data entered by Charlene', '2002-01-24 16:10:03', 'Langstaff class'),
(380, 160, 7, 55, '2001-03-12', ' Data entered by Charlene', '2002-01-24 16:16:24', 'Langstaff Class'),
(381, 6, 7, 2, '2001-03-12', ' data entered by Jackie', '2002-01-24 17:37:18', 'langstaff class'),
(382, 160, 7, 55, '2001-05-02', ' data entered by Jackie', '2002-01-24 17:42:58', 'langstaff class'),
(383, 160, 7, 55, '2001-06-07', ' data entered by Jackie', '2002-01-24 17:47:31', 'langstaff class'),
(384, 160, 7, 55, '2000-11-09', ' data entered by Jackie', '2002-01-24 17:51:52', 'langstaff class'),
(385, 142, 7, 24, '2000-11-05', ' data entered by Jackie', '2002-01-24 18:00:18', 'langstaff class'),
(386, 142, 7, 24, '2001-03-12', ' data entered by Jackie', '2002-01-24 18:14:34', 'langstaff class'),
(387, 142, 7, 24, '2001-03-12', ' data entered by Jackie', '2002-01-24 18:16:24', 'langstaff class'),
(388, 142, 7, 24, '2001-04-26', ' data entered by Jackie', '2002-01-24 18:21:02', 'langstaff class'),
(389, 142, 7, 24, '2001-05-07', ' data entered by Jackie', '2002-01-24 18:26:17', 'langstaff class'),
(390, 142, 7, 24, '2001-06-07', ' data entered by Jackie', '2002-01-24 18:30:41', 'langstaff class'),
(391, 142, 7, 24, '2001-06-07', ' data entered by Jackie', '2002-01-24 18:32:41', 'langstaff class'),
(392, 186, 7, 65, '2001-04-26', ' data entered by Jackie', '2002-01-24 18:38:34', 'langstaff class'),
(393, 186, 7, 65, '2001-04-26', ' data entered by Jackie', '2002-01-24 18:47:08', 'langstaff class'),
(394, 186, 7, 65, '2000-05-07', ' data entered by Jackie', '2002-01-24 18:50:57', 'langstaff class'),
(395, 186, 7, 65, '2001-05-07', ' data entered by Jackie', '2002-01-24 18:52:47', 'langstaff class'),
(396, 186, 7, 65, '2001-04-26', ' data entered by Jackie', '2002-02-02 12:12:06', 'langstaff class'),
(397, 2, 20, 1, '2001-11-01', ' The wind blew so dirt and grass were in our cup.', '2002-03-28 09:37:26', 'Jessica Larson, Lauren Smith'),
(398, 186, 20, 65, '2001-11-01', ' The wind blew dirt and leaves into our cup.', '2002-03-28 13:19:36', 'Daniel Harrington and Albert Corrales'),
(399, 186, 20, 65, '2001-11-01', ' The wind blew dirt and grass in our cups over the weekend.', '2002-03-28 13:21:38', 'Neeru Narla,  Amanda Hales,  Jessica Fincher'),
(400, 142, 27, 24, '2002-03-11', ' we were exited over the weekend', '2002-03-28 13:23:04', 'Tommy Houts      Scott Bcungoten'),
(401, 186, 20, 66, '2001-11-01', ' The wind blew over the weekend and blew grass and dir into our cup.', '2002-03-28 13:26:49', 'Seth Carney, Austi Kouchi '),
(402, 186, 20, 65, '2001-11-01', ' Wind blew dirt and grass in cups over the weekend', '2002-03-28 13:27:19', 'Desiree Krucknberg ,Tori Menefee,Charmae Untalan'),
(403, 186, 20, 65, '2001-11-01', ' wind blew sticks in so the bugs could crawl out', '2002-03-28 13:28:52', 'leslie shelton,hawley prince'),
(404, 186, 20, 65, '2001-11-01', ' wind blew dirt and glass into cup', '2002-03-28 13:29:25', 'Yesenia Ascericio, Maggie Saber, Jose Ford'),
(405, 6, 25, 2, '2002-04-11', NULL, '2002-03-28 14:15:27', 'Carolyn attunucci, Libby Croneberg, Kelly Chaplin, Elizabeth Tourville'),
(406, 74, 20, 6, '2002-03-11', NULL, '2002-03-28 14:21:28', 'Cailer Eckerson, Tiffany Elender, Heather Ekott'),
(407, 6, 33, 2, '2002-02-18', NULL, '2002-03-28 15:01:41', 'Andea, Cari, Alka'),
(408, 6, 33, 2, '2002-02-28', NULL, '2002-03-28 15:04:31', 'Zac Wood, Nesrin, Monica'),
(409, 6, 33, 2, '2002-02-28', NULL, '2002-03-28 15:10:08', 'miraya,lorilain'),
(410, 6, 33, 2, '2002-02-28', NULL, '2002-03-28 15:14:25', 'Kara Boynton, Jenna Getson, Alyissa Shahotdy'),
(411, 6, 33, 2, '2002-02-28', NULL, '2002-03-28 15:18:59', 'Alyse, Alyssa, Kristi'),
(412, 186, 20, 66, '2002-02-28', NULL, '2002-04-03 15:48:24', 'Tiffany Ellender, Caileen '),
(413, 186, 20, 66, '2002-02-28', ' Kids kicked dirt in our cup.', '2002-04-03 15:51:44', 'Stevye,Alex,Shanelle'),
(414, 186, 20, 66, '2002-03-11', NULL, '2002-04-03 15:53:15', 'Nikki Cortes, Lauren Bawmgarten, Heather Cowdell'),
(415, 186, 20, 66, '2002-03-11', NULL, '2002-04-03 15:54:07', 'Alex M, Daniel R, Tiffany S'),
(416, 186, 20, 66, '2002-02-28', NULL, '2002-04-03 15:58:51', 'brian eaton,joe  liechty,andrew,hedlund'),
(417, 186, 20, 66, '2002-03-11', NULL, '2002-04-03 15:59:06', 'Chris Desruisseaux,ChrisCockrill'),
(418, 186, 20, 66, '2002-02-28', NULL, '2002-04-03 15:59:39', 'Daniel,  Alex, Tiffany'),
(419, 142, 23, 25, '2002-03-11', ' The weather over the weekend was perfect,and our cup had no gaps around it.We found 8 (eight) eggs in our cup.', '2002-04-03 16:06:26', 'joey russo/carlos medina,jonathan rojas'),
(420, 142, 23, 25, '2002-03-11', ' We waited over the weekend.', '2002-04-03 16:07:19', 'Tommy, Scott'),
(421, 186, 20, 66, '2002-03-11', ' There was some dirt in the cup and the spider tried to eat the ants and the ladybug. The spider made a web in the bag and some bugs got caught in it.', '2002-04-03 16:07:50', 'Samantha Nelson, Cort Ziegler'),
(422, 186, 20, 66, '2002-02-27', NULL, '2002-04-03 16:08:05', 'Justin Bemis,Chad Janosik,Josh Jensen'),
(423, 358, 35, 112, '2002-04-05', NULL, '2002-04-09 15:29:29', 'Olivia Taylor Amanda'),
(424, 358, 35, 112, '2002-04-05', NULL, '2002-04-09 15:30:11', 'KEVIN ZAZUETA'),
(425, 358, 35, 112, '2002-04-05', NULL, '2002-04-09 15:37:32', 'Valerie,Neshia,Tara'),
(426, 358, 35, 112, '2002-04-05', NULL, '2002-04-09 15:38:17', 'Hayley Andersen'),
(427, 358, 35, 112, '2002-04-05', NULL, '2002-04-09 15:41:30', 'Shane'),
(428, 142, 31, 25, '2002-03-11', ' Grass by cup may affect bugs', '2002-04-24 07:22:03', 'Mary Simon'),
(429, 142, 31, 25, '2002-03-11', NULL, '2002-04-24 07:24:10', 'Larry Langstaff'),
(430, 142, 31, 25, '2002-03-11', NULL, '2002-04-24 07:25:27', 'Larry Langstaff'),
(431, 142, 31, 25, '2002-03-11', NULL, '2002-04-24 07:28:20', 'Larry Langstaff'),
(432, 142, 31, 25, '2002-03-11', NULL, '2002-04-24 07:29:55', 'Larry Langstaff'),
(433, 142, 31, 25, '2002-03-11', NULL, '2002-04-24 07:31:39', 'Ryan and Mark'),
(434, 186, 20, 66, '2002-03-11', NULL, '2002-04-24 07:35:19', 'Stevye Bullock'),
(435, 186, 20, 66, '2002-03-11', NULL, '2002-04-24 07:37:40', 'Larry Langstaff'),
(436, 187, 37, 70, '2002-02-28', NULL, '2002-04-24 07:41:32', 'Nicholle Roscoe'),
(437, 160, 34, 57, '2002-04-25', NULL, '2002-05-01 20:10:43', 'Breana Carlson'),
(438, 160, 34, 57, '2002-04-25', NULL, '2002-05-01 20:12:26', 'Talyia Flint'),
(439, 160, 34, 57, '2002-04-25', NULL, '2002-05-01 20:14:45', 'Nick Allred'),
(440, 160, 34, 57, '2002-04-25', NULL, '2002-05-01 20:17:01', 'Jonathan Williams'),
(441, 160, 34, 57, '2002-04-25', NULL, '2002-05-01 20:18:20', 'Erin Stroh'),
(442, 160, 34, 57, '2002-04-25', NULL, '2002-05-01 20:19:50', 'Sarah Lynn'),
(443, 160, 34, 57, '2002-04-25', NULL, '2002-05-01 20:21:21', 'Jamie Neal'),
(444, 160, 34, 57, '2002-04-25', NULL, '2002-05-01 20:22:36', 'Devan Zander'),
(445, 160, 34, 57, '2002-04-25', NULL, '2002-05-01 20:24:50', 'DJ Wodash'),
(446, 160, 34, 57, '2002-04-25', NULL, '2002-05-01 20:25:49', 'Nikki Felix'),
(447, 160, 34, 57, '2002-05-25', NULL, '2002-05-01 20:32:57', 'Jamie Neal'),
(448, 160, 34, 57, '2002-05-25', NULL, '2002-05-01 20:34:26', 'Jami Neal'),
(449, 160, 34, 57, '2002-05-25', NULL, '2002-05-01 20:37:13', 'Toni Gauff and Larry Langstaff'),
(450, 160, 34, 57, '2002-05-25', ' irrigated right before putting cups in!', '2002-05-01 20:39:11', 'Andres Rodriguez'),
(451, 160, 34, 57, '2002-05-25', ' irrigated right before sampling', '2002-05-01 20:41:27', 'Erin Stroh'),
(452, 160, 34, 57, '2002-05-25', ' irrigated right before sampling cup broke bugs fell out', '2002-05-01 20:42:52', 'Nathan Killian'),
(453, 160, 34, 57, '2002-05-25', ' irrigated right before sampling', '2002-05-01 20:44:27', 'Sarah Lynn'),
(454, 160, 34, 57, '2002-05-25', ' irrigated right before sampling', '2002-05-01 20:46:10', 'Nick Allred'),
(455, 160, 34, 57, '2002-05-25', ' irrigated right before sampling', '2002-05-01 20:47:21', 'Nikki Felix'),
(456, 160, 34, 57, '2002-05-25', ' irrigated right before sampling', '2002-05-01 20:49:04', 'Devon Zander'),
(457, 160, 34, 57, '2002-05-25', ' irrigated right before sampling', '2002-05-01 20:50:41', 'Ramon Ruiz'),
(458, 142, 31, 25, '2002-02-28', NULL, '2002-05-02 15:34:54', 'COURTNEY GRAY'),
(459, 142, 29, 25, '2002-02-28', NULL, '2002-05-02 15:35:44', 'Auggie Alveraze'),
(460, 142, 31, 25, '2002-02-28', ' Twig fell in cup to possibly allow some escapees.', '2002-05-02 15:37:15', 'Beth Fox'),
(461, 142, 31, 25, '2002-02-28', ' Lots of dirt in cup', '2002-05-02 15:40:46', 'Nicole Fantasia'),
(462, 142, 31, 25, '2002-02-28', NULL, '2002-05-02 15:41:32', 'Carlos Medina'),
(463, 142, 31, 25, '2002-02-28', ' Cool weather few bugs', '2002-05-02 15:43:35', 'Dylan Blackwell'),
(464, 142, 31, 25, '2002-02-28', ' We had sand in our cup, and some bugs may have been buried.', '2002-05-02 15:46:09', 'Mark Warner'),
(465, 187, 37, 72, '2002-04-25', NULL, '2002-05-02 15:50:12', 'Caree,Alka,Andrea'),
(466, 187, 37, 72, '2002-04-25', NULL, '2002-05-02 15:50:56', 'Erin Gong'),
(467, 187, 37, 72, '2002-04-24', NULL, '2002-05-02 15:52:42', 'Alyse Hilles'),
(468, 187, 37, 72, '2002-04-25', ' Not many bugs this time.', '2002-05-02 15:54:06', 'Haley E.'),
(469, 187, 37, 72, '2002-04-25', NULL, '2002-05-02 15:54:43', 'Kara Boynton'),
(470, 187, 37, 72, '2002-04-25', NULL, '2002-05-02 15:56:51', 'Nesrin W.'),
(471, 186, 20, 67, '2002-05-22', ' lot of dirt', '2002-05-02 16:00:43', 'Jeremy Mercier'),
(472, 186, 20, 67, '2002-05-22', NULL, '2002-05-02 16:02:43', 'Michael Kells'),
(473, 186, 20, 66, '2002-05-25', NULL, '2002-05-02 16:04:10', 'Stevye'),
(474, 186, 20, 67, '2002-05-22', NULL, '2002-05-02 16:05:38', 'Daniel Rodriguez'),
(475, 186, 20, 67, '2002-05-22', NULL, '2002-05-02 16:07:12', 'Angie Price'),
(476, 186, 20, 67, '2002-05-22', NULL, '2002-05-02 16:07:15', 'Josh Jensen'),
(477, 186, 20, 67, '2002-05-22', NULL, '2002-05-02 16:09:13', 'tiffany ellender'),
(478, 186, 20, 67, '2002-05-22', ' wind blew grass in cup', '2002-05-02 16:09:27', 'Cort Zeigler'),
(479, 186, 20, 67, '2002-05-22', NULL, '2002-05-02 16:11:26', 'Andrew Hedlund'),
(480, 186, 20, 67, '2002-05-22', NULL, '2002-05-02 16:11:43', 'Nikkie Cortes'),
(481, 160, 34, 57, '2002-02-28', NULL, '2002-05-02 16:13:51', 'Ryan Garrison'),
(482, 160, 34, 57, '2002-02-28', NULL, '2002-05-02 16:15:08', 'Nikki Felix'),
(483, 160, 34, 57, '2002-02-28', ' We got a lot of different kinds of bugs and caterpillers.', '2002-05-02 16:15:35', 'Talyia Flint'),
(484, 160, 34, 57, '2002-02-28', NULL, '2002-05-02 16:16:38', 'Erin Stroh'),
(485, 160, 34, 57, '2002-02-28', NULL, '2002-05-02 16:18:09', 'Nicole Grandinetti'),
(486, 160, 34, 57, '2002-02-28', NULL, '2002-05-02 16:18:14', 'DJ Wodash'),
(487, 160, 34, 57, '2002-02-28', NULL, '2002-05-02 16:20:00', 'Breanna Carlson'),
(488, 160, 34, 57, '2002-02-28', NULL, '2002-05-02 16:21:42', 'Ramon Ruiz'),
(489, 160, 34, 57, '2002-02-28', NULL, '2002-05-02 16:22:04', 'Robert Snodgrass'),
(490, 160, 34, 57, '2002-03-11', NULL, '2002-05-02 16:25:24', 'Ryan'),
(491, 160, 34, 57, '2002-03-11', NULL, '2002-05-02 16:27:15', 'Nick Allred'),
(492, 160, 34, 57, '2002-03-11', NULL, '2002-05-02 16:28:22', 'Toni Gauff'),
(493, 160, 34, 57, '2002-03-11', NULL, '2002-05-02 16:29:54', 'Tiffany Perez'),
(494, 160, 34, 57, '2002-03-11', NULL, '2002-05-02 16:30:13', 'Breanna Carlson'),
(495, 160, 34, 57, '2002-03-11', NULL, '2002-05-02 16:31:36', 'Jessika Plath'),
(496, 160, 34, 57, '2002-03-11', NULL, '2002-05-02 16:31:36', 'Jamie Neal'),
(497, 160, 34, 57, '2002-03-11', NULL, '2002-05-02 16:33:08', 'Devon Zander'),
(498, 160, 34, 57, '2002-03-11', NULL, '2002-05-02 16:33:19', 'Jeff Cong'),
(499, 187, 37, 72, '2002-05-22', NULL, '2002-05-02 16:36:33', 'Jessica,Kinton'),
(500, 160, 34, 57, '2002-03-11', NULL, '2002-05-02 16:36:43', 'Jacob Workman'),
(501, 187, 37, 72, '2002-05-22', NULL, '2002-05-02 16:38:20', 'Aleah Brady'),
(502, 187, 37, 72, '2002-05-22', NULL, '2002-05-02 16:38:28', 'Demetrius,Newton'),
(503, 187, 37, 72, '2002-05-22', NULL, '2002-05-02 16:40:51', 'Brad Butler'),
(504, 187, 37, 72, '2001-05-22', ' Our cup was in the shade.', '2002-05-02 16:41:01', 'Aylsa Hills'),
(505, 187, 37, 72, '2002-05-22', NULL, '2002-05-02 16:42:49', 'Haily, Eniss'),
(506, 187, 37, 72, '2002-05-22', NULL, '2002-05-02 16:43:16', 'Andrea Clark'),
(507, 187, 37, 72, '2002-05-22', NULL, '2002-05-02 16:44:25', 'Chelsea Isaacson'),
(508, 187, 37, 72, '2002-05-04', NULL, '2002-05-02 16:44:28', 'ALISSA'),
(509, 186, 20, 67, '2002-02-28', ' Dirt fell in cup', '2002-05-08 22:04:11', 'Samantha Nelson'),
(510, 187, 37, 72, '2002-02-28', NULL, '2002-05-08 22:07:09', 'Aleah Brady'),
(511, 187, 37, 72, '2002-02-28', NULL, '2002-05-08 22:09:05', 'Adam Hofmann'),
(512, 186, 20, 67, '2001-11-01', ' Entry by Langstaff', '2002-05-08 22:24:39', 'Jacqueline Maynerd'),
(513, 186, 20, 67, '2001-11-01', ' entry by Langstaff', '2002-05-08 22:26:09', 'Josh Horner'),
(514, 160, 34, 57, '2002-06-13', NULL, '2002-05-14 16:19:15', 'Ryan Garrison'),
(515, 160, 34, 57, '2002-06-13', NULL, '2002-05-14 16:22:57', 'Toni Gauff'),
(516, 160, 34, 57, '2002-06-13', NULL, '2002-05-14 16:24:29', 'Nikki Felix'),
(517, 160, 34, 57, '2002-06-13', ' Hot all weekend', '2002-05-14 16:27:08', 'Erin Stroh'),
(518, 160, 34, 57, '2002-06-13', NULL, '2002-05-14 16:28:46', 'Jamie Neal'),
(519, 160, 34, 57, '2002-06-13', ' Hot weeekend. grass blew in.', '2002-05-14 16:30:52', 'Marissa Mendoza-Lopez'),
(520, 160, 34, 57, '2002-06-13', ' Candy wrapper attracted orgs', '2002-05-14 16:34:00', 'D. J. Wodash'),
(521, 160, 34, 57, '2002-06-13', ' Hot', '2002-05-14 16:35:50', 'Mark Calhoun'),
(522, 160, 34, 57, '2002-06-13', ' cup broken', '2002-05-14 16:37:29', 'Breanna Carlson'),
(523, 160, 34, 57, '2002-06-13', NULL, '2002-05-14 16:39:35', 'Robert Snodgrass'),
(524, 142, 31, 25, '2002-06-13', ' Hot weekend', '2002-05-14 16:42:28', 'Dylan Blackwell'),
(525, 142, 31, 25, '2002-06-13', NULL, '2002-05-15 15:38:33', 'Courtney Grey, Jessica Flores, Monique Morales'),
(526, 142, 31, 25, '2002-06-13', ' Perfect weather', '2002-05-15 16:10:35', 'Ryan Schollmyer, Mark Warner'),
(527, 142, 31, 25, '2002-06-13', ' Hungry spider in cup', '2002-05-15 16:16:28', 'Joey Russo'),
(528, 142, 31, 25, '2002-06-13', NULL, '2002-05-15 16:19:30', 'Brian Dillon'),
(529, 142, 31, 25, '2002-06-13', NULL, '2002-05-15 16:21:20', 'Mary Simon'),
(530, 142, 31, 25, '2002-06-13', NULL, '2002-05-15 16:23:05', 'Adam Miller'),
(531, 142, 31, 25, '2002-06-13', NULL, '2002-05-15 16:24:55', 'Nicole Fantasia'),
(532, 142, 31, 25, '2002-06-13', NULL, '2002-05-15 16:27:36', 'Stephen Carey'),
(533, 142, 31, 25, '2002-06-13', NULL, '2002-05-15 16:29:25', 'Kelly Champlin'),
(534, 186, 20, 67, '2002-06-13', NULL, '2002-05-15 16:59:34', 'Shanelle Humsuh'),
(535, 186, 20, 67, '2002-06-13', NULL, '2002-05-15 17:01:52', 'Jeremy Mercier'),
(536, 186, 20, 67, '2002-06-15', NULL, '2002-05-15 17:04:20', 'Michael Kells'),
(537, 186, 20, 67, '2002-06-13', ' Grass ladder in cup', '2002-05-15 17:06:23', 'Alex Munoz'),
(538, 186, 20, 67, '2002-06-13', NULL, '2002-05-15 17:09:01', 'Josh Jensen'),
(539, 186, 20, 67, '2002-06-13', NULL, '2002-05-15 17:11:17', 'Angie Price'),
(540, 186, 20, 67, '2002-06-13', ' Lots of dirt', '2002-05-15 17:14:10', 'Samantha Nelson'),
(541, 186, 20, 67, '2002-06-13', NULL, '2002-05-15 17:15:39', 'Caileen Eckerson'),
(542, 186, 20, 67, '2002-06-13', NULL, '2002-05-15 17:17:59', 'Lauren Baumgarten'),
(543, 186, 20, 67, '2002-06-13', NULL, '2002-05-15 17:19:41', 'Andrew Hedlund'),
(544, 142, 31, 25, '2002-05-22', ' Dirt', '2002-05-15 22:05:40', 'Courtney Gray'),
(545, 142, 31, 25, '2002-05-22', NULL, '2002-05-15 22:07:19', 'Carolyn Attanuchi'),
(546, 142, 31, 25, '2002-05-22', NULL, '2002-05-15 22:08:49', 'Stephen Carey'),
(547, 142, 31, 25, '2002-05-22', ' Dry Day', '2002-05-15 22:10:20', 'Nicole Fantasia'),
(548, 142, 31, 25, '2002-05-22', NULL, '2002-05-15 22:12:02', 'Fernando Enriquez'),
(549, 142, 31, 25, '2002-05-22', ' Dirt', '2002-05-15 22:13:31', 'Mary Simon'),
(550, 142, 31, 25, '2002-05-22', NULL, '2002-05-15 22:16:15', 'Carlos De Orta'),
(551, 142, 31, 25, '2002-05-22', NULL, '2002-05-15 22:17:32', 'Joey Russo'),
(552, 142, 31, 25, '2002-05-22', NULL, '2002-05-15 22:19:09', 'Mark Warner'),
(553, 142, 31, 25, '2002-05-22', NULL, '2002-05-15 22:20:49', 'Dylan Blackwell'),
(554, 186, 20, 67, '2002-04-25', NULL, '2002-05-15 22:25:10', 'Shanelle Humzuh'),
(555, 186, 20, 67, '2002-04-25', NULL, '2002-05-15 22:27:59', 'Lauren Baumgarten'),
(556, 186, 20, 67, '2002-04-25', NULL, '2002-05-15 22:29:43', 'Angie Price'),
(557, 186, 20, 67, '2002-04-25', NULL, '2002-05-15 22:31:08', 'Caileen Eckerson'),
(558, 186, 20, 67, '2002-04-25', NULL, '2002-05-15 22:37:28', 'Andrew Hedlund'),
(559, 186, 20, 67, '2002-04-25', NULL, '2002-05-15 22:39:18', 'Jeremy Mercier'),
(560, 186, 20, 67, '2002-04-25', NULL, '2002-05-15 22:40:51', 'Josh Jensen'),
(561, 186, 20, 67, '2002-04-25', NULL, '2002-05-15 22:42:30', 'Samantha Nelson'),
(562, 186, 20, 67, '2002-04-25', NULL, '2002-05-15 22:44:19', 'Daniel Rodriguez'),
(563, 186, 20, 67, '2002-04-25', NULL, '2002-05-15 22:46:42', 'Michael Kells'),
(564, 186, 20, 67, '2001-12-23', ' Muddy, rained last week', '2002-05-15 23:04:11', 'Matt Bush'),
(565, 186, 20, 67, '2001-12-23', ' Overflow water 4 days earlier', '2002-05-15 23:06:29', 'Montana Steele'),
(566, 186, 20, 67, '2001-12-23', NULL, '2002-05-15 23:07:32', 'Glenn Simpson'),
(567, 186, 20, 67, '2002-12-23', NULL, '2002-05-15 23:08:44', 'Nikki McClellan'),
(568, 186, 20, 67, '2001-12-23', NULL, '2002-05-15 23:10:12', 'Kristin Reynante'),
(569, 186, 20, 67, '2001-12-23', ' Flooded 4 days prior', '2002-05-15 23:11:32', 'Joe Black'),
(570, 186, 20, 67, '2001-12-23', NULL, '2002-05-15 23:12:56', 'Max Steffy'),
(571, 186, 20, 67, '2001-12-23', NULL, '2002-05-15 23:14:09', 'Alex Ramirez'),
(572, 186, 20, 67, '2001-12-23', NULL, '2002-05-15 23:15:12', 'Kenny Bass'),
(573, 186, 20, 67, '2001-12-23', NULL, '2002-05-15 23:16:53', 'anthony Velazquez'),
(574, 142, 31, 25, '2001-12-23', ' Flooded 4 days prior', '2002-05-15 23:20:26', 'Shinban Liu'),
(575, 142, 31, 25, '2001-12-23', ' flooded 4 days prior', '2002-05-15 23:21:56', 'Alexa Brewer'),
(576, 142, 31, 25, '2001-12-23', ' flooded 4 days prior', '2002-05-15 23:23:16', 'Elizabeth Griesbeck'),
(577, 142, 31, 25, '2001-12-23', ' Flooded 4 days prior', '2002-05-15 23:24:50', 'Elizabeth Jones'),
(578, 142, 31, 25, '2001-12-23', NULL, '2002-05-15 23:26:22', 'Brock'),
(579, 142, 31, 25, '2001-12-23', ' Flooded 4 days prior', '2002-05-15 23:27:40', 'Taylor Beeswy'),
(580, 142, 31, 25, '2001-12-23', ' Flooded 4 days prior', '2002-05-15 23:29:04', 'Jeremy Lee'),
(581, 142, 31, 25, '2001-12-23', ' Flooded 4 days prior', '2002-05-15 23:30:13', 'Justin'),
(582, 142, 31, 25, '2001-12-23', NULL, '2002-05-15 23:31:20', 'Laci Weigant'),
(583, 142, 31, 25, '2002-04-25', NULL, '2002-05-20 07:12:51', 'Courtney Gray'),
(584, 142, 31, 25, '2002-04-25', NULL, '2002-05-20 07:14:00', 'Carlos De Orta'),
(585, 142, 31, 25, '2002-04-25', NULL, '2002-05-20 07:16:33', 'Carolyn Attanuchi'),
(586, 142, 31, 25, '2002-04-25', NULL, '2002-05-20 07:20:14', 'Enrique Fernandez'),
(587, 142, 31, 25, '2002-04-25', NULL, '2002-05-20 07:21:23', 'Beth Fox'),
(588, 142, 31, 25, '2002-04-25', NULL, '2002-05-20 07:22:52', 'Carlos Medina'),
(589, 142, 31, 25, '2002-04-25', ' Truck Traffic', '2002-05-20 07:24:21', 'Mark Warner'),
(590, 142, 31, 25, '2002-04-25', ' Windy weekend', '2002-05-20 07:25:19', 'Dylan Blackwell'),
(591, 335, 41, 106, '2002-07-21', NULL, '2002-06-27 09:56:52', 'Tina S.'),
(592, 335, 41, 106, '2002-07-21', NULL, '2002-06-27 09:57:14', 'Mike Brand'),
(593, 335, 41, 106, '2002-07-21', NULL, '2002-06-27 09:58:23', 'L. Idol'),
(594, 335, 41, 106, '2002-07-21', ' Lots of dirt!', '2002-06-27 09:59:00', 'Sara Jenkins'),
(595, 335, 41, 106, '2002-07-21', ' Large number of Cloeoptera, but I know there were from two different families.', '2002-06-27 09:59:48', 'Chris Mayer'),
(596, 335, 41, 106, '2002-07-21', NULL, '2002-06-27 10:00:42', 'Misty Miles'),
(597, 335, 41, 106, '2002-07-21', NULL, '2002-06-27 10:00:48', 'G Dotterer'),
(598, 335, 41, 106, '2002-07-20', NULL, '2002-06-27 13:10:37', 'Harrold'),
(599, 187, 34, 72, '2002-10-16', NULL, '2002-09-25 15:44:01', ' Brittany Corral'),
(600, 187, 34, 72, '2002-10-16', ' our cups were filled with water.', '2002-09-25 15:44:17', 'casandra babcock'),
(601, 187, 34, 72, '2002-10-16', NULL, '2002-09-25 15:44:27', 'Alyssa Engalla'),
(602, 187, 34, 72, '2002-10-16', NULL, '2002-09-25 15:44:46', 'Cameron Curtis'),
(603, 187, 34, 72, '2002-10-16', NULL, '2002-09-25 15:46:47', 'Michael Snyder'),
(604, 187, 34, 72, '2002-10-16', NULL, '2002-09-25 15:51:08', 'Renae Avena'),
(605, 186, 31, 67, '2002-10-16', NULL, '2002-09-25 15:51:46', 'Anthony Almonza'),
(606, 186, 31, 67, '2002-10-16', NULL, '2002-09-25 15:52:43', 'Courtney Hayes'),
(607, 186, 31, 67, '2002-10-16', ' it rained over the sampling period and cups fied w/water so we had to redo it', '2002-09-25 15:55:40', 'randi kennedy'),
(608, 186, 31, 67, '2002-10-16', NULL, '2002-09-25 15:56:00', 'kristen fushino'),
(609, 186, 31, 67, '2002-10-16', NULL, '2002-09-25 15:59:48', 'Josh Malmskog'),
(610, 186, 29, 67, '2002-10-16', NULL, '2002-09-25 16:04:41', 'Jennifer Troung'),
(611, 186, 31, 67, '2002-10-16', NULL, '2002-09-25 16:08:09', 'Sean Wolf'),
(612, 186, 29, 67, '2002-10-16', NULL, '2002-09-25 16:08:41', 'Jeremy Martinez'),
(613, 186, 34, 67, '2002-10-16', NULL, '2002-09-25 16:15:04', 'Rachelle Kauffman'),
(614, 160, 20, 57, '2002-12-05', NULL, '2002-11-13 15:28:18', 'Kristen Miller'),
(615, 160, 20, 57, '2002-12-05', NULL, '2002-11-13 15:30:44', 'Tiffany Yee'),
(616, 160, 20, 57, '2002-12-05', NULL, '2002-11-13 15:34:58', 'Heidi Blatt'),
(617, 160, 20, 57, '2002-12-05', NULL, '2002-11-13 15:38:54', 'Tori Heller'),
(618, 160, 20, 57, '2002-12-05', NULL, '2002-11-13 15:42:33', 'Daniel Dainelson'),
(619, 160, 20, 57, '2002-12-05', NULL, '2002-11-13 15:45:59', 'Steven Stewart'),
(620, 160, 20, 57, '2002-12-05', NULL, '2002-11-13 15:50:09', 'Alysia Armijo'),
(621, 160, 20, 57, '2002-12-05', NULL, '2002-11-13 15:52:24', 'Ryan Howard'),
(622, 160, 20, 57, '2002-12-05', NULL, '2002-11-13 15:54:26', 'Tyler Farnsworth'),
(623, 142, 7, 25, '2002-12-04', NULL, '2002-11-13 16:09:12', 'Cayla Ocallahan'),
(624, 142, 7, 25, '2002-12-04', NULL, '2002-11-13 16:10:51', 'Greg Rendek'),
(625, 142, 7, 25, '2002-12-04', NULL, '2002-11-13 16:12:44', 'Josh Nehrling'),
(626, 142, 7, 25, '2002-12-04', ' We have fewer bugs than last time-cooler temps. It rained one week before we collected.', '2002-11-13 16:14:17', 'Gabby Rosales'),
(627, 142, 7, 25, '2002-12-04', NULL, '2002-11-13 16:16:09', 'Brienne Valliere'),
(628, 142, 7, 25, '2002-12-04', NULL, '2002-11-13 16:18:04', 'Melissa Buchler'),
(629, 142, 7, 25, '2002-12-04', NULL, '2002-11-13 16:19:20', 'Michael Bueller'),
(630, 142, 7, 25, '2002-12-04', NULL, '2002-11-13 16:20:56', 'Korinne McAdams'),
(631, 186, 37, 67, '2002-12-04', NULL, '2002-11-13 16:23:11', 'Courtney Hayes'),
(632, 186, 37, 67, '2002-12-04', NULL, '2002-11-13 16:24:26', 'Cory Lehman'),
(633, 186, 37, 67, '2002-12-04', NULL, '2002-11-13 16:26:35', 'Randi Kennedy'),
(634, 186, 37, 67, '2002-12-04', NULL, '2002-11-13 16:29:23', 'Kristin Fuschino');
INSERT INTO `arthro_samples` (`id`, `site_id`, `teachers_class_id`, `habitat_id`, `collection_date`, `comments`, `date_entered`, `observer`) VALUES
(635, 186, 37, 67, '2002-12-04', NULL, '2002-11-13 16:33:17', 'Rachelle Kauffman'),
(636, 186, 37, 67, '2002-12-04', NULL, '2002-11-13 16:35:43', 'Josh Malmskog'),
(637, 186, 37, 67, '2002-12-04', NULL, '2002-11-13 16:38:21', 'Sean Wolf'),
(638, 186, 37, 67, '2002-12-04', NULL, '2002-11-13 16:40:06', 'Jennifer Troung'),
(639, 186, 37, 67, '2002-12-04', NULL, '2002-11-13 16:41:29', 'Bruce Fincher'),
(640, 187, 34, 72, '2002-12-04', NULL, '2002-11-13 16:46:55', 'Mikaela Spizman'),
(641, 187, 34, 72, '2002-12-04', NULL, '2002-11-13 16:49:05', 'Steve Boynton'),
(642, 187, 34, 72, '2002-12-04', NULL, '2002-11-13 16:50:13', 'Amy Burritt'),
(643, 187, 34, 72, '2002-12-04', NULL, '2002-11-13 16:51:41', 'Danielle Hawkins'),
(644, 187, 34, 72, '2002-12-04', NULL, '2002-11-13 16:52:49', 'Jarret Moran'),
(645, 187, 34, 72, '2002-12-04', NULL, '2002-11-13 16:54:54', 'Carmeron Curtis'),
(646, 187, 34, 72, '2002-12-04', NULL, '2002-11-13 16:56:16', 'Nico Gonzalez'),
(647, 187, 34, 72, '2002-12-04', NULL, '2002-11-13 16:58:17', 'Jeanette Oliver'),
(648, 187, 34, 72, '2002-12-04', NULL, '2002-11-20 15:18:32', 'Ashley Russell'),
(649, 142, 31, 25, '2003-01-09', NULL, '2002-12-10 14:01:45', 'Cayla OCallahan'),
(650, 142, 31, 25, '2003-01-09', NULL, '2002-12-10 14:04:51', 'Sam Mortensen'),
(651, 142, 31, 25, '2003-01-09', NULL, '2002-12-10 14:07:43', 'Chelsea Whitham'),
(652, 142, 31, 25, '2003-01-09', NULL, '2002-12-10 14:09:22', 'Greg Rendek'),
(653, 142, 31, 25, '2003-01-09', NULL, '2002-12-10 14:11:06', 'Josh Nehrling'),
(654, 142, 31, 25, '2003-01-09', NULL, '2002-12-10 14:12:50', 'Jennifer Milan'),
(655, 142, 31, 25, '2003-01-09', NULL, '2002-12-10 21:22:45', 'Alba Sanchez'),
(656, 142, 31, 25, '2003-01-09', NULL, '2002-12-10 21:24:17', 'Melissa Buchler'),
(657, 142, 31, 25, '2003-01-09', NULL, '2002-12-10 21:25:38', 'Trevor Lee'),
(658, 142, 31, 25, '2003-01-09', NULL, '2002-12-10 22:00:54', 'Korinne McAdams'),
(659, 186, 43, 67, '2003-01-09', NULL, '2002-12-10 22:05:09', 'Courtney Hayes'),
(660, 186, 43, 67, '2003-01-09', NULL, '2002-12-10 22:08:30', 'Cory Lehman'),
(661, 186, 43, 67, '2003-01-09', NULL, '2002-12-10 22:11:14', 'Randi Kennedy'),
(662, 186, 43, 67, '2003-01-09', NULL, '2002-12-10 22:13:01', 'Kristin Fuschina'),
(663, 186, 43, 67, '2003-01-09', NULL, '2002-12-10 22:15:30', 'Cameron Sherrer'),
(664, 186, 43, 67, '2003-01-09', NULL, '2002-12-10 22:17:52', 'Brooke Wilson'),
(665, 186, 43, 67, '2003-01-09', NULL, '2002-12-10 22:19:25', 'Jonathan Young'),
(666, 186, 43, 67, '2003-01-09', NULL, '2002-12-10 22:21:21', 'Sean Wolf'),
(667, 186, 43, 67, '2003-01-09', NULL, '2002-12-10 22:23:44', 'JenniferTruong'),
(668, 186, 43, 67, '2003-01-09', NULL, '2002-12-10 22:28:33', 'Andy Hamrock'),
(669, 160, 20, 57, '2003-01-09', NULL, '2002-12-10 22:31:11', 'Lyndsey Dodds'),
(670, 160, 20, 57, '2003-01-09', NULL, '2002-12-10 22:32:30', 'Tiffany Yee'),
(671, 160, 20, 57, '2003-01-09', NULL, '2002-12-10 22:35:01', 'Heidi Blatt'),
(672, 160, 20, 57, '2003-01-09', NULL, '2002-12-10 22:36:56', 'Tori Heller'),
(673, 160, 20, 57, '2003-01-09', NULL, '2002-12-10 22:38:56', 'Ryan Moore'),
(674, 160, 20, 57, '2003-01-09', NULL, '2002-12-10 22:41:45', 'LaSalle Pridgett'),
(675, 160, 20, 57, '2003-01-09', NULL, '2002-12-10 22:45:09', 'Kristy Smith'),
(676, 160, 20, 57, '2003-01-09', ' Anthicidea -Coeleoptera', '2002-12-10 22:47:47', 'Alysia Armijo'),
(677, 160, 20, 57, '2003-01-09', NULL, '2002-12-10 22:49:49', 'Inez Figueroa'),
(678, 160, 20, 57, '2003-01-09', NULL, '2002-12-10 22:52:03', 'Tyler Farnsworth'),
(679, 187, 34, 72, '2003-01-09', NULL, '2002-12-11 06:21:44', 'Stacy Meyer'),
(680, 187, 34, 72, '2003-01-09', NULL, '2002-12-11 06:23:24', 'Mikaela Spizman'),
(681, 187, 34, 72, '2003-01-09', NULL, '2002-12-11 06:25:19', 'Ruben Prado'),
(682, 187, 34, 72, '2003-01-09', NULL, '2002-12-11 06:26:38', 'Amy Burritt'),
(683, 187, 34, 72, '2003-01-09', NULL, '2002-12-11 06:28:19', 'Jennifer Anderson'),
(684, 187, 34, 72, '2003-01-09', NULL, '2002-12-11 06:30:35', 'Jarret Moran'),
(685, 187, 34, 72, '2003-01-09', NULL, '2002-12-11 06:32:04', 'Jimmy Quang'),
(686, 187, 34, 72, '2003-01-09', NULL, '2002-12-11 06:33:11', 'Jake Carmichael'),
(687, 187, 34, 72, '2003-01-09', NULL, '2002-12-11 06:35:04', 'Jeanette Oliver'),
(688, 187, 34, 72, '2003-01-09', NULL, '2002-12-11 06:36:51', 'Cory Leonard'),
(689, 186, 43, 67, '2003-02-13', NULL, '2003-01-16 07:57:20', 'joshua willie'),
(690, 186, 43, 67, '2003-02-13', NULL, '2003-01-16 08:00:03', 'Jana Boutelle'),
(691, 186, 43, 67, '2003-02-13', NULL, '2003-01-16 08:03:30', 'Mario Macias'),
(692, 186, 43, 67, '2003-02-13', NULL, '2003-01-16 08:04:32', 'Justin Plath'),
(693, 186, 43, 67, '2003-02-13', NULL, '2003-01-16 08:08:15', 'Amber Kimball'),
(694, 186, 43, 67, '2003-02-16', NULL, '2003-01-16 08:08:22', 'Kyle Collins'),
(695, 186, 43, 67, '2003-02-13', NULL, '2003-01-16 08:10:10', 'Amber Kimball'),
(696, 186, 43, 67, '2003-02-13', NULL, '2003-01-16 08:10:51', 'Nikki Scott'),
(697, 186, 43, 67, '2003-02-13', NULL, '2003-01-16 08:13:26', 'Erica Nelson'),
(698, 142, 44, 25, '2003-02-13', NULL, '2003-01-16 15:31:42', 'Vivian '),
(699, 142, 44, 25, '2003-02-13', NULL, '2003-01-16 15:32:49', 'Greg'),
(700, 142, 44, 25, '2003-02-13', NULL, '2003-01-16 15:34:04', 'Martina'),
(701, 142, 44, 25, '2003-02-13', NULL, '2003-01-16 15:35:58', 'Cody'),
(702, 142, 44, 25, '2003-02-13', NULL, '2003-01-16 15:35:58', 'Myles'),
(703, 142, 44, 25, '2003-02-13', NULL, '2003-01-16 15:36:46', 'Riley'),
(704, 142, 44, 25, '2003-02-13', NULL, '2003-01-16 15:37:40', 'Alex'),
(705, 142, 44, 25, '2003-02-13', NULL, '2003-01-16 15:38:00', 'Brittany'),
(706, 142, 44, 25, '2003-02-13', NULL, '2003-01-16 15:38:18', 'Patrik'),
(707, 160, 31, 57, '2003-02-13', NULL, '2003-01-16 15:51:16', 'DJ'),
(708, 160, 31, 57, '2003-02-13', NULL, '2003-01-16 15:52:18', 'Steven'),
(709, 160, 31, 57, '2003-02-13', NULL, '2003-01-16 15:52:44', 'aMANDA'),
(710, 160, 31, 57, '2003-02-13', ' Not may Bugs', '2003-01-16 15:54:08', 'Doug'),
(711, 160, 31, 57, '2003-02-13', NULL, '2003-01-16 15:54:29', 'Stefani'),
(712, 160, 31, 57, '2003-02-13', NULL, '2003-01-16 15:55:18', 'Amanda'),
(713, 160, 31, 57, '2003-02-13', NULL, '2003-01-16 15:58:02', 'Alyssa'),
(714, 110, 45, 20, '2002-12-12', ' Minimal insect count possibly due to drought.', '2003-01-24 09:12:33', 'Sierra Wilkinson and  Danielle Urdinarrain'),
(715, 110, 45, 20, '2002-12-12', ' Minimal insect count possibly due to drought.', '2003-01-24 09:14:34', 'Joshua Storey ,Gabe Arellanes'),
(716, 110, 45, 20, '2002-12-12', ' Minimal count possibly due to drought.', '2003-01-24 09:17:05', 'Carson Lengvary & Chase Anast'),
(717, 110, 45, 20, '2002-12-12', ' Minimal count possibly due to drought.', '2003-01-24 09:20:32', 'Ashley, Chelsey and Miya'),
(718, 110, 45, 20, '2002-12-12', ' Minimal count possibly due to drought.', '2003-01-24 09:25:34', 'Tori Hammond   &    Nichole Mayberry'),
(719, 110, 45, 20, '2003-01-03', ' Low temperature.', '2003-01-24 09:27:01', 'Sierra Wilkinson and Danielle Urdinarrain'),
(720, 110, 45, 20, '2003-01-03', ' Our cup had a lot of water in it, and the dirt was very hard to dig in.', '2003-01-24 09:32:33', 'Miya, Ashley, Chelsey'),
(721, 110, 45, 20, '2003-01-03', ' Our cup or trap was filled all the way to the top of it with water and someone kikced some dirt into it before we got to it. There also was some bugs in it but we had to dump them out of the cup.', '2003-01-24 09:53:04', 'Tori Hammond   &   Nichole Mayberry'),
(722, 110, 45, 20, '2003-01-03', ' The hole was surrounded by gravel and inside the hole was a cup that was very slick inside so the insects could not get out.', '2003-01-24 10:03:42', 'Carson Lengvary & Chase Anast'),
(723, 110, 45, 20, '2003-01-03', NULL, '2003-01-24 10:27:56', 'Ryan lawless,Zane Lewis,Gabriel Brooks-Evans'),
(724, 110, 45, 20, '2002-12-12', ' There was a lot of dirt in the cup.', '2003-01-24 12:32:00', 'Gabe Evans, Ryan Lawless, Michael Green, Zane Lewis'),
(725, 110, 45, 20, '2003-01-03', ' Lots of sand and rocks in cup.', '2003-01-24 12:34:03', 'Michael Green, Gabe Evans, Ryan Lawless, Zane Lewis'),
(726, 110, 45, 20, '2003-01-03', ' Dirt was hard around trap.', '2003-01-24 12:42:38', 'Joshua Storey, Gabe Arellanes'),
(727, 121, 46, 22, '2002-12-26', NULL, '2003-02-04 13:50:52', 'John Saunders'),
(728, 121, 46, 22, '2002-12-01', NULL, '2003-02-11 11:50:56', 'Deja Keith and Karyn Hirsch'),
(729, 186, 43, 67, '2003-03-10', NULL, '2003-02-14 08:12:33', 'JOSH'),
(730, 186, 43, 67, '2003-03-10', NULL, '2003-02-14 08:12:33', 'JOSH'),
(731, 186, 43, 67, '2003-03-10', NULL, '2003-02-14 09:35:04', 'JUSTIN'),
(732, 186, 43, 67, '2003-03-10', NULL, '2003-02-14 09:35:14', 'JUSTIN'),
(733, 186, 43, 67, '2003-03-10', ' tracece of rain', '2003-02-14 11:23:37', 'Desiree'),
(734, 186, 43, 67, '2003-03-10', ' trace of rain', '2003-02-14 11:25:09', 'Jaime'),
(735, 186, 43, 67, '2003-03-10', ' tracerain', '2003-02-14 11:28:18', 'Kyle'),
(736, 186, 43, 67, '2003-03-10', ' tracerain', '2003-02-14 11:30:15', 'MD'),
(737, 186, 43, 67, '2003-03-10', ' tracerain', '2003-02-14 11:32:01', 'AMBER'),
(738, 186, 43, 67, '2003-03-10', ' tracerain', '2003-02-14 11:33:48', 'Andi'),
(739, 186, 43, 67, '2003-03-10', ' tracerain', '2003-02-14 11:36:13', 'Jeannine'),
(740, 186, 43, 67, '2003-03-10', ' tracerain', '2003-02-14 11:38:37', 'Courtney'),
(741, 121, 46, 22, '2003-02-24', NULL, '2003-02-20 12:02:58', 'Karryn and Deja'),
(742, 121, 46, 22, '2003-02-28', NULL, '2003-02-20 12:07:05', 'Deja Keith and Karryn Hirsch'),
(743, 121, 46, 22, '2003-03-02', NULL, '2003-02-20 12:16:57', 'Karryn Hirsch and Deja Keith'),
(744, 142, 44, 25, '2003-02-13', NULL, '2003-02-24 12:31:06', 'Chase'),
(745, 142, 44, 25, '2002-10-16', NULL, '2003-03-02 09:10:47', 'Cayla OCallahan'),
(746, 142, 44, 25, '2002-10-16', NULL, '2003-03-02 09:11:50', 'John Earnest'),
(747, 142, 44, 25, '2002-10-16', NULL, '2003-03-02 09:13:09', 'Chelsea Whitham'),
(748, 142, 44, 25, '2002-10-16', NULL, '2003-03-02 09:14:48', 'Danielle Kerrigan'),
(749, 142, 44, 25, '2002-10-16', NULL, '2003-03-02 09:16:36', 'Josh Nehrling'),
(750, 142, 44, 25, '2002-10-16', NULL, '2003-03-02 09:17:47', 'Gabby Rosales'),
(751, 142, 44, 25, '2002-10-16', NULL, '2003-03-02 09:19:01', 'Alba Sanchez'),
(752, 142, 44, 25, '2002-10-16', NULL, '2003-03-02 09:20:16', 'Brianna Lefler'),
(753, 142, 44, 25, '2002-10-16', NULL, '2003-03-02 09:22:34', 'Trevor Lee'),
(754, 142, 44, 25, '2002-10-16', NULL, '2003-03-02 09:24:37', 'Korinne McAdams'),
(755, 160, 37, 57, '2002-10-16', NULL, '2003-03-02 09:27:59', 'Tiffany Yee'),
(756, 160, 37, 57, '2002-10-16', NULL, '2003-03-02 09:30:30', 'Kim Crandell'),
(757, 160, 37, 57, '2002-10-16', NULL, '2003-03-02 09:32:14', 'Elly Smith'),
(758, 160, 37, 57, '2002-10-16', NULL, '2003-03-02 09:33:36', 'Daniel Danielson'),
(759, 160, 37, 57, '2002-10-16', NULL, '2003-03-02 09:34:30', 'Langstaff'),
(760, 160, 37, 57, '2002-10-16', NULL, '2003-03-02 09:36:13', 'Langstaff'),
(761, 160, 37, 57, '2002-10-16', NULL, '2003-03-02 09:37:28', 'Langstaff'),
(762, 142, 44, 25, '2002-11-07', NULL, '2003-03-02 09:43:42', 'Cayla OCallahan'),
(763, 142, 44, 25, '2002-11-07', NULL, '2003-03-02 09:44:44', 'John Earnest'),
(764, 142, 44, 25, '2002-11-07', NULL, '2003-03-02 09:47:00', 'Chelsea Whitham'),
(765, 142, 44, 25, '2002-11-07', NULL, '2003-03-02 09:48:52', 'Greg Rendek'),
(766, 160, 44, 57, '2002-11-07', NULL, '2003-03-02 09:51:01', 'Josh Nehrling'),
(767, 142, 44, 25, '2002-11-07', NULL, '2003-03-02 09:52:59', 'Gabby Rosales'),
(768, 142, 44, 25, '2002-11-07', NULL, '2003-03-02 09:54:39', 'Brienne Valliere'),
(769, 142, 44, 25, '2002-11-06', NULL, '2003-03-02 09:55:48', 'Brianna Lefler'),
(770, 142, 44, 25, '2002-11-07', NULL, '2003-03-02 09:57:28', 'Trevor Lee'),
(771, 142, 44, 25, '2002-11-07', NULL, '2003-03-02 09:58:36', 'Korinne McAdams'),
(772, 186, 43, 67, '2002-11-07', NULL, '2003-03-02 10:02:35', 'Andy Hamrock'),
(773, 186, 43, 67, '2002-11-07', NULL, '2003-03-02 10:07:36', 'Courtney Hayes'),
(774, 186, 43, 67, '2002-11-07', NULL, '2003-03-02 10:09:27', 'Cheseree Gaston'),
(775, 186, 43, 67, '2002-11-07', NULL, '2003-03-02 10:12:01', 'Lauren Hanson'),
(776, 186, 43, 67, '2002-10-07', NULL, '2003-03-02 10:14:21', 'Cameron Sherrer'),
(777, 186, 43, 67, '2002-11-07', NULL, '2003-03-02 10:16:32', 'Rachelle Kauffman'),
(778, 186, 43, 67, '2002-11-07', NULL, '2003-03-02 10:19:21', 'Courtney Hayes'),
(779, 186, 43, 67, '2002-11-07', NULL, '2003-03-02 10:22:08', 'Sean Wolf'),
(780, 187, 43, 72, '2002-11-07', NULL, '2003-03-02 10:23:55', 'Michelle Bowen'),
(781, 186, 43, 67, '2002-11-07', NULL, '2003-03-02 10:26:00', 'Jonathan Young'),
(782, 187, 34, 72, '2002-11-14', NULL, '2003-03-02 10:46:07', 'Stacy Meyer'),
(783, 187, 34, 72, '2002-11-14', NULL, '2003-03-02 10:47:35', 'Matt Defer'),
(784, 187, 34, 72, '2002-11-14', NULL, '2003-03-02 10:49:29', 'Amy Burritt'),
(785, 187, 34, 72, '2002-11-14', NULL, '2003-03-02 10:50:53', 'Alyssa Engalla'),
(786, 187, 34, 72, '2002-11-14', NULL, '2003-03-02 10:52:30', 'Cassandra Babcock'),
(787, 187, 34, 72, '2002-11-14', NULL, '2003-03-02 10:53:59', 'Cameron Curtis'),
(788, 187, 34, 72, '2002-11-14', NULL, '2003-03-02 10:55:34', 'Nico Gonzalez'),
(789, 187, 34, 72, '2002-11-14', NULL, '2003-03-02 10:58:41', 'Jeanette Oliver'),
(790, 187, 34, 72, '2002-11-14', NULL, '2003-03-02 11:01:29', 'Cory Leonard'),
(791, 142, 44, 25, '2003-03-10', NULL, '2003-03-02 11:06:33', 'Vivian Lumas'),
(792, 142, 44, 25, '2003-03-10', NULL, '2003-03-02 11:08:35', 'Greg Carpenter'),
(793, 142, 44, 25, '2003-03-10', NULL, '2003-03-02 11:10:33', 'Fabiola Pozodas'),
(794, 142, 44, 25, '2003-03-10', NULL, '2003-03-02 11:12:30', 'Myles Summers'),
(795, 142, 44, 25, '2003-03-10', NULL, '2003-03-02 11:14:03', 'Chase Valadez'),
(796, 142, 44, 25, '2003-03-10', NULL, '2003-03-02 11:15:46', 'Cody Orzel'),
(797, 142, 44, 25, '2003-11-10', NULL, '2003-03-02 11:17:44', 'Jason Raber'),
(798, 142, 44, 25, '2003-03-10', NULL, '2003-03-02 11:20:07', 'Danna Cravens'),
(799, 142, 44, 25, '2003-03-10', NULL, '2003-03-02 11:21:44', 'Jon Rapp'),
(800, 142, 44, 25, '2003-03-10', NULL, '2003-03-02 11:23:37', 'Brittany H'),
(801, 160, 31, 57, '2003-03-10', NULL, '2003-03-02 12:07:43', 'Zack Snyder'),
(802, 160, 31, 57, '2003-03-10', NULL, '2003-03-02 12:09:13', 'Zack Snyder'),
(803, 160, 31, 57, '2003-03-10', NULL, '2003-03-02 12:10:33', 'Zack Snyder'),
(804, 160, 31, 57, '2003-03-10', NULL, '2003-03-02 12:17:55', 'Steven Moore'),
(805, 160, 31, 57, '2003-03-10', NULL, '2003-03-02 12:20:14', 'Ian Wallace'),
(806, 160, 31, 57, '2003-03-10', NULL, '2003-03-02 12:22:39', 'Jacob Allen'),
(807, 160, 31, 57, '2003-03-10', NULL, '2003-03-02 12:24:36', 'Amanda Toohey'),
(808, 160, 31, 57, '2003-03-10', NULL, '2003-03-02 12:26:30', 'Amanda Stevens'),
(809, 160, 31, 57, '2003-03-10', NULL, '2003-03-02 12:27:50', 'Ashlee Beck'),
(810, 160, 31, 57, '2003-03-10', NULL, '2003-03-02 12:29:01', 'Matt Norton'),
(811, 160, 31, 57, '2003-03-10', NULL, '2003-03-02 12:30:29', 'Alyssa Pina'),
(812, 160, 31, 57, '2003-03-10', NULL, '2003-03-02 12:33:04', 'Rachel Prentice'),
(813, 187, 34, 72, '2003-03-10', NULL, '2003-03-02 12:44:00', 'Melissa Libers'),
(814, 187, 34, 72, '2003-03-10', NULL, '2003-03-02 12:46:07', 'Shannon Thompson'),
(815, 187, 34, 72, '2003-03-10', NULL, '2003-03-02 12:47:48', 'John Fitzgerald'),
(816, 187, 34, 72, '2003-03-10', NULL, '2003-03-02 12:49:46', 'Tyler Goebel'),
(817, 187, 34, 72, '2003-03-10', NULL, '2003-03-02 12:51:44', 'Joe Heslip'),
(818, 187, 34, 72, '2003-03-10', NULL, '2003-03-02 12:53:48', 'Colan Corrall'),
(819, 187, 34, 72, '2003-03-10', NULL, '2003-03-02 12:55:23', 'Michelle Sesniak'),
(820, 187, 34, 72, '2003-03-10', NULL, '2003-03-02 12:56:35', 'Daniel McLauglin'),
(821, 187, 34, 72, '2003-03-10', NULL, '2003-03-02 12:58:16', 'Danielle Day'),
(822, 187, 34, 72, '2003-03-10', NULL, '2003-03-02 12:59:49', 'Craig Johnson'),
(823, 142, 44, 25, '2003-04-10', NULL, '2003-04-11 07:16:40', 'Vivian Lumas'),
(824, 142, 44, 25, '2003-04-10', NULL, '2003-04-11 07:18:58', 'Greg Carpenter'),
(825, 142, 44, 25, '2003-04-10', NULL, '2003-04-11 07:20:50', 'Fabiola Pozadas'),
(826, 142, 44, 25, '2003-04-10', NULL, '2003-04-11 07:23:15', 'Justin De le Ree'),
(827, 142, 44, 25, '2003-04-10', NULL, '2003-04-11 07:24:36', 'Michael Fischer'),
(828, 142, 44, 25, '2003-04-10', NULL, '2003-04-11 07:26:59', 'Jason Raber'),
(829, 142, 44, 25, '2003-04-10', NULL, '2003-04-11 07:28:45', 'Dennis Kinton'),
(830, 142, 44, 25, '2003-04-10', ' Recent rain!', '2003-04-11 07:30:43', 'Brittany Hutchison'),
(831, 186, 43, 67, '2003-04-10', NULL, '2003-04-11 07:35:42', 'Joshua Willie'),
(832, 186, 43, 67, '2003-04-10', NULL, '2003-04-11 07:37:46', 'Filip'),
(833, 186, 43, 67, '2003-04-10', NULL, '2003-04-11 07:39:01', 'Jana Boutelle'),
(834, 186, 43, 67, '2003-04-10', NULL, '2003-04-11 07:40:22', 'Jaime Brimer'),
(835, 186, 43, 67, '2003-04-10', NULL, '2003-04-11 07:41:30', 'Mario Macias'),
(836, 186, 43, 67, '2003-04-10', NULL, '2003-04-11 07:42:30', 'Mario Macias'),
(837, 186, 43, 67, '2003-04-10', NULL, '2003-04-11 07:43:59', 'Amber Kimball'),
(838, 186, 43, 67, '2003-04-10', NULL, '2003-04-11 07:46:05', 'Sami Nugent'),
(839, 186, 43, 67, '2003-04-10', NULL, '2003-04-11 07:47:38', 'Nikki Schofield'),
(840, 186, 43, 67, '2003-04-10', NULL, '2003-04-11 07:49:27', 'Courtney Ridgely'),
(841, 160, 31, 57, '2003-04-10', NULL, '2003-04-11 11:51:11', 'TJ Schwenke'),
(842, 160, 31, 57, '2003-04-10', NULL, '2003-04-11 11:52:52', 'tim treadway'),
(843, 160, 31, 57, '2003-04-10', NULL, '2003-04-11 11:53:20', 'tim treadway'),
(844, 160, 31, 57, '2003-04-10', NULL, '2003-04-11 11:54:20', 'Ian Wallace'),
(845, 160, 31, 57, '2003-04-10', NULL, '2003-04-11 11:57:11', 'jacob alley'),
(846, 160, 31, 57, '2003-04-10', NULL, '2003-04-11 11:58:17', 'Amanda Toohey'),
(847, 160, 31, 57, '2003-04-10', NULL, '2003-04-11 11:59:26', 'Jake Noble'),
(848, 160, 31, 57, '2003-04-10', NULL, '2003-04-11 12:02:09', 'ashlee black'),
(849, 160, 31, 57, '2003-04-10', NULL, '2003-04-11 12:02:20', 'Matt Norton'),
(850, 160, 31, 57, '2003-04-10', NULL, '2003-04-11 12:02:24', 'Marissa Torres'),
(851, 160, 31, 57, '2003-04-10', NULL, '2003-04-11 12:04:21', 'rachel p.'),
(852, 187, 34, 72, '2003-04-10', NULL, '2003-04-11 12:05:39', 'Alyssa Bisana'),
(853, 187, 34, 72, '2003-04-10', NULL, '2003-04-11 12:06:40', 'Sara Rodriguez'),
(854, 187, 34, 72, '2003-04-10', NULL, '2003-04-11 12:06:45', 'brian tom'),
(855, 187, 34, 72, '2003-04-10', NULL, '2003-04-11 12:08:42', 'Micchael Cadd'),
(856, 187, 34, 72, '2003-04-10', NULL, '2003-04-11 12:09:06', 'joe heslip'),
(857, 187, 34, 72, '2003-04-10', NULL, '2003-04-11 12:09:08', 'Colan Correll'),
(858, 187, 34, 72, '2003-04-10', NULL, '2003-04-11 17:01:06', 'MIchelle Sesniak'),
(859, 187, 34, 72, '2003-04-10', NULL, '2003-04-11 17:06:40', 'John Earnest'),
(860, 187, 34, 72, '2003-04-10', NULL, '2003-04-11 17:08:57', 'Danielle Day'),
(861, 187, 34, 72, '2003-04-10', NULL, '2003-04-11 17:11:49', 'Craig Johnson'),
(862, 142, 44, 25, '2003-05-07', NULL, '2003-04-13 21:52:16', 'Vivian Lumas'),
(863, 142, 44, 25, '2003-05-07', NULL, '2003-04-13 21:53:39', 'Greg Carpenter'),
(864, 142, 44, 25, '2003-05-07', NULL, '2003-04-13 21:55:27', 'Martina Etsitty'),
(865, 142, 44, 25, '2003-05-07', NULL, '2003-04-13 21:57:42', 'Myles Summers'),
(866, 142, 44, 25, '2003-05-07', NULL, '2003-04-13 21:59:00', 'Michael Fischer'),
(867, 142, 44, 25, '2003-05-07', NULL, '2003-04-13 21:59:55', 'Cody Orzel'),
(868, 142, 44, 25, '2003-05-07', NULL, '2003-04-13 22:01:17', 'Riley Galloway'),
(869, 142, 44, 25, '2003-05-07', NULL, '2003-04-13 22:02:54', 'Danna Cravens'),
(870, 142, 44, 25, '2003-05-07', NULL, '2003-04-13 22:04:28', 'Jon Rapp'),
(871, 142, 44, 25, '2002-05-07', NULL, '2003-04-13 22:06:31', 'Brittany Dickerson'),
(872, 160, 31, 57, '2003-05-07', NULL, '2003-04-14 07:02:41', 'Steven Moore'),
(873, 160, 31, 57, '2003-05-07', NULL, '2003-04-14 07:07:06', 'Ian Wallace'),
(874, 160, 31, 57, '2003-05-07', NULL, '2003-04-14 07:09:06', 'Kristina Sikes'),
(875, 160, 31, 57, '2003-05-07', NULL, '2003-04-14 07:10:48', 'Amanda Toohey'),
(876, 160, 31, 57, '2003-05-07', NULL, '2003-04-14 07:13:10', 'Jake Noble'),
(877, 160, 31, 57, '2003-05-07', NULL, '2003-04-14 07:14:36', 'Karen Staller'),
(878, 160, 31, 57, '2003-05-04', NULL, '2003-04-14 07:16:34', 'Ryan Sweepe'),
(879, 160, 31, 57, '2003-05-07', NULL, '2003-04-14 07:18:04', 'Liana Statts'),
(880, 160, 31, 57, '2003-05-07', NULL, '2003-04-14 07:20:09', 'Rachel Prentice'),
(881, 178, 47, 61, '2003-05-24', NULL, '2003-05-01 09:59:42', 'Mr. Brand overseeing class'),
(882, 178, 47, 61, '2003-05-21', NULL, '2003-05-01 10:22:55', 'Mr. Brand overseeing class'),
(883, 178, 47, 61, '2003-05-21', NULL, '2003-05-01 10:28:19', 'Mr. Brand overseeing class'),
(884, 179, 48, 62, '2003-05-21', NULL, '2003-05-01 12:04:39', 'Mr. Brand overseeing class'),
(885, 142, 44, 25, '2003-06-12', NULL, '2003-05-14 11:54:48', 'liz'),
(886, 142, 44, 25, '2003-06-12', NULL, '2003-05-14 12:00:13', 'greg'),
(887, 142, 44, 25, '2003-06-12', NULL, '2003-05-14 12:03:35', 'fabiola'),
(888, 142, 44, 25, '2003-06-12', NULL, '2003-05-14 12:06:52', 'Jarred'),
(889, 160, 20, 57, '2002-11-07', NULL, '2003-05-25 21:21:48', 'Lyndsey Dodds'),
(890, 160, 20, 57, '2002-11-07', NULL, '2003-05-25 21:23:36', 'Tiffany Yee'),
(891, 160, 20, 57, '2002-11-07', NULL, '2003-05-25 21:26:26', 'Heidi Blatt'),
(892, 160, 20, 57, '2002-11-07', NULL, '2003-05-25 21:30:45', 'Mikaela Carney'),
(893, 160, 20, 57, '2002-11-07', NULL, '2003-05-25 21:32:51', 'Ryan Moore'),
(894, 160, 20, 57, '2002-11-07', NULL, '2003-05-25 21:34:10', 'LaSalle Pridgett'),
(895, 160, 20, 57, '2002-11-07', NULL, '2003-05-25 21:38:18', 'aBe lincoln'),
(896, 160, 20, 57, '2002-11-07', NULL, '2003-05-25 22:48:47', 'Heather Copeland'),
(897, 160, 20, 57, '2002-11-07', NULL, '2003-05-25 22:50:36', ' Matt Alexander'),
(898, 160, 20, 57, '2002-11-07', NULL, '2003-05-25 22:52:17', 'Anthony Cradit'),
(899, 187, 34, 72, '2003-02-13', NULL, '2003-05-26 06:22:11', 'Rachel Alexander'),
(900, 187, 34, 72, '2003-02-13', NULL, '2003-05-26 06:24:15', 'Sara Rodriguez'),
(901, 187, 34, 72, '2003-02-13', NULL, '2003-05-26 06:25:36', 'Chase Thompson'),
(902, 187, 34, 72, '2003-02-12', NULL, '2003-05-26 06:27:01', 'Tyler Goebel'),
(903, 187, 34, 72, '2003-02-13', NULL, '2003-05-26 06:31:07', 'Jimmy Thatcher'),
(904, 187, 34, 72, '2003-02-13', NULL, '2003-05-26 06:32:53', 'Colan Correll'),
(905, 187, 34, 72, '2003-02-13', NULL, '2003-05-26 06:34:15', 'Mindy Saber'),
(906, 187, 34, 72, '2003-02-13', NULL, '2003-05-26 06:35:25', 'John Earnest'),
(907, 187, 34, 72, '2003-02-13', NULL, '2003-05-26 06:36:57', 'Danielle Day'),
(908, 187, 34, 72, '2003-02-13', NULL, '2003-05-26 06:38:32', 'Craig Johnson'),
(909, 186, 43, 67, '2003-05-07', NULL, '2003-05-26 07:38:08', 'Josh WIllie'),
(910, 186, 43, 67, '2003-05-07', NULL, '2003-05-26 07:39:53', 'Justin Plath'),
(911, 186, 43, 67, '2003-05-07', NULL, '2003-05-26 07:42:17', 'Desiree Fuschino'),
(912, 186, 43, 67, '2003-05-07', NULL, '2003-05-26 07:44:13', 'Jasmine Sampson'),
(913, 186, 43, 67, '2003-05-07', NULL, '2003-05-26 07:45:51', 'Mario Macias'),
(914, 186, 43, 67, '2003-05-07', NULL, '2003-05-26 07:47:40', 'Mario Macias'),
(915, 186, 43, 67, '2003-05-07', NULL, '2003-05-26 07:49:31', 'Amber Kimball'),
(916, 186, 43, 67, '2003-05-07', NULL, '2003-05-26 07:51:04', 'Sami Nugent'),
(917, 186, 43, 67, '2003-05-07', NULL, '2003-05-26 07:52:32', 'Jeanine Munoz'),
(918, 187, 34, 72, '2003-05-07', NULL, '2003-05-26 07:56:17', 'Alyssa Bisanz'),
(919, 187, 34, 72, '2003-05-07', NULL, '2003-05-26 07:58:02', 'Sara Rodriguez'),
(920, 187, 34, 72, '2003-05-07', NULL, '2003-05-26 08:20:21', 'Chase Thompson'),
(921, 187, 34, 72, '2003-05-07', NULL, '2003-05-26 08:21:39', 'Tyler Goebel'),
(922, 187, 34, 72, '2003-05-07', NULL, '2003-05-26 08:23:20', 'Jimmy Thatcher'),
(923, 187, 34, 72, '2003-05-07', NULL, '2003-05-26 08:27:35', 'Colan Correll'),
(924, 187, 34, 72, '2003-05-07', NULL, '2003-05-26 08:29:16', 'Michelle Sesniak'),
(925, 187, 34, 72, '2003-05-07', NULL, '2003-05-26 08:30:53', 'John Earnest'),
(926, 187, 34, 72, '2003-05-07', NULL, '2003-05-26 08:32:14', 'Danielle Day'),
(927, 187, 34, 72, '2003-05-07', NULL, '2003-05-26 08:33:33', 'Craig Johnson'),
(928, 187, 34, 72, '2003-06-12', NULL, '2003-05-26 08:56:41', 'Alyssa Bisanz'),
(929, 187, 34, 72, '2003-06-12', NULL, '2003-05-26 08:58:10', 'Sara Rodriguez'),
(930, 160, 31, 57, '2003-06-15', NULL, '2003-05-26 15:14:36', 'Zach Snyder'),
(931, 160, 31, 57, '2003-06-15', NULL, '2003-05-26 15:16:38', 'TJ Schwenke'),
(932, 160, 31, 57, '2003-06-15', NULL, '2003-05-26 15:19:10', 'Ian Wallace'),
(933, 160, 31, 57, '2003-06-15', NULL, '2003-05-26 15:21:59', 'Stefani Kracht'),
(934, 160, 31, 57, '2003-06-15', NULL, '2003-05-26 15:24:45', 'Amanda Toohey'),
(935, 160, 31, 57, '2003-06-15', NULL, '2003-05-26 15:26:32', 'Amanda Stevens'),
(936, 160, 31, 57, '2003-06-15', NULL, '2003-05-26 15:28:17', 'Karen Staller'),
(937, 160, 31, 57, '2003-06-15', NULL, '2003-05-26 15:30:46', 'Matt Norton'),
(938, 160, 31, 57, '2003-06-15', NULL, '2003-05-26 15:32:54', 'Alyssa Pina'),
(939, 160, 31, 57, '2003-06-15', NULL, '2003-05-26 15:35:34', 'Rachel Prentice'),
(940, 187, 34, 72, '2003-06-15', NULL, '2003-05-26 15:40:57', 'Brian Tom'),
(941, 187, 34, 72, '2003-06-12', NULL, '2003-05-26 15:43:13', 'Michael Ladd'),
(942, 187, 34, 72, '2003-06-12', NULL, '2003-05-26 15:45:43', 'Jimmy Thatcher'),
(943, 187, 34, 72, '2003-06-12', NULL, '2003-05-26 15:47:16', 'Colan Correll'),
(944, 187, 34, 72, '2003-06-12', ' LOtsa dirt', '2003-05-26 15:49:54', 'Danielle Day'),
(945, 187, 34, 72, '2003-06-12', ' Lotsa dirt', '2003-05-26 15:51:34', 'John Earnest'),
(946, 187, 34, 72, '2003-06-12', NULL, '2003-05-26 15:53:45', 'Craig Johnson'),
(947, 335, 41, 107, '2003-07-20', ' Maggie Tseng verified that there were no arthropod specimens in the sample from trap 3. The Lepidoptera in trap 7 was a larva. Samples from trap 3 and trap 7 were both in water.', '2003-06-24 14:49:28', 'Kathleen Arola'),
(948, 335, 41, 107, '2003-07-20', NULL, '2003-06-24 14:51:03', 'Dwyer'),
(949, 335, 41, 107, '2003-07-20', ' Dry, dirt', '2003-06-24 14:51:35', 'Jen Freed'),
(950, 335, 41, 107, '2003-07-20', NULL, '2003-06-24 14:51:52', 'j. dole'),
(951, 335, 41, 107, '2003-07-20', ' Cup was filled with water when I collected the sample, so collection may have been less than normal.', '2003-06-24 14:55:23', 'Linda Heck'),
(952, 335, 41, 107, '2003-07-20', ' Dry Soil', '2003-06-24 14:55:50', 'Zaput'),
(953, 335, 41, 107, '2003-07-20', ' Wet soil', '2003-06-24 14:57:22', 'John Whitbeck'),
(954, 335, 41, 107, '2003-07-20', NULL, '2003-06-24 15:05:29', 'Brand'),
(955, 225, 53, 83, '2003-11-02', ' Entered by Sophi Beym, October 10 2003, CES@ASU', '2003-10-10 14:37:12', 'Mountain Ridge HS 3ed period Environmental Students'),
(956, 223, 54, 81, '2003-11-03', ' Data entered by Sophi Beym @ CES on October 15 2003', '2003-10-15 10:32:58', 'J. Freed'),
(957, 223, 54, 81, '2003-11-03', ' Data entered by Sophi Beym @ CES on October 15 2003', '2003-10-15 10:49:56', 'J. Freed'),
(958, 225, 53, 83, '2003-11-03', ' Data entered by Sophi Beym on October 16 2003 @ CES', '2003-10-16 14:54:41', 'J. Freed'),
(959, 173, 55, 58, '2003-11-06', NULL, '2003-10-27 12:12:12', 'JOHN DOLE'),
(960, 314, 56, 95, '2003-11-06', ' none', '2003-10-31 12:09:19', 'Mr. Dole'),
(961, 314, 56, 95, '2003-11-06', ' none', '2003-10-31 12:12:02', 'Mr. Dole'),
(962, 142, 43, 25, '2003-09-25', NULL, '2003-11-06 17:54:41', 'Bob'),
(963, 142, 43, 25, '2003-09-25', NULL, '2003-11-06 17:55:55', 'Jade Freitag'),
(964, 142, 43, 25, '2003-09-25', NULL, '2003-11-06 17:57:08', 'Brian Eslinger'),
(965, 142, 43, 25, '2003-09-25', NULL, '2003-11-06 17:59:09', 'Cory Sanchez'),
(966, 142, 43, 25, '2003-09-25', NULL, '2003-11-06 18:02:33', 'Hannah Hopp'),
(967, 142, 43, 25, '2003-09-25', NULL, '2003-11-06 18:04:40', 'Sierra Abbott'),
(968, 142, 43, 25, '2003-09-25', NULL, '2003-11-06 18:07:16', 'Naji Warrayat'),
(969, 142, 43, 25, '2003-09-25', NULL, '2003-11-06 18:08:36', 'Andrew Garcia'),
(970, 142, 43, 25, '2003-09-25', NULL, '2003-11-06 18:09:50', 'Laura Lopez'),
(971, 142, 43, 25, '2003-09-25', NULL, '2003-11-06 18:11:24', 'Chris Reeves'),
(972, 186, 23, 67, '2003-09-25', NULL, '2003-11-06 18:17:45', 'Dailon Dabney'),
(973, 186, 23, 67, '2003-09-25', NULL, '2003-11-06 18:19:34', 'KT Jackson'),
(974, 186, 23, 67, '2003-09-25', NULL, '2003-11-06 18:20:49', 'Rita Garcia'),
(975, 186, 23, 67, '2003-09-25', NULL, '2003-11-06 18:22:12', 'Ashley Maas'),
(976, 186, 23, 67, '2003-09-25', NULL, '2003-11-06 18:24:25', 'Jake Carpenter'),
(977, 186, 23, 67, '2003-09-25', NULL, '2003-11-06 18:27:24', 'Keith Voytek'),
(978, 186, 23, 67, '2003-09-25', NULL, '2003-11-06 18:29:01', 'Anthony Gonzales'),
(979, 186, 23, 67, '2003-09-25', NULL, '2003-11-06 18:30:25', 'Robert Bencomo'),
(980, 186, 23, 67, '2003-09-25', NULL, '2003-11-06 18:31:38', 'Chris Presler'),
(981, 186, 23, 67, '2003-09-25', NULL, '2003-11-06 18:32:59', 'Katie Messer'),
(982, 160, 20, 57, '2003-09-25', NULL, '2003-11-06 19:38:56', 'Forbes Ross'),
(983, 160, 20, 57, '2003-09-25', NULL, '2003-11-06 19:42:23', 'Theresa Emerson'),
(984, 160, 20, 57, '2003-09-25', NULL, '2003-11-06 19:43:55', 'Sarah Shrein'),
(985, 160, 20, 57, '2003-09-25', NULL, '2003-11-06 19:45:59', 'Crystal Work'),
(986, 160, 20, 57, '2003-09-25', NULL, '2003-11-06 19:49:11', 'Derek Montiel'),
(987, 142, 43, 25, '2003-10-22', NULL, '2003-11-06 19:51:55', 'Preston Carico'),
(988, 142, 43, 25, '2003-10-22', NULL, '2003-11-06 19:53:43', 'Jade Feitag'),
(989, 142, 43, 25, '2003-10-22', NULL, '2003-11-06 19:55:05', 'Rik Chacon'),
(990, 142, 43, 25, '2003-10-22', NULL, '2003-11-06 19:57:07', 'Cory Sanchez'),
(991, 142, 43, 25, '2003-10-22', NULL, '2003-11-06 19:58:57', 'Crystal Dunlap'),
(992, 142, 43, 25, '2003-10-22', NULL, '2003-11-06 20:11:07', 'Fred'),
(993, 142, 43, 25, '2003-10-22', NULL, '2003-11-06 20:16:41', 'Naji Warrayat'),
(994, 142, 43, 25, '2003-10-22', NULL, '2003-11-06 20:21:44', 'Andrew Garcia'),
(995, 142, 43, 25, '2003-10-22', NULL, '2003-11-06 20:23:35', 'Jennifer Untalan '),
(996, 186, 20, 67, '2003-10-22', NULL, '2003-11-06 20:38:39', 'John Kondziolka'),
(997, 186, 20, 67, '2003-10-22', NULL, '2003-11-06 20:41:22', 'Geneva Pellertio'),
(998, 186, 20, 67, '2003-10-22', NULL, '2003-11-06 20:42:55', 'Rita Garcia'),
(999, 186, 23, 67, '2003-10-22', NULL, '2003-11-06 21:52:09', 'Ahsley Maas'),
(1000, 186, 23, 67, '2003-10-22', NULL, '2003-11-06 21:54:16', 'Austin Alopogianis'),
(1001, 186, 23, 67, '2003-10-22', NULL, '2003-11-06 21:56:23', 'Keith Voytek'),
(1002, 186, 23, 67, '2003-10-22', NULL, '2003-11-06 21:57:36', 'Josh Brindley'),
(1003, 186, 23, 67, '2003-10-22', NULL, '2003-11-06 21:59:32', 'Chris Santos'),
(1004, 186, 23, 67, '2003-10-22', NULL, '2003-11-06 22:01:22', 'Katie Messer'),
(1005, 160, 34, 57, '2003-10-22', NULL, '2003-11-06 22:03:53', 'Nicole Clevenger'),
(1006, 160, 34, 57, '2003-10-22', NULL, '2003-11-06 22:05:54', 'Cody Bemis'),
(1007, 160, 34, 57, '2003-10-22', NULL, '2003-11-06 22:07:48', 'Chase Pierson'),
(1008, 160, 34, 57, '2003-10-22', NULL, '2003-11-06 22:09:14', 'Lauren Roebuck'),
(1009, 160, 34, 57, '2003-10-22', NULL, '2003-11-06 22:10:45', 'Karileigh Colliver'),
(1010, 160, 34, 57, '2003-10-22', NULL, '2003-11-06 22:12:43', 'Gabbi Ornelas'),
(1011, 160, 34, 57, '2003-10-22', NULL, '2003-11-06 22:14:09', 'Ian Marvich'),
(1012, 160, 34, 57, '2003-10-22', NULL, '2003-11-06 22:16:09', 'samantha Habetler'),
(1013, 160, 34, 57, '2003-10-22', NULL, '2003-11-06 22:17:41', 'Tyler Terry'),
(1014, 160, 43, 57, '2003-12-24', NULL, '2003-11-25 11:51:24', 'Michael Brown'),
(1015, 319, 57, 97, '2003-12-25', ' 20 students are in this ecology club working together. They were in awe of the activity.', '2003-11-25 18:48:37', 'Ashley'),
(1016, 319, 57, 97, '2003-12-24', NULL, '2003-11-25 18:49:45', 'Jerry'),
(1017, 319, 57, 97, '2003-12-25', NULL, '2003-11-25 18:51:25', 'George'),
(1018, 319, 57, 97, '2003-12-25', NULL, '2003-11-25 18:52:42', 'Riley'),
(1019, 319, 57, 97, '2003-12-25', NULL, '2003-11-25 18:54:17', 'LaBresia'),
(1020, 319, 57, 97, '2003-12-25', NULL, '2003-11-25 18:55:03', 'Amber'),
(1021, 319, 57, 97, '2003-12-25', NULL, '2003-11-25 18:57:04', 'Randy'),
(1022, 319, 57, 97, '2003-12-24', NULL, '2003-11-25 18:58:28', 'Doug'),
(1023, 319, 57, 97, '2003-12-24', NULL, '2003-11-25 18:59:13', 'Rosie'),
(1024, 319, 57, 97, '2003-12-24', NULL, '2003-11-25 19:01:23', 'Johnathon'),
(1025, 142, 43, 25, '2003-12-25', NULL, '2003-12-15 19:00:01', 'Michael Brown'),
(1026, 142, 43, 25, '2003-12-26', NULL, '2003-12-15 19:01:39', 'Jade Freitag'),
(1027, 142, 43, 25, '2003-12-24', NULL, '2003-12-15 19:03:49', 'Pat Wolf'),
(1028, 142, 43, 25, '2003-12-24', NULL, '2003-12-15 19:05:46', 'Cory Sanchez'),
(1029, 142, 43, 25, '2003-12-24', NULL, '2003-12-15 19:06:54', 'Hannah Hopp'),
(1030, 142, 43, 25, '2003-12-24', NULL, '2003-12-15 19:12:09', 'Sierra Abbott'),
(1031, 142, 43, 25, '2003-12-24', NULL, '2003-12-15 19:14:02', 'Theo Untalan'),
(1032, 142, 43, 25, '2003-12-24', NULL, '2003-12-15 19:15:17', 'Andrew Garcia'),
(1033, 142, 43, 25, '2003-12-24', NULL, '2003-12-15 19:17:22', 'Jenny Untalan'),
(1034, 142, 43, 25, '2003-12-24', NULL, '2003-12-15 19:19:08', 'Chris Reeves'),
(1035, 186, 31, 68, '2003-12-24', NULL, '2003-12-15 19:25:47', 'Dailon Dabney'),
(1036, 186, 31, 68, '2003-12-24', NULL, '2003-12-15 19:27:10', 'Krysta Frost'),
(1037, 186, 31, 68, '2003-12-24', NULL, '2003-12-15 19:28:16', 'Rita Garcia'),
(1038, 186, 31, 68, '2003-12-24', NULL, '2003-12-15 19:29:16', 'Ashley Maas'),
(1039, 186, 31, 68, '2003-12-24', NULL, '2003-12-15 19:30:21', 'Autis Alopogianus'),
(1040, 186, 31, 68, '2003-12-24', NULL, '2003-12-15 19:31:35', 'Keith Voytek'),
(1041, 186, 31, 68, '2003-12-24', NULL, '2003-12-15 19:32:40', 'Stephen Gonzales'),
(1042, 186, 31, 68, '2003-12-24', NULL, '2003-12-15 19:33:46', 'Chris Santos'),
(1043, 186, 31, 68, '2003-12-24', NULL, '2003-12-15 19:34:55', 'Jordan Visina'),
(1044, 186, 31, 68, '2003-12-24', NULL, '2003-12-15 19:35:48', 'Katie Messer'),
(1045, 160, 20, 57, '2003-12-24', NULL, '2003-12-15 19:36:45', 'Frank Ferrer'),
(1046, 160, 20, 57, '2003-12-24', NULL, '2003-12-15 19:37:36', 'Crystal Work'),
(1047, 160, 20, 57, '2003-12-24', NULL, '2003-12-15 19:38:29', 'Cody Quinlan'),
(1048, 160, 20, 57, '2003-12-24', NULL, '2003-12-15 19:39:18', 'Nick Bryant'),
(1049, 160, 20, 57, '2003-12-24', NULL, '2003-12-15 19:40:34', 'Sara Morgan'),
(1050, 142, 43, 25, '2004-01-08', NULL, '2003-12-15 19:42:09', 'Michael Hoopes'),
(1051, 142, 43, 25, '2004-01-08', NULL, '2003-12-15 19:43:06', 'Jade Freitag'),
(1052, 142, 43, 25, '2004-01-08', NULL, '2003-12-15 19:44:15', 'Brian Eslinger'),
(1053, 142, 43, 25, '2004-01-08', NULL, '2003-12-15 19:45:31', 'Kyle Schmitt'),
(1054, 142, 43, 25, '2004-01-08', NULL, '2003-12-15 19:51:52', 'Hannah Hopp'),
(1055, 142, 43, 25, '2004-01-08', NULL, '2003-12-15 19:52:53', 'Nicole Turner'),
(1056, 142, 43, 25, '2004-01-08', NULL, '2003-12-15 19:53:51', 'Theo Untalan'),
(1057, 142, 43, 25, '2004-01-08', NULL, '2003-12-15 19:54:39', 'Andrew Garcia'),
(1058, 142, 43, 25, '2004-01-08', NULL, '2003-12-15 19:56:08', 'Laura Lopez'),
(1059, 142, 43, 25, '2004-01-08', NULL, '2003-12-15 19:56:44', 'Chris Reeves'),
(1060, 186, 31, 68, '2004-01-08', NULL, '2003-12-15 19:58:36', 'John Kondziolka'),
(1061, 186, 31, 68, '2004-01-08', ' Solpugid 1.8cm long!', '2003-12-15 20:06:47', 'Geneva Pellerito'),
(1062, 186, 31, 68, '2004-01-08', NULL, '2003-12-15 20:07:54', 'Lesina Leha'),
(1063, 186, 31, 68, '2004-01-08', NULL, '2003-12-15 20:09:17', 'Ashley Maas'),
(1064, 186, 31, 68, '2004-01-08', NULL, '2003-12-15 21:06:15', 'Jake Carpenter'),
(1065, 186, 31, 68, '2004-01-08', NULL, '2003-12-15 21:07:14', 'kevin Weingartner'),
(1066, 186, 31, 68, '2004-01-08', NULL, '2003-12-15 21:08:20', 'Anthony Gonzales'),
(1067, 186, 31, 68, '2004-01-08', NULL, '2003-12-15 21:09:34', 'Andy Vasquez'),
(1068, 186, 31, 68, '2004-01-08', NULL, '2003-12-15 21:19:19', 'Jordan Visina'),
(1069, 186, 31, 68, '2004-01-08', NULL, '2003-12-15 21:26:18', 'Katie Messer'),
(1070, 160, 20, 57, '2004-01-08', NULL, '2003-12-15 21:27:54', 'Tesleah Cromwell'),
(1071, 160, 20, 57, '2004-01-08', NULL, '2003-12-15 21:29:11', 'Gus Chaydez'),
(1072, 160, 20, 57, '2004-01-08', NULL, '2003-12-15 21:30:24', 'Jeremy Schultz'),
(1073, 160, 20, 57, '2004-01-08', NULL, '2003-12-15 21:31:25', 'Chris Dellrie'),
(1074, 160, 20, 57, '2004-01-08', NULL, '2003-12-15 21:32:24', 'Tyler Langstaff'),
(1075, 160, 20, 57, '2004-01-08', NULL, '2003-12-15 21:33:35', 'Sarah Shrein'),
(1076, 160, 20, 57, '2004-01-08', NULL, '2003-12-15 21:35:12', 'Crystal Work'),
(1077, 160, 20, 57, '2004-01-08', NULL, '2003-12-15 21:36:28', 'Derek Montiel'),
(1078, 160, 20, 57, '2004-01-08', NULL, '2003-12-15 21:37:59', 'Nick Bryant'),
(1079, 160, 20, 57, '2004-01-08', NULL, '2003-12-15 21:39:13', 'Sara Morgan'),
(1080, 187, 34, 72, '2004-01-08', NULL, '2003-12-15 21:41:52', 'Nikki Avenibas'),
(1081, 187, 34, 72, '2004-01-08', NULL, '2003-12-15 21:43:10', 'Anthony Whitlatch'),
(1082, 187, 34, 72, '2004-01-08', NULL, '2003-12-15 21:44:17', 'Chase Pierson'),
(1083, 187, 34, 72, '2004-01-08', NULL, '2003-12-15 21:45:33', 'Mr. Langstaff'),
(1084, 187, 34, 72, '2004-01-08', NULL, '2003-12-15 21:46:40', 'Danny Bush'),
(1085, 187, 34, 72, '2004-01-08', NULL, '2003-12-15 21:47:42', 'Gabbi Ornelas'),
(1086, 187, 34, 72, '2004-01-08', NULL, '2003-12-15 21:49:04', 'Ian Marvich'),
(1087, 187, 34, 72, '2004-01-08', NULL, '2003-12-15 21:50:32', 'Natalie Wegener'),
(1088, 187, 34, 72, '2004-01-08', NULL, '2003-12-15 21:53:05', 'Samantha Habetler'),
(1089, 187, 34, 72, '2004-01-08', NULL, '2003-12-15 21:54:02', 'Jordan Arneson'),
(1090, 187, 34, 72, '2003-12-04', NULL, '2003-12-16 21:51:13', 'Nicole Clevenger'),
(1091, 187, 34, 72, '2003-12-04', NULL, '2003-12-16 21:52:23', 'Jordan Arneson'),
(1092, 142, 43, 25, '2003-11-28', NULL, '2003-12-17 12:12:51', 'Michael Brown'),
(1093, 142, 43, 25, '2003-11-28', NULL, '2003-12-17 12:18:31', 'Jade Freitag'),
(1094, 142, 43, 25, '2003-11-28', NULL, '2003-12-17 12:20:22', 'Pat Wolf'),
(1095, 142, 43, 25, '2003-11-28', NULL, '2003-12-17 12:22:33', 'Cory Sanchez'),
(1096, 142, 43, 25, '2003-11-28', NULL, '2003-12-17 12:25:04', 'Hannah Hopp'),
(1097, 142, 43, 25, '2003-11-28', NULL, '2003-12-17 19:43:50', 'Brittany Cannoon'),
(1098, 142, 43, 25, '2003-11-28', NULL, '2003-12-17 19:46:07', 'Theo Untalan'),
(1099, 142, 43, 25, '2003-11-28', NULL, '2003-12-17 19:47:18', 'Thomas Hugill'),
(1100, 142, 43, 25, '2003-11-28', NULL, '2003-12-17 19:49:28', 'Jenny Untalan'),
(1101, 142, 43, 25, '2003-11-28', NULL, '2003-12-17 20:03:04', 'David Mason'),
(1102, 186, 31, 68, '2003-11-28', NULL, '2004-01-03 12:51:37', 'DailonDabney'),
(1103, 186, 31, 68, '2003-11-28', NULL, '2004-01-03 14:38:47', 'Krysta Frost'),
(1104, 186, 31, 68, '2003-11-28', NULL, '2004-01-03 14:39:54', 'Lesina Leha'),
(1105, 186, 31, 68, '2003-11-28', NULL, '2004-01-03 14:40:56', 'Ashley Maas'),
(1106, 186, 31, 68, '2003-11-28', NULL, '2004-01-03 14:41:49', 'Tim Batt'),
(1107, 186, 31, 68, '2003-11-28', NULL, '2004-01-03 14:43:17', 'Keith Voytek'),
(1108, 186, 31, 68, '2003-11-28', NULL, '2004-01-03 14:44:10', 'Josh Brindley'),
(1109, 186, 31, 68, '2003-11-28', NULL, '2004-01-03 14:45:38', 'Chris Santos'),
(1110, 186, 31, 68, '2003-11-28', NULL, '2004-01-03 14:46:23', 'Chris Presler'),
(1111, 186, 31, 68, '2003-11-28', NULL, '2004-01-03 14:47:15', 'Brittany Kemmish'),
(1112, 160, 20, 57, '2003-11-28', NULL, '2004-01-03 14:53:35', 'Tesleah Cromwell'),
(1113, 160, 20, 57, '2003-11-28', NULL, '2004-01-03 14:54:48', 'Andrew Sanchez'),
(1114, 160, 20, 57, '2003-11-28', NULL, '2004-01-03 14:55:55', 'Chris Laney'),
(1115, 160, 20, 57, '2003-11-28', NULL, '2004-01-03 14:58:22', 'Frank Ferrer'),
(1116, 160, 20, 57, '2003-11-28', NULL, '2004-01-03 15:00:04', 'Theresa Emerson'),
(1117, 160, 20, 57, '2003-11-28', NULL, '2004-01-03 15:01:23', 'Sarah Shrein'),
(1118, 160, 20, 57, '2003-11-28', NULL, '2004-01-03 15:02:38', 'Jenna Rios'),
(1119, 160, 20, 57, '2003-11-28', NULL, '2004-01-03 15:04:32', 'Cody Quinlan'),
(1120, 160, 20, 57, '2003-11-28', NULL, '2004-01-03 15:06:26', 'Nick Bryant'),
(1121, 160, 20, 57, '2003-11-28', NULL, '2004-01-03 15:07:48', 'Alyssha Nelson'),
(1122, 187, 34, 72, '2003-11-28', NULL, '2004-01-03 15:14:27', 'Nicole Clevenger'),
(1123, 187, 34, 72, '2003-11-28', NULL, '2004-01-03 15:16:41', 'Cody Bemis'),
(1124, 187, 34, 72, '2003-11-28', NULL, '2004-01-03 15:17:47', 'Nathan Yu'),
(1125, 187, 34, 72, '2003-11-28', NULL, '2004-01-03 15:18:54', 'Laura Steen'),
(1126, 187, 34, 72, '2003-11-28', NULL, '2004-01-03 15:21:08', 'Danny Bush'),
(1127, 187, 34, 72, '2003-11-28', NULL, '2004-01-03 15:22:14', 'Gabbi Ornelas'),
(1128, 187, 34, 72, '2003-11-28', NULL, '2004-01-03 15:23:05', 'Damien Cordova'),
(1129, 187, 34, 72, '2003-11-28', NULL, '2004-01-03 15:24:11', 'Elizabeth westbrook'),
(1130, 187, 34, 72, '2003-11-28', NULL, '2004-01-03 15:25:40', 'Michaela Senechal'),
(1131, 187, 34, 72, '2003-11-28', NULL, '2004-01-03 15:26:49', 'Jordan Arneson'),
(1132, 187, 34, 72, '2003-12-24', NULL, '2004-01-06 07:14:01', 'Mr Langstaff'),
(1133, 187, 34, 72, '2003-12-24', NULL, '2004-01-06 07:14:57', 'Mr. Langstaff'),
(1134, 118, 45, 21, '2004-01-14', ' I had a small amount of insects in my trap.', '2004-01-13 10:57:55', 'Taylor Clifton'),
(1135, 118, 45, 21, '2004-01-14', ' IT HAD A STICK BY IT.', '2004-01-13 11:00:21', 'STEFAN CLARKE'),
(1136, 118, 45, 21, '2004-01-14', ' There were no plants near my area.', '2004-01-13 11:06:02', 'Zachary'),
(1137, 118, 45, 21, '2004-01-14', ' My trap has two rocks around it. It also has a lot of weeds around it.', '2004-01-13 11:12:06', 'Jaclyn Aker'),
(1138, 118, 45, 21, '2004-01-14', ' I have a big thornbush and a little brown bush by my trap.I have alot of dirt and I have a little bit of rocks by my trap also.', '2004-01-13 11:20:23', 'Malaika Davis'),
(1139, 118, 45, 21, '2004-01-14', ' I found no insects.', '2004-01-13 11:24:32', 'DEVON FULLER'),
(1140, 118, 45, 21, '2004-01-14', ' My trap had an erosion around it.It also had tumbleweeds around it,and a tall rock,and some white cloth.', '2004-01-20 13:17:21', 'Caleb Servais'),
(1141, 118, 45, 21, '2004-01-14', NULL, '2004-01-20 13:20:21', 'Jordan Legrand                     '),
(1142, 118, 45, 21, '2004-01-14', ' My trap had a lot of bushes around it.There were a few rocks around it too.', '2004-01-20 13:22:54', 'DALTON SMITH '),
(1143, 142, 43, 25, '2004-03-03', NULL, '2004-02-22 08:36:14', 'Rebecca Bever'),
(1144, 142, 43, 25, '2004-03-03', NULL, '2004-02-22 08:37:23', 'Sharlee Heath'),
(1145, 142, 43, 25, '2008-03-03', NULL, '2004-02-22 08:38:52', 'Jared Lambert'),
(1146, 142, 43, 25, '2004-03-03', NULL, '2004-02-22 08:40:01', 'Kaide LaMonica'),
(1147, 160, 20, 57, '2003-02-13', NULL, '2004-03-06 18:57:56', 'Ashley Beck'),
(1148, 160, 20, 57, '2003-02-13', NULL, '2004-03-06 18:59:50', 'Rachel Prentice'),
(1149, 142, 43, 25, '2003-03-03', NULL, '2004-03-06 19:06:15', 'Mandy Clabaugh'),
(1150, 142, 43, 25, '2003-03-03', NULL, '2004-03-06 19:08:06', 'Joradn Winkler'),
(1151, 142, 43, 25, '2004-03-03', NULL, '2004-03-06 19:09:24', 'Candice Swanson'),
(1152, 142, 43, 25, '2004-03-03', NULL, '2004-03-06 19:10:48', 'Josh Fergusson'),
(1153, 142, 43, 25, '2004-03-03', NULL, '2004-03-06 19:12:44', 'Brandon Schollmeyer'),
(1154, 142, 43, 25, '2004-03-03', NULL, '2004-03-06 19:14:04', 'Jordan Snell'),
(1155, 186, 31, 68, '2004-03-03', NULL, '2004-03-06 19:16:23', 'Natasha Booth'),
(1156, 186, 31, 68, '2004-03-03', NULL, '2004-03-06 19:17:55', 'Brittney Milan'),
(1157, 186, 31, 68, '2004-03-03', NULL, '2004-03-06 19:21:23', 'Chris Grey'),
(1158, 186, 31, 68, '2004-03-03', NULL, '2004-03-06 19:25:16', 'Ernesto Ely'),
(1159, 186, 31, 68, '2004-03-03', NULL, '2004-03-06 19:26:40', 'travis Clement'),
(1160, 186, 31, 68, '2004-03-03', NULL, '2004-03-06 19:28:00', 'Lindsay Tucker'),
(1161, 186, 31, 68, '2004-03-03', NULL, '2004-03-06 19:29:50', 'Kylie Area'),
(1162, 186, 31, 68, '2004-03-03', NULL, '2004-03-06 19:31:42', 'Rachel Barney'),
(1163, 186, 31, 68, '2004-03-03', NULL, '2004-03-06 19:33:19', 'Jake Madril'),
(1164, 160, 20, 57, '2004-03-03', NULL, '2004-03-06 19:36:19', 'Tatiana Merino'),
(1165, 160, 20, 57, '2004-03-03', NULL, '2004-03-06 19:37:38', 'David henderson'),
(1166, 160, 20, 57, '2004-03-03', NULL, '2004-03-06 19:43:52', 'Anne Fields'),
(1167, 160, 20, 57, '2004-03-03', NULL, '2004-03-06 19:45:41', 'Anthony Gunn'),
(1168, 160, 20, 57, '2004-03-03', NULL, '2004-03-06 19:47:29', 'Taylor McCoy'),
(1169, 160, 20, 57, '2004-03-03', NULL, '2004-03-06 19:48:31', 'Randy Bower'),
(1170, 160, 20, 57, '2004-03-03', NULL, '2004-03-06 19:50:31', 'Mistry Jones'),
(1171, 160, 20, 57, '2004-03-02', NULL, '2004-03-06 19:52:04', 'Daniel  Helvie'),
(1172, 160, 20, 57, '2004-03-02', NULL, '2004-03-06 19:54:15', 'Tanner Farnsworth'),
(1173, 160, 20, 57, '2004-03-02', NULL, '2004-03-06 19:55:35', 'raquel Sanchez'),
(1174, 187, 34, 72, '2004-03-02', NULL, '2004-03-06 19:57:33', 'Leah thomas'),
(1175, 187, 34, 72, '2004-03-02', NULL, '2004-03-06 19:58:55', 'Monica Caywood'),
(1176, 187, 34, 72, '2004-03-02', NULL, '2004-03-06 19:59:54', 'Zack Flynn'),
(1177, 187, 34, 72, '2004-03-02', NULL, '2004-03-06 20:01:09', 'Mugo Odigwe'),
(1178, 187, 34, 72, '2004-03-02', NULL, '2004-03-06 20:02:27', 'Deven Peek'),
(1179, 187, 34, 72, '2004-03-02', NULL, '2004-03-06 20:03:44', 'Sammi Cope'),
(1180, 187, 34, 72, '2004-03-02', NULL, '2004-03-06 20:05:17', 'Tyler Fleck'),
(1181, 187, 34, 72, '2004-03-02', NULL, '2004-03-06 20:06:56', 'Michelle Molinar'),
(1182, 187, 34, 72, '2004-03-02', NULL, '2004-03-06 20:08:16', 'Nick Blackwell'),
(1183, 187, 34, 72, '2004-03-02', NULL, '2004-03-06 20:09:31', 'Jeff Miles'),
(1184, 142, 43, 25, '2004-04-01', NULL, '2004-03-28 15:27:52', 'Maria Lopez'),
(1185, 142, 43, 25, '2004-04-01', NULL, '2004-03-28 15:29:11', 'Sharlee Heath'),
(1186, 142, 43, 25, '2005-04-01', NULL, '2004-03-28 15:30:40', 'Jeanine McClain'),
(1187, 142, 43, 25, '2008-04-01', NULL, '2004-03-28 15:32:27', 'Fritzy Salazar'),
(1188, 142, 43, 25, '2004-04-01', NULL, '2004-03-28 15:33:33', 'Mandi Clabough'),
(1189, 142, 43, 25, '2004-04-01', NULL, '2004-03-28 15:35:20', 'Ashley Chan'),
(1190, 142, 43, 25, '2004-04-01', NULL, '2004-03-28 15:36:16', 'Candice Swanson'),
(1191, 142, 43, 25, '2004-04-01', NULL, '2004-03-28 15:37:19', 'Trenton Lewis'),
(1192, 142, 43, 25, '2004-04-01', NULL, '2004-03-28 15:38:12', 'Anthony Muscarello'),
(1193, 142, 43, 25, '2004-04-01', NULL, '2004-03-28 15:39:29', 'Max Berlin'),
(1194, 292, 66, 90, '2004-04-27', ' The site was grassy but rather dry at the time of the collection.', '2004-04-14 18:40:13', 'one'),
(1195, 292, 66, 90, '2004-04-27', NULL, '2004-04-14 18:58:05', 'J.Whitbeck'),
(1196, 320, 67, 98, '2004-05-12', NULL, '2004-04-19 07:43:31', 'Joey Remele, Larry Valencia, Steven Wolfe'),
(1197, 320, 67, 98, '2004-05-12', NULL, '2004-04-19 07:44:33', 'Yolanda, Bryce, and Brandie'),
(1198, 320, 67, 98, '2004-05-12', NULL, '2004-04-19 07:44:56', 'Elizabeth Sanford Megan Pehl Vicki Lombardo'),
(1199, 320, 67, 98, '2004-05-12', NULL, '2004-04-19 07:45:06', 'Liz Walker, Jill Griffin'),
(1200, 320, 67, 98, '2004-05-12', NULL, '2004-04-19 07:45:10', 'Erik Perez, Kyle Watzek, Ryan Quain'),
(1201, 320, 67, 98, '2004-05-19', NULL, '2004-04-19 07:46:40', 'Chris Bookman, Luis Mesquita'),
(1202, 320, 67, 98, '2004-05-19', NULL, '2004-04-19 07:46:47', 'Darik Carlisle & Cory McRae'),
(1203, 320, 67, 98, '2004-05-12', NULL, '2004-04-19 07:47:00', 'Cory McRae & Darik Carlisle'),
(1204, 320, 67, 98, '2004-05-12', NULL, '2004-04-19 07:47:01', 'Luis Mesquita    Chris Bookman'),
(1205, 320, 67, 98, '2004-05-12', NULL, '2004-04-19 07:47:25', 'CHRIS SARTAIN, ROBERT DIAZ'),
(1206, 320, 67, 98, '2004-05-12', NULL, '2004-04-19 07:47:28', 'Marc Major   Arthur Gomez'),
(1207, 320, 67, 98, '2004-05-12', NULL, '2004-04-19 07:48:47', 'Darik Carlisle & Cory McRae'),
(1208, 91, 68, 10, '2004-05-12', NULL, '2004-04-19 09:22:06', 'Megan McDade( Garrett) Jessica Jaensson'),
(1209, 91, 68, 10, '2004-05-12', NULL, '2004-04-19 09:27:32', 'Jesseca Bingham and Ashley Gaudette'),
(1210, 91, 68, 10, '2004-05-12', NULL, '2004-04-19 09:27:42', 'Scott Malloy& Tamara Parker'),
(1211, 91, 68, 10, '2004-05-12', NULL, '2004-04-19 09:28:31', 'Jenny Webb & Danielle Martinez'),
(1212, 91, 68, 10, '2004-05-12', NULL, '2004-04-19 09:28:57', 'Willie Velez and Emerson Nez '),
(1213, 91, 68, 10, '2004-05-12', NULL, '2004-04-19 09:29:51', 'Willie Velez and Emerson Nez '),
(1214, 91, 69, 10, '2004-05-15', NULL, '2004-04-20 11:04:09', 'Jake W. and Ashley O.'),
(1215, 91, 69, 10, '2004-05-15', NULL, '2004-04-20 11:04:53', 'Nate & Kristal'),
(1216, 91, 69, 10, '2004-05-15', NULL, '2004-04-20 11:05:13', 'Erica and Katy'),
(1217, 91, 69, 10, '2004-05-15', NULL, '2004-04-20 11:05:25', 'Ashley De Marte-Michael Marin'),
(1218, 91, 69, 10, '2004-05-15', NULL, '2004-04-20 11:05:29', '*Kayla B. & Heather B.*'),
(1219, 91, 69, 10, '2004-05-15', NULL, '2004-04-20 11:05:37', 'Daniel G. Michael M.'),
(1220, 91, 69, 10, '2004-05-15', NULL, '2004-04-20 11:05:46', 'LATONDA VELER & JACKIE TURNER'),
(1221, 91, 69, 10, '2004-05-15', NULL, '2004-04-20 11:06:35', 'Claudia and Melody'),
(1222, 91, 69, 10, '2004-05-15', NULL, '2004-04-20 11:07:24', 'Austin and Julian'),
(1223, 91, 69, 10, '2004-05-15', NULL, '2004-04-20 11:07:37', 'DANIEL ,VANCE,RICHARD,ROB'),
(1224, 91, 69, 10, '2004-05-15', NULL, '2004-04-20 11:08:12', 'Nate & Kristal'),
(1225, 91, 69, 10, '2004-05-15', NULL, '2004-04-20 11:14:26', 'Pete and Bobby'),
(1226, 91, 69, 10, '2004-05-15', NULL, '2004-04-20 11:18:03', 'Jett Thompson and Brian Rossow'),
(1227, 142, 43, 25, '2004-05-19', NULL, '2004-04-26 21:10:53', 'Rebecca Bever'),
(1228, 142, 43, 27, '2004-05-19', NULL, '2004-04-26 22:24:44', 'Sharlee Heath'),
(1229, 142, 43, 27, '2004-05-19', NULL, '2004-04-26 22:26:04', 'Jared Lambert'),
(1230, 142, 43, 27, '2004-05-19', NULL, '2004-04-26 22:27:48', 'Kaede Lamonica'),
(1231, 142, 43, 27, '2004-05-19', NULL, '2004-04-26 22:29:10', 'Stephen Murphy'),
(1232, 142, 43, 27, '2004-05-19', NULL, '2004-04-26 22:30:26', 'Ashley Chan'),
(1233, 142, 43, 27, '2004-05-19', NULL, '2004-04-26 22:31:46', 'Candice Swanson'),
(1234, 142, 43, 27, '2004-05-19', NULL, '2004-04-26 22:33:38', 'Mr. Langstaff'),
(1235, 142, 43, 27, '2004-05-19', NULL, '2004-04-26 22:34:35', 'Mr. Langstaff'),
(1236, 142, 43, 27, '2004-05-19', NULL, '2004-04-26 22:36:11', 'Max Berlin'),
(1237, 186, 23, 68, '2004-05-19', NULL, '2004-04-27 06:47:41', 'Natasha Brown'),
(1238, 186, 23, 69, '2004-05-19', NULL, '2004-04-27 06:50:13', 'Austin Jardine'),
(1239, 186, 23, 69, '2004-05-19', NULL, '2004-04-27 06:51:53', 'Paul Mehler'),
(1240, 186, 23, 69, '2004-05-19', NULL, '2004-04-27 06:54:10', 'Ernesto Ely');
INSERT INTO `arthro_samples` (`id`, `site_id`, `teachers_class_id`, `habitat_id`, `collection_date`, `comments`, `date_entered`, `observer`) VALUES
(1241, 335, 41, 107, '2004-08-16', NULL, '2004-07-20 13:53:06', 'Amy Acosta'),
(1242, 335, 41, 107, '2004-08-16', NULL, '2004-07-20 13:56:53', 'Jerky Boys'),
(1243, 335, 41, 107, '2004-08-16', NULL, '2004-07-20 13:57:33', 'Rob Mattiginko'),
(1244, 297, 73, 92, '2004-09-13', ' under construction', '2004-09-23 19:29:56', 'Walsvik'),
(1245, 297, 73, 92, '2004-09-13', ' under construction', '2004-09-23 19:31:41', 'Walsvik'),
(1246, 297, 73, 92, '2004-09-13', ' Under construction', '2004-09-23 19:34:13', 'Walsvik'),
(1247, 156, 76, 46, '2004-09-22', ' collection site is gravel, shrub, and desert landscaping in front of main student drop off site on north side of flagpole', '2004-09-30 12:19:11', 'john dole'),
(1248, 396, 77, 126, '2004-09-30', ' Pit Fall trap #1 was taken, so I have no data for trap #1. We had low powered compound microscopes that were old, and the students were not real successful using them. It was difficult to see through the lense. We used small hand lenses also.', '2004-10-15 07:49:36', 'Group 2'),
(1249, 297, 73, 92, '2004-10-18', NULL, '2004-11-21 17:44:27', 'Walsvik'),
(1250, 142, 31, 27, '2004-03-01', NULL, '2004-12-13 21:08:54', 'Jared Lambert'),
(1251, 142, 31, 27, '2004-03-01', NULL, '2004-12-13 21:13:13', 'KAEDE LAMONICA'),
(1252, 297, 73, 92, '2005-01-24', NULL, '2005-01-27 15:37:51', 'Mrs. Walsvik'),
(1253, 186, 23, 69, '2004-03-01', NULL, '2005-02-09 15:57:27', 'Ashly Nikirk'),
(1254, 186, 23, 69, '2004-03-01', NULL, '2005-02-09 15:58:58', 'Austin'),
(1255, 186, 23, 69, '2004-03-01', NULL, '2005-02-09 16:00:19', 'Cris Grey'),
(1256, 186, 23, 69, '2004-03-01', NULL, '2005-02-09 16:01:23', 'Derek'),
(1257, 186, 23, 69, '2004-03-01', NULL, '2005-02-09 16:02:23', 'Travis Clement'),
(1258, 186, 23, 69, '2004-03-01', NULL, '2005-02-09 16:03:43', 'Lindsay Tucker'),
(1259, 186, 23, 69, '2004-03-01', NULL, '2005-02-09 16:04:50', 'Shirley Quilcat'),
(1260, 186, 23, 69, '2004-03-01', NULL, '2005-02-09 16:05:50', 'Taylor F'),
(1261, 186, 23, 69, '2004-03-01', NULL, '2005-02-09 16:07:23', 'Rachel barney'),
(1262, 186, 23, 69, '2004-03-01', NULL, '2005-02-09 16:08:23', 'Ali'),
(1263, 142, 44, 27, '2003-05-12', NULL, '2005-02-10 15:47:48', 'mYLES'),
(1264, 142, 44, 27, '2003-05-12', NULL, '2005-02-10 15:49:00', 'Michael'),
(1265, 142, 44, 27, '2003-05-12', NULL, '2005-02-10 15:50:03', 'Jon Garcia'),
(1266, 142, 44, 27, '2003-05-12', NULL, '2005-02-10 15:50:35', 'Danna'),
(1267, 142, 44, 27, '2003-05-12', NULL, '2005-02-10 15:53:16', 'Brittany Dickerson'),
(1268, 142, 44, 27, '2003-05-12', NULL, '2005-02-10 15:54:01', 'Patrick'),
(1269, 186, 24, 69, '2003-05-12', NULL, '2005-02-10 15:55:25', 'Joshua'),
(1270, 186, 43, 69, '2003-05-12', NULL, '2005-02-10 15:55:37', 'Phillip'),
(1271, 142, 44, 27, '2003-05-12', NULL, '2005-02-10 15:56:17', 'Desiree Fushino'),
(1272, 186, 43, 69, '2003-05-12', NULL, '2005-02-10 15:58:41', 'Erica'),
(1273, 186, 44, 69, '2003-05-12', NULL, '2005-02-10 15:59:31', 'Mario Macias'),
(1274, 186, 43, 69, '2003-05-12', NULL, '2005-02-10 16:00:59', 'Kyle'),
(1275, 186, 43, 69, '2003-05-12', NULL, '2005-02-10 16:02:05', 'Samie'),
(1276, 186, 43, 69, '2003-05-12', NULL, '2005-02-10 16:03:22', 'Sami'),
(1277, 186, 44, 69, '2003-05-12', NULL, '2005-02-10 16:04:18', 'Cerilia Mareinko'),
(1278, 186, 43, 69, '2003-05-12', NULL, '2005-02-10 16:05:43', 'Nikki'),
(1279, 160, 20, 57, '2004-03-01', NULL, '2005-02-10 16:06:49', 'mani'),
(1280, 160, 20, 57, '2004-03-01', NULL, '2005-02-10 16:08:01', 'Anthony'),
(1281, 142, 43, 27, '2004-03-01', NULL, '2005-02-10 16:08:34', 'David Henderson'),
(1282, 160, 20, 57, '2004-03-01', NULL, '2005-02-10 16:09:15', 'Sami'),
(1283, 160, 20, 57, '2004-03-01', NULL, '2005-02-10 16:09:46', 'Wendy'),
(1284, 160, 20, 57, '2004-03-01', NULL, '2005-02-10 16:12:19', 'Caitlin'),
(1285, 160, 20, 57, '2004-03-01', NULL, '2005-02-10 16:13:05', 'Callie'),
(1286, 160, 20, 57, '2004-03-01', NULL, '2005-02-10 16:13:23', 'Kim'),
(1287, 160, 20, 57, '2004-03-01', NULL, '2005-02-10 16:13:34', 'Jackie'),
(1288, 160, 20, 57, '2004-03-01', NULL, '2005-02-10 16:15:44', 'Tanner'),
(1289, 187, 34, 72, '2004-03-01', NULL, '2005-02-10 16:17:14', 'melanie'),
(1290, 6, 20, 4, '2004-03-01', NULL, '2005-02-10 16:18:14', 'Monica'),
(1291, 187, 34, 72, '2004-03-01', NULL, '2005-02-10 16:19:37', 'Courtney Schober'),
(1292, 6, 34, 4, '2004-03-01', NULL, '2005-02-22 15:50:25', 'Mugo'),
(1293, 6, 34, 4, '2004-03-01', NULL, '2005-02-22 15:50:27', 'Brittany'),
(1294, 6, 34, 4, '2004-03-01', NULL, '2005-02-22 15:52:58', 'Tyler'),
(1295, 6, 34, 4, '2004-03-01', NULL, '2005-02-22 15:53:57', 'Sammi'),
(1296, 6, 34, 4, '2004-03-01', NULL, '2005-02-22 15:55:07', 'Michelle'),
(1297, 6, 34, 4, '2004-03-01', NULL, '2005-02-22 15:56:29', 'Corey'),
(1298, 6, 34, 4, '2004-03-01', NULL, '2005-02-22 15:56:39', 'Nick'),
(1299, 186, 24, 69, '2004-03-01', NULL, '2005-02-22 15:59:37', 'Brittney'),
(1300, 186, 24, 69, '2004-03-01', NULL, '2005-02-22 16:01:11', 'Chris'),
(1301, 6, 30, 4, '2004-03-01', NULL, '2005-02-22 16:01:39', 'Ashley'),
(1302, 186, 24, 69, '2004-03-01', NULL, '2005-02-22 16:02:51', 'Derik'),
(1303, 186, 24, 69, '2004-03-01', NULL, '2005-02-22 16:04:22', 'Lindsay'),
(1304, 186, 23, 69, '2004-03-01', NULL, '2005-02-22 16:04:36', 'Lucia'),
(1305, 186, 24, 69, '2004-03-01', NULL, '2005-02-22 16:05:30', 'Brandon'),
(1306, 186, 24, 69, '2004-03-01', NULL, '2005-02-22 16:06:44', 'Ali'),
(1307, 186, 23, 69, '2004-03-01', NULL, '2005-02-22 16:07:22', 'Taylor'),
(1308, 186, 24, 69, '2004-03-01', NULL, '2005-02-22 16:09:16', 'Rachel'),
(1309, 186, 24, 69, '2004-03-01', NULL, '2005-02-22 16:09:16', 'Rachel'),
(1310, 142, 43, 27, '2004-05-03', NULL, '2005-05-09 15:55:03', 'Maria'),
(1311, 142, 43, 27, '2004-05-03', NULL, '2005-05-09 15:55:17', 'Jennifer'),
(1312, 142, 43, 27, '2004-05-03', NULL, '2005-05-09 15:55:59', 'genny'),
(1313, 142, 43, 27, '2004-05-03', NULL, '2005-05-09 15:57:27', 'Jim'),
(1314, 142, 43, 27, '2004-05-03', NULL, '2005-05-09 15:57:57', 'jared'),
(1315, 142, 43, 27, '2004-05-03', NULL, '2005-05-09 15:59:31', 'Jordan'),
(1316, 142, 43, 27, '2004-05-04', NULL, '2005-05-09 16:02:05', 'Richard'),
(1317, 142, 43, 27, '2004-05-03', NULL, '2005-05-09 16:03:09', 'brandon'),
(1318, 142, 43, 27, '2004-05-03', NULL, '2005-05-09 16:04:46', 'Summer'),
(1319, 142, 43, 27, '2004-05-03', NULL, '2005-05-09 16:05:19', 'Devin'),
(1320, 142, 43, 27, '2004-05-03', NULL, '2005-05-09 16:05:36', 'Josh'),
(1321, 186, 31, 69, '2004-05-03', NULL, '2005-05-09 16:06:00', 'austin'),
(1322, 186, 43, 69, '2004-05-03', NULL, '2005-05-09 16:08:16', 'Chris'),
(1323, 186, 31, 69, '2004-05-03', NULL, '2005-05-09 16:09:13', 'Evin'),
(1324, 186, 31, 69, '2004-05-03', NULL, '2005-05-09 16:10:31', 'Kylie'),
(1325, 186, 31, 69, '2004-05-03', NULL, '2005-05-09 16:10:48', 'J.D'),
(1326, 186, 31, 69, '2004-05-03', NULL, '2005-05-09 16:11:04', 'Lucas'),
(1327, 186, 31, 69, '2004-05-03', NULL, '2005-05-09 16:11:31', 'brandon'),
(1328, 186, 31, 69, '2004-05-03', NULL, '2005-05-09 16:11:58', 'Rachel'),
(1329, 186, 31, 69, '2004-05-03', NULL, '2005-05-09 16:16:00', 'Ali'),
(1330, 186, 28, 69, '2004-04-19', NULL, '2005-05-09 16:19:00', 'Summer'),
(1331, 186, 31, 69, '2004-04-19', NULL, '2005-05-09 16:19:19', 'Chris'),
(1332, 186, 31, 69, '2004-04-19', NULL, '2005-05-09 16:19:42', 'ernesto'),
(1333, 186, 31, 69, '2004-04-19', NULL, '2005-05-09 16:20:05', 'Travis'),
(1334, 186, 28, 69, '2004-04-19', NULL, '2005-05-09 16:21:39', 'Brandon'),
(1335, 186, 31, 69, '2004-04-19', NULL, '2005-05-09 16:23:33', 'Stefan'),
(1336, 186, 31, 69, '2004-04-19', NULL, '2005-05-09 16:24:46', 'Esmerelda`'),
(1337, 186, 31, 69, '2004-04-19', NULL, '2005-05-09 16:26:12', 'Ali Garret'),
(1338, 6, 34, 4, '2004-04-19', NULL, '2005-05-11 08:22:32', 'Aaron'),
(1339, 6, 34, 4, '2004-04-19', NULL, '2005-05-11 08:23:37', 'cHRIS'),
(1340, 6, 34, 4, '2004-04-19', NULL, '2005-05-11 08:25:37', 'Zach'),
(1341, 6, 34, 4, '2004-04-19', NULL, '2005-05-11 08:25:39', 'Jeff K'),
(1342, 6, 34, 4, '2004-04-19', NULL, '2005-05-11 08:27:14', 'Randy'),
(1343, 6, 34, 4, '2004-04-19', NULL, '2005-05-11 08:28:01', 'Josh'),
(1344, 6, 34, 4, '2004-04-19', NULL, '2005-05-11 08:29:55', 'Tyler'),
(1345, 6, 34, 4, '2004-04-19', NULL, '2005-05-11 08:30:18', 'Andrew'),
(1346, 6, 34, 4, '2004-04-19', NULL, '2005-05-11 08:32:06', 'Nick'),
(1347, 6, 34, 4, '2004-04-19', NULL, '2005-05-11 08:32:13', 'Jeff'),
(1348, 160, 20, 57, '2004-04-19', NULL, '2005-05-11 08:35:04', 'Maui'),
(1349, 160, 20, 57, '2004-04-19', NULL, '2005-05-11 08:36:57', 'David'),
(1350, 160, 20, 57, '2004-04-19', NULL, '2005-05-11 08:37:07', 'Phillip'),
(1351, 160, 20, 57, '2004-04-19', NULL, '2005-05-11 08:38:31', 'Sammi'),
(1352, 160, 20, 57, '2004-04-19', NULL, '2005-05-11 08:40:44', 'Taylor'),
(1353, 160, 20, 57, '2004-04-19', NULL, '2005-05-11 08:40:54', 'Ashad'),
(1354, 160, 20, 57, '2004-04-19', NULL, '2005-05-11 08:41:55', 'Callie'),
(1355, 160, 20, 57, '2004-04-19', NULL, '2005-05-11 08:43:15', 'Steph'),
(1356, 160, 20, 57, '2004-04-19', NULL, '2005-05-11 08:44:18', 'Jackie'),
(1357, 160, 20, 57, '2004-04-19', NULL, '2005-05-11 08:45:31', 'Harold'),
(1358, 160, 20, 57, '2004-04-21', NULL, '2005-05-17 06:06:54', 'Tatiana'),
(1359, 160, 20, 57, '2004-04-21', NULL, '2005-05-17 06:08:32', 'Megan'),
(1360, 160, 20, 57, '2004-04-19', NULL, '2005-05-17 06:10:00', 'Anne'),
(1361, 6, 34, 4, '2004-05-03', NULL, '2005-05-17 06:26:11', 'Amanda'),
(1362, 6, 34, 4, '2004-05-03', NULL, '2005-05-17 06:28:33', 'Sarah'),
(1363, 6, 34, 4, '2004-05-03', NULL, '2005-05-17 06:30:02', 'Nick'),
(1364, 160, 20, 57, '2004-05-03', NULL, '2005-05-17 06:38:05', 'Maui'),
(1365, 160, 20, 57, '2004-05-03', NULL, '2005-05-17 06:39:14', 'Megan'),
(1366, 160, 20, 57, '2004-05-03', NULL, '2005-05-17 06:40:55', 'Anne'),
(1367, 160, 20, 57, '2004-05-03', NULL, '2005-05-17 06:42:12', 'Angelica`'),
(1368, 160, 20, 57, '2004-05-03', NULL, '2005-05-17 06:43:55', 'Taylor'),
(1369, 160, 20, 57, '2004-05-03', NULL, '2005-05-17 06:45:14', 'Caitlyn'),
(1370, 160, 20, 57, '2004-05-03', NULL, '2005-05-17 06:46:23', 'Callie'),
(1371, 160, 20, 57, '2004-05-03', NULL, '2005-05-17 06:47:46', 'Mistry'),
(1372, 160, 20, 57, '2004-05-03', NULL, '2005-05-17 06:49:16', 'Jackie'),
(1373, 160, 20, 57, '2004-05-03', NULL, '2005-05-17 06:50:44', 'Harold'),
(1374, 13, 20, 5, '2004-08-30', NULL, '2005-05-17 07:06:40', 'Will'),
(1375, 13, 20, 5, '2004-08-30', NULL, '2005-05-17 07:08:05', 'Trevor'),
(1376, 13, 20, 5, '2004-08-30', NULL, '2005-05-17 07:08:59', 'DJ'),
(1377, 13, 20, 5, '2004-08-30', NULL, '2005-05-17 07:10:14', 'Ben'),
(1378, 13, 20, 5, '2004-08-30', NULL, '2005-05-17 07:11:35', 'Nick'),
(1379, 13, 20, 5, '2004-08-30', NULL, '2005-05-17 07:12:37', 'Ceara'),
(1380, 13, 20, 5, '2004-08-30', NULL, '2005-05-17 07:14:07', 'Meredith'),
(1381, 13, 20, 5, '2004-08-30', ' q', '2005-05-17 07:20:13', 'Charmaine'),
(1382, 13, 20, 5, '2004-08-30', NULL, '2005-05-17 07:25:04', 'joe'),
(1383, 13, 20, 5, '2004-08-30', NULL, '2005-05-17 07:26:05', 'Mickey'),
(1384, 6, 34, 4, '2004-08-30', NULL, '2005-05-17 08:12:36', 'Rayanna'),
(1385, 6, 34, 4, '2004-08-30', NULL, '2005-05-17 08:15:47', 'Mattie'),
(1386, 6, 34, 4, '2004-08-30', NULL, '2005-05-17 08:17:59', 'Janelle'),
(1387, 6, 34, 4, '2004-08-30', NULL, '2005-05-17 08:20:08', 'Jared'),
(1388, 6, 34, 4, '2004-08-30', NULL, '2005-05-17 08:22:04', 'Caitlyn'),
(1389, 6, 34, 4, '2004-08-30', NULL, '2005-05-17 08:24:05', 'Mihyar'),
(1390, 6, 34, 4, '2004-08-30', NULL, '2005-05-17 08:25:55', 'Nate'),
(1391, 6, 34, 4, '2004-08-30', NULL, '2005-05-17 08:27:22', 'Mike'),
(1392, 6, 34, 4, '2004-08-30', NULL, '2005-05-17 08:29:22', 'Miguel'),
(1393, 186, 31, 69, '2004-08-30', NULL, '2005-05-17 08:40:00', 'Joe'),
(1394, 186, 31, 69, '2004-08-30', NULL, '2005-05-17 08:41:58', 'Carolina'),
(1395, 186, 31, 69, '2004-08-30', NULL, '2005-05-17 08:43:57', 'Kate'),
(1396, 186, 31, 69, '2004-08-30', NULL, '2005-05-17 08:46:16', 'Kyndra'),
(1397, 186, 31, 69, '2004-08-30', NULL, '2005-05-17 08:48:11', 'Sara'),
(1398, 186, 31, 69, '2004-08-30', NULL, '2005-05-17 08:50:05', 'Bernice'),
(1399, 186, 31, 69, '2004-08-30', NULL, '2005-05-17 08:51:38', 'Nancy'),
(1400, 186, 31, 69, '2004-08-30', NULL, '2005-05-17 08:53:09', 'Dennis'),
(1401, 186, 31, 69, '2004-08-30', NULL, '2005-05-17 08:54:38', 'Franke'),
(1402, 186, 31, 69, '2004-08-30', NULL, '2005-05-17 08:56:27', 'Mark'),
(1403, 142, 43, 27, '2005-03-11', NULL, '2005-05-17 12:20:05', 'mark'),
(1404, 142, 43, 27, '2005-03-11', NULL, '2005-05-18 11:53:56', 'zach  '),
(1405, 142, 43, 27, '2005-03-11', NULL, '2005-05-18 11:56:53', 'mark'),
(1406, 142, 43, 27, '2005-03-21', NULL, '2005-05-18 12:01:19', 'tayler'),
(1407, 142, 43, 27, '2005-03-11', NULL, '2005-05-18 12:04:19', 'brunai'),
(1408, 142, 43, 27, '2005-03-11', NULL, '2005-05-18 12:06:46', 'shane'),
(1409, 142, 43, 27, '2005-03-11', NULL, '2005-05-18 12:12:10', 'jamie'),
(1410, 142, 43, 27, '2005-03-11', ' Unknown listed as Anthicidae by student.', '2005-05-18 19:53:40', 'kASIF'),
(1411, 142, 43, 27, '2005-03-11', NULL, '2005-05-18 19:55:05', 'Ryan'),
(1412, 186, 31, 69, '2005-03-11', NULL, '2005-05-18 19:57:00', 'Desiree'),
(1413, 186, 31, 69, '2005-03-11', NULL, '2005-05-18 19:58:18', 'Denton'),
(1414, 186, 31, 69, '2005-03-11', NULL, '2005-05-18 20:00:04', 'Destiny'),
(1415, 186, 31, 69, '2005-03-11', NULL, '2005-05-18 20:01:37', 'megan'),
(1416, 186, 31, 69, '2005-03-11', NULL, '2005-05-18 20:03:05', 'Caesar'),
(1417, 186, 31, 69, '2005-03-11', NULL, '2005-05-18 20:04:25', 'Joey'),
(1418, 186, 31, 69, '2005-03-11', NULL, '2005-05-18 20:07:41', 'Alia'),
(1419, 186, 31, 69, '2005-03-11', NULL, '2005-05-18 20:09:12', 'Peter'),
(1420, 186, 31, 69, '2005-03-11', NULL, '2005-05-18 20:10:31', 'Kyle'),
(1421, 186, 31, 69, '2005-03-11', NULL, '2005-05-18 20:12:00', 'Huong'),
(1422, 160, 20, 57, '2005-03-11', NULL, '2005-05-18 20:13:45', 'Sebe'),
(1423, 160, 20, 57, '2005-03-11', NULL, '2005-05-18 20:15:27', 'Khrystyne'),
(1424, 160, 20, 57, '2005-03-11', NULL, '2005-05-18 20:17:08', 'luke'),
(1425, 160, 20, 57, '2005-03-11', NULL, '2005-05-18 20:18:15', 'Kyle'),
(1426, 160, 20, 57, '2005-03-11', NULL, '2005-05-18 20:19:52', 'Alex'),
(1427, 160, 20, 57, '2005-03-11', NULL, '2005-05-18 20:25:28', 'Valerie'),
(1428, 160, 20, 57, '2005-03-11', NULL, '2005-05-18 20:27:12', 'Jill'),
(1429, 160, 20, 57, '2005-03-11', NULL, '2005-05-18 20:28:28', 'Joel'),
(1430, 160, 20, 57, '2005-03-11', NULL, '2005-05-18 20:29:56', 'Taylor'),
(1431, 160, 20, 57, '2005-03-11', NULL, '2005-05-18 20:31:08', 'Jordan'),
(1432, 187, 34, 72, '2005-03-11', ' `', '2005-05-18 20:32:39', 'Tania'),
(1433, 187, 34, 72, '2005-03-11', NULL, '2005-05-18 20:33:37', 'Amanda'),
(1434, 187, 34, 72, '2005-03-11', NULL, '2005-05-18 20:34:42', 'Robert'),
(1435, 187, 34, 72, '2005-03-11', NULL, '2005-05-18 20:35:58', 'Sammi'),
(1436, 187, 34, 72, '2005-03-11', NULL, '2005-05-18 20:44:10', 'Jessi'),
(1437, 187, 34, 72, '2005-03-11', NULL, '2005-05-18 20:45:26', 'Ashley'),
(1438, 187, 34, 72, '2005-03-11', NULL, '2005-05-18 20:46:29', 'Zack'),
(1439, 142, 43, 27, '2005-02-07', NULL, '2005-05-18 20:55:54', 'Nick'),
(1440, 142, 43, 27, '2005-02-07', NULL, '2005-05-18 21:11:14', 'Zach'),
(1441, 142, 43, 27, '2005-02-07', NULL, '2005-05-18 21:14:26', 'Mark'),
(1442, 142, 43, 27, '2005-02-07', NULL, '2005-05-18 21:15:57', 'Brian'),
(1443, 142, 43, 27, '2005-02-07', NULL, '2005-05-18 21:17:43', 'Brunai'),
(1444, 142, 43, 27, '2005-02-07', NULL, '2005-05-18 21:19:24', 'Tara'),
(1445, 142, 43, 27, '2005-02-07', NULL, '2005-05-18 21:21:19', 'Shane'),
(1446, 142, 43, 27, '2005-02-07', NULL, '2005-05-18 21:24:02', 'McKalan'),
(1447, 142, 43, 27, '2005-02-07', NULL, '2005-05-18 21:26:10', 'Kashif'),
(1448, 142, 43, 27, '2005-02-07', NULL, '2005-05-18 21:28:22', 'Phillip'),
(1449, 186, 31, 69, '2005-02-07', NULL, '2005-05-18 21:35:19', 'Kayla'),
(1450, 186, 31, 69, '2005-02-07', NULL, '2005-05-18 21:37:56', 'Denton'),
(1451, 186, 31, 69, '2005-02-07', NULL, '2005-05-18 21:39:59', 'Lexi'),
(1452, 186, 31, 69, '2005-02-07', NULL, '2005-05-18 21:41:37', 'Caesar'),
(1453, 186, 23, 69, '2005-02-07', NULL, '2005-05-18 21:43:17', 'John'),
(1454, 186, 31, 69, '2005-02-07', NULL, '2005-05-18 21:45:01', 'Jose'),
(1455, 186, 31, 69, '2005-02-07', NULL, '2005-05-18 21:46:51', 'Kyle'),
(1456, 186, 31, 69, '2005-02-07', NULL, '2005-05-18 21:48:36', 'Paula'),
(1457, 187, 34, 72, '2005-02-07', NULL, '2005-05-18 21:55:45', 'Cindy'),
(1458, 187, 34, 72, '2005-02-07', NULL, '2005-05-18 21:57:44', 'Ali'),
(1459, 187, 34, 72, '2005-02-07', NULL, '2005-05-18 21:59:48', 'Elizabeth'),
(1460, 187, 34, 72, '2005-02-07', NULL, '2005-05-18 22:01:39', 'Ruben'),
(1461, 186, 34, 69, '2005-02-07', NULL, '2005-05-18 22:03:18', 'Kim'),
(1462, 186, 34, 69, '2005-02-07', NULL, '2005-05-18 22:04:37', 'Nicole'),
(1463, 187, 34, 72, '2005-02-07', NULL, '2005-05-18 22:06:18', 'Jackie'),
(1464, 187, 34, 72, '2005-02-07', NULL, '2005-05-18 22:07:38', 'Ashley'),
(1465, 187, 34, 72, '2005-02-07', NULL, '2005-05-18 22:09:14', 'Zack'),
(1466, 160, 20, 57, '2005-02-07', NULL, '2005-05-19 07:05:05', 'Sebe'),
(1467, 160, 20, 57, '2005-02-07', NULL, '2005-05-19 07:05:50', 'Pamela'),
(1468, 160, 20, 57, '2005-02-07', NULL, '2005-05-19 07:07:14', 'Luke'),
(1469, 160, 20, 57, '2005-02-07', NULL, '2005-05-19 07:08:30', 'Kyle'),
(1470, 160, 20, 57, '2005-02-07', NULL, '2005-05-19 07:09:47', 'Preston'),
(1471, 160, 20, 57, '2005-02-07', NULL, '2005-05-19 07:10:56', 'Erica'),
(1472, 160, 20, 57, '2005-02-07', NULL, '2005-05-19 07:12:04', 'Jill'),
(1473, 160, 20, 57, '2005-02-07', NULL, '2005-05-19 07:13:22', 'Taylor'),
(1474, 160, 20, 57, '2005-02-07', NULL, '2005-05-19 07:14:34', 'Jordan'),
(1475, 186, 31, 69, '2005-04-04', NULL, '2005-05-19 07:17:13', 'Desiree'),
(1476, 142, 31, 27, '2005-04-04', NULL, '2005-05-19 07:18:59', 'Denton'),
(1477, 142, 31, 27, '2005-04-04', NULL, '2005-05-19 07:20:51', 'Destiny'),
(1478, 186, 31, 69, '2005-04-04', NULL, '2005-05-19 07:22:28', 'Alexia'),
(1479, 186, 31, 69, '2005-04-04', NULL, '2005-05-19 07:23:45', 'Stuart'),
(1480, 186, 31, 69, '2005-04-04', NULL, '2005-05-19 07:25:18', 'Joey'),
(1481, 186, 31, 69, '2005-04-04', NULL, '2005-05-19 07:26:46', 'Alia'),
(1482, 186, 31, 69, '2005-04-04', NULL, '2005-05-19 07:28:09', 'Jose'),
(1483, 186, 31, 69, '2005-04-04', NULL, '2005-05-19 07:29:05', 'Alexandra'),
(1484, 186, 31, 69, '2005-04-04', NULL, '2005-05-19 07:30:19', 'Paula'),
(1485, 6, 34, 4, '2005-04-04', NULL, '2005-05-19 07:58:49', 'Cory'),
(1486, 6, 34, 4, '2005-04-04', NULL, '2005-05-19 08:22:47', 'Tania'),
(1487, 6, 34, 4, '2005-04-04', NULL, '2005-05-19 08:25:06', 'Amanda'),
(1488, 6, 34, 4, '2005-04-04', NULL, '2005-05-19 08:28:03', 'Robert'),
(1489, 6, 34, 4, '2005-04-04', NULL, '2005-05-19 08:36:45', 'Eric'),
(1490, 6, 34, 4, '2005-04-04', NULL, '2005-05-19 08:47:53', 'Kim'),
(1491, 6, 34, 4, '2005-04-04', NULL, '2005-05-19 08:49:33', 'Nicole'),
(1492, 6, 34, 4, '2005-04-04', NULL, '2005-05-19 08:52:00', 'Jessi'),
(1493, 6, 34, 4, '2005-04-04', NULL, '2005-05-19 08:54:01', 'Zack'),
(1494, 160, 20, 57, '2005-04-04', NULL, '2005-05-19 08:57:12', 'Sebe'),
(1495, 160, 20, 57, '2005-04-04', NULL, '2005-05-19 09:00:16', 'Krystyne'),
(1496, 160, 20, 57, '2005-04-04', NULL, '2005-05-19 09:02:12', 'Luke'),
(1497, 160, 20, 57, '2005-04-04', NULL, '2005-05-19 09:04:42', 'Zach'),
(1498, 160, 20, 57, '2005-04-04', NULL, '2005-05-19 09:10:36', 'Preston'),
(1499, 160, 20, 57, '2005-04-04', NULL, '2005-05-19 09:12:30', 'Valerie'),
(1500, 160, 20, 57, '2005-04-04', NULL, '2005-05-19 09:14:51', 'Jill'),
(1501, 160, 20, 57, '2005-04-04', NULL, '2005-05-19 09:17:36', 'Joel'),
(1502, 160, 20, 57, '2005-04-04', NULL, '2005-05-19 09:20:15', 'Taylor'),
(1503, 160, 20, 57, '2005-04-04', NULL, '2005-05-19 09:23:30', 'Jordan'),
(1504, 142, 44, 27, '2005-04-04', NULL, '2005-06-12 15:33:43', 'Kevin'),
(1505, 142, 44, 27, '2005-04-04', NULL, '2005-06-12 15:35:25', 'Zack'),
(1506, 142, 44, 27, '2005-04-04', NULL, '2005-06-12 15:37:04', 'Mark'),
(1507, 142, 44, 27, '2005-04-04', NULL, '2005-06-12 15:38:27', 'Taylor'),
(1508, 142, 44, 27, '2005-04-04', NULL, '2005-06-12 15:40:39', 'Brunai'),
(1509, 142, 44, 27, '2005-04-04', NULL, '2005-06-12 15:42:06', 'Lizzy'),
(1510, 142, 44, 27, '2005-04-04', NULL, '2005-06-12 15:43:58', 'LA'),
(1511, 142, 44, 27, '2006-04-04', NULL, '2005-06-12 15:46:39', 'jAMIE'),
(1512, 142, 44, 27, '2005-04-04', NULL, '2005-06-12 15:48:04', 'Kashif'),
(1513, 142, 44, 27, '2005-04-04', NULL, '2005-06-12 15:49:33', 'Phillip'),
(1514, 142, 44, 27, '2005-05-09', NULL, '2005-06-12 16:00:03', 'Kevin'),
(1515, 142, 44, 27, '2005-05-09', NULL, '2005-06-12 16:00:56', 'Zack'),
(1516, 142, 44, 27, '2005-05-09', NULL, '2005-06-12 16:02:11', 'Brandon'),
(1517, 142, 44, 27, '2005-05-09', NULL, '2005-06-12 16:03:58', 'Taylor'),
(1518, 142, 44, 27, '2005-05-09', NULL, '2005-06-12 16:05:36', 'Brunai'),
(1519, 142, 44, 27, '2005-05-09', NULL, '2005-06-12 16:06:47', 'Tara'),
(1520, 142, 44, 27, '2005-05-09', NULL, '2005-06-12 16:08:06', 'LA'),
(1521, 142, 44, 27, '2005-05-09', NULL, '2005-06-12 16:09:10', 'McKalan'),
(1522, 142, 44, 27, '2005-05-09', NULL, '2005-06-12 16:10:58', 'Kashif'),
(1523, 142, 44, 27, '2005-05-09', NULL, '2005-06-12 16:12:13', 'Phillip'),
(1524, 186, 31, 69, '2005-04-09', NULL, '2005-06-12 16:15:15', 'Jessica'),
(1525, 186, 31, 69, '2005-05-09', NULL, '2005-06-12 16:24:04', 'Denton'),
(1526, 186, 31, 69, '2005-05-09', NULL, '2005-06-12 16:28:47', 'Theresa'),
(1527, 186, 31, 69, '2005-05-09', NULL, '2005-06-12 16:29:57', 'Megan'),
(1528, 186, 31, 69, '2005-05-09', NULL, '2005-06-12 16:31:15', 'david'),
(1529, 186, 31, 69, '2005-05-09', NULL, '2005-06-12 16:33:18', 'Joey'),
(1530, 186, 31, 69, '2005-05-09', NULL, '2005-06-12 16:34:27', 'Alia'),
(1531, 186, 31, 69, '2005-05-09', NULL, '2005-06-12 16:35:53', 'Justin'),
(1532, 186, 31, 69, '2005-05-09', NULL, '2005-06-12 16:37:04', 'Leanna'),
(1533, 186, 31, 69, '2005-05-09', NULL, '2005-06-12 16:38:37', 'Huong'),
(1534, 160, 20, 57, '2005-05-09', NULL, '2005-06-12 16:42:17', 'Pamela'),
(1535, 160, 20, 57, '2005-05-09', NULL, '2005-06-12 16:43:52', 'Luke'),
(1536, 160, 20, 57, '2005-05-09', NULL, '2005-06-12 16:45:29', 'Alex'),
(1537, 160, 20, 57, '2005-05-09', NULL, '2005-06-12 16:46:41', 'Valerie'),
(1538, 160, 20, 57, '2005-05-09', NULL, '2005-06-12 16:48:37', 'Jill'),
(1539, 160, 20, 57, '2005-05-09', NULL, '2005-06-12 16:53:20', 'Joel'),
(1540, 160, 20, 57, '2005-05-09', NULL, '2005-06-12 16:54:55', 'Kylie'),
(1541, 160, 20, 57, '2005-05-09', NULL, '2005-06-12 16:56:31', 'Justin'),
(1542, 187, 34, 72, '2005-05-09', NULL, '2005-06-12 16:58:23', 'Mayra'),
(1543, 187, 34, 72, '2005-05-09', NULL, '2005-06-12 16:59:44', 'lison'),
(1544, 187, 34, 72, '2005-05-09', NULL, '2005-06-12 17:00:59', 'Elizabeth'),
(1545, 187, 34, 72, '2005-05-09', NULL, '2005-06-12 17:02:13', 'Ruben'),
(1546, 187, 34, 72, '2005-05-09', NULL, '2005-06-12 17:03:32', 'Eric'),
(1547, 187, 34, 72, '2005-05-09', NULL, '2005-06-12 17:05:24', 'Kim'),
(1548, 187, 34, 72, '2005-05-09', NULL, '2005-06-12 17:06:23', 'Nikki'),
(1549, 187, 34, 72, '2005-05-09', NULL, '2005-06-12 17:08:19', 'Jessica'),
(1550, 187, 34, 72, '2005-05-09', NULL, '2005-06-12 17:11:07', 'ASHLEY'),
(1551, 187, 34, 72, '2005-05-09', NULL, '2005-06-12 17:12:18', 'Zack'),
(1552, 156, 55, 47, '2005-10-07', NULL, '2005-10-24 07:18:56', 'Ms. Morgans Class'),
(1553, 156, 55, 47, '2005-10-07', NULL, '2005-10-24 09:06:21', 'Ms Morgans Classes'),
(1554, 156, 55, 47, '2005-10-07', NULL, '2005-10-24 09:16:10', 'Ms morgans classes'),
(1555, 157, 75, 51, '2005-10-07', NULL, '2005-10-24 09:24:11', 'Ms morgans classes'),
(1556, 6, 37, 4, '2002-02-11', NULL, '2005-11-20 20:02:30', 'Briana Roenfranz'),
(1557, 6, 37, 4, '2002-02-11', NULL, '2005-11-20 20:04:25', 'Greg Hoffman'),
(1558, 6, 37, 4, '2002-02-11', NULL, '2005-11-20 20:05:33', 'Aleah Brady'),
(1559, 6, 37, 4, '2002-02-11', NULL, '2005-11-20 20:07:29', 'Brad Butler'),
(1560, 6, 37, 4, '2002-02-11', NULL, '2005-11-20 20:09:25', 'Caree W'),
(1561, 6, 37, 4, '2002-02-11', NULL, '2005-11-20 20:10:57', 'Alyssa'),
(1562, 6, 37, 4, '2002-02-11', NULL, '2005-11-20 20:13:08', 'Hailey ennis'),
(1563, 6, 37, 4, '2002-02-11', NULL, '2005-11-20 20:14:36', 'Mr. L'),
(1564, 6, 37, 4, '2002-02-11', NULL, '2005-11-20 20:16:01', 'Steph'),
(1565, 6, 37, 4, '2002-02-11', NULL, '2005-11-20 20:17:12', 'Nesrin'),
(1566, 6, 37, 4, '2005-11-21', NULL, '2005-12-01 14:17:14', 'Julie'),
(1567, 6, 37, 4, '2005-11-21', NULL, '2005-12-01 14:21:27', 'Jennifer'),
(1568, 186, 31, 69, '2005-11-21', NULL, '2005-12-07 12:08:19', 'BEn'),
(1569, 186, 31, 69, '2005-11-21', NULL, '2005-12-07 12:10:01', 'Sarah'),
(1570, 186, 31, 69, '2005-11-21', NULL, '2005-12-07 13:42:17', 'Brandon'),
(1571, 186, 31, 69, '2005-11-21', NULL, '2005-12-07 13:46:46', 'Kimberly'),
(1572, 186, 31, 69, '2005-11-21', NULL, '2005-12-07 13:49:57', 'Dawn'),
(1573, 186, 31, 69, '2005-11-21', NULL, '2005-12-07 13:51:45', 'Autumn'),
(1574, 186, 31, 69, '2005-11-21', NULL, '2005-12-07 13:54:54', 'Alina'),
(1575, 186, 31, 69, '2005-11-21', NULL, '2005-12-07 13:57:04', 'Johnelle'),
(1576, 186, 31, 69, '2005-11-21', NULL, '2005-12-07 14:01:18', 'Susana'),
(1577, 6, 37, 4, '2005-11-21', NULL, '2005-12-07 14:17:17', 'Julie'),
(1578, 6, 37, 4, '2005-11-21', NULL, '2005-12-07 14:17:23', 'Julie'),
(1579, 6, 37, 4, '2005-11-21', NULL, '2005-12-07 14:19:40', 'Jennifer'),
(1580, 6, 37, 4, '2005-11-21', NULL, '2005-12-07 14:22:27', 'Sarah'),
(1581, 6, 37, 4, '2005-11-21', NULL, '2005-12-09 13:50:11', 'Stuart'),
(1582, 6, 37, 4, '2005-11-21', NULL, '2005-12-09 13:52:40', 'Mark'),
(1583, 6, 37, 4, '2005-11-21', NULL, '2005-12-09 13:58:30', 'Macy'),
(1584, 6, 37, 4, '2005-11-21', NULL, '2005-12-09 14:01:06', 'Amber'),
(1585, 6, 37, 4, '2005-11-21', NULL, '2005-12-09 14:03:46', 'Jake'),
(1586, 6, 37, 4, '2005-11-21', ' The hymenoptera was a leaf hopper, and looked unusual.', '2005-12-09 14:07:34', 'Tyler'),
(1587, 6, 37, 4, '2005-11-21', NULL, '2005-12-09 14:10:50', 'Adam'),
(1588, 142, 44, 27, '2005-11-21', NULL, '2005-12-09 14:18:54', 'Alex'),
(1589, 142, 44, 27, '2005-11-21', NULL, '2005-12-09 14:20:45', 'Wyatt'),
(1590, 378, 123, 118, '2006-02-17', ' there really was not many different bugs in the bags.', '2006-04-18 13:46:58', 'Jessica Curnutt & Jade Soto'),
(1591, 378, 123, 118, '2006-02-17', NULL, '2006-04-18 14:00:02', 'Danielle Prigge, Justin Gatz, James Banks'),
(1592, 380, 123, 120, '2006-02-17', NULL, '2006-04-20 13:16:27', 'Brynn Collins'),
(1593, 385, 123, 123, '2006-02-19', NULL, '2006-04-20 13:23:58', 'Jill Johnstone'),
(1594, 385, 123, 123, '2006-02-17', NULL, '2006-04-20 13:29:45', 'Sarah Farley '),
(1595, 379, 123, 119, '2006-02-17', NULL, '2006-04-20 13:39:20', 'Jessie Hogan'),
(1596, 378, 123, 118, '2006-04-27', NULL, '2006-05-02 12:32:26', 'Justin Gatz and Danielle Prigge'),
(1597, 385, 123, 123, '2006-04-27', NULL, '2006-05-02 12:35:34', 'Justin Gatz, Heather Grabber, Danielle Prigge'),
(1598, 335, 131, 107, '2006-06-23', NULL, '2006-06-29 13:50:29', 'Linda'),
(1599, 335, 131, 107, '2006-06-23', NULL, '2006-06-29 13:51:39', 'Kara'),
(1600, 335, 131, 107, '2006-06-23', NULL, '2006-06-29 13:51:44', 'Melissa Mara'),
(1601, 335, 131, 107, '2006-06-23', NULL, '2006-06-29 13:54:48', 'kim'),
(1602, 335, 131, 107, '2006-06-23', NULL, '2006-06-29 13:55:40', 'Shiloh Carroll'),
(1603, 335, 131, 107, '2006-06-23', NULL, '2006-06-29 13:57:10', 'Kimber'),
(1604, 335, 131, 107, '2006-06-23', NULL, '2006-06-29 13:59:43', 'sharrison'),
(1605, 335, 131, 107, '2006-06-23', NULL, '2006-06-29 14:00:49', 'Kimber'),
(1606, 335, 131, 107, '2006-06-23', ' Lots of water was found in the trap', '2006-06-29 14:03:58', 'Cheryl'),
(1607, 335, 131, 107, '2006-06-23', NULL, '2006-06-29 14:04:14', 'Kimber'),
(1608, 187, 37, 72, '2005-12-12', NULL, '2006-08-28 20:35:35', 'Melanie'),
(1609, 187, 37, 72, '2005-12-12', NULL, '2006-08-28 20:36:43', 'Jennifer'),
(1610, 187, 37, 72, '2005-12-12', NULL, '2006-08-28 20:37:54', 'Haley'),
(1611, 187, 37, 72, '2005-12-12', NULL, '2006-08-28 20:39:07', 'Tre'),
(1612, 187, 37, 72, '2005-12-12', NULL, '2006-08-28 20:40:29', 'Jacob'),
(1613, 187, 37, 72, '2005-12-12', NULL, '2006-08-28 20:41:22', 'Timothy'),
(1614, 187, 37, 72, '2005-12-12', NULL, '2006-08-28 20:42:24', 'Amber'),
(1615, 187, 37, 72, '2005-12-12', NULL, '2006-08-28 20:43:02', 'Alex'),
(1616, 187, 37, 72, '2005-12-12', NULL, '2006-08-28 20:44:08', 'David'),
(1617, 187, 37, 72, '2005-12-12', NULL, '2006-08-28 20:45:25', 'John'),
(1618, 142, 44, 27, '2005-12-12', NULL, '2006-08-29 06:10:34', 'Richard'),
(1619, 142, 44, 27, '2005-12-12', NULL, '2006-08-29 06:11:34', 'Dusty'),
(1620, 142, 44, 27, '2005-12-12', NULL, '2006-08-29 06:12:28', 'Justin'),
(1621, 142, 44, 27, '2005-12-12', NULL, '2006-08-29 06:13:21', 'Trent'),
(1622, 142, 44, 27, '2005-12-12', NULL, '2006-08-29 06:14:11', 'Kelsey'),
(1623, 142, 44, 27, '2005-12-12', NULL, '2006-08-29 06:15:06', 'Jake'),
(1624, 142, 44, 27, '2005-12-12', NULL, '2006-08-29 06:16:00', 'Amanda'),
(1625, 142, 44, 27, '2005-12-12', NULL, '2006-08-29 06:16:46', 'Ashley'),
(1626, 142, 44, 27, '2005-12-12', NULL, '2006-08-29 06:18:16', 'Courtney'),
(1627, 142, 44, 27, '2005-12-12', NULL, '2006-08-29 06:19:03', 'Victoria'),
(1628, 186, 43, 69, '2005-12-12', NULL, '2006-08-30 06:45:49', 'Elizabeth'),
(1629, 186, 43, 69, '2005-12-12', NULL, '2006-08-30 06:46:34', 'Alex'),
(1630, 186, 43, 69, '2005-12-12', NULL, '2006-08-30 06:47:19', 'Brandon'),
(1631, 186, 43, 69, '2005-12-12', NULL, '2006-08-30 06:48:09', 'Luis'),
(1632, 186, 43, 69, '2005-12-12', NULL, '2006-08-30 06:49:30', 'Casey'),
(1633, 186, 43, 69, '2005-12-12', NULL, '2006-08-30 06:50:25', 'Donna'),
(1634, 186, 43, 69, '2005-12-12', NULL, '2006-08-30 06:51:03', 'Sarah'),
(1635, 186, 43, 69, '2005-12-12', NULL, '2006-08-30 06:54:01', 'Mercedes'),
(1636, 186, 43, 69, '2005-12-12', NULL, '2006-08-30 06:55:27', 'Erin'),
(1637, 186, 43, 69, '2005-12-12', NULL, '2006-08-30 06:56:31', 'Chelcee'),
(1638, 148, 74, 38, '2006-10-12', NULL, '2006-10-23 08:23:59', 'Amanda, Erika, Kailey'),
(1639, 148, 74, 38, '2006-10-12', NULL, '2006-10-23 08:28:20', 'Patryk'),
(1640, 148, 74, 38, '2006-10-12', ' Greg dropped most of the data.', '2006-10-23 08:29:02', 'Travis Weathers'),
(1641, 148, 74, 38, '2006-10-12', NULL, '2006-10-23 08:29:29', 'Jory Nance'),
(1642, 148, 56, 38, '2006-10-12', NULL, '2006-10-23 08:30:38', 'China, Brett, Nick'),
(1643, 148, 74, 38, '2006-10-12', NULL, '2006-10-23 08:30:38', 'Yvonne'),
(1644, 148, 74, 38, '2006-10-12', NULL, '2006-10-23 08:31:27', 'Mandy Brilbeck'),
(1645, 148, 74, 38, '2006-10-12', NULL, '2006-10-23 08:32:19', 'isaac'),
(1646, 148, 74, 38, '2006-10-12', NULL, '2006-10-23 08:32:38', 'Cameron Langley'),
(1647, 148, 74, 38, '2006-10-12', ' There are a lot of differant types of Coleoptera.', '2006-10-23 08:33:44', 'Jennie, Christine'),
(1648, 146, 75, 34, '2006-10-12', NULL, '2006-10-23 09:03:28', 'Stan Gill'),
(1649, 146, 75, 34, '2006-10-12', NULL, '2006-10-23 09:03:45', 'Ariana Qayumi'),
(1650, 146, 75, 34, '2006-10-12', NULL, '2006-10-23 09:03:45', 'Kelsey'),
(1651, 146, 75, 34, '2006-10-12', NULL, '2006-10-23 09:05:28', 'Joshua Hsu'),
(1652, 146, 75, 34, '2006-10-12', NULL, '2006-10-23 09:05:42', 'Joshua Hsu'),
(1653, 146, 75, 34, '2006-10-12', NULL, '2006-10-23 09:06:15', 'Joshua Hsu'),
(1654, 146, 75, 34, '2006-10-12', NULL, '2006-10-23 09:06:31', 'Daniel Lok'),
(1655, 146, 75, 34, '2006-09-12', NULL, '2006-10-23 09:08:03', 'Brittani Buckley'),
(1656, 146, 75, 34, '2006-10-12', ' Trap 8 was near an anthill.', '2006-10-23 09:09:33', 'Julie Roberts'),
(1657, 146, 75, 34, '2006-10-12', NULL, '2006-10-23 09:12:45', 'Kelsey Durick'),
(1658, 145, 133, 31, '2006-10-13', NULL, '2006-10-23 11:34:20', 'John Dole'),
(1659, 145, 133, 31, '2006-10-13', NULL, '2006-10-23 11:38:38', 'John Dole'),
(1660, 145, 133, 31, '2006-10-13', ' East entrance north lawn is a mezic area with one tree.', '2006-10-24 11:31:23', 'John Dole'),
(1661, 219, 135, 79, '2006-09-18', NULL, '2006-10-25 17:28:31', 'Cheryl Vitale'),
(1662, 220, 135, 80, '2006-09-18', NULL, '2006-10-25 17:34:17', 'cheryl vitale'),
(1663, 160, 31, 57, '2006-10-23', NULL, '2006-12-07 15:50:08', 'KYLE'),
(1664, 160, 31, 57, '2006-10-23', NULL, '2006-12-07 15:50:24', 'Kaytlin'),
(1665, 160, 31, 57, '2006-10-23', NULL, '2006-12-07 15:50:46', 'Christian'),
(1666, 160, 31, 57, '2006-10-23', NULL, '2006-12-07 15:56:40', 'derek'),
(1667, 160, 31, 57, '2006-10-23', NULL, '2006-12-07 15:56:51', 'Fenando'),
(1668, 160, 31, 57, '2006-10-23', NULL, '2006-12-07 16:00:42', 'P'),
(1669, 160, 31, 57, '2006-10-23', NULL, '2006-12-07 16:00:52', 'emily'),
(1670, 160, 31, 57, '2006-10-23', NULL, '2006-12-07 16:00:57', 'andrew'),
(1671, 160, 31, 57, '2006-10-23', NULL, '2006-12-07 16:04:41', 'Andrea'),
(1672, 160, 31, 57, '2006-09-18', NULL, '2006-12-07 16:05:59', 'aNGIE'),
(1673, 160, 31, 57, '2006-09-18', NULL, '2006-12-07 16:06:28', 'jackie'),
(1674, 160, 31, 57, '2006-09-18', NULL, '2006-12-07 16:08:04', 'shawn'),
(1675, 160, 31, 57, '2006-09-18', NULL, '2006-12-07 16:08:51', 'Fernando'),
(1676, 160, 31, 57, '2006-09-18', NULL, '2006-12-07 16:10:50', 'liz'),
(1677, 160, 31, 57, '2006-09-18', NULL, '2006-12-07 16:13:26', 'Alex'),
(1678, 160, 31, 57, '2006-09-18', NULL, '2006-12-07 16:14:33', 'AMBER'),
(1679, 160, 31, 57, '2006-09-18', NULL, '2006-12-07 16:15:56', 'SarahZ'),
(1680, 160, 31, 57, '2006-09-18', NULL, '2006-12-07 16:17:40', 'gabe'),
(1681, 142, 44, 27, '2006-10-23', NULL, '2006-12-07 16:19:53', 'aaron'),
(1682, 160, 31, 57, '2006-09-18', NULL, '2006-12-07 16:21:16', 'Andrea'),
(1683, 142, 43, 27, '2006-10-23', NULL, '2006-12-07 16:27:11', 'Nina'),
(1684, 142, 44, 27, '2006-10-23', NULL, '2006-12-07 16:28:16', 'Jpoel'),
(1685, 142, 44, 27, '2006-10-23', NULL, '2006-12-07 16:29:19', 'Sam'),
(1686, 142, 44, 27, '2006-10-23', NULL, '2006-12-07 16:35:53', 'Morgan'),
(1687, 142, 44, 27, '2006-10-23', NULL, '2006-12-07 16:37:37', 'Shelby'),
(1688, 142, 44, 27, '2006-10-23', NULL, '2006-12-07 16:38:25', 'kevin n'),
(1689, 142, 44, 27, '2006-10-23', NULL, '2006-12-07 16:39:31', 'Joe S'),
(1690, 142, 44, 27, '2006-10-23', NULL, '2006-12-07 16:40:42', 'Brandon'),
(1691, 142, 44, 27, '2006-10-23', NULL, '2006-12-07 16:41:54', 'Jessica'),
(1692, 186, 43, 69, '2006-10-23', NULL, '2006-12-08 15:47:17', 'Brad'),
(1693, 186, 43, 69, '2006-10-23', NULL, '2006-12-08 15:47:38', 'alyson'),
(1694, 186, 43, 69, '2006-10-23', NULL, '2006-12-08 15:48:44', 'Tyler'),
(1695, 186, 43, 69, '2006-10-23', NULL, '2006-12-08 15:49:41', 'Liz'),
(1696, 186, 43, 69, '2006-10-23', NULL, '2006-12-08 15:50:11', 'Max'),
(1697, 186, 43, 69, '2006-10-23', NULL, '2006-12-08 15:51:05', 'Clay'),
(1698, 186, 43, 69, '2006-10-23', NULL, '2006-12-08 15:51:10', 'Kara'),
(1699, 186, 43, 69, '2006-10-23', NULL, '2006-12-08 15:52:22', 'Billy'),
(1700, 186, 43, 69, '2006-10-23', NULL, '2006-12-08 15:56:29', 'Cierra'),
(1701, 142, 44, 27, '2006-11-20', NULL, '2006-12-08 15:58:53', 'Haron'),
(1702, 142, 44, 27, '2006-11-20', NULL, '2006-12-08 15:58:55', 'Nina'),
(1703, 142, 44, 27, '2006-11-20', NULL, '2006-12-08 16:08:22', 'Joel'),
(1704, 142, 44, 27, '2006-11-20', NULL, '2006-12-08 16:08:39', 'SAME'),
(1705, 142, 44, 27, '2006-11-20', NULL, '2006-12-08 16:08:39', 'steven'),
(1706, 142, 44, 27, '2006-11-20', NULL, '2006-12-08 16:10:03', 'JOE'),
(1707, 142, 44, 27, '2006-11-20', NULL, '2006-12-08 16:10:51', 'Joe s'),
(1708, 142, 44, 27, '2006-11-20', NULL, '2006-12-08 16:10:57', 'Marie'),
(1709, 186, 43, 69, '2006-11-20', NULL, '2006-12-08 16:15:34', 'Gabby'),
(1710, 160, 31, 57, '2006-11-20', NULL, '2006-12-08 16:19:22', 'Angela'),
(1711, 186, 43, 69, '2006-11-20', NULL, '2006-12-08 16:19:47', 'Vannessa'),
(1712, 160, 31, 57, '2006-11-20', NULL, '2006-12-08 16:21:08', 'Jackie'),
(1713, 186, 43, 69, '2006-11-20', NULL, '2006-12-08 16:22:06', 'Billy'),
(1714, 160, 31, 57, '2006-11-20', NULL, '2006-12-08 16:22:07', 'Nando'),
(1715, 160, 31, 57, '2006-11-20', NULL, '2006-12-08 16:24:01', 'damaris'),
(1716, 160, 31, 57, '2006-11-20', NULL, '2006-12-08 16:25:05', 'Jake'),
(1717, 160, 31, 57, '2006-11-20', NULL, '2006-12-08 16:25:31', 'Parker'),
(1718, 160, 31, 57, '2006-11-20', NULL, '2006-12-08 16:26:27', 'Emily'),
(1719, 160, 31, 57, '2006-11-20', NULL, '2006-12-08 16:26:53', 'Chris T'),
(1720, 160, 31, 57, '2006-11-20', NULL, '2006-12-08 16:29:14', 'Nicole'),
(1721, 160, 31, 57, '2006-11-20', NULL, '2006-12-08 16:34:39', 'Andrea'),
(1722, 142, 44, 27, '2006-09-18', NULL, '2006-12-28 23:37:21', 'Mason'),
(1723, 142, 44, 27, '2006-09-18', NULL, '2006-12-28 23:44:09', 'NinA'),
(1724, 142, 44, 27, '2006-09-18', NULL, '2006-12-28 23:45:36', 'jOE'),
(1725, 142, 44, 27, '2006-09-18', NULL, '2006-12-28 23:46:32', 'sam'),
(1726, 142, 44, 27, '2006-09-18', NULL, '2006-12-28 23:48:44', 'Savannah'),
(1727, 142, 44, 27, '2006-09-18', NULL, '2006-12-29 00:17:16', 'Kevin'),
(1728, 142, 44, 27, '2006-09-18', NULL, '2006-12-29 00:18:28', 'Joe'),
(1729, 142, 44, 27, '2006-09-18', NULL, '2006-12-29 00:19:46', 'brandon'),
(1730, 186, 43, 69, '2006-09-18', NULL, '2006-12-29 00:25:05', 'Beta'),
(1731, 187, 34, 72, '2006-10-23', NULL, '2006-12-31 10:36:43', 'Omar'),
(1732, 187, 34, 72, '2006-10-23', NULL, '2006-12-31 10:38:32', 'gRANT'),
(1733, 187, 34, 72, '2006-10-23', NULL, '2006-12-31 10:40:23', 'Tristan'),
(1734, 187, 34, 72, '2006-10-23', NULL, '2006-12-31 10:42:06', 'Callen'),
(1735, 187, 34, 72, '2006-10-23', NULL, '2006-12-31 10:43:14', 'Chloe'),
(1736, 187, 34, 72, '2006-10-26', NULL, '2006-12-31 10:44:54', 'Leonard'),
(1737, 142, 44, 27, '2006-12-11', NULL, '2006-12-31 22:01:46', 'Aaron'),
(1738, 142, 44, 27, '2006-12-11', NULL, '2006-12-31 22:03:09', 'Joel'),
(1739, 142, 44, 27, '2006-12-11', NULL, '2006-12-31 22:04:46', 'Quinn'),
(1740, 142, 44, 27, '2006-12-11', NULL, '2006-12-31 22:05:31', 'Sarah'),
(1741, 142, 44, 27, '2006-12-11', NULL, '2006-12-31 22:06:57', 'Shelby'),
(1742, 142, 44, 27, '2006-12-11', NULL, '2006-12-31 22:08:05', 'Elijah'),
(1743, 142, 44, 27, '2006-12-11', NULL, '2006-12-31 22:09:07', 'Joe'),
(1744, 142, 44, 27, '2006-12-11', NULL, '2006-12-31 22:10:07', 'Jun'),
(1745, 142, 44, 27, '2006-12-11', NULL, '2006-12-31 22:11:12', 'Jessica'),
(1746, 186, 43, 69, '2006-12-11', NULL, '2006-12-31 22:12:25', 'Beta'),
(1747, 186, 43, 69, '2006-12-11', NULL, '2006-12-31 22:13:40', 'Alyson'),
(1748, 186, 43, 69, '2006-12-11', NULL, '2006-12-31 22:14:32', 'Liz F'),
(1749, 186, 44, 69, '2006-12-11', NULL, '2006-12-31 22:15:21', 'Max'),
(1750, 186, 43, 69, '2006-12-11', NULL, '2006-12-31 22:16:16', 'Lexie'),
(1751, 186, 43, 69, '2006-12-11', NULL, '2006-12-31 22:18:05', 'Ashley'),
(1752, 186, 43, 69, '2006-12-11', NULL, '2006-12-31 22:19:57', 'cierra'),
(1753, 160, 31, 57, '2006-12-11', NULL, '2006-12-31 22:21:14', 'Angela'),
(1754, 186, 43, 69, '2006-09-18', NULL, '2007-01-04 19:53:01', 'Alyson'),
(1755, 186, 43, 69, '2006-09-18', NULL, '2007-01-04 19:54:20', 'Austin'),
(1756, 186, 43, 69, '2006-09-18', NULL, '2007-01-04 19:55:36', 'Deziree'),
(1757, 186, 43, 69, '2006-09-18', NULL, '2007-01-04 19:56:48', 'Iann'),
(1758, 186, 43, 69, '2006-09-18', NULL, '2007-01-04 19:58:13', 'Lexie'),
(1759, 186, 43, 69, '2006-09-18', NULL, '2007-01-04 19:59:50', 'Dominic'),
(1760, 186, 43, 69, '2006-09-18', NULL, '2007-01-04 20:01:01', 'Mayra'),
(1761, 186, 43, 69, '2006-09-18', NULL, '2007-01-04 20:27:40', 'Josh'),
(1762, 186, 43, 69, '2006-09-18', NULL, '2007-01-04 20:30:11', 'cierra'),
(1763, 219, 135, 79, '2006-11-15', NULL, '2007-01-06 19:29:37', 'Cheryl Vitale'),
(1764, 219, 135, 79, '2006-11-15', NULL, '2007-01-06 19:46:53', 'Cheryl Vitale'),
(1765, 220, 135, 80, '2006-11-15', NULL, '2007-01-06 19:52:49', 'Cheryl Vitale'),
(1766, 338, 139, 108, '2007-04-02', ' We had a lot of ants', '2007-04-02 11:03:41', 'Candace, Austin, Jack, Harrison'),
(1767, 338, 139, 108, '2007-03-22', ' THERE WAS DEAD LEAVES THAT ATTRACTED THE BUGS. IT WAS SO FUN TO SEE!!!!!!', '2007-04-02 11:04:18', 'MADDY, ALYSSA, REAGAN'),
(1768, 338, 139, 108, '2007-03-22', ' We had a big clump of dirt in our cup, and there were leaves in there that looked like the bugs had eaten off of. Most of our bugs were very, very small.', '2007-04-02 11:06:35', 'Julia Turner'),
(1769, 338, 139, 108, '2007-03-22', ' We had a big chunck of dirt and mud in our cup. We also had rocks surrounding our cup which means to us that the animals could not have ability to enter the cup.', '2007-04-02 11:06:55', 'taylor chenery, morgan cook, rachel'),
(1770, 338, 139, 110, '2007-03-22', NULL, '2007-04-02 11:07:19', 'shalia clark'),
(1771, 338, 139, 109, '2007-03-27', NULL, '2007-04-02 11:07:33', 'michael cunningham'),
(1772, 338, 139, 110, '2007-03-22', NULL, '2007-04-02 11:08:35', 'Brittany Ames'),
(1773, 338, 139, 108, '2007-03-22', ' There were a clump of dirt in the cup and a few dead leaves were in there.', '2007-04-02 11:09:32', 'Jessica Chung'),
(1774, 338, 139, 108, '2007-03-22', NULL, '2007-04-02 11:10:07', 'Hillary Porter, Melanie Hendricks, Kevin Fosburgh'),
(1775, 338, 139, 108, '2007-03-22', ' Our cup didnt contain many leaves or dirt particles except some dry rain.', '2007-04-02 11:13:46', 'Monica Painter'),
(1776, 88, 140, 9, '2007-03-22', NULL, '2007-04-02 12:54:18', 'Ashlie Potter'),
(1777, 88, 140, 9, '2007-03-22', ' Our cup did not get too many things. We only ended up getting a spider and a leaf.', '2007-04-02 12:55:41', 'Ashley Y. Jessica T. and Becca T.'),
(1778, 88, 140, 9, '2007-03-26', NULL, '2007-04-02 12:55:52', 'Nikki Weightman'),
(1779, 88, 140, 9, '2007-03-22', ' Our cup had alot of dirt. It was completly full,we are suspecting that some one had messed with it.', '2007-04-02 12:56:25', 'Cassandra Harshaw'),
(1780, 88, 140, 9, '2007-03-22', ' Spider webs and dirt were found in our cup.', '2007-04-02 12:56:35', 'Niko Studebaker'),
(1781, 88, 141, 9, '2007-03-22', ' Our cup had dirt, lots of bugs and, it was a bit moist.', '2007-04-02 12:56:57', 'Sterling, AJ, Brandon'),
(1782, 88, 140, 9, '2007-03-22', ' our cup was very dry and had a bunch of bugs in it.', '2007-04-02 12:57:42', 'Garyn Grijalva, Jenna Schmeling, Adam Dwyer'),
(1783, 88, 140, 9, '2007-03-22', ' We had alot of dirt and two leafs. A few bettels were still moving after being frozen. We had no water. We also had some of the collembola were frozen to the dirt during the expection.', '2007-04-02 12:58:28', 'Ashlie Potter'),
(1784, 88, 141, 9, '2007-03-26', ' Our cup was stolen.', '2007-04-02 12:58:41', 'Bryce, Eve, Aimee'),
(1785, 105, 141, 18, '2007-03-26', ' we had to pur out a lot of water from the cup.', '2007-04-02 13:47:44', 'Natalia Bunzell, Tyler Hahn, Harley Nogan'),
(1786, 105, 141, 18, '2007-03-22', ' dumped out water.', '2007-04-02 13:50:45', 'sean, mason, richard'),
(1787, 105, 141, 18, '2007-03-22', ' dumped out water.', '2007-04-02 13:50:47', 'sean, mason, richard'),
(1788, 105, 141, 18, '2007-03-22', ' We had water and dirt in our cup.', '2007-04-02 13:50:48', 'Gina, Shaney, Nate, and Samantha'),
(1789, 105, 141, 18, '2007-03-22', ' dumped out water.', '2007-04-02 13:50:49', 'sean, mason, richard'),
(1790, 105, 141, 18, '2007-03-22', ' We had water and dirt in our cup.', '2007-04-02 13:50:56', 'Gina, Shaney, Nate, and Samantha'),
(1791, 105, 141, 18, '2007-03-22', ' We had water and dirt in our cup.', '2007-04-02 13:51:01', 'Gina, Shaney, Nate, and Samantha'),
(1792, 105, 141, 18, '2007-03-22', NULL, '2007-04-02 13:51:12', 'Eiji Dougal Kevin Matamoros  and Alana Cunningham '),
(1793, 105, 141, 18, '2007-03-26', ' our cup was vandalized and had a lot of mud leaves and a little bit of water.', '2007-04-02 13:51:25', 'Emily, Amanda, Caitlyn'),
(1794, 105, 141, 18, '2007-03-26', ' our cup was vandalized and had a lot of mud leaves and a little bit of water.', '2007-04-02 13:51:30', 'Emily, Amanda, Caitlyn'),
(1795, 105, 141, 18, '2007-03-22', ' cup was half full of water when pulled out of ground', '2007-04-02 13:54:38', 'savanna lujan, sarai gardumo'),
(1796, 105, 141, 18, '2009-03-22', NULL, '2007-04-02 13:56:36', 'ashley parsons'),
(1797, 160, 31, 57, '2006-12-11', NULL, '2007-05-11 07:10:39', 'Kaytlyn'),
(1798, 160, 31, 57, '2006-12-11', NULL, '2007-05-11 07:11:43', 'Kyle'),
(1799, 160, 31, 57, '2006-12-11', NULL, '2007-05-11 07:12:37', 'Shawn'),
(1800, 160, 31, 57, '2006-12-11', NULL, '2007-05-11 07:13:37', 'Damaris'),
(1801, 160, 31, 57, '2006-12-11', NULL, '2007-05-11 07:15:14', 'Parker'),
(1802, 160, 31, 57, '2006-12-11', NULL, '2007-05-11 07:22:03', 'emily'),
(1803, 160, 31, 57, '2006-12-11', NULL, '2007-05-11 07:23:22', 'Andrew'),
(1804, 160, 31, 57, '2006-12-11', NULL, '2007-05-11 07:24:19', 'Nicole'),
(1805, 160, 31, 57, '2006-12-11', NULL, '2007-05-11 07:25:51', 'Autumn'),
(1806, 187, 44, 72, '2007-01-29', NULL, '2007-05-11 15:52:13', 'Ally'),
(1807, 187, 44, 72, '2007-01-29', NULL, '2007-05-11 15:55:05', 'Jalen'),
(1808, 186, 43, 69, '2007-01-29', NULL, '2007-05-12 11:23:48', 'Anna'),
(1809, 186, 43, 69, '2007-01-29', NULL, '2007-05-12 11:25:21', 'Bradyn'),
(1810, 186, 43, 69, '2007-01-29', NULL, '2007-05-12 11:27:48', 'Mayra'),
(1811, 186, 43, 69, '2007-01-29', NULL, '2007-05-12 11:29:23', 'jUNIOR'),
(1812, 186, 43, 69, '2007-01-29', NULL, '2007-05-12 11:30:26', 'Zac'),
(1813, 186, 43, 69, '2007-01-29', NULL, '2007-05-12 11:31:40', 'Kailani'),
(1814, 186, 43, 69, '2007-01-29', NULL, '2007-05-12 11:32:31', 'Cody'),
(1815, 186, 43, 69, '2007-01-29', NULL, '2007-05-12 11:33:31', 'Jacky'),
(1816, 186, 43, 69, '2007-01-29', NULL, '2007-05-12 11:35:03', 'Dillon'),
(1817, 187, 34, 72, '2007-01-29', NULL, '2007-05-12 12:01:56', 'Kyle'),
(1818, 187, 34, 72, '2007-01-29', NULL, '2007-05-12 12:03:15', 'carolyn'),
(1819, 187, 34, 72, '2007-01-29', NULL, '2007-05-12 12:04:32', 'Jacob'),
(1820, 187, 34, 72, '2007-01-29', NULL, '2007-05-12 12:06:28', 'Marcus'),
(1821, 187, 34, 72, '2007-01-29', NULL, '2007-05-12 12:07:50', 'Karina'),
(1822, 187, 34, 72, '2007-01-29', NULL, '2007-05-12 17:33:51', 'Tyler'),
(1823, 187, 34, 72, '2007-01-29', NULL, '2007-05-12 17:35:22', 'Sherry'),
(1824, 160, 31, 57, '2007-01-29', NULL, '2007-05-12 17:37:26', 'Zuri'),
(1825, 160, 31, 57, '2007-01-29', NULL, '2007-05-12 17:38:21', 'Bryan'),
(1826, 160, 31, 57, '2007-01-29', NULL, '2007-05-12 17:39:47', 'Colton'),
(1827, 160, 31, 57, '2007-01-29', NULL, '2007-05-12 17:40:37', 'jordan'),
(1828, 160, 31, 57, '2007-01-29', NULL, '2007-05-12 17:41:25', 'Natalie'),
(1829, 160, 31, 57, '2007-01-29', NULL, '2007-05-12 17:42:13', 'Abbie'),
(1830, 160, 31, 57, '2007-01-29', NULL, '2007-05-12 17:43:16', 'Austin'),
(1831, 160, 31, 57, '2007-01-29', NULL, '2007-05-12 17:44:06', 'Rosalba'),
(1832, 160, 31, 57, '2007-01-29', NULL, '2007-05-12 17:49:14', 'Michael'),
(1833, 160, 31, 57, '2007-01-29', NULL, '2007-05-12 17:50:19', 'Victor'),
(1834, 142, 44, 27, '2007-01-29', NULL, '2007-05-12 17:51:46', 'Julio'),
(1835, 142, 44, 27, '2007-01-29', NULL, '2007-05-12 17:53:08', 'Chanice'),
(1836, 142, 44, 27, '2007-01-29', NULL, '2007-05-12 17:53:57', 'Brighton'),
(1837, 142, 44, 27, '2007-01-29', NULL, '2007-05-12 17:55:06', 'Kim'),
(1838, 142, 44, 27, '2007-01-29', NULL, '2007-05-12 17:55:55', 'Briton'),
(1839, 142, 44, 27, '2007-01-29', NULL, '2007-05-12 17:56:41', 'Heather'),
(1840, 142, 44, 27, '2007-01-29', NULL, '2007-05-12 17:58:02', 'Frankey'),
(1841, 142, 44, 27, '2007-01-29', NULL, '2007-05-12 18:27:51', 'Trent'),
(1842, 142, 44, 27, '2007-03-05', NULL, '2007-05-12 18:46:45', 'Julio'),
(1843, 142, 44, 27, '2007-03-05', NULL, '2007-05-12 18:48:33', 'Montana'),
(1844, 142, 44, 27, '2007-03-05', NULL, '2007-05-12 18:56:29', 'Brighton'),
(1845, 142, 44, 27, '2007-03-05', NULL, '2007-05-12 18:57:49', 'Kim'),
(1846, 142, 44, 27, '2007-03-05', NULL, '2007-05-12 18:58:57', 'James'),
(1847, 142, 44, 27, '2007-03-05', NULL, '2007-05-12 19:01:05', 'Chaz'),
(1848, 142, 44, 27, '2007-03-05', NULL, '2007-05-12 19:02:15', 'Trent'),
(1849, 142, 44, 27, '2007-03-05', NULL, '2007-05-12 19:03:55', 'Frankey'),
(1850, 142, 44, 27, '2007-03-05', NULL, '2007-05-12 19:05:06', 'Doug'),
(1851, 186, 43, 69, '2007-03-05', NULL, '2007-05-12 19:07:01', 'Antonio'),
(1852, 186, 43, 69, '2007-03-05', NULL, '2007-05-12 19:08:08', 'Bradyn'),
(1853, 186, 43, 69, '2007-03-05', NULL, '2007-05-12 19:09:28', 'Tayla'),
(1854, 186, 43, 69, '2007-03-05', NULL, '2007-05-12 19:27:59', 'Bradyn'),
(1855, 186, 43, 69, '2007-03-05', NULL, '2007-05-12 19:29:43', 'Mayra'),
(1856, 186, 43, 69, '2007-03-05', NULL, '2007-05-12 19:31:54', 'Jordan'),
(1857, 186, 43, 69, '2007-03-05', NULL, '2007-05-12 19:33:44', 'Kailani'),
(1858, 186, 43, 69, '2007-03-05', NULL, '2007-05-12 19:34:51', 'Cody'),
(1859, 186, 43, 69, '2007-03-05', NULL, '2007-05-12 19:36:03', 'Kaitlyn'),
(1860, 186, 43, 69, '2007-03-05', NULL, '2007-05-12 19:37:04', 'Dillon'),
(1861, 142, 44, 27, '2007-04-16', NULL, '2007-05-12 20:01:25', 'Julio'),
(1862, 142, 44, 27, '2007-04-16', NULL, '2007-05-12 20:02:38', 'MONTANA'),
(1863, 142, 44, 27, '2007-04-16', NULL, '2007-05-12 20:04:02', 'Brighton'),
(1864, 142, 44, 27, '2007-04-16', NULL, '2007-05-12 20:05:25', 'Kim'),
(1865, 142, 44, 27, '2007-04-16', NULL, '2007-05-12 20:06:43', 'Britain'),
(1866, 142, 44, 27, '2007-04-16', NULL, '2007-05-12 20:07:50', 'heather'),
(1867, 142, 44, 27, '2007-04-16', NULL, '2007-05-12 20:09:14', 'Chaz'),
(1868, 142, 44, 27, '2007-04-17', NULL, '2007-05-12 20:11:16', 'Michael'),
(1869, 142, 44, 27, '2007-04-16', NULL, '2007-05-12 20:34:47', 'Frankey'),
(1870, 142, 44, 27, '2007-04-16', NULL, '2007-05-12 20:36:14', 'doug'),
(1871, 186, 43, 69, '2007-04-16', NULL, '2007-05-12 20:37:34', 'Antonio'),
(1872, 186, 43, 69, '2007-04-16', NULL, '2007-05-12 20:38:41', 'Savannah'),
(1873, 186, 43, 69, '2007-04-16', NULL, '2007-05-12 20:39:51', 'Bradyn'),
(1874, 186, 43, 69, '2007-04-17', NULL, '2007-05-12 20:41:30', 'Mayra'),
(1875, 186, 43, 69, '2007-04-16', NULL, '2007-05-12 20:42:44', 'Jordan'),
(1876, 186, 43, 69, '2007-04-16', NULL, '2007-05-12 20:44:09', 'Zac'),
(1877, 186, 43, 69, '2007-04-17', NULL, '2007-05-12 20:46:19', 'Kailani'),
(1878, 186, 43, 69, '2007-04-17', NULL, '2007-05-12 20:48:26', 'John'),
(1879, 186, 43, 69, '2007-04-16', NULL, '2007-05-12 20:49:44', 'Kaitlyn'),
(1880, 186, 43, 69, '2007-04-16', NULL, '2007-05-12 21:00:17', 'Dillon'),
(1881, 13, 20, 5, '2007-04-17', NULL, '2007-05-12 21:05:16', 'Leah'),
(1882, 13, 20, 5, '2007-04-16', NULL, '2007-05-12 21:07:14', 'Nicolle'),
(1883, 13, 20, 5, '2007-04-16', NULL, '2007-05-12 21:09:07', 'Johnny'),
(1884, 13, 20, 5, '2007-04-16', NULL, '2007-05-12 21:11:19', 'Amber'),
(1885, 13, 20, 5, '2007-04-16', NULL, '2007-05-12 21:14:50', 'Briaunna'),
(1886, 13, 20, 5, '2007-04-16', NULL, '2007-05-12 21:16:11', 'Nick'),
(1887, 13, 20, 5, '2007-04-16', NULL, '2007-05-12 21:17:43', 'Natasha'),
(1888, 13, 20, 5, '2007-04-16', NULL, '2007-05-12 21:19:11', 'Evan'),
(1889, 13, 20, 5, '2007-04-16', NULL, '2007-05-12 21:20:18', 'LAURen'),
(1890, 160, 31, 57, '2007-04-16', NULL, '2007-05-12 21:22:42', 'Bryan'),
(1891, 160, 31, 57, '2007-04-17', NULL, '2007-05-12 21:24:16', 'Zuri'),
(1892, 160, 31, 57, '2007-04-16', NULL, '2007-05-12 21:25:32', 'Colton'),
(1893, 160, 31, 57, '2007-04-17', NULL, '2007-05-12 21:26:40', 'Jordan');
INSERT INTO `arthro_samples` (`id`, `site_id`, `teachers_class_id`, `habitat_id`, `collection_date`, `comments`, `date_entered`, `observer`) VALUES
(1894, 160, 31, 57, '2007-04-17', NULL, '2007-05-12 21:27:54', 'Natalie'),
(1895, 160, 31, 57, '2007-04-17', NULL, '2007-05-12 21:29:23', 'Abbie'),
(1896, 160, 31, 57, '2007-04-16', NULL, '2007-05-12 21:30:49', 'Austin'),
(1897, 160, 31, 57, '2007-04-16', NULL, '2007-05-12 21:32:18', 'BRIAUNNA'),
(1898, 160, 31, 57, '2007-04-16', NULL, '2007-05-12 21:33:23', 'Michael'),
(1899, 160, 31, 57, '2007-04-16', NULL, '2007-05-12 21:36:03', 'Victor'),
(1900, 13, 20, 5, '2007-05-07', NULL, '2007-05-14 07:11:29', 'Leah'),
(1901, 13, 20, 5, '2007-05-07', NULL, '2007-05-14 07:15:27', 'Jaime'),
(1902, 13, 20, 5, '2007-05-07', NULL, '2007-05-14 07:44:27', 'Kyrk'),
(1903, 13, 20, 5, '2007-05-07', NULL, '2007-05-14 07:47:03', 'Amber'),
(1904, 13, 20, 5, '2007-05-07', NULL, '2007-05-14 07:48:30', 'Jacqui'),
(1905, 13, 20, 5, '2007-05-07', NULL, '2007-05-14 07:50:46', 'Nick'),
(1906, 13, 20, 5, '2007-05-07', NULL, '2007-05-14 07:52:28', 'DJ'),
(1907, 13, 20, 5, '2007-05-07', NULL, '2007-05-14 07:54:08', 'Natasha'),
(1908, 13, 20, 5, '2007-05-07', NULL, '2007-05-14 07:55:41', 'James'),
(1909, 13, 20, 5, '2007-05-07', NULL, '2007-05-14 07:57:11', 'Lauren'),
(1910, 142, 44, 27, '2007-05-07', NULL, '2007-05-14 07:59:12', 'Julio'),
(1911, 142, 44, 27, '2007-05-07', ' `', '2007-05-14 08:00:20', 'Montana'),
(1912, 142, 44, 27, '2007-05-07', NULL, '2007-05-14 08:01:48', 'Tiana'),
(1913, 142, 44, 27, '2007-05-07', NULL, '2007-05-14 08:02:39', 'Kimberly'),
(1914, 142, 44, 27, '2007-05-07', NULL, '2007-05-14 08:03:43', 'Britain'),
(1915, 142, 44, 27, '2007-05-07', NULL, '2007-05-14 08:04:25', 'Heather'),
(1916, 142, 44, 27, '2007-05-07', NULL, '2007-05-14 08:05:56', 'Chaz'),
(1917, 142, 44, 27, '2007-05-07', NULL, '2007-05-14 08:06:45', 'Trenton'),
(1918, 142, 44, 27, '2007-05-07', NULL, '2007-05-14 08:07:46', 'Frankey'),
(1919, 142, 44, 27, '2007-05-07', NULL, '2007-05-14 08:08:55', 'Sam'),
(1920, 186, 43, 69, '2007-05-07', NULL, '2007-05-14 08:10:49', 'Gabe'),
(1921, 186, 43, 69, '2007-05-07', NULL, '2007-05-14 08:11:53', 'Savannah'),
(1922, 186, 43, 69, '2007-05-07', NULL, '2007-05-14 08:12:42', 'Bradyn'),
(1923, 186, 43, 69, '2007-05-07', NULL, '2007-05-14 08:14:15', 'Mayra'),
(1924, 186, 43, 69, '2007-05-07', NULL, '2007-05-14 08:37:03', 'Junior'),
(1925, 186, 43, 69, '2007-05-07', NULL, '2007-05-14 08:38:08', 'Antonio'),
(1926, 186, 43, 69, '2007-05-07', NULL, '2007-05-14 08:38:51', 'Kailani'),
(1927, 186, 43, 69, '2007-05-07', NULL, '2007-05-14 08:39:50', 'Cody'),
(1928, 186, 43, 69, '2007-05-07', NULL, '2007-05-14 08:41:04', 'Jacky'),
(1929, 187, 34, 72, '2007-05-05', NULL, '2007-05-16 20:13:27', 'Brittney'),
(1930, 187, 34, 72, '2007-05-07', NULL, '2007-05-16 20:14:54', 'bLAKE'),
(1931, 187, 34, 72, '2007-05-07', NULL, '2007-05-16 20:16:01', 'Howie'),
(1932, 187, 34, 72, '2007-05-07', NULL, '2007-05-16 20:23:13', 'Tylerj'),
(1933, 187, 34, 72, '2007-05-07', NULL, '2007-05-16 20:24:21', 'Karinak'),
(1934, 187, 34, 72, '2007-05-07', NULL, '2007-05-16 20:25:33', 'Drew'),
(1935, 187, 34, 72, '2006-05-07', NULL, '2007-05-16 20:34:13', 'Marcus'),
(1936, 187, 34, 72, '2007-05-07', NULL, '2007-05-16 20:35:27', 'Hannah'),
(1937, 187, 34, 72, '2007-05-07', NULL, '2007-05-16 20:36:25', 'Austin'),
(1938, 187, 34, 72, '2007-05-07', NULL, '2007-05-16 20:39:01', 'Sheerry'),
(1939, 335, 142, 107, '2007-05-29', NULL, '2007-05-29 09:04:52', 'Tina'),
(1940, 335, 131, 107, '2007-06-21', NULL, '2007-06-25 13:57:13', 'Kathy '),
(1941, 330, 131, 103, '2007-06-19', NULL, '2007-06-25 14:18:58', 'Melissa'),
(1942, 331, 131, 104, '2007-06-19', NULL, '2007-06-25 14:27:04', 'Michelle'),
(1943, 13, 20, 5, '2007-01-29', NULL, '2007-06-25 15:14:35', 'Leah'),
(1944, 13, 20, 5, '2007-01-29', NULL, '2007-06-25 15:15:39', 'Kyrk'),
(1945, 13, 20, 5, '2007-01-29', NULL, '2007-06-25 15:16:46', 'Jordan'),
(1946, 13, 20, 5, '2007-01-29', NULL, '2007-06-25 15:17:53', 'Brianna'),
(1947, 13, 20, 5, '2007-01-29', NULL, '2007-06-25 15:18:52', 'Brian'),
(1948, 13, 20, 5, '2007-01-29', ' Unidentified had wings', '2007-06-25 15:19:53', 'Tadakuni'),
(1949, 13, 20, 5, '2007-01-29', NULL, '2007-06-25 15:20:43', 'Angelica'),
(1950, 13, 20, 5, '2007-01-29', NULL, '2007-06-25 15:21:40', 'Mikey'),
(1951, 187, 34, 72, '2002-05-17', NULL, '2007-07-27 13:16:44', 'Aleah'),
(1952, 187, 34, 72, '2002-05-17', NULL, '2007-07-27 13:18:07', 'Brad'),
(1953, 187, 34, 72, '2002-05-17', NULL, '2007-07-27 13:19:31', 'Caree'),
(1954, 187, 34, 72, '2002-05-17', NULL, '2007-07-27 13:20:56', 'Alyssa'),
(1955, 187, 34, 72, '2002-05-17', NULL, '2007-07-27 13:22:11', 'Hailey'),
(1956, 187, 34, 72, '2002-05-17', NULL, '2007-07-27 13:23:58', 'Jenna'),
(1957, 187, 34, 72, '2002-05-17', NULL, '2007-07-27 13:25:43', 'Mireya'),
(1958, 187, 34, 72, '2002-05-17', NULL, '2007-07-27 13:26:38', 'Zac'),
(1959, 160, 20, 57, '2003-08-25', NULL, '2007-07-27 13:50:27', 'Tesleah'),
(1960, 160, 20, 57, '2003-08-25', NULL, '2007-07-27 13:51:51', 'Gus'),
(1961, 160, 20, 57, '2003-08-25', NULL, '2007-07-27 13:53:03', 'Jeremy'),
(1962, 160, 20, 57, '2003-08-25', NULL, '2007-07-27 13:54:58', 'Frank'),
(1963, 160, 20, 57, '2003-08-25', NULL, '2007-07-27 13:56:52', 'tyleradrianlangstaff'),
(1964, 160, 20, 57, '2003-08-25', NULL, '2007-07-27 13:58:58', 'Marissa'),
(1965, 160, 20, 57, '2003-08-25', NULL, '2007-07-27 14:01:41', 'Crystal'),
(1966, 160, 20, 57, '2003-08-25', NULL, '2007-07-27 14:03:15', 'Derek'),
(1967, 160, 20, 57, '2003-08-25', NULL, '2007-07-27 14:06:00', 'Jenni'),
(1968, 160, 20, 57, '2007-08-28', NULL, '2007-07-27 14:08:32', 'Alyssha'),
(1969, 148, 74, 40, '2007-10-01', NULL, '2007-10-02 08:33:57', 'Student'),
(1970, 146, 75, 35, '2007-10-01', NULL, '2007-10-02 09:33:50', 'Student'),
(1971, 145, 76, 32, '2007-10-01', NULL, '2007-10-02 12:23:26', 'Daryl Dubas'),
(1972, 145, 76, 32, '2007-10-01', NULL, '2007-10-02 12:29:37', 'Daryl Dubas'),
(1973, 156, 134, 48, '2007-10-01', NULL, '2007-10-02 13:11:24', 'Daryl Dubas'),
(1974, 157, 143, 52, '2007-10-01', NULL, '2007-10-02 14:24:28', 'Daryl Dubas'),
(1975, 148, 74, 40, '2007-10-01', NULL, '2007-10-03 10:33:49', 'Student'),
(1976, 109, 144, 19, '2007-10-15', NULL, '2007-10-26 14:07:08', 'Mr. Jung'),
(1977, 316, 144, 96, '2007-10-16', NULL, '2007-11-02 13:35:09', 'Amanda,Jung,Marilee'),
(1978, 316, 144, 96, '2007-10-16', NULL, '2007-11-02 13:37:08', 'Jung,Amanda,Marilee'),
(1979, 145, NULL, 33, '2009-09-28', ' Lawn area has not been watered regularly for some time.', '2009-10-02 00:00:00', 'Dubas'),
(1980, 186, 44, 69, '2008-09-08', NULL, '2009-10-18 00:00:00', 'Nina'),
(1981, 186, 44, 69, '2008-09-08', NULL, '2009-10-18 00:00:00', 'Cody'),
(1982, 186, 44, 69, '2008-09-08', NULL, '2009-10-18 00:00:00', 'Rachel'),
(1983, 186, 44, 69, '2008-09-08', NULL, '2009-10-18 00:00:00', 'Durae'),
(1984, 186, 44, 69, '2008-09-08', NULL, '2009-10-18 00:00:00', 'Ethan'),
(1985, 186, 44, 69, '2008-09-08', NULL, '2009-10-18 00:00:00', 'Emily'),
(1986, 186, 44, 69, '2008-09-08', NULL, '2009-10-18 00:00:00', 'Ricardo'),
(1987, 186, 44, 69, '2008-09-08', NULL, '2009-10-18 00:00:00', 'Jordan'),
(1988, 186, 44, 69, '2008-09-08', NULL, '2009-10-18 00:00:00', 'Rian'),
(1989, 186, 44, 69, '2008-09-08', NULL, '2009-10-18 00:00:00', 'Brett'),
(1990, 13, 31, 5, '2007-03-05', NULL, '2009-10-19 00:00:00', 'Josh'),
(1991, 13, 31, 5, '2007-03-05', NULL, '2009-10-19 00:00:00', 'Jamie'),
(1992, 13, 31, 5, '2007-03-05', NULL, '2009-10-19 00:00:00', 'Cody'),
(1993, 13, 31, 5, '2007-03-05', NULL, '2009-10-19 00:00:00', 'Jenna'),
(1994, 13, 31, 5, '2007-03-05', NULL, '2009-10-19 00:00:00', 'Nick'),
(1995, 13, 31, 5, '2007-03-05', NULL, '2009-10-19 00:00:00', 'pEARL'),
(1996, 13, 31, 5, '2007-03-05', NULL, '2009-10-19 00:00:00', 'Natasha'),
(1997, 13, 31, 5, '2007-03-05', NULL, '2009-10-19 00:00:00', 'Mikey'),
(1998, 13, 31, 5, '2007-03-05', NULL, '2009-10-19 00:00:00', 'Celeste'),
(1999, 148, NULL, 40, '2009-09-28', NULL, '2009-10-21 00:00:00', 'Daryl Dubas'),
(2000, 156, NULL, 48, '2009-09-28', NULL, '2009-10-21 00:00:00', 'Daryl Dubas'),
(2001, 186, 31, 69, '2009-10-05', NULL, '2010-01-07 00:00:00', 'hannah'),
(2002, 186, 31, 69, '2009-10-05', NULL, '2010-01-07 00:00:00', 'jade'),
(2003, 186, 31, 69, '2009-10-05', NULL, '2010-01-07 00:00:00', 'Alaina'),
(2004, 186, 31, 69, '2009-10-05', NULL, '2010-01-07 00:00:00', 'nick'),
(2005, 186, 31, 69, '2009-10-05', NULL, '2010-01-07 00:00:00', 'priscilla'),
(2006, 186, 31, 69, '2009-10-05', NULL, '2010-01-07 00:00:00', 'Sadiiq'),
(2007, 187, 34, 72, '2008-09-08', NULL, '2010-01-07 00:00:00', 'Dakota'),
(2008, 187, 34, 72, '2008-09-08', NULL, '2010-01-07 00:00:00', 'angel'),
(2009, 187, 34, 72, '2008-09-08', NULL, '2010-01-07 00:00:00', 'danielle'),
(2010, 160, 37, 57, '2008-10-05', NULL, '2010-01-07 00:00:00', 'Adrian'),
(2011, 160, 37, 57, '2009-10-05', NULL, '2010-01-07 00:00:00', 'seth'),
(2012, 160, 37, 57, '2009-10-05', NULL, '2010-01-07 00:00:00', 'jeremy'),
(2013, 160, 37, 57, '2009-09-05', NULL, '2010-01-07 00:00:00', 'Max'),
(2014, 160, 37, 57, '2009-10-05', NULL, '2010-01-07 00:00:00', 'ashly'),
(2015, 160, 37, 57, '2009-10-05', NULL, '2010-01-07 00:00:00', 'Lacey'),
(2016, 160, 37, 57, '2009-10-05', NULL, '2010-01-07 00:00:00', 'Cassidy'),
(2017, 160, 37, 57, '2009-09-05', NULL, '2010-01-07 00:00:00', 'Kris'),
(2018, 160, 37, 57, '2009-10-05', NULL, '2010-01-07 00:00:00', 'Fabian'),
(2019, 219, NULL, 79, '2008-03-03', NULL, '2010-02-04 00:00:00', 'Cheryl Vitale'),
(2020, 13, 31, 5, '2007-01-29', NULL, '2010-02-26 00:00:00', 'Leah'),
(2021, 78, 37, 8, '2007-09-24', NULL, '2010-02-26 00:00:00', 'Kevin'),
(2022, 78, 37, 8, '2007-09-24', NULL, '2010-02-26 00:00:00', 'Caitlin'),
(2023, 78, 37, 8, '2007-09-24', NULL, '2010-02-26 00:00:00', 'Andrew'),
(2024, 78, 37, 8, '2007-09-24', NULL, '2010-02-26 00:00:00', 'Pamela'),
(2025, 78, 37, 8, '2007-09-24', NULL, '2010-02-26 00:00:00', 'Kalayn'),
(2026, 78, 37, 8, '2007-09-24', NULL, '2010-02-26 00:00:00', 'Keoni'),
(2027, 78, 37, 8, '2007-09-24', NULL, '2010-02-26 00:00:00', 'Deigo'),
(2028, 78, 37, 8, '2007-09-24', NULL, '2010-02-26 00:00:00', 'Holly'),
(2029, 78, 37, 8, '2007-09-24', NULL, '2010-02-26 00:00:00', 'Lorenzo'),
(2030, 78, 37, 8, '2007-09-24', NULL, '2010-02-26 00:00:00', 'Maritza'),
(2031, 78, 37, 8, '2007-10-22', NULL, '2010-02-26 00:00:00', 'Kevin'),
(2032, 78, 37, 8, '2007-10-22', NULL, '2010-02-26 00:00:00', 'Caitlyn'),
(2033, 78, 37, 8, '2007-10-22', NULL, '2010-02-26 00:00:00', 'Andrew'),
(2034, 78, 37, 8, '2007-10-22', NULL, '2010-02-26 00:00:00', 'Pamela'),
(2035, 78, 37, 8, '2007-10-22', NULL, '2010-02-26 00:00:00', 'Kalayn'),
(2036, 78, 37, 8, '2007-10-22', NULL, '2010-02-26 00:00:00', 'Anthony'),
(2037, 78, 37, 8, '2007-10-22', NULL, '2010-02-26 00:00:00', 'Diego'),
(2038, 78, 37, 8, '2007-10-22', NULL, '2010-02-26 00:00:00', 'Hooy'),
(2039, 78, 37, 8, '2007-10-22', NULL, '2010-02-26 00:00:00', 'Lorenzo'),
(2040, 78, 37, 8, '2007-10-22', NULL, '2010-02-26 00:00:00', 'Maritza'),
(2041, 195, NULL, 73, '2009-01-01', ' test at 3:25', '2010-04-29 00:00:00', 'GIOS - Raul Aguilar'),
(2042, 187, 34, 72, '2009-11-16', NULL, '2010-05-07 00:00:00', 'Naomi'),
(2043, 187, 34, 72, '2009-11-16', NULL, '2010-05-07 00:00:00', 'Alaina'),
(2044, 187, 34, 72, '2009-11-16', NULL, '2010-05-07 00:00:00', 'Sam'),
(2045, 187, 34, 72, '2009-11-16', NULL, '2010-05-07 00:00:00', 'Kelsey'),
(2046, 187, 34, 72, '2009-11-16', NULL, '2010-05-07 00:00:00', 'Ludwika'),
(2047, 187, 34, 72, '2009-11-16', NULL, '2010-05-07 00:00:00', 'Nick'),
(2048, 187, 34, 72, '2009-11-19', NULL, '2010-05-07 00:00:00', 'Julia'),
(2049, 187, 34, 72, '2009-11-16', NULL, '2010-05-07 00:00:00', 'Crystal'),
(2050, 187, 34, 72, '2009-11-16', NULL, '2010-05-07 00:00:00', 'Cody Hardy'),
(2051, 187, 34, 72, '2009-11-16', NULL, '2010-05-07 00:00:00', 'Mason'),
(2052, 186, 31, 69, '2009-11-16', NULL, '2010-05-07 00:00:00', 'Bri'),
(2053, 186, 31, 69, '2009-11-16', NULL, '2010-05-07 00:00:00', 'Arturo'),
(2054, 186, 31, 69, '2009-11-16', NULL, '2010-05-07 00:00:00', 'Nash'),
(2055, 186, 31, 69, '2009-10-16', NULL, '2010-05-07 00:00:00', 'Mia'),
(2056, 186, 31, 69, '2009-11-16', NULL, '2010-05-07 00:00:00', 'Manuel'),
(2057, 186, 31, 69, '2009-11-16', NULL, '2010-05-07 00:00:00', 'marisela'),
(2058, 186, 31, 69, '2009-11-16', NULL, '2010-05-07 00:00:00', 'Maurice'),
(2059, 186, 31, 69, '2009-11-16', NULL, '2010-05-07 00:00:00', 'Brandon'),
(2060, 160, 37, 57, '2009-11-16', NULL, '2010-05-07 00:00:00', 'Ivan'),
(2061, 160, 37, 57, '2009-11-16', NULL, '2010-05-07 00:00:00', 'Mario'),
(2062, 160, 37, 57, '2009-11-16', NULL, '2010-05-07 00:00:00', 'Lacey'),
(2063, 160, 37, 57, '2009-11-16', NULL, '2010-05-07 00:00:00', 'Ashly'),
(2064, 160, 37, 57, '2009-11-16', NULL, '2010-05-07 00:00:00', 'Cassidy'),
(2065, 160, 37, 57, '2009-11-16', NULL, '2010-05-07 00:00:00', 'Daniel'),
(2066, 160, 37, 57, '2009-11-16', NULL, '2010-05-07 00:00:00', 'Fabian'),
(2067, 160, 37, 57, '2009-11-16', NULL, '2010-05-07 00:00:00', 'Adam'),
(2068, 187, 34, 72, '2008-10-05', NULL, '2010-05-07 00:00:00', 'Gabby'),
(2069, 187, 34, 72, '2008-10-05', NULL, '2010-05-07 00:00:00', 'Harli'),
(2070, 187, 34, 72, '2008-10-05', NULL, '2010-05-07 00:00:00', 'Kathryn'),
(2071, 187, 34, 72, '2008-10-05', NULL, '2010-05-07 00:00:00', 'Logan'),
(2072, 187, 34, 72, '2008-10-05', NULL, '2010-05-07 00:00:00', 'Dustin'),
(2073, 187, 34, 72, '2008-10-05', NULL, '2010-05-07 00:00:00', 'Jacob'),
(2074, 187, 34, 72, '2008-10-05', NULL, '2010-05-07 00:00:00', 'Jeremy'),
(2075, 187, 34, 72, '2008-10-05', NULL, '2010-05-07 00:00:00', 'Alyx'),
(2076, 187, 34, 72, '2008-10-05', NULL, '2010-05-07 00:00:00', 'Shavonnie'),
(2077, 187, 34, 72, '2008-11-03', NULL, '2010-05-07 00:00:00', 'Joselyn'),
(2078, 187, 34, 72, '2008-11-03', NULL, '2010-05-07 00:00:00', 'Abbi'),
(2079, 187, 34, 72, '2008-11-03', NULL, '2010-05-07 00:00:00', 'Alison'),
(2080, 187, 34, 72, '2008-11-03', NULL, '2010-05-07 00:00:00', 'Logan'),
(2081, 187, 34, 72, '2008-11-03', NULL, '2010-05-07 00:00:00', 'Mady'),
(2082, 187, 34, 72, '2008-11-03', NULL, '2010-05-07 00:00:00', 'Gabby'),
(2083, 187, 34, 72, '2008-11-03', NULL, '2010-05-07 00:00:00', 'Sonia'),
(2084, 187, 34, 72, '2008-11-03', NULL, '2010-05-07 00:00:00', 'Jacob'),
(2085, 142, 44, 27, '2008-09-08', NULL, '2010-05-07 00:00:00', 'Crystal'),
(2086, 142, 44, 27, '2008-09-08', NULL, '2010-05-07 00:00:00', 'Andy'),
(2087, 142, 44, 27, '2008-09-08', NULL, '2010-05-07 00:00:00', 'Abby'),
(2088, 142, 44, 27, '2008-09-08', NULL, '2010-05-07 00:00:00', 'Jenna'),
(2089, 142, 44, 27, '2008-09-08', NULL, '2010-05-07 00:00:00', 'Marissa'),
(2090, 142, 44, 27, '2008-08-08', NULL, '2010-05-07 00:00:00', 'Hunter'),
(2091, 142, 44, 27, '2008-09-08', NULL, '2010-05-07 00:00:00', 'Nate'),
(2092, 142, 44, 27, '2008-09-08', NULL, '2010-05-07 00:00:00', 'Christian'),
(2093, 142, 44, 27, '2008-09-08', NULL, '2010-05-07 00:00:00', 'Dominique'),
(2094, 142, 44, 27, '2008-09-08', NULL, '2010-05-07 00:00:00', 'Morgan'),
(2095, 156, NULL, 48, '2010-05-03', NULL, '2010-06-25 00:00:00', 'Period 1'),
(2096, 156, NULL, 48, '2010-05-03', NULL, '2010-06-25 00:00:00', 'Period 1'),
(2097, 157, NULL, 52, '2010-05-03', NULL, '2010-06-25 00:00:00', 'Period 2'),
(2098, 157, NULL, 52, '2010-05-03', NULL, '2010-06-25 00:00:00', 'Period 2'),
(2099, 145, NULL, 33, '2010-05-03', NULL, '2010-06-25 00:00:00', 'Period 3'),
(2100, 145, NULL, 33, '2010-05-03', NULL, '2010-06-25 00:00:00', 'Period 3'),
(2101, 144, NULL, 29, '2009-05-03', ' Trap 6 Mantodea-1', '2010-06-25 00:00:00', 'Period 5'),
(2102, 146, NULL, 35, '2010-05-03', NULL, '2010-06-25 00:00:00', 'Period 6'),
(2103, 2, 147, 1, '2010-06-24', ' rachnids were not specified, they were entered are Araneae', '2010-06-28 00:00:00', 'Larry Langstaff, Monica Elser, Gina Hupton, Mesa teachers'),
(2104, 187, 147, 72, '2010-06-24', NULL, '2010-06-28 00:00:00', 'Larry Langstaff, Monica Elser, Gina Hupton, Mesa teachers'),
(2105, 187, 147, 72, '2010-06-24', ' continued from earlier submission', '2010-06-28 00:00:00', 'Larry Langstaff, Monica Elser, Gina Hupton, Mesa teachers'),
(2106, 156, NULL, 48, '2011-04-29', NULL, '2011-07-20 00:00:00', 'Period 2'),
(2107, 156, NULL, 48, '2011-04-29', NULL, '2011-07-20 00:00:00', 'Period 2'),
(2108, 157, NULL, 52, '2011-04-29', NULL, '2011-07-20 00:00:00', 'Period 3'),
(2109, 157, NULL, 52, '2011-04-29', NULL, '2011-07-20 00:00:00', 'Period 3'),
(2110, 155, NULL, 43, '2011-04-29', NULL, '2011-07-20 00:00:00', 'Period 4'),
(2111, 155, NULL, 43, '2011-04-29', NULL, '2011-07-20 00:00:00', 'Period 4'),
(2112, 146, NULL, 35, '2011-04-29', NULL, '2011-07-20 00:00:00', 'Period 6'),
(2113, 146, NULL, 35, '2010-04-29', NULL, '2011-07-20 00:00:00', 'Period 6'),
(2114, 144, NULL, 29, '2011-04-29', NULL, '2011-07-20 00:00:00', 'Period 7'),
(2115, 144, NULL, 29, '2011-04-29', NULL, '2011-07-20 00:00:00', 'Period 7'),
(2116, 156, 148, 48, '2012-04-30', ' trap ID6 Urneae 1 trap ID 10 mantodea 1', '2012-05-01 00:00:00', 'bjcortez'),
(2117, 157, 149, 52, '2012-04-30', NULL, '2012-05-01 00:00:00', 'bjcortez'),
(2118, 155, 150, 43, '2012-04-30', NULL, '2012-05-01 00:00:00', 'bjcortez'),
(2119, 146, 151, 35, '2012-04-30', NULL, '2012-05-01 00:00:00', 'bjcortez'),
(2120, 146, 151, 35, '2012-04-30', ' Mantodea-1', '2012-05-01 00:00:00', 'bjcortez'),
(2121, 144, 152, 29, '2012-04-30', NULL, '2012-05-01 00:00:00', 'bjcortez'),
(2122, 367, 153, 114, '2012-04-16', ' And 33 7th grade students. All data is a combination of the 10 collection cups.', '2012-05-31 00:00:00', 'John Dole and Jon Hutman'),
(2123, 299, 153, 93, '2012-04-16', ' 32 7th grade students. All traps have been collected and the data below is a summary of the 10 traps.', '2012-05-31 00:00:00', 'John Dole and Jon Hutman'),
(2124, 270, 153, 84, '2012-04-16', ' 34 7th grade students collected data. All data collected from traps has been summarized below.', '2012-05-31 00:00:00', 'John Dole and Jon Hutman'),
(2125, 325, 153, 100, '2012-04-16', ' 31 7th grade students. All traps were counted and the data below is a summary of what was found in the 10 traps.', '2012-05-31 00:00:00', 'John Dole and Jon Hutman'),
(2126, 397, 131, 127, '2012-06-14', NULL, '2012-06-14 00:00:00', 'Summer Interns'),
(2127, 397, 131, 127, '2012-06-14', NULL, '2012-06-14 00:00:00', 'Summer Interns'),
(2128, 369, 154, 116, '2012-08-31', ' Group members: Joe Cook Natalie Urquiza', '2012-10-05 00:00:00', ' Brandon Burroughs'),
(2129, 369, 154, 117, '2012-08-31', ' Group Members: Emily Muduro Trevor Smith', '2012-10-05 00:00:00', 'Shubert Cysneros'),
(2130, 369, 154, 117, '2012-08-31', ' Group members: Bryan Glasco Kevin Levison', '2012-10-05 00:00:00', 'Sam Diaz'),
(2131, 369, 154, 117, '2012-08-31', ' Group members: Ashley Harley Chris Hostiuc Jillian Zismann', '2012-10-05 00:00:00', 'Shelby Christopher'),
(2132, 369, 154, 117, '2012-08-31', ' Group members: Glenda Pacheco Dylan N', '2012-10-05 00:00:00', 'Patrick Hale'),
(2133, 369, 154, 117, '2012-08-31', ' Group members: Cody Grant Daniel Pereza', '2012-10-05 00:00:00', 'Ariana Adkinson'),
(2134, 369, 154, 117, '2012-08-31', ' Group members: Demarkis Reese Dylan Woisin', '2012-10-05 00:00:00', 'Lauren Mcneill'),
(2135, 367, 156, 115, '2012-11-02', ' All 10 traps were classified by students and the data below is a summary of all 10 traps.', '2012-11-21 00:00:00', 'John Dole and Jon Hutman'),
(2136, 299, 157, 94, '2012-11-02', ' Data below is a summary of all 10 traps', '2012-11-21 00:00:00', 'John Dole and Jon Hutman'),
(2137, 196, 158, 74, '2012-11-05', ' All data has been summarized and will be recorded as cup #4.', '2012-12-03 00:00:00', 'John Dole and Jon Hutman'),
(2138, 325, 159, 101, '2012-11-05', ' All traps were classified and recorded as a class. All data will be a summary, trap 6 represents 6th period.', '2012-12-03 00:00:00', 'John Dole and Jon Hutman'),
(2139, 156, 148, 49, '2013-04-29', NULL, '2013-05-06 00:00:00', 'Barbara Cortez'),
(2140, 156, 148, 49, '2013-04-29', NULL, '2013-05-06 00:00:00', 'Barbara Cortez'),
(2141, 156, 148, 49, '2013-04-29', NULL, '2013-05-06 00:00:00', 'Barbara Cortez'),
(2142, 155, 149, 44, '2013-04-29', NULL, '2013-05-06 00:00:00', 'Barbara Cortez'),
(2143, 155, 150, 45, '2013-04-29', NULL, '2013-05-06 00:00:00', 'Barbara Cortez'),
(2144, 157, 151, 53, '2013-04-29', NULL, '2013-05-06 00:00:00', 'Barbara Cortez'),
(2145, 157, 151, 53, '2013-04-29', NULL, '2013-05-06 00:00:00', 'Barbara Cortez'),
(2146, 144, 152, 30, '2013-04-29', NULL, '2013-05-06 00:00:00', 'Barbara Cortez'),
(2147, 144, 152, 30, '2013-04-29', NULL, '2013-05-06 00:00:00', 'Barbara Cortez'),
(2148, 155, 149, 45, '2013-04-29', NULL, '2013-05-06 00:00:00', 'Barbara Cortez'),
(2149, 155, 150, 45, '2013-04-29', NULL, '2013-05-06 00:00:00', 'Barbara Cortez'),
(2150, 174, 161, 59, '2013-05-09', NULL, '2013-05-09 00:00:00', 'Julia Perry');

-- --------------------------------------------------------

--
-- Table structure for table `arthro_specimens`
--

CREATE TABLE `arthro_specimens` (
  `id` int(11) NOT NULL AUTO_INCREMENT,
  `trap_no` varchar(20) NOT NULL,
  `arthro_taxon_id` int(11) DEFAULT NULL,
  `frequency` int(10) NOT NULL,
  `arthro_sample_id` int(11) NOT NULL,
  PRIMARY KEY (`id`),
  KEY `arthro_taxon_id` (`arthro_taxon_id`),
  KEY `arthro_sample_id` (`arthro_sample_id`)
) ENGINE=InnoDB  DEFAULT CHARSET=latin1 AUTO_INCREMENT=9505 ;

--
-- Dumping data for table `arthro_specimens`
--

INSERT INTO `arthro_specimens` (`id`, `trap_no`, `arthro_taxon_id`, `frequency`, `arthro_sample_id`) VALUES
(1, '1', 1, 10, 1),
(2, '1', 6, 1, 1),
(3, '1', 9, 3, 1),
(4, '1', 14, 1, 1),
(5, '1', 17, 1, 1),
(6, '1', 22, 40, 1),
(7, '1', 23, 1, 1),
(8, '1', 25, 5, 1),
(9, '1', 26, 9, 1),
(10, '1', 34, 3, 1),
(11, '5 East', 15, 3, 2),
(12, '5 East', 25, 7, 2),
(13, '4 East', 14, 4, 3),
(14, '4 East', 25, 3, 3),
(15, '3 east', 15, 2, 5),
(16, '3 east', 25, 2, 5),
(17, '2 east', 14, 1, 6),
(18, '2 east', 15, 4, 6),
(19, '2 east', 22, 7, 6),
(20, '2 east', 23, 1, 6),
(21, '1 east', 22, 5, 7),
(22, '2e', 6, 1, 9),
(23, '2e', 14, 26, 9),
(24, '2e', 15, 1, 9),
(25, '2e', 22, 65, 9),
(26, '4E', 6, 1, 10),
(27, '4E', 14, 6, 10),
(28, '4E', 22, 17, 10),
(29, '3W', 15, 1, 13),
(30, '5E', 15, 29, 14),
(31, '5E', 25, 6, 14),
(32, '2E', 6, 1, 15),
(33, '2E', 14, 21, 15),
(34, '2E', 15, 1, 15),
(35, '2E', 22, 65, 15),
(36, '3S', 15, 5, 16),
(37, '2S', 15, 2, 17),
(38, '2S', 25, 2, 17),
(39, '2S', 27, 1, 17),
(40, '4E', 6, 1, 18),
(41, '4E', 14, 6, 18),
(42, '4E', 22, 17, 18),
(43, '1N', 6, 3, 19),
(44, '2N', 15, 19, 20),
(45, '2N', 25, 2, 20),
(46, '1S', 15, 7, 23),
(47, '1S', 54, 1, 23),
(48, '2W', 1, 4, 24),
(49, '2W', 14, 2, 24),
(50, '2W', 22, 4, 24),
(51, '4S', 15, 16, 25),
(52, '5S', 6, 2, 26),
(53, '5S', 14, 1, 26),
(54, '5S', 25, 13, 26),
(55, '4E', 15, 2, 27),
(56, '4E', 54, 1, 27),
(57, '4W', 14, 1, 28),
(58, '2W', 15, 10, 29),
(59, '5E', 14, 1, 30),
(60, '5W', 15, 2, 31),
(61, '1W', 25, 1, 32),
(62, '1W', 54, 2, 32),
(63, '3E', 25, 2, 33),
(64, '3W', 6, 1, 34),
(65, '3W', 14, 1, 34),
(66, '3W', 15, 2, 34),
(67, '3W', 25, 1, 34),
(68, '1E', 14, 1, 35),
(69, '1E', 19, 1, 35),
(70, '1E', 22, 4, 35),
(71, '2E', 6, 16, 36),
(72, '2E', 14, 3, 36),
(73, '2E', 25, 7, 36),
(74, '2E', 54, 1, 36),
(75, '1W', 14, 1, 37),
(76, '1W', 15, 2, 37),
(77, '1E', 14, 1, 38),
(78, '4S', 25, 4, 39),
(79, '4S', 34, 2, 39),
(80, '3S', 6, 1, 40),
(81, '3S', 14, 1, 40),
(82, '3S', 15, 3, 40),
(83, '3S', 34, 1, 40),
(84, '4N', 14, 1, 41),
(85, '4N', 25, 2, 41),
(86, '2N', 25, 17, 42),
(87, '1N', 6, 1, 44),
(88, '1N', 22, 3, 44),
(89, '5E', 19, 3, 45),
(90, '3W', 14, 4, 46),
(91, '3W', 15, 11, 46),
(92, '3W', 22, 1, 46),
(93, '4W', 14, 35, 47),
(94, '4W', 15, 32, 47),
(95, '4W', 22, 1, 47),
(96, '3S', 14, 1, 48),
(97, '3S', 19, 1, 48),
(98, '3S', 22, 1, 48),
(99, '2S', 15, 3, 49),
(100, '1N', 14, 4, 50),
(101, '1N', 22, 1, 50),
(102, '1N', 34, 1, 50),
(103, '5S', 14, 1, 51),
(104, '5S', 15, 8, 51),
(105, '5S', 22, 1, 51),
(106, '5N', 15, 3, 52),
(107, '5N', 22, 2, 52),
(108, '2N', 14, 2, 53),
(109, '2N', 22, 19, 53),
(110, '2N', 27, 1, 53),
(111, '5W', 6, 1, 54),
(112, '3N', 14, 1, 55),
(113, '3N', 15, 6, 55),
(114, '3N', 22, 6, 55),
(115, '3N', 25, 1, 55),
(116, '3E', 6, 1, 56),
(117, '3E', 23, 1, 56),
(118, '2W', 1, 1, 58),
(119, '2W', 22, 1, 58),
(120, '4N', 14, 21, 59),
(121, '4N', 22, 4, 59),
(122, '4S', 6, 1, 61),
(123, '4S', 14, 2, 61),
(124, '4S', 15, 8, 61),
(125, '4S', 19, 1, 61),
(126, '4S', 22, 2, 61),
(127, '1W', 14, 2, 62),
(128, '4W', 22, 1, 63),
(129, '2E', 22, 3, 64),
(130, '3W', 15, 11, 65),
(131, '3W', 22, 4, 65),
(132, '1W', 6, 1, 66),
(133, '1W', 22, 1, 66),
(134, '5S', 22, 4, 68),
(135, '5S', 27, 1, 68),
(136, '2S', 6, 1, 69),
(137, '2S', 22, 2, 69),
(138, '2N', 6, 2, 71),
(139, '2N', 22, 1, 71),
(140, '2N', 53, 1, 71),
(141, '4N', 7, 1, 72),
(142, '4N', 22, 2, 72),
(143, '3N', 22, 39, 73),
(144, '1N', 6, 1, 74),
(145, '1N', 14, 2, 74),
(146, '1N', 22, 2, 74),
(147, '3S', 6, 4, 75),
(148, '3S', 22, 3, 75),
(149, '3S', 34, 1, 75),
(150, '3W', 14, 1, 76),
(151, '3W', 15, 9, 76),
(152, '3W', 22, 13, 76),
(153, '4W', 15, 1, 77),
(154, '1E', 6, 1, 78),
(155, '1E', 15, 10, 78),
(156, '1E', 22, 5, 78),
(157, '2E', 6, 1, 79),
(158, '2E', 14, 1, 79),
(159, '2E', 15, 4, 79),
(160, '2E', 22, 7, 79),
(161, '2E', 23, 1, 79),
(162, '3E', 6, 2, 80),
(163, '3E', 15, 1, 80),
(164, '3E', 22, 2, 80),
(165, '4E', 14, 4, 81),
(166, '4E', 22, 3, 81),
(167, '5E', 15, 3, 82),
(168, '5E', 22, 7, 82),
(169, '5S', 6, 2, 83),
(170, '5S', 15, 3, 83),
(171, '5S', 17, 1, 83),
(172, '5S', 22, 6, 83),
(173, '3S', 6, 1, 84),
(174, '3N', 22, 6, 86),
(175, '1S', 6, 1, 87),
(176, '1S', 14, 1, 87),
(177, '1S', 15, 10, 87),
(178, '2N', 14, 3, 88),
(179, '2N', 22, 5, 88),
(180, '5N', 15, 1, 90),
(181, '5N', 22, 38, 90),
(182, '5S', 6, 3, 91),
(183, '5S', 22, 46, 91),
(184, '4E', 14, 1, 92),
(185, '4E', 22, 6, 92),
(186, '5N', 14, 2, 93),
(187, '5N', 22, 27, 93),
(188, '5W', 15, 21, 94),
(189, '5W', 22, 5, 94),
(190, '2S', 6, 1, 95),
(191, '2S', 14, 1, 95),
(192, '2S', 22, 11, 95),
(193, '3W', 15, 5, 96),
(194, '3W', 22, 2, 96),
(195, '5S', 22, 14, 97),
(196, '1E', 14, 1, 98),
(197, '1E', 22, 2, 98),
(198, '3N', 6, 2, 99),
(199, '3N', 14, 1, 99),
(200, '3N', 22, 16, 99),
(201, '2N', 22, 42, 100),
(202, '4S', 6, 1, 101),
(203, '4S', 14, 1, 101),
(204, '4S', 22, 5, 101),
(205, '3S', 6, 17, 102),
(206, '3S', 22, 73, 102),
(207, '1W', 27, 1, 103),
(208, '4N', 14, 3, 104),
(209, '4N', 22, 13, 104),
(210, '1S', 14, 2, 105),
(211, '1S', 22, 12, 105),
(212, '4W', 22, 2, 106),
(213, '2N', 6, 3, 107),
(214, '2N', 14, 2, 107),
(215, '2N', 22, 52, 107),
(216, '2E', 6, 2, 108),
(217, '2E', 17, 2, 108),
(218, '2E', 22, 27, 108),
(219, '5E', 6, 2, 109),
(220, '5E', 15, 2, 109),
(221, '5E', 24, 5, 109),
(222, '3E', 6, 1, 110),
(223, '3E', 15, 47, 110),
(224, '3E', 22, 30, 110),
(225, '3W', 6, 1, 111),
(226, '3W', 14, 1, 111),
(227, '3W', 15, 9, 111),
(228, '3W', 22, 29, 111),
(229, '4E', 6, 1, 112),
(230, '4E', 15, 2, 112),
(231, '4E', 22, 23, 112),
(232, '3E', 6, 1, 113),
(233, '3E', 14, 1, 113),
(234, '3E', 15, 20, 113),
(235, '3E', 22, 29, 113),
(236, '4W', 14, 1, 114),
(237, '4W', 15, 11, 114),
(238, '4W', 22, 51, 114),
(239, '5W', 15, 10, 115),
(240, '5W', 22, 7, 115),
(241, '3W', 15, 9, 116),
(242, '3W', 22, 41, 116),
(243, '5S', 14, 1, 117),
(244, '5S', 22, 16, 117),
(245, '3N', 6, 6, 118),
(246, '3N', 14, 1, 118),
(247, '3N', 22, 52, 118),
(248, '5N', 6, 1, 119),
(249, '5N', 14, 2, 119),
(250, '5N', 22, 30, 119),
(251, '1N', 22, 5, 120),
(252, '1S', 22, 4, 121),
(253, '2S', 22, 35, 122),
(254, '4N', 19, 1, 123),
(255, '4N', 22, 9, 123),
(256, '5S', 15, 390, 124),
(257, '5S', 22, 117, 124),
(258, '1S', 15, 18, 125),
(259, '1S', 22, 4, 125),
(260, '2N', 14, 1, 126),
(261, '2N', 15, 1, 126),
(262, '2N', 22, 22, 126),
(263, '5S', 6, 2, 127),
(264, '5S', 15, 12, 127),
(265, '5S', 22, 13, 127),
(266, '5E', 14, 1, 128),
(267, '5E', 15, 19, 128),
(268, '5E', 19, 2, 128),
(269, '5E', 22, 241, 128),
(270, '4N', 14, 1, 129),
(271, '4N', 15, 2, 129),
(272, '4N', 22, 5, 129),
(273, '2S', 14, 2, 130),
(274, '2S', 15, 35, 130),
(275, '2S', 22, 4, 130),
(276, '1N', 14, 4, 131),
(277, '1N', 15, 5, 131),
(278, '1N', 22, 8, 131),
(279, '3 west', 10, 5, 132),
(280, '3 west', 14, 8, 132),
(281, '3 west', 15, 4, 132),
(282, '3 west', 22, 11, 132),
(283, '5w', 22, 40, 133),
(284, '4w', 14, 2, 134),
(285, '4w', 19, 1, 134),
(286, '4w', 22, 14, 134),
(287, '3w', 22, 82, 135),
(288, '5N', 14, 2, 136),
(289, '5N', 22, 12, 136),
(290, '5N', 25, 1, 136),
(291, '4N', 14, 4, 137),
(292, '4N', 22, 63, 137),
(293, '3N', 14, 1, 138),
(294, '3N', 22, 11, 138),
(295, '2N', 14, 3, 139),
(296, '2N', 22, 44, 139),
(297, '1N', 22, 98, 140),
(298, '1S', 14, 1, 141),
(299, '1S', 19, 1, 141),
(300, '1S', 22, 21, 141),
(301, '2S', 22, 55, 142),
(302, '2S', 23, 1, 142),
(303, '4S', 22, 71, 143),
(304, '5S', 22, 18, 144),
(305, '1 East', 6, 1, 145),
(306, '1 East', 22, 2, 145),
(307, '1 East', 25, 1, 145),
(308, '2 East', 15, 1, 146),
(309, '2 East', 34, 1, 146),
(310, '3 East', 22, 4, 147),
(311, '4 East', 22, 18, 148),
(312, '5 East', 22, 21, 149),
(313, '1 West', 22, 11, 150),
(314, '2 West', 14, 1, 151),
(315, '2 West', 22, 14, 151),
(316, '3 West', 14, 2, 152),
(317, '3 West', 22, 47, 152),
(318, '4 West', 22, 14, 153),
(319, '5 West', 27, 1, 154),
(320, '5 North', 6, 1, 155),
(321, '5 North', 22, 12, 155),
(322, '4 North', 14, 1, 156),
(323, '4 North', 15, 10, 156),
(324, '4 North', 22, 16, 156),
(325, '3 North', 6, 1, 157),
(326, '3 North', 7, 2, 157),
(327, '3 North', 15, 1, 157),
(328, '3 North', 22, 12, 157),
(329, '3 North', 34, 2, 157),
(330, '2 north', 6, 1, 158),
(331, '2 north', 14, 12, 158),
(332, '2 north', 22, 68, 158),
(333, '1 north', 6, 2, 159),
(334, '1 north', 7, 1, 159),
(335, '1 north', 14, 2, 159),
(336, '1 north', 22, 16, 159),
(337, '1 north', 34, 1, 159),
(338, '1 south', 6, 1, 160),
(339, '1 south', 14, 1, 160),
(340, '2 south', 14, 3, 161),
(341, '2 south', 19, 4, 161),
(342, '2 south', 22, 36, 161),
(343, '2 south', 34, 2, 161),
(344, '3 south', 6, 1, 162),
(345, '3 south', 14, 6, 162),
(346, '3 south', 22, 6, 162),
(347, '4 south', 22, 5, 163),
(348, '4 south', 23, 2, 163),
(349, '5 south', 6, 1, 164),
(350, '5 south', 14, 2, 164),
(351, '5 south', 16, 1, 164),
(352, '5 west', 19, 3, 165),
(353, '5 west', 22, 23, 165),
(354, '4 west', 6, 3, 166),
(355, '4 west', 14, 1, 166),
(356, '4 west', 22, 32, 166),
(357, '4 west', 23, 4, 166),
(358, '3 west', 6, 9, 167),
(359, '3 west', 7, 2, 167),
(360, '3 west', 22, 45, 167),
(361, '2 west', 6, 2, 168),
(362, '2 west', 22, 7, 168),
(363, '1 west', 22, 62, 169),
(364, '1 west', 23, 3, 169),
(365, '1 east', 6, 4, 170),
(366, '1 east', 14, 3, 170),
(367, '1 east', 22, 20, 170),
(368, '2 east', 14, 2, 171),
(369, '2 east', 22, 43, 171),
(370, '3 east', 14, 3, 173),
(371, '3 east', 22, 34, 173),
(372, '3 east', 34, 1, 173),
(373, '4 east', 14, 1, 174),
(374, '4 east', 22, 17, 174),
(375, '5 east', 22, 191, 175),
(376, '5 west', 6, 1, 176),
(377, '5 west', 14, 1, 176),
(378, '5 west', 22, 40, 176),
(379, '5 west', 34, 3, 176),
(380, '4 west', 15, 4, 177),
(381, '4 west', 22, 11, 177),
(382, '3 west', 22, 45, 178),
(383, '2 west', 6, 1, 179),
(384, '2 west', 22, 8, 179),
(385, '1 west', 6, 1, 180),
(386, '1 west', 22, 20, 180),
(387, '1 west', 34, 12, 180),
(388, '1 east', 22, 5, 181),
(389, '1 east', 34, 2, 181),
(390, '2 east', 16, 1, 182),
(391, '2 east', 22, 4, 182),
(392, '3 east', 22, 1, 183),
(393, '4 east', 22, 121, 184),
(394, '4 east', 25, 1, 184),
(395, '5 east', 15, 2, 185),
(396, '5 east', 19, 2, 185),
(397, '5 east', 22, 68, 185),
(398, '5 east', 54, 1, 185),
(399, '5 North', 7, 2, 186),
(400, '5 North', 22, 11, 186),
(401, '4 North', 22, 21, 187),
(402, '3 North', 6, 2, 188),
(403, '3 North', 22, 12, 188),
(404, '2 North', 14, 2, 189),
(405, '2 North', 22, 7, 189),
(406, '1 north', 22, 26, 190),
(407, '1 South', 14, 1, 191),
(408, '1 South', 22, 17, 191),
(409, '2 South', 14, 3, 192),
(410, '2 South', 22, 3, 192),
(411, '3 South', 14, 7, 193),
(412, '3 South', 22, 7, 193),
(413, '4 South', 14, 1, 194),
(414, '4 South', 22, 129, 194),
(415, '5 South', 14, 3, 195),
(416, '5 South', 22, 64, 195),
(417, '5 west', 7, 1, 196),
(418, '5 west', 22, 6, 196),
(419, '4 west', 15, 4, 197),
(420, '4 west', 22, 12, 197),
(421, '4 west', 34, 7, 197),
(422, '3 west', 14, 3, 198),
(423, '3 west', 22, 7, 198),
(424, '2 west', 6, 2, 199),
(425, '2 west', 15, 2, 199),
(426, '2 west', 22, 8, 199),
(427, '1 west', 15, 6, 200),
(428, '1 west', 22, 6, 200),
(429, '1 west', 25, 1, 200),
(430, '1 east', 7, 1, 201),
(431, '1 east', 14, 1, 201),
(432, '1 east', 22, 11, 201),
(433, '2 east', 22, 2, 202),
(434, '3 east', 15, 7, 203),
(435, '3 east', 22, 14, 203),
(436, '3 east', 54, 1, 203),
(437, '4 east', 6, 1, 204),
(438, '4 east', 14, 1, 204),
(439, '4 east', 22, 3, 204),
(440, '5 east', 6, 2, 205),
(441, '5 east', 14, 2, 205),
(442, '5 east', 22, 2, 205),
(443, '5 east', 34, 2, 205),
(444, '5 north', 6, 1, 206),
(445, '5 north', 19, 1, 206),
(446, '5 north', 22, 4, 206),
(447, '4 north', 22, 18, 207),
(448, '3 north', 14, 4, 208),
(449, '3 north', 15, 9, 208),
(450, '3 north', 22, 105, 208),
(451, '2 north', 14, 2, 209),
(452, '2 north', 22, 38, 209),
(453, '2 north', 34, 1, 209),
(454, '1 north', 6, 2, 210),
(455, '1 north', 14, 1, 210),
(456, '1 north', 15, 4, 210),
(457, '1 north', 22, 160, 210),
(458, '1 north', 34, 1, 210),
(459, '1 south', 14, 1, 211),
(460, '2 south', 6, 3, 212),
(461, '2 south', 14, 4, 212),
(462, '2 south', 19, 2, 212),
(463, '2 south', 22, 5, 212),
(464, '3 south', 6, 2, 213),
(465, '3 south', 14, 1, 213),
(466, '3 south', 19, 3, 213),
(467, '3 south', 22, 6, 213),
(468, '4 south', 14, 3, 214),
(469, '4 south', 17, 1, 214),
(470, '4 south', 19, 2, 214),
(471, '4 south', 22, 10, 214),
(472, '5 south', 14, 6, 215),
(473, '5 south', 22, 9, 215),
(474, '5 south', 34, 1, 215),
(475, '5 east', 14, 3, 217),
(476, '5 east', 22, 9, 217),
(477, '5 east', 34, 2, 217),
(478, '4 east', 6, 2, 218),
(479, '4 east', 14, 3, 218),
(480, '4 east', 22, 1, 218),
(481, '4 east', 34, 1, 218),
(482, '3 east', 14, 8, 219),
(483, '3 east', 22, 8, 219),
(484, '2 east', 6, 1, 220),
(485, '2 east', 14, 2, 220),
(486, '2 east', 22, 9, 220),
(487, '1 east', 6, 2, 221),
(488, '1 east', 7, 1, 221),
(489, '1 east', 14, 17, 221),
(490, '1 east', 21, 1, 221),
(491, '1 east', 22, 12, 221),
(492, '1west', 22, 2, 222),
(493, '2 west', 7, 1, 223),
(494, '2 west', 14, 6, 223),
(495, '2 west', 22, 206, 223),
(496, '3 west', 6, 1, 224),
(497, '3 west', 14, 1, 224),
(498, '3 west', 22, 1, 224),
(499, '3 west', 34, 1, 224),
(500, '4 west', 14, 7, 225),
(501, '4 west', 22, 5, 225),
(502, '5 west', 6, 1, 226),
(503, '5 west', 7, 1, 226),
(504, '5 west', 14, 1, 226),
(505, '5 west', 22, 100, 226),
(506, '5 east', 14, 2, 227),
(507, '5 east', 22, 2, 227),
(508, '3 east', 22, 2, 229),
(509, '3 east', 25, 2, 229),
(510, '2 east', 22, 51, 230),
(511, '1 west', 22, 1, 231),
(512, '1 west', 25, 1, 231),
(513, '3 west', 22, 3, 232),
(514, '3 west', 25, 1, 232),
(515, '4 west', 14, 1, 233),
(516, '4 west', 19, 2, 233),
(517, '4 west', 22, 20, 233),
(518, '5 west', 22, 6, 234),
(519, '5 east', 14, 1, 235),
(520, '5 east', 22, 4, 235),
(521, '4 east', 15, 4, 236),
(522, '4 east', 22, 18, 236),
(523, '3 east', 6, 1, 237),
(524, '3 east', 25, 3, 237),
(525, '2 east', 22, 5, 238),
(526, '1 east', 22, 10, 239),
(527, '1 west', 15, 4, 240),
(528, '1 west', 22, 3, 240),
(529, '2 west', 22, 4, 241),
(530, '2 west', 25, 1, 241),
(531, '3 west', 22, 17, 242),
(532, '3 west', 57, 2, 242),
(533, '4 west', 22, 22, 243),
(534, '4 west', 57, 1, 243),
(535, '5 west', 22, 17, 244),
(536, '5 west', 25, 1, 244),
(537, '5 north', 6, 2, 245),
(538, '5 north', 16, 1, 245),
(539, '4 north', 7, 1, 246),
(540, '4 north', 15, 1, 246),
(541, '4 north', 19, 1, 246),
(542, '4 north', 22, 7, 246),
(543, '3 north', 6, 1, 247),
(544, '3 north', 14, 1, 247),
(545, '3 north', 15, 2, 247),
(546, '3 north', 22, 2, 247),
(547, '2 north', 14, 10, 248),
(548, '2 north', 22, 3, 248),
(549, '1 north', 6, 2, 249),
(550, '1 north', 14, 1, 249),
(551, '1 South', 6, 1, 250),
(552, '1 South', 22, 7, 250),
(553, '2 South', 22, 2, 251),
(554, '2 South', 25, 1, 251),
(555, '3 South', 6, 5, 252),
(556, '3 South', 14, 3, 252),
(557, '3 South', 22, 9, 252),
(558, '4 South', 6, 1, 253),
(559, '4 South', 22, 6, 253),
(560, '5 South', 14, 1, 254),
(561, '5 South', 22, 3, 254),
(562, 'ME 1', 9, 1, 255),
(563, 'ME 1', 22, 4, 255),
(564, 'ME 4', 7, 2, 258),
(565, 'ME 5', 22, 5, 259),
(566, 'ME 6', 22, 7, 260),
(567, 'ME 6', 34, 1, 260),
(568, 'ME 7', 22, 1, 261),
(569, 'ME 1', 22, 8, 265),
(570, 'ME 2', 7, 1, 266),
(571, 'ME 2', 22, 1, 266),
(572, 'ME 3', 22, 4, 267),
(573, 'ME 4', 6, 1, 268),
(574, 'ME 4', 22, 2, 268),
(575, 'ME 5', 22, 2, 269),
(576, 'ME 5', 54, 2, 269),
(577, 'ME 7', 7, 2, 271),
(578, 'ME 7', 22, 8, 271),
(579, 'ME 7', 34, 2, 271),
(580, 'ME 9', 22, 2, 273),
(581, 'ME 9', 34, 1, 273),
(582, 'ME 10', 54, 1, 274),
(583, 'ME 2', 6, 1, 276),
(584, 'ME 2', 7, 5, 276),
(585, 'ME 3', 6, 1, 277),
(586, 'ME 3', 7, 3, 277),
(587, 'ME 4', 7, 9, 278),
(588, 'ME 5', 7, 1, 279),
(589, 'ME 6', 7, 29, 280),
(590, 'ME 7', 14, 1, 281),
(591, 'ME 8', 7, 22, 282),
(592, 'ME 8', 22, 1, 282),
(593, 'ME 8', 34, 1, 282),
(594, 'ME 2', 7, 1, 284),
(595, 'ME 2', 34, 4, 284),
(596, 'ME 3', 22, 3, 285),
(597, 'ME 3', 23, 1, 285),
(598, 'ME 5', 7, 2, 286),
(599, 'ME 6', 7, 4, 287),
(600, 'ME 6', 22, 6, 287),
(601, 'ME 8', 7, 1, 288),
(602, 'ME 8', 22, 1, 288),
(603, 'ME 1', 6, 2, 289),
(604, 'ME 2', 22, 1, 290),
(605, 'ME 3', 6, 1, 291),
(606, 'ME 4', 6, 1, 292),
(607, 'ME 4', 7, 1, 292),
(608, 'ME 6', 7, 3, 294),
(609, 'ME 6', 22, 15, 294),
(610, 'ME 7', 7, 2, 295),
(611, 'ME 7', 22, 1, 295),
(612, 'ME 2', 6, 1, 298),
(613, 'ME 6', 7, 1, 301),
(614, 'ME 6', 22, 5, 301),
(615, '5 west', 22, 12, 304),
(616, '5 west', 57, 2, 304),
(617, '4 West', 22, 8, 305),
(618, '3 West', 6, 7, 306),
(619, '3 West', 22, 60, 306),
(620, '2 west', 14, 2, 307),
(621, '2 west', 22, 21, 307),
(622, '1 west', 14, 1, 308),
(623, '1 west', 22, 21, 308),
(624, '1 East', 6, 1, 309),
(625, '1 East', 14, 3, 309),
(626, '1 East', 21, 1, 309),
(627, '1 East', 22, 22, 309),
(628, '1 East', 23, 1, 309),
(629, '1 East', 25, 1, 309),
(630, '2 East', 14, 2, 310),
(631, '2 East', 22, 8, 310),
(632, '3 East', 22, 17, 311),
(633, '3 East', 23, 1, 311),
(634, '4 East', 22, 4, 312),
(635, '4 East', 34, 1, 312),
(636, '5 East', 22, 5, 313),
(637, '5 East', 23, 1, 313),
(638, '3', 22, 2, 314),
(639, '8', 22, 1, 315),
(640, '8', 49, 2, 315),
(641, '7', 6, 1, 316),
(642, '7', 14, 1, 316),
(643, '7', 22, 1, 316),
(644, '2', 1, 4, 317),
(645, '2', 6, 3, 317),
(646, '2', 14, 2, 317),
(647, '2', 22, 1, 317),
(648, '2', 6, 1, 318),
(649, '2', 11, 1, 318),
(650, '2', 14, 3, 318),
(651, '2', 23, 1, 318),
(652, '2', 47, 1, 318),
(653, '1', 6, 4, 319),
(654, '1', 22, 2, 319),
(655, '1', 47, 1, 319),
(656, '4', 14, 1, 320),
(657, '4', 22, 1, 320),
(658, '10', 6, 3, 321),
(659, '10', 22, 4, 321),
(660, '5 east', 11, 4, 322),
(661, '5 east', 14, 1, 322),
(662, '5 east', 22, 7, 322),
(663, '3 east', 6, 1, 323),
(664, '3 east', 22, 6, 323),
(665, '2 east', 19, 7, 324),
(666, '2 east', 22, 13, 324),
(667, '1 east', 22, 3, 325),
(668, '1 west', 19, 2, 326),
(669, '4 west', 6, 1, 327),
(670, '4 west', 22, 8, 327),
(671, '4 west', 57, 2, 327),
(672, '3 east', 22, 1, 328),
(673, '3 west', 25, 1, 329),
(674, '4 east', 19, 1, 330),
(675, '4 east', 25, 1, 330),
(676, '1 north', 6, 1, 331),
(677, '1 north', 14, 1, 331),
(678, '5 north', 14, 1, 332),
(679, '5 north', 15, 2, 332),
(680, '5 north', 22, 2, 332),
(681, '5 south', 14, 2, 333),
(682, '5 west', 14, 2, 334),
(683, '5 west', 22, 11, 334),
(684, '3 west', 6, 3, 335),
(685, '3 west', 22, 10, 335),
(686, '4 west', 22, 3, 336),
(687, '3 east', 22, 2, 337),
(688, '5 east', 6, 1, 338),
(689, '5 east', 19, 1, 338),
(690, '5 east', 22, 17, 338),
(691, '2 east', 22, 7, 339),
(692, '2 west', 14, 1, 340),
(693, '2 west', 22, 15, 340),
(694, '4 east', 22, 4, 341),
(695, '1 east', 1, 1, 342),
(696, '1 east', 7, 1, 342),
(697, '1 east', 14, 1, 342),
(698, '1 east', 22, 1, 342),
(699, '1 east', 25, 2, 342),
(700, '5HE 8', 1, 13, 343),
(701, '5HE 8', 2, 10, 343),
(702, '5HE 8', 6, 2, 343),
(703, '5HE 8', 22, 7, 343),
(704, '5HE 8', 25, 26, 343),
(705, '5HE 8', 34, 1, 343),
(706, '5he7', 6, 2, 344),
(707, '5HE 9', 26, 6, 345),
(708, '6hSW1', 14, 1, 347),
(709, '6hSW3', 14, 2, 348),
(710, '6hSW3', 23, 2, 348),
(711, '6hSW3', 25, 1, 348),
(712, '6HSW10', 14, 1, 349),
(713, '6hsw5', 6, 1, 350),
(714, '6hsw5', 14, 1, 350),
(715, '6hsw5', 17, 1, 350),
(716, '6hsw5', 23, 2, 350),
(717, '6HSW9', 14, 1, 351),
(718, '6HSW9', 19, 4, 351),
(719, '6HSW9', 25, 1, 351),
(720, '6hSW8', 6, 1, 352),
(721, '6hSW8', 14, 1, 352),
(722, '6hSW8', 17, 1, 352),
(723, '6hSW8', 22, 1, 352),
(724, '7HE6', 1, 1, 356),
(725, '7HE6', 6, 1, 356),
(726, '7HE6', 15, 4, 356),
(727, '7HE6', 25, 4, 356),
(728, '7HE6', 34, 1, 356),
(729, '7HE1', 6, 1, 357),
(730, '7HE1', 14, 1, 357),
(731, '7HE1', 22, 3, 357),
(732, '7hE8', 15, 55, 358),
(733, '7HE5', 1, 3, 359),
(734, '7HE5', 6, 2, 359),
(735, '7HE5', 25, 5, 359),
(736, '7HE5', 34, 1, 359),
(737, '7hE8', 15, 55, 360),
(738, '7HE2', 1, 5, 361),
(739, '7HE2', 25, 2, 361),
(740, '7HE9', 17, 20, 362),
(741, '7HE9', 25, 5, 362),
(742, '7HE9', 34, 2, 362),
(743, '1', 14, 3, 370),
(744, '1', 25, 8, 370),
(745, '1', 54, 14, 370),
(746, '2', 14, 1, 370),
(747, '2', 25, 25, 370),
(748, '2', 54, 4, 370),
(749, '3', 14, 2, 370),
(750, '3', 25, 40, 370),
(751, '3', 54, 8, 370),
(752, '4', 14, 1, 370),
(753, '4', 17, 1, 370),
(754, '4', 25, 31, 370),
(755, '5', 14, 5, 370),
(756, '5', 25, 15, 370),
(757, '5', 54, 8, 370),
(758, '6', 14, 5, 370),
(759, '6', 25, 1744, 370),
(760, '7', 14, 2, 370),
(761, '7', 25, 26, 370),
(762, '7', 54, 17, 370),
(763, '8', 14, 2, 370),
(764, '8', 25, 15, 370),
(765, '8', 54, 1, 370),
(766, '1', 22, 37, 371),
(767, '10', 15, 1, 371),
(768, '10', 22, 26, 371),
(769, '10', 35, 1, 371),
(770, '2', 5, 1, 371),
(771, '2', 15, 6, 371),
(772, '2', 22, 14, 371),
(773, '4', 22, 4, 371),
(774, '7', 22, 20, 371),
(775, '7', 35, 2, 371),
(776, '8', 22, 5, 371),
(777, '9', 22, 25, 371),
(778, '9', 35, 1, 371),
(779, '10', 1, 1, 372),
(780, '10', 5, 1, 372),
(781, '10', 14, 1, 372),
(782, '10', 25, 133, 372),
(783, '10', 54, 13, 372),
(784, '8', 14, 2, 372),
(785, '8', 25, 15, 372),
(786, '8', 54, 1, 372),
(787, '9', 14, 8, 372),
(788, '9', 25, 58, 372),
(789, '1', 5, 1, 373),
(790, '1', 15, 1, 373),
(791, '1', 22, 3, 373),
(792, '3', 15, 3, 373),
(793, '3', 19, 1, 373),
(794, '3', 35, 1, 373),
(795, '4', 1, 2, 373),
(796, '4', 5, 1, 373),
(797, '4', 15, 1, 373),
(798, '5', 1, 1, 373),
(799, '5', 5, 1, 373),
(800, '5', 35, 1, 373),
(801, '6', 15, 4, 373),
(802, '6', 19, 1, 373),
(803, '6', 22, 1, 373),
(804, '6', 35, 1, 373),
(805, '7', 15, 8, 373),
(806, '7', 22, 6, 373),
(807, '8', 22, 1, 373),
(808, '8', 24, 1, 373),
(809, '9', 1, 1, 373),
(810, '9', 5, 1, 373),
(811, '9', 22, 5, 373),
(812, '10', 15, 6, 374),
(813, '10', 22, 3, 374),
(814, '10', 35, 1, 374),
(815, '10', 49, 14, 374),
(816, '9', 15, 2, 374),
(817, '1', 14, 3, 375),
(818, '1', 15, 5, 375),
(819, '1', 22, 6, 375),
(820, '1', 23, 2, 375),
(821, '3', 5, 2, 375),
(822, '3', 14, 6, 375),
(823, '3', 15, 9, 375),
(824, '3', 22, 4, 375),
(825, '4', 1, 2, 375),
(826, '4', 5, 1, 375),
(827, '4', 14, 3, 375),
(828, '4', 15, 2, 375),
(829, '4', 22, 5, 375),
(830, '4', 35, 1, 375),
(831, '5', 5, 4, 376),
(832, '5', 14, 6, 376),
(833, '5', 15, 2, 376),
(834, '5', 19, 1, 376),
(835, '5', 22, 12, 376),
(836, '5', 23, 1, 376),
(837, '5', 35, 3, 376),
(838, '7', 5, 2, 376),
(839, '7', 14, 2, 376),
(840, '7', 22, 10, 376),
(841, '7', 23, 1, 376),
(842, '7', 35, 9, 376),
(843, '8', 5, 2, 376),
(844, '8', 14, 2, 376),
(845, '8', 22, 10, 376),
(846, '8', 26, 1, 376),
(847, '8', 35, 1, 376),
(848, '9', 1, 2, 376),
(849, '9', 14, 4, 376),
(850, '9', 15, 3, 376),
(851, '9', 22, 7, 376),
(852, '10', 5, 1, 377),
(853, '10', 14, 5, 377),
(854, '10', 15, 13, 377),
(855, '10', 22, 8, 377),
(856, '10', 34, 2, 377),
(857, '10', 35, 2, 377),
(858, '1', 14, 1, 378),
(859, '1', 15, 3, 378),
(860, '1', 22, 7, 378),
(861, '2', 1, 11, 378),
(862, '2', 5, 3, 378),
(863, '2', 15, 24, 378),
(864, '2', 22, 14, 378),
(865, '2', 23, 1, 378),
(866, '2', 35, 1, 378),
(867, '3', 5, 8, 378),
(868, '3', 15, 50, 378),
(869, '4', 1, 30, 378),
(870, '4', 5, 1, 378),
(871, '4', 14, 2, 378),
(872, '4', 15, 16, 378),
(873, '4', 22, 3, 378),
(874, '5', 5, 1, 378),
(875, '5', 15, 1, 378),
(876, '5', 22, 16, 378),
(877, '5', 23, 1, 378),
(878, '10', 14, 5, 379),
(879, '10', 22, 50, 379),
(880, '10', 26, 2, 379),
(881, '10', 35, 2, 379),
(882, '6', 14, 2, 379),
(883, '6', 15, 1, 379),
(884, '6', 19, 2, 379),
(885, '6', 22, 8, 379),
(886, '6', 23, 3, 379),
(887, '7', 1, 2, 379),
(888, '7', 5, 3, 379),
(889, '7', 14, 4, 379),
(890, '7', 15, 2, 379),
(891, '7', 22, 93, 379),
(892, '7', 35, 1, 379),
(893, '8', 5, 2, 379),
(894, '8', 23, 1, 379),
(895, '8', 25, 9, 379),
(896, '9', 1, 3, 379),
(897, '9', 14, 3, 379),
(898, '9', 15, 3, 379),
(899, '9', 22, 34, 379),
(900, '1', 22, 3, 380),
(901, '1', 35, 1, 380),
(902, '2', 5, 1, 380),
(903, '2', 15, 1, 380),
(904, '2', 22, 3, 380),
(905, '3', 5, 2, 380),
(906, '3', 15, 2, 380),
(907, '3', 22, 11, 380),
(908, '3', 35, 1, 380),
(909, '4', 14, 1, 380),
(910, '4', 22, 2, 380),
(911, '4', 29, 1, 380),
(912, '4', 35, 2, 380),
(913, '6', 5, 1, 380),
(914, '6', 19, 1, 380),
(915, '10', 15, 2, 381),
(916, '10', 25, 9, 381),
(917, '8', 22, 1, 381),
(918, '8', 25, 1, 381),
(919, '9', 1, 4, 381),
(920, '9', 5, 1, 381),
(921, '9', 15, 1, 381),
(922, '9', 25, 7, 381),
(923, '1', 14, 4, 382),
(924, '1', 25, 4, 382),
(925, '10', 1, 1, 382),
(926, '10', 14, 12, 382),
(927, '10', 25, 37, 382),
(928, '2', 5, 2, 382),
(929, '2', 14, 1, 382),
(930, '2', 15, 2, 382),
(931, '2', 25, 11, 382),
(932, '4', 5, 4, 382),
(933, '4', 14, 14, 382),
(934, '4', 25, 19, 382),
(935, '8', 5, 1, 382),
(936, '8', 23, 1, 382),
(937, '8', 25, 3, 382),
(938, '9', 5, 1, 382),
(939, '9', 14, 5, 382),
(940, '9', 24, 1, 382),
(941, '9', 25, 11, 382),
(942, '10', 1, 14, 383),
(943, '10', 14, 1, 383),
(944, '10', 17, 1, 383),
(945, '10', 25, 5, 383),
(946, '2', 1, 4, 383),
(947, '2', 5, 1, 383),
(948, '2', 14, 1, 383),
(949, '2', 25, 6, 383),
(950, '3', 1, 4, 383),
(951, '3', 14, 1, 383),
(952, '4', 1, 50, 383),
(953, '4', 8, 1, 383),
(954, '4', 14, 2, 383),
(955, '4', 25, 2, 383),
(956, '7', 5, 1, 383),
(957, '7', 14, 4, 383),
(958, '8', 1, 1, 383),
(959, '8', 5, 1, 383),
(960, '8', 14, 6, 383),
(961, '8', 15, 6, 383),
(962, '8', 25, 1, 383),
(963, '9', 25, 4, 383),
(964, '10', 14, 1, 384),
(965, '2', 8, 1, 384),
(966, '2', 14, 3, 384),
(967, '2', 25, 5, 384),
(968, '3', 1, 60, 384),
(969, '3', 14, 3, 384),
(970, '3', 25, 1, 384),
(971, '3', 54, 1, 384),
(972, '5', 14, 4, 384),
(973, '5', 54, 1, 384),
(974, '6', 5, 1, 384),
(975, '6', 14, 3, 384),
(976, '7', 5, 1, 384),
(977, '7', 14, 5, 384),
(978, '7', 34, 2, 384),
(979, '7', 47, 1, 384),
(980, '8', 5, 1, 384),
(981, '8', 14, 1, 384),
(982, '8', 25, 32, 384),
(983, '1', 5, 1, 385),
(984, '1', 25, 9, 385),
(985, '10', 5, 4, 385),
(986, '2', 5, 2, 385),
(987, '2', 14, 4, 385),
(988, '2', 25, 7, 385),
(989, '3', 5, 5, 385),
(990, '3', 14, 2, 385),
(991, '3', 25, 5, 385),
(992, '5', 14, 3, 385),
(993, '5', 25, 7, 385),
(994, '6', 5, 2, 385),
(995, '6', 14, 9, 385),
(996, '6', 25, 6, 385),
(997, '6', 34, 1, 385),
(998, '7', 5, 1, 385),
(999, '7', 14, 1, 385),
(1000, '7', 23, 4, 385),
(1001, '7', 25, 5, 385),
(1002, '8', 5, 3, 385),
(1003, '8', 25, 8, 385),
(1004, '9', 5, 14, 385),
(1005, '1', 5, 1, 386),
(1006, '1', 14, 1, 386),
(1007, '1', 15, 50, 386),
(1008, '2', 5, 2, 386),
(1009, '2', 14, 1, 386),
(1010, '3', 1, 1, 386),
(1011, '3', 5, 1, 386),
(1012, '3', 15, 12, 386),
(1013, '4', 14, 2, 386),
(1014, '4', 15, 1, 386),
(1015, '4', 54, 2, 386),
(1016, '5', 5, 2, 386),
(1017, '5', 15, 40, 386),
(1018, '5', 19, 1, 386),
(1019, '6', 1, 3, 386),
(1020, '6', 5, 2, 386),
(1021, '6', 14, 1, 386),
(1022, '6', 15, 80, 386),
(1023, '6', 25, 3, 386),
(1024, '6', 34, 1, 386),
(1025, '7', 15, 13, 386),
(1026, '7', 26, 1, 386),
(1027, '8', 5, 5, 386),
(1028, '10', 5, 3, 387),
(1029, '10', 14, 1, 387),
(1030, '10', 15, 1, 387),
(1031, '8', 15, 30, 387),
(1032, '9', 5, 4, 387),
(1033, '2', 5, 4, 388),
(1034, '2', 14, 2, 388),
(1035, '3', 5, 3, 388),
(1036, '3', 14, 6, 388),
(1037, '3', 15, 40, 388),
(1038, '3', 17, 1, 388),
(1039, '3', 26, 1, 388),
(1040, '4', 5, 6, 388),
(1041, '4', 14, 1, 388),
(1042, '5', 5, 9, 388),
(1043, '5', 14, 8, 388),
(1044, '5', 15, 350, 388),
(1045, '5', 26, 1, 388),
(1046, '6', 1, 1, 388),
(1047, '6', 5, 6, 388),
(1048, '6', 14, 6, 388),
(1049, '6', 15, 100, 388),
(1050, '6', 24, 5, 388),
(1051, '6', 25, 3, 388),
(1052, '8', 15, 200, 388),
(1053, '8', 26, 2, 388),
(1054, '1', 5, 2, 389),
(1055, '1', 7, 1, 389),
(1056, '1', 14, 1, 389),
(1057, '1', 15, 40, 389),
(1058, '1', 23, 1, 389),
(1059, '1', 25, 6, 389),
(1060, '1', 26, 1, 389),
(1061, '2', 5, 1, 389),
(1062, '2', 14, 5, 389),
(1063, '2', 17, 1, 389),
(1064, '2', 25, 4, 389),
(1065, '2', 26, 1, 389),
(1066, '3', 7, 1, 389),
(1067, '3', 14, 2, 389),
(1068, '3', 23, 1, 389),
(1069, '3', 25, 4, 389),
(1070, '3', 26, 1, 389),
(1071, '4', 5, 1, 389),
(1072, '4', 14, 6, 389),
(1073, '4', 15, 2, 389),
(1074, '4', 25, 15, 389),
(1075, '4', 26, 2, 389),
(1076, '5', 26, 7, 389),
(1077, '10', 1, 2, 390),
(1078, '5', 14, 7, 390),
(1079, '5', 15, 30, 390),
(1080, '5', 25, 66, 390),
(1081, '6', 1, 4, 390),
(1082, '6', 5, 5, 390),
(1083, '6', 14, 2, 390),
(1084, '6', 15, 1, 390),
(1085, '6', 23, 1, 390),
(1086, '6', 25, 12, 390),
(1087, '6', 27, 4, 390),
(1088, '7', 14, 11, 390),
(1089, '7', 25, 4, 390),
(1090, '7', 26, 6, 390),
(1091, '8', 5, 2, 390),
(1092, '8', 14, 13, 390),
(1093, '8', 15, 10, 390),
(1094, '8', 25, 3, 390),
(1095, '8', 26, 3, 390),
(1096, '9', 1, 1, 390),
(1097, '9', 14, 19, 390),
(1098, '9', 26, 2, 390),
(1099, '9', 27, 1, 390),
(1100, '10', 14, 3, 391),
(1101, '10', 15, 2, 391),
(1102, '10', 17, 2, 391),
(1103, '10', 25, 1, 391),
(1104, '1', 23, 6, 392),
(1105, '1', 24, 3, 392),
(1106, '1', 25, 6, 392),
(1107, '1', 26, 5, 392),
(1108, '1', 34, 2, 392),
(1109, '2', 1, 20, 392),
(1110, '2', 14, 6, 392),
(1111, '2', 15, 200, 392),
(1112, '2', 23, 10, 392),
(1113, '2', 25, 5, 392),
(1114, '10', 5, 2, 393),
(1115, '10', 14, 5, 393),
(1116, '10', 15, 200, 393),
(1117, '10', 25, 4, 393),
(1118, '8', 1, 1, 393),
(1119, '8', 14, 3, 393),
(1120, '8', 15, 200, 393),
(1121, '8', 23, 1, 393),
(1122, '9', 1, 1, 393),
(1123, '9', 5, 1, 393),
(1124, '9', 14, 6, 393),
(1125, '9', 15, 150, 393),
(1126, '9', 24, 1, 393),
(1127, '9', 25, 1, 393),
(1128, '1', 5, 2, 394),
(1129, '1', 23, 4218, 394),
(1130, '1', 25, 17, 394),
(1131, '2', 5, 3, 394),
(1132, '2', 14, 2, 394),
(1133, '2', 23, 20, 394),
(1134, '2', 25, 14, 394),
(1135, '3', 23, 808, 394),
(1136, '3', 25, 8, 394),
(1137, '3', 27, 1, 394),
(1138, '4', 5, 3, 394),
(1139, '4', 23, 42, 394),
(1140, '4', 25, 6, 394),
(1141, '5', 23, 1684, 394),
(1142, '5', 25, 7, 394),
(1143, '6', 5, 1, 394),
(1144, '6', 14, 4, 394),
(1145, '6', 17, 1, 394),
(1146, '6', 23, 95, 394),
(1147, '6', 25, 4, 394),
(1148, '7', 14, 1, 394),
(1149, '7', 25, 4, 394),
(1150, '7', 34, 1, 394),
(1151, '10', 15, 50, 395),
(1152, '10', 25, 114, 395),
(1153, '8', 23, 14, 395),
(1154, '8', 25, 19, 395),
(1155, '9', 5, 1, 395),
(1156, '9', 15, 20, 395),
(1157, '9', 25, 26, 395),
(1158, '9', 27, 1, 395),
(1159, '3', 7, 2, 396),
(1160, '3', 14, 20, 396),
(1161, '3', 23, 2, 396),
(1162, '4', 14, 1, 396),
(1163, '4', 15, 200, 396),
(1164, '4', 25, 15, 396),
(1165, '5', 1, 1, 396),
(1166, '5', 5, 5, 396),
(1167, '5', 14, 10, 396),
(1168, '5', 15, 200, 396),
(1169, '5', 25, 3, 396),
(1170, '5', 34, 4, 396),
(1171, '6', 1, 2, 396),
(1172, '6', 14, 2, 396),
(1173, '6', 15, 450, 396),
(1174, '6', 25, 2, 396),
(1175, '7', 5, 1, 396),
(1176, '7', 15, 2, 396),
(1177, '7', 25, 25, 396),
(1178, '2', 14, 2, 397),
(1179, '2', 25, 42, 397),
(1180, '2', 26, 1, 397),
(1181, '1', 14, 1, 398),
(1182, '1', 25, 21, 398),
(1183, '6', 5, 2, 399),
(1184, '6', 14, 2, 399),
(1185, '6', 25, 4, 399),
(1186, '6', 36, 3, 399),
(1187, '10', 5, 1, 400),
(1188, '10', 25, 1, 400),
(1189, '4', 5, 1, 401),
(1190, '4', 25, 26, 401),
(1191, '3', 8, 1, 402),
(1192, '3', 14, 1, 402),
(1193, '3', 25, 40, 402),
(1194, '9', 25, 30, 403),
(1195, '10', 14, 3, 404),
(1196, '10', 25, 4, 404),
(1197, '2', 5, 1, 405),
(1198, '2', 14, 2, 405),
(1199, '2', 15, 8, 405),
(1200, '2', 25, 2, 405),
(1201, '2', 54, 2, 405),
(1202, '6', 5, 11, 406),
(1203, '6', 14, 11, 406),
(1204, '5', 5, 3, 407),
(1205, '5', 14, 1, 407),
(1206, '5', 15, 28, 407),
(1207, '5', 25, 4, 407),
(1208, '10', 1, 11, 408),
(1209, '10', 15, 15, 408),
(1210, '10', 25, 1, 408),
(1211, '10', 34, 1, 408),
(1212, '9', 1, 5, 409),
(1213, '9', 5, 1, 409),
(1214, '9', 14, 1, 409),
(1215, '9', 15, 15, 409),
(1216, '9', 25, 4, 409),
(1217, '8', 5, 2, 410),
(1218, '8', 14, 3, 410),
(1219, '8', 15, 1, 410),
(1220, '8', 25, 23, 410),
(1221, '8', 27, 1, 410),
(1222, '6', 1, 6, 411),
(1223, '6', 5, 3, 411),
(1224, '6', 14, 1, 411),
(1225, '6', 15, 4, 411),
(1226, '6', 25, 6, 411),
(1227, '5', 1, 1, 412),
(1228, '5', 14, 1, 412),
(1229, '5', 15, 10, 412),
(1230, '5', 25, 12, 412),
(1231, '3', 5, 1, 413),
(1232, '3', 14, 4, 413),
(1233, '3', 22, 8, 413),
(1234, '8', 5, 1, 414),
(1235, '8', 14, 1, 414),
(1236, '8', 15, 15, 414),
(1237, '8', 22, 4, 414),
(1238, '8', 23, 1, 414),
(1239, '3', 14, 1, 415),
(1240, '3', 15, 1, 415),
(1241, '3', 22, 2, 415),
(1242, '3', 23, 2, 415),
(1243, '1', 5, 1, 416),
(1244, '1', 14, 4, 416),
(1245, '1', 19, 1, 416),
(1246, '1', 25, 1, 416),
(1247, '1', 1, 1, 417),
(1248, '1', 15, 4, 417),
(1249, '9', 5, 1, 418),
(1250, '9', 14, 1, 418),
(1251, '9', 22, 6, 418),
(1252, '9', 23, 1, 418),
(1253, '9', 25, 2, 418),
(1254, '8', 14, 5, 419),
(1255, '8', 24, 1, 419),
(1256, '8', 25, 1, 419),
(1257, '10', 5, 1, 420),
(1258, '10', 25, 1, 420),
(1259, '7', 5, 1, 421),
(1260, '7', 14, 2, 421),
(1261, '7', 15, 20, 421),
(1262, '7', 22, 16, 421),
(1263, '10', 1, 9, 422),
(1264, '10', 5, 2, 422),
(1265, '10', 15, 4, 422),
(1266, '10', 22, 10, 422),
(1267, 's3', 19, 3, 423),
(1268, 's3', 25, 1, 423),
(1269, 'S1', 5, 1, 424),
(1270, 'S1', 14, 1, 424),
(1271, 'S1', 22, 2, 424),
(1272, 'S5', 5, 1, 425),
(1273, 'S5', 7, 1, 425),
(1274, 'S5', 14, 2, 425),
(1275, 'S5', 22, 3, 425),
(1276, 's2', 14, 2, 426),
(1277, 's2', 22, 2, 426),
(1278, 's4', 14, 4, 427),
(1279, 's4', 22, 6, 427),
(1280, '6', 5, 1, 428),
(1281, '6', 14, 5, 428),
(1282, '6', 15, 3, 428),
(1283, '6', 25, 2, 428),
(1284, '1', 5, 1, 429),
(1285, '1', 14, 1, 429),
(1286, '1', 15, 1, 429),
(1287, '4', 14, 2, 430),
(1288, '5', 5, 2, 431),
(1289, '5', 14, 4, 431),
(1290, '5', 15, 2, 431),
(1291, '5', 22, 3, 431),
(1292, '5', 23, 1, 431),
(1293, '7', 5, 1, 432),
(1294, '7', 14, 4, 432),
(1295, '9', 1, 1, 433),
(1296, '9', 5, 1, 433),
(1297, '9', 14, 1, 433),
(1298, '9', 15, 6, 433),
(1299, '10', 14, 1, 434),
(1300, '10', 22, 7, 434),
(1301, '10', 25, 1, 434),
(1302, '7', 14, 4, 435),
(1303, '7', 15, 2, 435),
(1304, '7', 19, 1, 435),
(1305, '7', 22, 1, 435),
(1306, '7', 25, 1, 435),
(1307, '1', 1, 5, 436),
(1308, '1', 5, 3, 436),
(1309, '1', 27, 1, 436),
(1310, '9', 5, 2, 437),
(1311, '9', 14, 4, 437),
(1312, '9', 15, 91, 437),
(1313, '7', 5, 2, 438),
(1314, '7', 22, 2, 438),
(1315, '7', 23, 2, 438),
(1316, '10', 5, 1, 439),
(1317, '10', 14, 1, 439),
(1318, '10', 15, 3, 439),
(1319, '10', 22, 3, 439),
(1320, '10', 23, 5, 439),
(1321, '10', 24, 1, 439),
(1322, '8', 1, 2, 440),
(1323, '8', 5, 4, 440),
(1324, '8', 14, 2, 440),
(1325, '8', 19, 1, 440),
(1326, '8', 25, 3, 440),
(1327, '4', 5, 3, 441),
(1328, '4', 14, 4, 441),
(1329, '4', 15, 130, 441),
(1330, '1', 1, 3, 442),
(1331, '1', 14, 6, 442),
(1332, '1', 15, 90, 442),
(1333, '1', 23, 1, 442),
(1334, '5', 5, 2, 443),
(1335, '5', 14, 2, 443),
(1336, '5', 17, 1, 443),
(1337, '5', 26, 1, 443),
(1338, '6', 5, 2, 444),
(1339, '6', 14, 2, 444),
(1340, '6', 22, 2, 444),
(1341, '7', 5, 1, 445),
(1342, '7', 14, 6, 445),
(1343, '7', 15, 51, 445),
(1344, '7', 22, 1, 445),
(1345, '7', 25, 1, 445),
(1346, '3', 23, 2, 446),
(1347, '3', 25, 2, 446),
(1348, '5', 22, 6, 447),
(1349, '5', 1, 10, 448),
(1350, '5', 14, 2, 448),
(1351, '2', 1, 23, 449),
(1352, '2', 5, 2, 449),
(1353, '2', 14, 2, 449),
(1354, '2', 22, 7, 449),
(1355, '2', 24, 1, 449),
(1356, '7', 5, 1, 450),
(1357, '7', 14, 3, 450),
(1358, '7', 22, 8, 450),
(1359, '4', 1, 3, 451),
(1360, '4', 5, 2, 451),
(1361, '4', 14, 1, 451),
(1362, '4', 15, 2, 451),
(1363, '4', 22, 8, 451),
(1364, '9', 14, 1, 452),
(1365, '1', 5, 1, 453),
(1366, '1', 14, 8, 453),
(1367, '1', 22, 5, 453),
(1368, '10', 5, 1, 454),
(1369, '10', 14, 5, 454),
(1370, '10', 22, 5, 454),
(1371, '3', 1, 2, 455),
(1372, '3', 22, 2, 455),
(1373, '3', 25, 1, 455),
(1374, '6', 5, 2, 456),
(1375, '6', 14, 2, 456),
(1376, '6', 15, 50, 456),
(1377, '6', 22, 4, 456),
(1378, '8', 1, 20, 457),
(1379, '8', 5, 1, 457),
(1380, '8', 14, 1, 457),
(1381, '8', 15, 10, 457),
(1382, '3', 5, 1, 458),
(1383, '3', 14, 1, 458),
(1384, '3', 15, 1, 458),
(1385, '1', 5, 1, 459),
(1386, '1', 15, 10, 459),
(1387, '1', 25, 1, 459),
(1388, '1', 27, 1, 459),
(1389, '4', 5, 1, 460),
(1390, '4', 14, 5, 460),
(1391, '4', 15, 8, 460),
(1392, '4', 25, 1, 460),
(1393, '6', 5, 2, 461),
(1394, '6', 14, 3, 461),
(1395, '6', 15, 2, 461),
(1396, '5', 5, 1, 462),
(1397, '5', 14, 10, 462),
(1398, '5', 19, 2, 462),
(1399, '5', 22, 2, 462),
(1400, '5', 25, 1, 462),
(1401, '8', 14, 2, 463),
(1402, '8', 15, 2, 463),
(1403, '8', 25, 1, 463),
(1404, '10', 5, 0, 464),
(1405, '5', 14, 1, 465),
(1406, '5', 25, 6, 465),
(1407, '4', 1, 1, 466),
(1408, '4', 14, 2, 466),
(1409, '4', 15, 130, 466),
(1410, '4', 22, 14, 466),
(1411, '4', 23, 6, 466),
(1412, '6', 15, 6, 467),
(1413, '6', 22, 51, 467),
(1414, '6', 23, 1, 467),
(1415, '7', 15, 25, 468),
(1416, '7', 23, 7, 468),
(1417, '7', 24, 1, 468),
(1418, '7', 25, 10, 468),
(1419, '8', 1, 8, 469),
(1420, '8', 14, 5, 469),
(1421, '8', 15, 8, 469),
(1422, '8', 23, 1, 469),
(1423, '8', 24, 2, 469),
(1424, '8', 25, 32, 469),
(1425, '10', 14, 1, 470),
(1426, '10', 24, 10, 470),
(1427, '2', 14, 2, 471),
(1428, '2', 15, 360, 471),
(1429, '2', 22, 1, 471),
(1430, '3', 5, 1, 472),
(1431, '3', 14, 1, 472),
(1432, '3', 22, 1, 472),
(1433, '3', 24, 1, 472),
(1434, '3', 27, 1, 472),
(1435, '1', 1, 7, 473),
(1436, '1', 14, 5, 473),
(1437, '1', 15, 1000, 473),
(1438, '1', 22, 4, 473),
(1439, '1', 23, 4, 473),
(1440, '4', 1, 3, 474),
(1441, '4', 14, 1, 474),
(1442, '4', 15, 800, 474),
(1443, '4', 22, 3, 474),
(1444, '6', 5, 1, 475),
(1445, '6', 15, 10, 475),
(1446, '6', 23, 5, 475),
(1447, '6', 25, 1, 475),
(1448, '5', 23, 5, 476),
(1449, '5', 25, 60, 476),
(1450, '8', 14, 9, 477),
(1451, '8', 25, 8, 477),
(1452, '7', 5, 1, 478),
(1453, '7', 14, 1, 478),
(1454, '7', 22, 2, 478),
(1455, '7', 23, 5, 478),
(1456, '7', 24, 1, 478),
(1457, '10', 5, 1, 479),
(1458, '10', 14, 1, 479),
(1459, '10', 15, 5, 479),
(1460, '10', 22, 2, 479),
(1461, '10', 27, 1, 479),
(1462, '9', 1, 5, 480),
(1463, '9', 14, 2, 480),
(1464, '9', 15, 5, 480),
(1465, '9', 22, 5, 480),
(1466, '1', 1, 2, 481),
(1467, '1', 5, 7, 481),
(1468, '1', 15, 40, 481),
(1469, '3', 5, 3, 482),
(1470, '3', 14, 8, 482),
(1471, '3', 25, 3, 482),
(1472, '2', 1, 50, 483),
(1473, '2', 15, 10, 483),
(1474, '2', 27, 1, 483),
(1475, '4', 5, 1, 484),
(1476, '4', 14, 2, 484),
(1477, '4', 15, 12, 484),
(1478, '4', 23, 7, 484),
(1479, '5', 15, 100, 485),
(1480, '5', 25, 5, 485),
(1481, '7', 1, 70, 486),
(1482, '7', 14, 2, 486),
(1483, '7', 15, 89, 486),
(1484, '7', 23, 1, 486),
(1485, '7', 25, 5, 486),
(1486, '9', 1, 1, 487),
(1487, '9', 5, 7, 487),
(1488, '9', 14, 3, 487),
(1489, '9', 15, 104, 487),
(1490, '8', 6, 2, 488),
(1491, '8', 15, 20, 488),
(1492, '10', 1, 14, 489),
(1493, '10', 5, 2, 489),
(1494, '10', 15, 150, 489),
(1495, '1', 5, 9, 490),
(1496, '1', 14, 9, 490),
(1497, '1', 22, 12, 490),
(1498, '1', 25, 2, 490),
(1499, '1', 27, 1, 490),
(1500, '10', 1, 15, 491),
(1501, '10', 2, 3, 491),
(1502, '10', 15, 21, 491),
(1503, '10', 22, 1, 491),
(1504, '10', 24, 1, 491),
(1505, '10', 25, 1, 491),
(1506, '10', 35, 1, 491),
(1507, '2', 5, 3, 492),
(1508, '2', 14, 2, 492),
(1509, '2', 15, 7, 492),
(1510, '2', 22, 6, 492),
(1511, '3', 3, 6, 493),
(1512, '3', 14, 6, 493),
(1513, '3', 22, 12, 493),
(1514, '3', 25, 1, 493),
(1515, '3', 34, 1, 493),
(1516, '9', 5, 3, 494),
(1517, '9', 14, 3, 494),
(1518, '9', 15, 250, 494),
(1519, '4', 5, 1, 495),
(1520, '4', 25, 2, 495),
(1521, '5', 15, 25, 496),
(1522, '5', 22, 8, 496),
(1523, '6', 5, 1, 497),
(1524, '6', 14, 2, 497),
(1525, '6', 15, 100, 497),
(1526, '6', 19, 1, 497),
(1527, '7', 5, 5, 498),
(1528, '7', 14, 3, 498),
(1529, '7', 15, 50, 498),
(1530, '7', 25, 1, 498),
(1531, '1', 5, 5, 499),
(1532, '1', 14, 5, 499),
(1533, '1', 22, 18, 499),
(1534, '1', 25, 1, 499),
(1535, '8', 5, 4, 500),
(1536, '8', 15, 6, 500),
(1537, '8', 19, 1, 500),
(1538, '8', 22, 2, 500),
(1539, '8', 35, 1, 500),
(1540, '3', 14, 2, 501),
(1541, '3', 22, 20, 501),
(1542, '3', 25, 1, 501),
(1543, '2', 5, 2, 502),
(1544, '2', 14, 10, 502),
(1545, '2', 22, 100, 502),
(1546, '2', 27, 2, 502),
(1547, '4', 1, 4, 503),
(1548, '4', 6, 1, 503),
(1549, '4', 14, 2, 503),
(1550, '4', 15, 6, 503),
(1551, '4', 22, 3, 503),
(1552, '6', 14, 2, 504),
(1553, '6', 15, 10, 504),
(1554, '6', 22, 200, 504),
(1555, '7', 5, 3, 505),
(1556, '7', 14, 1, 505),
(1557, '7', 22, 20, 505),
(1558, '7', 23, 1, 505),
(1559, '5', 5, 5, 506),
(1560, '5', 14, 4, 506),
(1561, '5', 22, 7, 506),
(1562, '9', 14, 4, 507),
(1563, '9', 25, 11, 507),
(1564, '8', 5, 2, 508),
(1565, '8', 14, 1, 508),
(1566, '8', 22, 46, 508),
(1567, '8', 25, 1, 508),
(1568, '6', 1, 1, 509),
(1569, '6', 14, 1, 509),
(1570, '6', 25, 3, 509),
(1571, '3', 5, 7, 510),
(1572, '3', 15, 1, 510),
(1573, '3', 25, 5, 510),
(1574, '4', 1, 200, 511),
(1575, '4', 15, 2, 511),
(1576, '4', 23, 5, 511),
(1577, '5', 7, 2, 512),
(1578, '5', 25, 21, 512),
(1579, '4', 14, 3, 513),
(1580, '4', 25, 43, 513),
(1581, '1', 1, 27, 514),
(1582, '1', 5, 2, 514),
(1583, '1', 14, 14, 514),
(1584, '1', 22, 20, 514),
(1585, '2', 1, 5, 515),
(1586, '2', 5, 2, 515),
(1587, '2', 14, 8, 515),
(1588, '2', 15, 6, 515),
(1589, '2', 22, 7, 515),
(1590, '3', 14, 2, 516),
(1591, '3', 22, 35, 516),
(1592, '4', 5, 3, 517),
(1593, '4', 14, 9, 517),
(1594, '4', 15, 29, 517),
(1595, '4', 22, 59, 517),
(1596, '5', 1, 1, 518),
(1597, '5', 14, 8, 518),
(1598, '5', 22, 20, 518),
(1599, '6', 14, 4, 519),
(1600, '6', 15, 10, 519),
(1601, '6', 22, 50, 519),
(1602, '7', 5, 2, 520),
(1603, '7', 14, 15, 520),
(1604, '7', 15, 32, 520),
(1605, '7', 22, 30, 520),
(1606, '8', 1, 30, 521),
(1607, '8', 5, 1, 521),
(1608, '8', 22, 2, 521),
(1609, '9', 14, 1, 522),
(1610, '9', 22, 3, 522),
(1611, '10', 1, 8, 523),
(1612, '10', 14, 4, 523),
(1613, '10', 15, 6, 523),
(1614, '10', 22, 5, 523),
(1615, '10', 1, 2, 524),
(1616, '10', 5, 3, 524),
(1617, '10', 14, 2, 524),
(1618, '10', 22, 7, 524),
(1619, '10', 23, 1, 524),
(1620, '1', 25, 2, 525),
(1621, '9', 5, 2, 526),
(1622, '9', 14, 3, 526),
(1623, '9', 23, 1, 526),
(1624, '9', 25, 4, 526),
(1625, '8', 5, 2, 527),
(1626, '8', 22, 15, 527),
(1627, '8', 24, 3, 527),
(1628, '7', 5, 1, 528),
(1629, '7', 22, 7, 528),
(1630, '7', 25, 1, 528),
(1631, '6', 5, 2, 529),
(1632, '6', 14, 2, 529),
(1633, '6', 25, 17, 529),
(1634, '5', 1, 28, 530),
(1635, '5', 14, 5, 530),
(1636, '5', 22, 47, 530),
(1637, '4', 14, 1, 531),
(1638, '4', 22, 7, 531),
(1639, '4', 24, 3, 531),
(1640, '3', 5, 1, 532),
(1641, '3', 14, 1, 532),
(1642, '3', 22, 12, 532),
(1643, '3', 54, 1, 532),
(1644, '2', 5, 1, 533),
(1645, '2', 14, 2, 533),
(1646, '2', 15, 1, 533),
(1647, '2', 22, 10, 533),
(1648, '1', 1, 5, 534),
(1649, '1', 5, 1, 534),
(1650, '1', 14, 4, 534),
(1651, '1', 15, 34, 534),
(1652, '1', 22, 3, 534),
(1653, '2', 5, 1, 535),
(1654, '2', 14, 3, 535),
(1655, '2', 15, 999, 535),
(1656, '3', 14, 5, 536),
(1657, '3', 15, 4, 536),
(1658, '4', 22, 9, 537),
(1659, '5', 1, 1, 538),
(1660, '5', 14, 3, 538),
(1661, '5', 22, 5, 538),
(1662, '6', 5, 1, 539),
(1663, '6', 14, 3, 539),
(1664, '6', 25, 15, 539),
(1665, '7', 14, 4, 540),
(1666, '7', 15, 17, 540),
(1667, '7', 22, 9, 540),
(1668, '7', 24, 2, 540),
(1669, '8', 14, 2, 541),
(1670, '8', 22, 6, 541),
(1671, '9', 1, 2, 542),
(1672, '9', 15, 4, 542),
(1673, '9', 22, 17, 542),
(1674, '9', 25, 1, 542),
(1675, '10', 5, 2, 543),
(1676, '10', 22, 25, 543),
(1677, '1', 22, 4, 544),
(1678, '2', 1, 1, 545),
(1679, '2', 5, 1, 545),
(1680, '2', 14, 3, 545),
(1681, '2', 22, 5, 545),
(1682, '3', 1, 1, 546),
(1683, '3', 5, 3, 546),
(1684, '3', 14, 2, 546),
(1685, '3', 22, 7, 546),
(1686, '4', 5, 1, 547),
(1687, '4', 22, 5, 547),
(1688, '4', 54, 4, 547),
(1689, '5', 5, 3, 548),
(1690, '5', 14, 8, 548),
(1691, '5', 22, 21, 548),
(1692, '6', 5, 1, 549),
(1693, '6', 14, 1, 549),
(1694, '6', 23, 2, 549),
(1695, '6', 25, 3, 549),
(1696, '7', 1, 1, 550),
(1697, '7', 14, 7, 550),
(1698, '7', 22, 5, 550),
(1699, '7', 23, 1, 550),
(1700, '8', 5, 3, 551),
(1701, '8', 19, 7, 551),
(1702, '8', 25, 3, 551),
(1703, '9', 22, 3, 552),
(1704, '9', 25, 1, 552),
(1705, '9', 54, 6, 552),
(1706, '10', 1, 1, 553),
(1707, '10', 14, 10, 553),
(1708, '10', 22, 1, 553),
(1709, '10', 23, 1, 553),
(1710, '10', 25, 1, 553),
(1711, '1', 5, 1, 554),
(1712, '1', 14, 4, 554),
(1713, '1', 15, 30, 554),
(1714, '1', 22, 7, 554),
(1715, '1', 23, 5, 554),
(1716, '1', 24, 5, 554),
(1717, '9', 14, 5, 555),
(1718, '9', 19, 2, 555),
(1719, '9', 24, 2, 555),
(1720, '9', 25, 9, 555),
(1721, '6', 14, 2, 556),
(1722, '6', 15, 80, 556),
(1723, '6', 22, 1, 556),
(1724, '6', 23, 10, 556),
(1725, '6', 25, 2, 556),
(1726, '8', 5, 1, 557),
(1727, '8', 14, 4, 557),
(1728, '8', 25, 4, 557),
(1729, '10', 14, 3, 558),
(1730, '10', 22, 45, 558),
(1731, '2', 5, 1, 559),
(1732, '2', 14, 3, 559),
(1733, '2', 15, 25, 559),
(1734, '2', 22, 8, 559),
(1735, '2', 23, 3, 559),
(1736, '2', 27, 1, 559),
(1737, '5', 15, 7, 560),
(1738, '5', 22, 3, 560),
(1739, '5', 23, 5, 560),
(1740, '7', 1, 2, 561),
(1741, '7', 5, 1, 561),
(1742, '7', 14, 2, 561),
(1743, '7', 15, 20, 561),
(1744, '7', 34, 1, 561),
(1745, '4', 5, 2, 562),
(1746, '4', 14, 5, 562),
(1747, '4', 15, 7, 562),
(1748, '4', 23, 1, 562),
(1749, '3', 5, 1, 563),
(1750, '3', 14, 2, 563),
(1751, '3', 23, 4, 563),
(1752, '1', 25, 1, 564),
(1753, '2', 25, 3, 565),
(1754, '3', 14, 1, 566),
(1755, '3', 25, 10, 566),
(1756, '4', 15, 1, 567),
(1757, '4', 25, 2, 567),
(1758, '5', 14, 2, 568),
(1759, '5', 15, 8, 568),
(1760, '5', 22, 30, 568),
(1761, '6', 23, 1, 569),
(1762, '6', 25, 9, 569),
(1763, '7', 15, 5, 570),
(1764, '7', 23, 1, 570),
(1765, '7', 25, 5, 570),
(1766, '8', 5, 2, 571),
(1767, '8', 15, 2, 571),
(1768, '8', 25, 5, 571),
(1769, '9', 5, 1, 572),
(1770, '9', 14, 1, 572),
(1771, '9', 25, 1, 572),
(1772, '10', 5, 13, 573),
(1773, '10', 14, 1, 573),
(1774, '10', 25, 2, 573),
(1775, '1', 14, 1, 574),
(1776, '1', 25, 3, 574),
(1777, '2', 5, 1, 575),
(1778, '2', 15, 3, 575),
(1779, '2', 22, 8, 575),
(1780, '6', 15, 2, 576),
(1781, '4', 14, 3, 577),
(1782, '4', 15, 4, 577),
(1783, '4', 22, 12, 577),
(1784, '4', 23, 1, 577),
(1785, '5', 5, 1, 578),
(1786, '5', 14, 2, 578),
(1787, '5', 25, 1, 578),
(1788, '7', 1, 1, 579),
(1789, '7', 22, 3, 579),
(1790, '8', 15, 1, 580),
(1791, '8', 22, 3, 580),
(1792, '9', 5, 1, 581),
(1793, '9', 25, 3, 581),
(1794, '10', 25, 4, 582),
(1795, '1', 14, 3, 583),
(1796, '1', 15, 1, 583),
(1797, '1', 22, 14, 583),
(1798, '1', 24, 4, 583),
(1799, '2', 5, 2, 584),
(1800, '2', 14, 7, 584),
(1801, '2', 22, 1, 584),
(1802, '7', 5, 1, 585),
(1803, '7', 14, 7, 585),
(1804, '7', 19, 3, 585),
(1805, '7', 22, 1, 585),
(1806, '5', 5, 1, 586),
(1807, '5', 14, 6, 586),
(1808, '5', 22, 19, 586),
(1809, '5', 27, 1, 586),
(1810, '6', 14, 3, 587),
(1811, '6', 23, 1, 587),
(1812, '6', 25, 4, 587),
(1813, '8', 5, 1, 588),
(1814, '8', 14, 8, 588),
(1815, '8', 23, 1, 588),
(1816, '8', 25, 3, 588),
(1817, '9', 14, 2, 589),
(1818, '9', 22, 3, 589),
(1819, '9', 26, 1, 589),
(1820, '10', 14, 4, 590),
(1821, '10', 1, 8, 591),
(1822, '10', 5, 1, 591),
(1823, '10', 14, 1, 591),
(1824, '4', 14, 1, 591),
(1825, '2', 1, 5, 592),
(1826, '2', 14, 46, 592),
(1827, '2', 15, 68, 592),
(1828, '2', 19, 1, 592),
(1829, '2', 22, 4, 592),
(1830, '2', 27, 2, 592),
(1831, '7', 1, 10, 593),
(1832, '7', 5, 1, 593),
(1833, '7', 22, 2, 593),
(1834, '6', 1, 5, 594),
(1835, '6', 5, 2, 594),
(1836, '6', 14, 2, 594),
(1837, '6', 15, 1, 594),
(1838, '6', 22, 5, 594),
(1839, '3', 5, 1, 595),
(1840, '3', 14, 30, 595),
(1841, '3', 22, 2, 595),
(1842, '3', 33, 1, 595),
(1843, '3', 52, 2, 595),
(1844, '1', 5, 1, 596),
(1845, '1', 15, 17, 596),
(1846, '1', 22, 6, 596),
(1847, '5', 14, 7, 597),
(1848, '5', 15, 11, 597),
(1849, '5', 19, 1, 597),
(1850, '5', 22, 1, 597),
(1851, '8', 1, 10, 598),
(1852, '8', 5, 3, 598),
(1853, '8', 15, 1, 598),
(1854, '8', 22, 1, 598),
(1855, '9', 1, 43, 598),
(1856, '9', 14, 1, 598),
(1857, '9', 22, 1, 598),
(1858, '2', 5, 3, 599),
(1859, '2', 14, 1, 599),
(1860, '2', 22, 22, 599),
(1861, '2', 54, 2, 599),
(1862, '3', 5, 1, 600),
(1863, '3', 14, 2, 600),
(1864, '3', 22, 4, 600),
(1865, '5', 5, 4, 601),
(1866, '5', 14, 5, 601),
(1867, '5', 22, 100, 601),
(1868, '7', 5, 1, 602),
(1869, '7', 14, 1, 602),
(1870, '7', 22, 32, 602),
(1871, '8', 14, 3, 603),
(1872, '8', 17, 1, 603),
(1873, '8', 22, 14, 603),
(1874, '9', 1, 7, 604),
(1875, '9', 14, 4, 604),
(1876, '9', 22, 68, 604),
(1877, '9', 35, 1, 604),
(1878, '2', 5, 4, 605),
(1879, '2', 14, 3, 605),
(1880, '2', 15, 20, 605),
(1881, '2', 23, 1, 605),
(1882, '1', 5, 1, 606),
(1883, '1', 14, 1, 606),
(1884, '1', 15, 40, 606),
(1885, '1', 19, 1, 606),
(1886, '1', 22, 1, 606),
(1887, '3', 1, 15, 607),
(1888, '3', 6, 2, 607),
(1889, '3', 14, 6, 607),
(1890, '3', 15, 1200, 607),
(1891, '3', 22, 17, 607),
(1892, '3', 23, 4, 607),
(1893, '3', 24, 1, 607),
(1894, '3', 35, 1, 607),
(1895, '4', 5, 2, 608),
(1896, '4', 14, 35, 608),
(1897, '4', 15, 300, 608),
(1898, '4', 22, 19, 608),
(1899, '4', 23, 2, 608),
(1900, '4', 54, 4, 608),
(1901, '7', 1, 40, 609),
(1902, '7', 5, 1, 609),
(1903, '7', 14, 5, 609),
(1904, '7', 15, 246, 609),
(1905, '7', 22, 55, 609),
(1906, '7', 23, 1, 609),
(1907, '9', 1, 3, 610),
(1908, '9', 5, 1, 610),
(1909, '9', 15, 30, 610),
(1910, '9', 22, 20, 610),
(1911, '9', 23, 3, 610),
(1912, '8', 1, 21, 611),
(1913, '8', 5, 5, 611),
(1914, '8', 7, 1, 611),
(1915, '8', 14, 12, 611),
(1916, '8', 22, 41, 611),
(1917, '8', 23, 1, 611),
(1918, '10', 5, 1, 612),
(1919, '10', 14, 2, 612),
(1920, '10', 15, 10, 612),
(1921, '10', 22, 5, 612),
(1922, '6', 1, 2, 613),
(1923, '6', 5, 15, 613),
(1924, '6', 14, 13, 613),
(1925, '6', 15, 575, 613),
(1926, '6', 24, 1, 613),
(1927, '6', 25, 5, 613),
(1928, '6', 26, 1, 613),
(1929, '1', 1, 10, 614),
(1930, '1', 14, 15, 614),
(1931, '1', 15, 25, 614),
(1932, '1', 22, 31, 614),
(1933, '1', 24, 3, 614),
(1934, '1', 35, 20, 614),
(1935, '2', 14, 1, 615),
(1936, '2', 15, 69, 615),
(1937, '2', 22, 6, 615),
(1938, '2', 34, 1, 615),
(1939, '2', 35, 2, 615),
(1940, '3', 1, 53, 616),
(1941, '3', 15, 99, 616),
(1942, '3', 22, 29, 616),
(1943, '3', 23, 6, 616),
(1944, '3', 35, 7, 616),
(1945, '4', 15, 10, 617),
(1946, '4', 22, 45, 617),
(1947, '4', 35, 2, 617),
(1948, '4', 47, 3, 617),
(1949, '4', 54, 2, 617),
(1950, '5', 1, 1, 618),
(1951, '5', 5, 3, 618),
(1952, '5', 14, 8, 618),
(1953, '5', 15, 325, 618),
(1954, '5', 22, 24, 618),
(1955, '5', 25, 2, 618),
(1956, '6', 5, 1, 619),
(1957, '6', 14, 1, 619),
(1958, '6', 15, 160, 619),
(1959, '6', 22, 60, 619),
(1960, '6', 25, 2, 619),
(1961, '6', 35, 3, 619),
(1962, '8', 5, 3, 620),
(1963, '8', 14, 3, 620),
(1964, '8', 15, 50, 620),
(1965, '8', 22, 20, 620),
(1966, '8', 24, 3, 620),
(1967, '8', 25, 2, 620),
(1968, '9', 1, 1, 621),
(1969, '9', 5, 1, 621),
(1970, '9', 14, 3, 621),
(1971, '9', 15, 35, 621),
(1972, '9', 22, 10, 621),
(1973, '9', 25, 3, 621),
(1974, '9', 47, 1, 621),
(1975, '10', 1, 4, 622),
(1976, '10', 5, 5, 622),
(1977, '10', 15, 10, 622),
(1978, '10', 22, 6, 622),
(1979, '1', 1, 2, 623),
(1980, '1', 5, 1, 623),
(1981, '1', 15, 54, 623),
(1982, '1', 22, 16, 623),
(1983, '1', 25, 6, 623),
(1984, '4', 5, 1, 624),
(1985, '4', 14, 5, 624),
(1986, '4', 15, 168, 624),
(1987, '4', 22, 23, 624),
(1988, '5', 15, 1, 625),
(1989, '5', 22, 4, 625),
(1990, '6', 15, 2, 626),
(1991, '6', 22, 5, 626),
(1992, '7', 1, 1, 627),
(1993, '7', 22, 10, 627),
(1994, '7', 23, 2, 627),
(1995, '7', 25, 1, 627),
(1996, '8', 5, 1, 628),
(1997, '8', 14, 1, 628),
(1998, '8', 15, 5, 628),
(1999, '8', 23, 3, 628),
(2000, '9', 15, 155, 629),
(2001, '9', 22, 8, 629),
(2002, '9', 23, 12, 629),
(2003, '10', 15, 2, 630),
(2004, '10', 22, 7, 630),
(2005, '10', 23, 1, 630),
(2006, '10', 34, 2, 630),
(2007, '1', 14, 4, 631),
(2008, '1', 23, 4, 631),
(2009, '1', 25, 20, 631),
(2010, '2', 14, 1, 632),
(2011, '2', 15, 15, 632),
(2012, '2', 25, 50, 632),
(2013, '3', 1, 1, 633),
(2014, '3', 14, 5, 633),
(2015, '3', 15, 50, 633),
(2016, '3', 19, 1, 633),
(2017, '3', 22, 10, 633),
(2018, '3', 25, 1, 633),
(2019, '3', 54, 1, 633),
(2020, '4', 14, 9, 634),
(2021, '4', 15, 37, 634),
(2022, '4', 17, 3, 634),
(2023, '4', 22, 8, 634),
(2024, '4', 25, 1, 634),
(2025, '4', 35, 2, 634),
(2026, '6', 22, 3, 635),
(2027, '6', 23, 3, 635),
(2028, '6', 25, 2, 635),
(2029, '7', 1, 8, 636),
(2030, '7', 5, 1, 636),
(2031, '7', 14, 1, 636),
(2032, '7', 15, 78, 636),
(2033, '7', 22, 20, 636),
(2034, '7', 23, 1, 636),
(2035, '7', 25, 3, 636),
(2036, '7', 34, 1, 636),
(2037, '8', 1, 2, 637),
(2038, '8', 15, 201, 637),
(2039, '8', 22, 2, 637),
(2040, '8', 23, 1, 637),
(2041, '8', 25, 4, 637),
(2042, '8', 35, 1, 637),
(2043, '9', 1, 10, 638),
(2044, '9', 15, 10, 638),
(2045, '9', 25, 20, 638),
(2046, '9', 35, 1, 638),
(2047, '10', 22, 1, 639),
(2048, '10', 23, 10, 639),
(2049, '10', 25, 3, 639),
(2050, '2', 1, 5, 640),
(2051, '2', 5, 1, 640),
(2052, '2', 14, 3, 640),
(2053, '2', 15, 8, 640),
(2054, '2', 22, 43, 640),
(2055, '2', 35, 1, 640),
(2056, '3', 1, 120, 641),
(2057, '3', 14, 10, 641),
(2058, '3', 22, 9, 641),
(2059, '3', 25, 1, 641),
(2060, '4', 1, 5, 642),
(2061, '4', 22, 31, 642),
(2062, '4', 35, 3, 642),
(2063, '5', 1, 4, 643),
(2064, '5', 5, 1, 643),
(2065, '5', 14, 3, 643),
(2066, '5', 25, 24, 643),
(2067, '6', 1, 2, 644),
(2068, '6', 15, 2, 644),
(2069, '6', 25, 104, 644),
(2070, '7', 1, 3, 645),
(2071, '7', 22, 79, 645),
(2072, '7', 24, 1, 645),
(2073, '7', 47, 3, 645),
(2074, '8', 1, 3, 646),
(2075, '8', 22, 118, 646),
(2076, '8', 25, 1, 646),
(2077, '8', 35, 3, 646),
(2078, '9', 1, 8, 647),
(2079, '9', 14, 1, 647),
(2080, '9', 22, 57, 647),
(2081, '9', 35, 7, 647),
(2082, '1', 1, 1, 648),
(2083, '1', 5, 2, 648),
(2084, '1', 14, 2, 648),
(2085, '1', 15, 21, 648),
(2086, '1', 22, 15, 648),
(2087, '1', 5, 2, 649),
(2088, '1', 15, 5, 649),
(2089, '1', 19, 1, 649),
(2090, '1', 22, 9, 649),
(2091, '1', 25, 4, 649),
(2092, '2', 15, 4, 650),
(2093, '2', 23, 5, 650),
(2094, '2', 25, 2, 650),
(2095, '3', 7, 1, 651),
(2096, '3', 14, 5, 651),
(2097, '3', 15, 11, 651),
(2098, '3', 22, 21, 651),
(2099, '3', 24, 5, 651),
(2100, '3', 25, 2, 651),
(2101, '4', 7, 1, 652),
(2102, '4', 15, 10, 652),
(2103, '4', 22, 57, 652),
(2104, '4', 25, 1, 652),
(2105, '5', 15, 15, 653),
(2106, '5', 22, 17, 653),
(2107, '5', 23, 1, 653),
(2108, '5', 26, 1, 653),
(2109, '6', 15, 5, 654),
(2110, '6', 17, 1, 654),
(2111, '6', 22, 10, 654),
(2112, '6', 23, 4, 654),
(2113, '6', 24, 1, 654),
(2114, '6', 25, 1, 654),
(2115, '7', 5, 1, 655);
INSERT INTO `arthro_specimens` (`id`, `trap_no`, `arthro_taxon_id`, `frequency`, `arthro_sample_id`) VALUES
(2116, '7', 22, 2, 655),
(2117, '7', 23, 1, 655),
(2118, '8', 5, 2, 656),
(2119, '8', 15, 3, 656),
(2120, '8', 22, 2, 656),
(2121, '9', 5, 1, 657),
(2122, '9', 15, 32, 657),
(2123, '9', 22, 2, 657),
(2124, '10', 15, 2, 658),
(2125, '10', 23, 7, 658),
(2126, '10', 24, 1, 658),
(2127, '10', 25, 5, 658),
(2128, '10', 35, 1, 658),
(2129, '1', 14, 1, 659),
(2130, '1', 15, 60, 659),
(2131, '1', 22, 2, 659),
(2132, '1', 25, 1, 659),
(2133, '1', 54, 1, 659),
(2134, '2', 22, 52, 660),
(2135, '2', 23, 1, 660),
(2136, '2', 24, 1, 660),
(2137, '2', 25, 3, 660),
(2138, '3', 14, 1, 661),
(2139, '3', 15, 50, 661),
(2140, '3', 23, 8, 661),
(2141, '3', 24, 1, 661),
(2142, '4', 15, 40, 662),
(2143, '4', 22, 13, 662),
(2144, '4', 23, 1, 662),
(2145, '5', 15, 100, 663),
(2146, '5', 22, 8, 663),
(2147, '5', 25, 2, 663),
(2148, '6', 1, 30, 664),
(2149, '6', 15, 60, 664),
(2150, '6', 22, 6, 664),
(2151, '6', 23, 1, 664),
(2152, '6', 25, 3, 664),
(2153, '7', 15, 34, 665),
(2154, '7', 19, 1, 665),
(2155, '7', 22, 36, 665),
(2156, '8', 15, 53, 666),
(2157, '8', 22, 3, 666),
(2158, '8', 25, 5, 666),
(2159, '8', 26, 1, 666),
(2160, '9', 1, 1, 667),
(2161, '9', 5, 1, 667),
(2162, '9', 14, 2, 667),
(2163, '9', 15, 30, 667),
(2164, '9', 22, 15, 667),
(2165, '9', 24, 2, 667),
(2166, '10', 15, 70, 668),
(2167, '10', 19, 1, 668),
(2168, '10', 22, 17, 668),
(2169, '10', 23, 1, 668),
(2170, '10', 25, 1, 668),
(2171, '1', 1, 75, 669),
(2172, '1', 5, 3, 669),
(2173, '1', 15, 350, 669),
(2174, '1', 22, 220, 669),
(2175, '1', 25, 2, 669),
(2176, '1', 35, 10, 669),
(2177, '2', 15, 51, 670),
(2178, '2', 22, 12, 670),
(2179, '2', 35, 1, 670),
(2180, '3', 1, 250, 671),
(2181, '3', 5, 5, 671),
(2182, '3', 15, 200, 671),
(2183, '3', 22, 45, 671),
(2184, '3', 24, 3, 671),
(2185, '3', 35, 1, 671),
(2186, '3', 54, 1, 671),
(2187, '4', 1, 2, 672),
(2188, '4', 5, 1, 672),
(2189, '4', 15, 700, 672),
(2190, '4', 22, 60, 672),
(2191, '4', 24, 1, 672),
(2192, '4', 25, 2, 672),
(2193, '5', 1, 1, 673),
(2194, '5', 5, 1, 673),
(2195, '5', 14, 2, 673),
(2196, '5', 15, 999, 673),
(2197, '5', 22, 32, 673),
(2198, '5', 25, 1, 673),
(2199, '6', 5, 1, 674),
(2200, '6', 15, 336, 674),
(2201, '6', 22, 5, 674),
(2202, '6', 23, 1, 674),
(2203, '6', 25, 4, 674),
(2204, '6', 47, 1, 674),
(2205, '7', 1, 10, 675),
(2206, '7', 15, 214, 675),
(2207, '7', 22, 1, 675),
(2208, '8', 5, 1, 676),
(2209, '8', 14, 2, 676),
(2210, '8', 15, 70, 676),
(2211, '8', 22, 6, 676),
(2212, '10', 1, 4, 677),
(2213, '10', 14, 2, 677),
(2214, '10', 15, 477, 677),
(2215, '10', 22, 20, 677),
(2216, '10', 24, 1, 677),
(2217, '9', 1, 40, 678),
(2218, '9', 15, 45, 678),
(2219, '9', 22, 5, 678),
(2220, '9', 23, 1, 678),
(2221, '9', 25, 1, 678),
(2222, '1', 1, 2, 679),
(2223, '1', 5, 1, 679),
(2224, '1', 15, 15, 679),
(2225, '1', 22, 16, 679),
(2226, '2', 1, 40, 680),
(2227, '2', 14, 3, 680),
(2228, '2', 15, 48, 680),
(2229, '2', 22, 27, 680),
(2230, '3', 1, 24, 681),
(2231, '3', 15, 9, 681),
(2232, '3', 22, 28, 681),
(2233, '3', 54, 1, 681),
(2234, '4', 1, 22, 682),
(2235, '4', 15, 4, 682),
(2236, '4', 22, 23, 682),
(2237, '5', 1, 7, 683),
(2238, '5', 15, 3, 683),
(2239, '5', 22, 360, 683),
(2240, '5', 35, 1, 683),
(2241, '6', 1, 2, 684),
(2242, '6', 15, 20, 684),
(2243, '6', 23, 54, 684),
(2244, '6', 24, 1, 684),
(2245, '7', 1, 6, 685),
(2246, '7', 5, 1, 685),
(2247, '7', 22, 53, 685),
(2248, '7', 26, 1, 685),
(2249, '7', 47, 1, 685),
(2250, '8', 7, 1, 686),
(2251, '8', 22, 67, 686),
(2252, '9', 14, 2, 687),
(2253, '9', 15, 1, 687),
(2254, '9', 22, 57, 687),
(2255, '9', 25, 1, 687),
(2256, '9', 35, 1, 687),
(2257, '10', 1, 6, 688),
(2258, '10', 15, 7, 688),
(2259, '10', 22, 56, 688),
(2260, '10', 25, 2, 688),
(2261, '1', 5, 1, 689),
(2262, '1', 14, 3, 689),
(2263, '1', 15, 37, 689),
(2264, '1', 22, 3, 689),
(2265, '3', 14, 4, 690),
(2266, '3', 15, 37, 690),
(2267, '3', 22, 5, 690),
(2268, '3', 26, 2, 690),
(2269, '5', 1, 2, 691),
(2270, '5', 5, 1, 691),
(2271, '5', 15, 25, 691),
(2272, '5', 22, 4, 691),
(2273, '5', 24, 2, 691),
(2274, '5', 47, 1, 691),
(2275, '2', 15, 51, 692),
(2276, '2', 25, 9, 692),
(2277, '2', 47, 1, 692),
(2278, '7', 15, 300, 693),
(2279, '7', 22, 6, 693),
(2280, '7', 47, 1, 693),
(2281, '6', 5, 1, 694),
(2282, '6', 15, 12, 694),
(2283, '6', 22, 3, 694),
(2284, '6', 35, 1, 694),
(2285, '8', 6, 1, 695),
(2286, '8', 15, 42, 695),
(2287, '8', 22, 4, 695),
(2288, '9', 15, 48, 696),
(2289, '9', 22, 2, 696),
(2290, '9', 35, 1, 696),
(2291, '4', 1, 1, 697),
(2292, '4', 14, 1, 697),
(2293, '4', 15, 40, 697),
(2294, '4', 54, 1, 697),
(2295, '1', 5, 2, 698),
(2296, '1', 15, 12, 698),
(2297, '1', 22, 1, 698),
(2298, '1', 25, 1, 698),
(2299, '1', 26, 1, 698),
(2300, '1', 35, 1, 698),
(2301, '2', 1, 3, 699),
(2302, '2', 14, 1, 699),
(2303, '2', 15, 31, 699),
(2304, '2', 22, 3, 699),
(2305, '2', 26, 3, 699),
(2306, '2', 54, 2, 699),
(2307, '3', 5, 1, 700),
(2308, '3', 14, 2, 700),
(2309, '3', 15, 7, 700),
(2310, '3', 22, 1, 700),
(2311, '3', 24, 1, 700),
(2312, '6', 15, 26, 701),
(2313, '6', 22, 1, 701),
(2314, '6', 26, 1, 701),
(2315, '4', 14, 2, 702),
(2316, '4', 15, 12, 702),
(2317, '4', 22, 5, 702),
(2318, '4', 24, 3, 702),
(2319, '4', 54, 1, 702),
(2320, '7', 1, 1, 703),
(2321, '7', 15, 6, 703),
(2322, '7', 22, 4, 703),
(2323, '7', 26, 1, 703),
(2324, '7', 54, 4, 703),
(2325, '8', 5, 2, 704),
(2326, '8', 22, 3, 704),
(2327, '8', 25, 1, 704),
(2328, '10', 15, 5, 705),
(2329, '10', 22, 4, 705),
(2330, '9', 5, 2, 706),
(2331, '9', 15, 17, 706),
(2332, '1', 1, 180, 707),
(2333, '1', 5, 3, 707),
(2334, '1', 14, 1, 707),
(2335, '1', 15, 270, 707),
(2336, '1', 22, 3, 707),
(2337, '1', 23, 1, 707),
(2338, '2', 1, 60, 708),
(2339, '2', 5, 1, 708),
(2340, '2', 15, 250, 708),
(2341, '2', 26, 1, 708),
(2342, '2', 35, 11, 708),
(2343, '2', 47, 11, 708),
(2344, '5', 5, 1, 709),
(2345, '5', 15, 500, 709),
(2346, '5', 22, 13, 709),
(2347, '5', 35, 1, 709),
(2348, '8', 15, 3, 710),
(2349, '4', 1, 20, 711),
(2350, '4', 5, 2, 711),
(2351, '4', 15, 200, 711),
(2352, '4', 25, 2, 711),
(2353, '4', 26, 1, 711),
(2354, '4', 35, 1, 711),
(2355, '4', 47, 1, 711),
(2356, '6', 15, 240, 712),
(2357, '6', 22, 6, 712),
(2358, '6', 35, 1, 712),
(2359, '9', 1, 40, 713),
(2360, '9', 5, 1, 713),
(2361, '9', 15, 200, 713),
(2362, '9', 17, 1, 713),
(2363, '9', 24, 1, 713),
(2364, '9', 25, 6, 713),
(2365, '1', 14, 1, 714),
(2366, '1', 22, 8, 714),
(2367, '3', 5, 1, 715),
(2368, '3', 14, 0, 715),
(2369, '3', 19, 0, 715),
(2370, '3', 22, 2, 715),
(2371, '3', 25, 0, 715),
(2372, '4', 5, 1, 716),
(2373, '5', 5, 0, 717),
(2374, '5', 14, 0, 717),
(2375, '5', 19, 0, 717),
(2376, '5', 22, 0, 717),
(2377, '5', 25, 0, 717),
(2378, '6', 5, 1, 718),
(2379, '6', 15, 1, 718),
(2380, '#1', 14, 2, 719),
(2381, '#1', 19, 9, 719),
(2382, '5', 5, 0, 720),
(2383, '5', 14, 0, 720),
(2384, '5', 19, 0, 720),
(2385, '5', 22, 3, 720),
(2386, '5', 25, 0, 720),
(2387, '6', 5, 1, 721),
(2388, '7', 19, 1, 722),
(2389, '7', 22, 1, 722),
(2390, '9', 2, 0, 723),
(2391, '9', 14, 0, 723),
(2392, '9', 19, 0, 723),
(2393, '9', 22, 0, 723),
(2394, '9', 25, 2, 723),
(2395, '10', 22, 1, 724),
(2396, '10', 5, 1, 725),
(2397, '3', 5, 0, 726),
(2398, '3', 14, 0, 726),
(2399, '3', 19, 0, 726),
(2400, '3', 22, 0, 726),
(2401, '3', 25, 0, 726),
(2402, '1', 14, 1, 727),
(2403, '1', 22, 16, 727),
(2404, '10', 14, 1, 727),
(2405, '10', 22, 3, 727),
(2406, '7', 14, 1, 727),
(2407, '7', 22, 1, 727),
(2408, '8', 19, 1, 727),
(2409, '8', 22, 4, 727),
(2410, '2', 19, 1, 728),
(2411, '2', 22, 3, 728),
(2412, '7', 14, 1, 728),
(2413, '7', 26, 2, 728),
(2414, '8', 22, 1, 728),
(2415, '8', 44, 1, 728),
(2416, '9', 14, 3, 728),
(2417, '9', 26, 1, 728),
(2418, '1', 5, 1, 729),
(2419, '1', 14, 3, 729),
(2420, '1', 15, 754, 729),
(2421, '1', 22, 2, 729),
(2422, '1', 23, 3, 729),
(2423, '1', 25, 1, 729),
(2424, '1', 5, 1, 730),
(2425, '1', 14, 3, 730),
(2426, '1', 15, 754, 730),
(2427, '1', 22, 2, 730),
(2428, '1', 23, 3, 730),
(2429, '1', 25, 1, 730),
(2430, '2', 14, 14, 731),
(2431, '2', 15, 769, 731),
(2432, '2', 22, 12, 731),
(2433, '2', 35, 1, 731),
(2434, '2', 49, 1, 731),
(2435, '2', 14, 14, 732),
(2436, '2', 15, 769, 732),
(2437, '2', 22, 12, 732),
(2438, '2', 35, 1, 732),
(2439, '2', 49, 1, 732),
(2440, '3', 1, 1, 733),
(2441, '3', 6, 1, 733),
(2442, '3', 14, 2, 733),
(2443, '3', 15, 670, 733),
(2444, '3', 22, 2, 733),
(2445, '4', 14, 1, 734),
(2446, '4', 15, 500, 734),
(2447, '4', 22, 9, 734),
(2448, '5', 14, 12, 735),
(2449, '5', 15, 180, 735),
(2450, '6', 14, 1, 736),
(2451, '6', 15, 120, 736),
(2452, '6', 22, 1, 736),
(2453, '6', 49, 1, 736),
(2454, '7', 5, 1, 737),
(2455, '7', 14, 2, 737),
(2456, '7', 15, 240, 737),
(2457, '7', 22, 40, 737),
(2458, '8', 5, 1, 738),
(2459, '8', 15, 700, 738),
(2460, '8', 22, 7, 738),
(2461, '8', 25, 1, 738),
(2462, '8', 27, 1, 738),
(2463, '9', 1, 1, 739),
(2464, '9', 5, 1, 739),
(2465, '9', 14, 2, 739),
(2466, '9', 15, 240, 739),
(2467, '9', 22, 25, 739),
(2468, '9', 25, 1, 739),
(2469, '10', 15, 72, 740),
(2470, '10', 22, 2, 740),
(2471, '10', 49, 2, 740),
(2472, '2', 22, 1, 741),
(2473, '3', 22, 5, 741),
(2474, '3', 53, 1, 741),
(2475, '4', 5, 2, 741),
(2476, '4', 15, 2, 741),
(2477, '4', 22, 3, 741),
(2478, '7', 5, 1, 741),
(2479, '7', 22, 1, 741),
(2480, '8', 5, 2, 741),
(2481, '9', 7, 2, 741),
(2482, '9', 22, 4, 741),
(2483, '1', 15, 1, 742),
(2484, '1', 19, 1, 742),
(2485, '10', 5, 1, 742),
(2486, '10', 22, 1, 742),
(2487, '10', 25, 1, 742),
(2488, '4', 25, 1, 742),
(2489, '6', 22, 1, 742),
(2490, '9', 25, 1, 742),
(2491, '1', 22, 1, 743),
(2492, '10', 22, 2, 743),
(2493, '2', 22, 1, 743),
(2494, '2', 25, 1, 743),
(2495, '3', 5, 1, 743),
(2496, '3', 22, 2, 743),
(2497, '5', 5, 1, 743),
(2498, '5', 22, 1, 743),
(2499, '6', 5, 1, 743),
(2500, '6', 22, 1, 743),
(2501, '6', 25, 1, 743),
(2502, '7', 5, 1, 743),
(2503, '7', 34, 1, 743),
(2504, '8', 1, 1, 743),
(2505, '8', 15, 2, 743),
(2506, '8', 22, 2, 743),
(2507, '9', 5, 1, 743),
(2508, '9', 7, 1, 743),
(2509, '9', 22, 2, 743),
(2510, '9', 25, 1, 743),
(2511, '5', 15, 30, 744),
(2512, '5', 22, 5, 744),
(2513, '5', 26, 2, 744),
(2514, '1', 5, 2, 745),
(2515, '1', 15, 1, 745),
(2516, '1', 22, 7, 745),
(2517, '1', 25, 1, 745),
(2518, '2', 5, 2, 746),
(2519, '2', 15, 21, 746),
(2520, '3', 5, 1, 747),
(2521, '3', 22, 6, 747),
(2522, '4', 5, 2, 748),
(2523, '4', 7, 1, 748),
(2524, '4', 14, 15, 748),
(2525, '4', 22, 8, 748),
(2526, '4', 28, 1, 748),
(2527, '5', 1, 4, 749),
(2528, '5', 14, 1, 749),
(2529, '5', 15, 40, 749),
(2530, '5', 22, 41, 749),
(2531, '5', 25, 5, 749),
(2532, '6', 14, 4, 750),
(2533, '6', 22, 28, 750),
(2534, '7', 5, 1, 751),
(2535, '7', 7, 1, 751),
(2536, '7', 22, 15, 751),
(2537, '8', 5, 2, 752),
(2538, '8', 22, 18, 752),
(2539, '8', 25, 3, 752),
(2540, '9', 15, 1, 753),
(2541, '9', 22, 12, 753),
(2542, '9', 23, 1, 753),
(2543, '10', 5, 1, 754),
(2544, '10', 14, 1, 754),
(2545, '10', 15, 19, 754),
(2546, '10', 22, 32, 754),
(2547, '10', 35, 1, 754),
(2548, '2', 5, 3, 755),
(2549, '2', 14, 3, 755),
(2550, '2', 15, 87, 755),
(2551, '2', 22, 29, 755),
(2552, '2', 24, 1, 755),
(2553, '3', 5, 1, 756),
(2554, '3', 7, 1, 756),
(2555, '3', 14, 3, 756),
(2556, '3', 15, 2, 756),
(2557, '3', 22, 25, 756),
(2558, '3', 54, 1, 756),
(2559, '4', 5, 3, 757),
(2560, '4', 14, 5, 757),
(2561, '4', 22, 31, 757),
(2562, '4', 35, 2, 757),
(2563, '5', 14, 8, 758),
(2564, '5', 22, 16, 758),
(2565, '7', 15, 25, 759),
(2566, '9', 5, 3, 760),
(2567, '9', 14, 6, 760),
(2568, '9', 15, 12, 760),
(2569, '9', 22, 2, 760),
(2570, '9', 34, 1, 760),
(2571, '10', 14, 13, 761),
(2572, '10', 15, 1, 761),
(2573, '10', 22, 4, 761),
(2574, '1', 14, 3, 762),
(2575, '1', 22, 9, 762),
(2576, '1', 24, 3, 762),
(2577, '2', 5, 1, 763),
(2578, '3', 14, 12, 764),
(2579, '3', 15, 19, 764),
(2580, '3', 19, 1, 764),
(2581, '3', 22, 21, 764),
(2582, '3', 24, 1, 764),
(2583, '4', 5, 1, 765),
(2584, '4', 14, 4, 765),
(2585, '4', 15, 5, 765),
(2586, '4', 22, 2, 765),
(2587, '4', 52, 1, 765),
(2588, '5', 5, 1, 766),
(2589, '5', 15, 20, 766),
(2590, '5', 19, 1, 766),
(2591, '5', 22, 15, 766),
(2592, '6', 14, 2, 767),
(2593, '6', 19, 1, 767),
(2594, '6', 22, 5, 767),
(2595, '6', 24, 1, 767),
(2596, '7', 14, 3, 768),
(2597, '7', 15, 5, 768),
(2598, '7', 22, 6, 768),
(2599, '7', 24, 1, 768),
(2600, '7', 25, 1, 768),
(2601, '8', 5, 3, 769),
(2602, '8', 14, 1, 769),
(2603, '8', 22, 17, 769),
(2604, '9', 5, 1, 770),
(2605, '9', 7, 1, 770),
(2606, '9', 15, 200, 770),
(2607, '9', 22, 15, 770),
(2608, '9', 25, 1, 770),
(2609, '10', 1, 1, 771),
(2610, '10', 14, 1, 771),
(2611, '10', 22, 3, 771),
(2612, '1', 1, 2, 772),
(2613, '1', 5, 1, 772),
(2614, '1', 22, 21, 772),
(2615, '1', 27, 1, 772),
(2616, '2', 1, 3, 773),
(2617, '2', 14, 3, 773),
(2618, '2', 22, 16, 773),
(2619, '2', 23, 9, 773),
(2620, '3', 5, 4, 774),
(2621, '3', 14, 3, 774),
(2622, '3', 15, 50, 774),
(2623, '3', 22, 17, 774),
(2624, '4', 5, 1, 775),
(2625, '4', 14, 5, 775),
(2626, '4', 15, 200, 775),
(2627, '4', 22, 7, 775),
(2628, '4', 23, 7, 775),
(2629, '4', 27, 1, 775),
(2630, '5', 15, 500, 776),
(2631, '5', 22, 15, 776),
(2632, '5', 23, 29, 776),
(2633, '5', 54, 2, 776),
(2634, '6', 14, 3, 777),
(2635, '6', 17, 1, 777),
(2636, '6', 22, 3, 777),
(2637, '6', 23, 10, 777),
(2638, '7', 1, 22, 778),
(2639, '7', 5, 2, 778),
(2640, '7', 14, 2, 778),
(2641, '7', 15, 18, 778),
(2642, '7', 22, 27, 778),
(2643, '7', 24, 2, 778),
(2644, '8', 1, 21, 779),
(2645, '8', 5, 6, 779),
(2646, '8', 14, 5, 779),
(2647, '8', 15, 421, 779),
(2648, '8', 19, 1, 779),
(2649, '8', 22, 25, 779),
(2650, '9', 5, 1, 780),
(2651, '9', 15, 80, 780),
(2652, '9', 22, 12, 780),
(2653, '9', 24, 3, 780),
(2654, '9', 25, 3, 780),
(2655, '10', 5, 1, 781),
(2656, '10', 15, 211, 781),
(2657, '10', 17, 1, 781),
(2658, '10', 19, 1, 781),
(2659, '10', 22, 35, 781),
(2660, '10', 23, 5, 781),
(2661, '10', 27, 1, 781),
(2662, '1', 1, 10, 782),
(2663, '1', 17, 1, 782),
(2664, '1', 22, 13, 782),
(2665, '1', 35, 14, 782),
(2666, '3', 5, 1, 783),
(2667, '3', 14, 1, 783),
(2668, '3', 22, 11, 783),
(2669, '4', 1, 53, 784),
(2670, '4', 22, 16, 784),
(2671, '4', 35, 4, 784),
(2672, '4', 49, 1, 784),
(2673, '5', 1, 20, 785),
(2674, '5', 22, 13, 785),
(2675, '5', 35, 5, 785),
(2676, '6', 5, 1, 786),
(2677, '6', 14, 7, 786),
(2678, '6', 22, 72, 786),
(2679, '7', 1, 13, 787),
(2680, '7', 22, 38, 787),
(2681, '7', 47, 5, 787),
(2682, '7', 49, 3, 787),
(2683, '8', 1, 30, 788),
(2684, '8', 22, 70, 788),
(2685, '8', 35, 6, 788),
(2686, '9', 1, 13, 789),
(2687, '9', 14, 2, 789),
(2688, '9', 22, 28, 789),
(2689, '9', 35, 2, 789),
(2690, '10', 1, 3, 790),
(2691, '10', 14, 2, 790),
(2692, '10', 22, 50, 790),
(2693, '10', 25, 1, 790),
(2694, '1', 15, 380, 791),
(2695, '1', 25, 2, 791),
(2696, '2', 5, 1, 792),
(2697, '2', 14, 1, 792),
(2698, '2', 15, 19, 792),
(2699, '2', 22, 2, 792),
(2700, '2', 23, 1, 792),
(2701, '3', 14, 4, 793),
(2702, '3', 15, 4, 793),
(2703, '3', 27, 1, 793),
(2704, '4', 5, 1, 794),
(2705, '4', 14, 12, 794),
(2706, '4', 15, 2, 794),
(2707, '4', 22, 2, 794),
(2708, '5', 15, 15, 795),
(2709, '5', 22, 3, 795),
(2710, '5', 23, 2, 795),
(2711, '6', 5, 1, 796),
(2712, '6', 14, 2, 796),
(2713, '6', 15, 74, 796),
(2714, '6', 22, 3, 796),
(2715, '7', 5, 2, 797),
(2716, '7', 14, 1, 797),
(2717, '7', 15, 15, 797),
(2718, '7', 22, 2, 797),
(2719, '7', 26, 1, 797),
(2720, '7', 54, 1, 797),
(2721, '8', 5, 1, 798),
(2722, '8', 14, 6, 798),
(2723, '8', 15, 11, 798),
(2724, '8', 22, 2, 798),
(2725, '8', 25, 1, 798),
(2726, '9', 14, 8, 799),
(2727, '9', 15, 50, 799),
(2728, '9', 22, 7, 799),
(2729, '9', 23, 1, 799),
(2730, '10', 5, 1, 800),
(2731, '10', 14, 2, 800),
(2732, '10', 15, 50, 800),
(2733, '10', 22, 2, 800),
(2734, '10', 25, 1, 800),
(2735, '1', 1, 47, 801),
(2736, '1', 5, 2, 802),
(2737, '1', 14, 8, 802),
(2738, '1', 15, 432, 802),
(2739, '1', 22, 24, 802),
(2740, '1', 22, 24, 803),
(2741, '1', 35, 4, 803),
(2742, '2', 15, 360, 804),
(2743, '2', 22, 3, 804),
(2744, '2', 24, 1, 804),
(2745, '2', 27, 1, 804),
(2746, '2', 35, 4, 804),
(2747, '3', 14, 1, 805),
(2748, '3', 15, 50, 805),
(2749, '3', 22, 2, 805),
(2750, '3', 25, 1, 805),
(2751, '3', 35, 1, 805),
(2752, '4', 1, 20, 806),
(2753, '4', 14, 6, 806),
(2754, '4', 15, 400, 806),
(2755, '4', 22, 3, 806),
(2756, '4', 27, 1, 806),
(2757, '4', 35, 1, 806),
(2758, '5', 1, 3, 807),
(2759, '5', 5, 2, 807),
(2760, '5', 15, 600, 807),
(2761, '5', 22, 10, 807),
(2762, '5', 25, 1, 807),
(2763, '5', 35, 1, 807),
(2764, '6', 5, 1, 808),
(2765, '6', 15, 160, 808),
(2766, '6', 22, 1, 808),
(2767, '7', 14, 1, 809),
(2768, '7', 15, 160, 809),
(2769, '8', 14, 1, 810),
(2770, '8', 15, 176, 810),
(2771, '9', 5, 2, 811),
(2772, '9', 15, 160, 811),
(2773, '9', 22, 1, 811),
(2774, '9', 24, 1, 811),
(2775, '10', 1, 4, 812),
(2776, '10', 5, 1, 812),
(2777, '10', 14, 6, 812),
(2778, '10', 15, 130, 812),
(2779, '10', 23, 1, 812),
(2780, '10', 24, 1, 812),
(2781, '10', 27, 1, 812),
(2782, '10', 35, 1, 812),
(2783, '1', 1, 60, 813),
(2784, '1', 5, 1, 813),
(2785, '1', 15, 32, 813),
(2786, '1', 22, 11, 813),
(2787, '2', 1, 6, 814),
(2788, '2', 15, 4, 814),
(2789, '2', 22, 1, 814),
(2790, '2', 23, 1, 814),
(2791, '2', 35, 1, 814),
(2792, '2', 47, 1, 814),
(2793, '3', 14, 1, 815),
(2794, '3', 15, 60, 815),
(2795, '3', 35, 1, 815),
(2796, '4', 14, 2, 816),
(2797, '4', 15, 250, 816),
(2798, '4', 22, 1, 816),
(2799, '5', 5, 2, 817),
(2800, '5', 14, 2, 817),
(2801, '5', 15, 70, 817),
(2802, '5', 22, 35, 817),
(2803, '5', 35, 1, 817),
(2804, '6', 1, 13, 818),
(2805, '6', 14, 1, 818),
(2806, '6', 15, 1, 818),
(2807, '6', 22, 6, 818),
(2808, '6', 35, 2, 818),
(2809, '7', 1, 27, 819),
(2810, '7', 15, 10, 819),
(2811, '7', 22, 13, 819),
(2812, '7', 35, 1, 819),
(2813, '8', 15, 8, 820),
(2814, '8', 25, 2, 820),
(2815, '9', 1, 2, 821),
(2816, '9', 14, 2, 821),
(2817, '9', 15, 64, 821),
(2818, '9', 22, 12, 821),
(2819, '10', 15, 10, 822),
(2820, '10', 22, 8, 822),
(2821, '10', 27, 1, 822),
(2822, '10', 35, 1, 822),
(2823, '1', 14, 6, 823),
(2824, '1', 15, 80, 823),
(2825, '1', 24, 1, 823),
(2826, '1', 25, 1, 823),
(2827, '2', 5, 1, 824),
(2828, '2', 14, 10, 824),
(2829, '2', 15, 80, 824),
(2830, '2', 25, 4, 824),
(2831, '2', 34, 1, 824),
(2832, '3', 5, 3, 825),
(2833, '3', 15, 34, 825),
(2834, '3', 22, 12, 825),
(2835, '3', 24, 1, 825),
(2836, '4', 5, 7, 826),
(2837, '4', 14, 24, 826),
(2838, '4', 15, 509, 826),
(2839, '4', 22, 5, 826),
(2840, '4', 24, 102, 826),
(2841, '5', 5, 1, 827),
(2842, '5', 14, 4, 827),
(2843, '5', 15, 80, 827),
(2844, '5', 22, 5, 827),
(2845, '7', 14, 7, 828),
(2846, '7', 15, 53, 828),
(2847, '7', 22, 5, 828),
(2848, '9', 5, 1, 829),
(2849, '9', 14, 2, 829),
(2850, '9', 15, 100, 829),
(2851, '9', 22, 2, 829),
(2852, '10', 3, 2, 830),
(2853, '10', 5, 1, 830),
(2854, '10', 14, 2, 830),
(2855, '10', 15, 100, 830),
(2856, '10', 22, 3, 830),
(2857, '1', 14, 5, 831),
(2858, '1', 15, 2040, 831),
(2859, '1', 22, 1, 831),
(2860, '2', 5, 1, 832),
(2861, '2', 14, 5, 832),
(2862, '2', 15, 1150, 832),
(2863, '2', 22, 1, 832),
(2864, '3', 14, 3, 833),
(2865, '3', 15, 900, 833),
(2866, '3', 22, 2, 833),
(2867, '4', 5, 1, 834),
(2868, '4', 14, 5, 834),
(2869, '4', 15, 1623, 834),
(2870, '4', 22, 60, 834),
(2871, '5', 5, 1, 835),
(2872, '5', 14, 1, 835),
(2873, '5', 15, 500, 835),
(2874, '5', 22, 5, 835),
(2875, '6', 14, 1, 836),
(2876, '6', 15, 1500, 836),
(2877, '6', 22, 2, 836),
(2878, '7', 5, 1, 837),
(2879, '7', 14, 4, 837),
(2880, '7', 15, 2200, 837),
(2881, '7', 22, 3, 837),
(2882, '8', 5, 1, 838),
(2883, '8', 14, 7, 838),
(2884, '8', 15, 4500, 838),
(2885, '8', 17, 1, 838),
(2886, '8', 22, 30, 838),
(2887, '8', 26, 1, 838),
(2888, '8', 54, 1, 838),
(2889, '9', 3, 1, 839),
(2890, '9', 5, 1, 839),
(2891, '9', 14, 1, 839),
(2892, '9', 15, 2800, 839),
(2893, '9', 22, 9, 839),
(2894, '10', 14, 4, 840),
(2895, '10', 15, 840, 840),
(2896, '10', 22, 1, 840),
(2897, '10', 24, 1, 840),
(2898, '10', 35, 1, 840),
(2899, '2', 15, 240, 841),
(2900, '2', 35, 6, 841),
(2901, '1', 1, 100, 842),
(2902, '1', 5, 6, 842),
(2903, '1', 13, 10, 842),
(2904, '1', 15, 100, 842),
(2905, '1', 19, 1, 842),
(2906, '1', 1, 100, 843),
(2907, '1', 5, 6, 843),
(2908, '1', 13, 10, 843),
(2909, '1', 14, 10, 843),
(2910, '1', 15, 100, 843),
(2911, '1', 19, 1, 843),
(2912, '3', 1, 10, 844),
(2913, '3', 5, 1, 844),
(2914, '3', 14, 20, 844),
(2915, '3', 22, 4, 844),
(2916, '3', 24, 5, 844),
(2917, '4', 1, 100, 845),
(2918, '4', 14, 1, 845),
(2919, '4', 15, 200, 845),
(2920, '4', 22, 1, 845),
(2921, '4', 35, 2, 845),
(2922, '5', 14, 12, 846),
(2923, '5', 15, 50, 846),
(2924, '5', 22, 4, 846),
(2925, '5', 23, 3, 846),
(2926, '5', 24, 1, 846),
(2927, '6', 5, 1, 847),
(2928, '6', 14, 15, 847),
(2929, '6', 15, 60, 847),
(2930, '6', 25, 1, 847),
(2931, '7', 1, 50, 848),
(2932, '7', 5, 3, 848),
(2933, '7', 14, 14, 848),
(2934, '7', 15, 35, 848),
(2935, '7', 22, 1, 848),
(2936, '7', 24, 3, 848),
(2937, '7', 25, 2, 848),
(2938, '8', 5, 1, 849),
(2939, '8', 12, 1, 849),
(2940, '8', 14, 5, 849),
(2941, '8', 15, 64, 849),
(2942, '8', 25, 1, 849),
(2943, '9', 1, 156, 850),
(2944, '9', 3, 1, 850),
(2945, '9', 5, 2, 850),
(2946, '9', 12, 1, 850),
(2947, '9', 14, 4, 850),
(2948, '9', 15, 49, 850),
(2949, '9', 22, 1, 850),
(2950, '10', 1, 60, 851),
(2951, '10', 5, 1, 851),
(2952, '10', 14, 6, 851),
(2953, '10', 15, 100, 851),
(2954, '10', 19, 1, 851),
(2955, '1', 1, 301, 852),
(2956, '1', 5, 3, 852),
(2957, '1', 14, 16, 852),
(2958, '1', 15, 23, 852),
(2959, '1', 22, 2, 852),
(2960, '2', 1, 20, 853),
(2961, '2', 5, 1, 853),
(2962, '2', 14, 6, 853),
(2963, '2', 15, 3, 853),
(2964, '2', 22, 2, 853),
(2965, '2', 24, 1, 853),
(2966, '3', 1, 400, 854),
(2967, '3', 14, 12, 854),
(2968, '3', 22, 5, 854),
(2969, '4', 1, 75, 855),
(2970, '4', 5, 1, 855),
(2971, '4', 14, 1, 855),
(2972, '4', 22, 8, 855),
(2973, '4', 23, 2, 855),
(2974, '5', 1, 200, 856),
(2975, '5', 14, 4, 856),
(2976, '5', 22, 17, 856),
(2977, '5', 35, 6, 856),
(2978, '6', 14, 1, 857),
(2979, '6', 15, 4, 857),
(2980, '6', 22, 30, 857),
(2981, '6', 35, 5, 857),
(2982, '7', 1, 53, 858),
(2983, '7', 15, 2, 858),
(2984, '7', 22, 6, 858),
(2985, '7', 47, 3, 858),
(2986, '8', 14, 1, 859),
(2987, '8', 22, 2, 859),
(2988, '8', 35, 1, 859),
(2989, '9', 1, 75, 860),
(2990, '9', 15, 7, 860),
(2991, '9', 22, 4, 860),
(2992, '9', 35, 3, 860),
(2993, '10', 1, 100, 861),
(2994, '10', 14, 4, 861),
(2995, '10', 15, 29, 861),
(2996, '10', 22, 19, 861),
(2997, '10', 25, 2, 861),
(2998, '1', 3, 1, 862),
(2999, '1', 5, 2, 862),
(3000, '1', 14, 1, 862),
(3001, '1', 15, 80, 862),
(3002, '1', 19, 1, 862),
(3003, '1', 22, 1, 862),
(3004, '2', 14, 2, 863),
(3005, '2', 15, 150, 863),
(3006, '2', 19, 1, 863),
(3007, '2', 22, 10, 863),
(3008, '3', 5, 1, 864),
(3009, '3', 14, 2, 864),
(3010, '3', 15, 42, 864),
(3011, '3', 17, 1, 864),
(3012, '3', 22, 6, 864),
(3013, '3', 25, 1, 864),
(3014, '4', 1, 1, 865),
(3015, '4', 5, 7, 865),
(3016, '4', 14, 22, 865),
(3017, '4', 15, 3001, 865),
(3018, '4', 22, 13, 865),
(3019, '4', 24, 1, 865),
(3020, '5', 5, 1, 866),
(3021, '5', 15, 40, 866),
(3022, '5', 22, 14, 866),
(3023, '5', 24, 1, 866),
(3024, '6', 22, 22, 867),
(3025, '6', 35, 1, 867),
(3026, '7', 14, 6, 868),
(3027, '7', 15, 500, 868),
(3028, '7', 22, 3, 868),
(3029, '7', 24, 4, 868),
(3030, '8', 1, 1, 869),
(3031, '8', 5, 2, 869),
(3032, '8', 14, 5, 869),
(3033, '8', 15, 238, 869),
(3034, '8', 22, 13, 869),
(3035, '8', 25, 1, 869),
(3036, '9', 5, 3, 870),
(3037, '9', 14, 10, 870),
(3038, '9', 15, 1100, 870),
(3039, '9', 22, 4, 870),
(3040, '9', 27, 1, 870),
(3041, '10', 5, 1, 871),
(3042, '10', 14, 1, 871),
(3043, '10', 15, 20, 871),
(3044, '10', 22, 1, 871),
(3045, '10', 24, 1, 871),
(3046, '2', 5, 1, 872),
(3047, '2', 15, 250, 872),
(3048, '2', 22, 3, 872),
(3049, '2', 24, 1, 872),
(3050, '2', 27, 1, 872),
(3051, '2', 35, 5, 872),
(3052, '3', 5, 4, 873),
(3053, '3', 15, 57, 873),
(3054, '3', 27, 2, 873),
(3055, '3', 35, 7, 873),
(3056, '4', 1, 1, 874),
(3057, '4', 5, 1, 874),
(3058, '4', 14, 1, 874),
(3059, '4', 15, 150, 874),
(3060, '4', 22, 1, 874),
(3061, '4', 24, 1, 874),
(3062, '4', 35, 3, 874),
(3063, '5', 1, 4, 875),
(3064, '5', 5, 1, 875),
(3065, '5', 14, 3, 875),
(3066, '5', 15, 90, 875),
(3067, '5', 22, 5, 875),
(3068, ' 6', 24, 10, 876),
(3069, '6', 1, 3, 876),
(3070, '6', 5, 2, 876),
(3071, '6', 14, 6, 876),
(3072, '6', 15, 100, 876),
(3073, '6', 22, 9, 876),
(3074, '6', 23, 1, 876),
(3075, '6', 35, 1, 876),
(3076, '7', 1, 4, 877),
(3077, '7', 14, 2, 877),
(3078, '7', 22, 6, 877),
(3079, '7', 24, 2, 877),
(3080, '7', 35, 3, 877),
(3081, '8', 5, 1, 878),
(3082, '8', 14, 2, 878),
(3083, '8', 15, 50, 878),
(3084, '9', 5, 2, 879),
(3085, '9', 14, 4, 879),
(3086, '9', 15, 43, 879),
(3087, '9', 24, 5, 879),
(3088, '9', 27, 1, 879),
(3089, '9', 35, 2, 879),
(3090, '10', 1, 7, 880),
(3091, '10', 3, 2, 880),
(3092, '10', 14, 16, 880),
(3093, '10', 15, 101, 880),
(3094, '10', 23, 6, 880),
(3095, '10', 27, 1, 880),
(3096, '4', 14, 10, 881),
(3097, '4', 15, 25, 881),
(3098, '4', 19, 3, 881),
(3099, '4', 23, 3, 881),
(3100, '4', 25, 5, 881),
(3101, '7', 5, 1, 881),
(3102, '7', 14, 2, 881),
(3103, '7', 15, 145, 881),
(3104, '10', 1, 5, 882),
(3105, '10', 5, 3, 882),
(3106, '10', 14, 5, 882),
(3107, '10', 15, 392, 882),
(3108, '10', 25, 18, 882),
(3109, '2', 15, 4, 882),
(3110, '2', 19, 2, 882),
(3111, '2', 25, 1, 882),
(3112, '5', 1, 5, 882),
(3113, '5', 5, 10, 882),
(3114, '5', 7, 3, 882),
(3115, '5', 14, 7, 882),
(3116, '5', 15, 125, 882),
(3117, '5', 24, 8, 882),
(3118, '5', 25, 1, 882),
(3119, '5', 26, 2, 882),
(3120, '6', 1, 11, 882),
(3121, '6', 5, 4, 882),
(3122, '6', 14, 5, 882),
(3123, '6', 15, 115, 882),
(3124, '6', 25, 6, 882),
(3125, '8', 5, 2, 882),
(3126, '8', 14, 10, 882),
(3127, '1', 5, 1, 883),
(3128, '1', 14, 2, 883),
(3129, '1', 15, 5, 883),
(3130, '1', 19, 3, 883),
(3131, '1', 22, 1, 883),
(3132, '1', 25, 5, 883),
(3133, '1', 52, 1, 883),
(3134, '3', 5, 1, 883),
(3135, '3', 14, 5, 883),
(3136, '3', 15, 83, 883),
(3137, '3', 19, 3, 883),
(3138, '3', 22, 4, 883),
(3139, '3', 24, 1, 883),
(3140, '3', 52, 2, 883),
(3141, '9', 1, 3, 883),
(3142, '9', 5, 5, 883),
(3143, '9', 14, 5, 883),
(3144, '9', 15, 12, 883),
(3145, '9', 17, 1, 883),
(3146, '9', 25, 4, 883),
(3147, '1', 1, 3, 884),
(3148, '1', 14, 50, 884),
(3149, '1', 15, 216, 884),
(3150, '1', 25, 32, 884),
(3151, '1', 26, 3, 884),
(3152, '2', 5, 1, 884),
(3153, '2', 14, 2, 884),
(3154, '2', 15, 50, 884),
(3155, '2', 17, 1, 884),
(3156, '2', 25, 7, 884),
(3157, '3', 1, 8, 884),
(3158, '3', 5, 1, 884),
(3159, '3', 14, 11, 884),
(3160, '3', 15, 148, 884),
(3161, '3', 23, 2, 884),
(3162, '3', 25, 56, 884),
(3163, '4', 5, 1, 884),
(3164, '4', 14, 6, 884),
(3165, '4', 15, 15, 884),
(3166, '4', 19, 1, 884),
(3167, '4', 25, 5, 884),
(3168, '1', 5, 1, 885),
(3169, '1', 14, 2, 885),
(3170, '1', 15, 50, 885),
(3171, '1', 22, 3, 885),
(3172, '1', 24, 1, 885),
(3173, '1', 54, 1, 885),
(3174, '2', 14, 2, 886),
(3175, '2', 15, 7, 886),
(3176, '2', 22, 4, 886),
(3177, '2', 34, 1, 886),
(3178, '3', 5, 1, 887),
(3179, '3', 15, 25, 887),
(3180, '3', 22, 38, 887),
(3181, '3', 23, 1, 887),
(3182, '6', 1, 24, 888),
(3183, '6', 5, 2, 888),
(3184, '6', 15, 63, 888),
(3185, '6', 17, 1, 888),
(3186, '6', 22, 32, 888),
(3187, '6', 23, 1, 888),
(3188, '1', 1, 70, 889),
(3189, '1', 5, 1, 889),
(3190, '1', 14, 4, 889),
(3191, '1', 22, 25, 889),
(3192, '2', 5, 4, 890),
(3193, '2', 14, 3, 890),
(3194, '2', 15, 94, 890),
(3195, '2', 22, 31, 890),
(3196, '2', 35, 1, 890),
(3197, '3', 1, 62, 891),
(3198, '3', 5, 1, 891),
(3199, '3', 14, 11, 891),
(3200, '3', 15, 250, 891),
(3201, '3', 22, 100, 891),
(3202, '3', 35, 10, 891),
(3203, '3', 54, 5, 891),
(3204, '4', 5, 2, 892),
(3205, '4', 14, 1, 892),
(3206, '4', 15, 200, 892),
(3207, '4', 22, 40, 892),
(3208, '4', 23, 2, 892),
(3209, '5', 5, 2, 893),
(3210, '5', 14, 4, 893),
(3211, '5', 15, 320, 893),
(3212, '5', 22, 20, 893),
(3213, '5', 25, 1, 893),
(3214, '6', 14, 2, 894),
(3215, '6', 15, 20, 894),
(3216, '6', 22, 18, 894),
(3217, '7', 5, 1, 895),
(3218, '7', 14, 6, 895),
(3219, '7', 22, 10, 895),
(3220, '7', 24, 14, 895),
(3221, '7', 25, 1, 895),
(3222, '8', 5, 2, 896),
(3223, '8', 14, 28, 896),
(3224, '8', 15, 5, 896),
(3225, '8', 22, 5, 896),
(3226, '9', 5, 2, 897),
(3227, '9', 14, 2, 897),
(3228, '9', 15, 83, 897),
(3229, '9', 22, 7, 897),
(3230, '9', 35, 2, 897),
(3231, '10', 1, 1, 898),
(3232, '10', 5, 2, 898),
(3233, '10', 14, 9, 898),
(3234, '10', 15, 8, 898),
(3235, '10', 22, 26, 898),
(3236, '1', 5, 1, 899),
(3237, '1', 15, 15, 899),
(3238, '1', 22, 5, 899),
(3239, '1', 25, 1, 899),
(3240, '1', 54, 1, 899),
(3241, '2', 1, 8, 900),
(3242, '2', 5, 2, 900),
(3243, '2', 15, 1, 900),
(3244, '2', 26, 1, 900),
(3245, '2', 35, 1, 900),
(3246, '2', 54, 8, 900),
(3247, '3', 1, 400, 901),
(3248, '3', 15, 19, 901),
(3249, '3', 22, 8, 901),
(3250, '4', 1, 300, 902),
(3251, '4', 14, 1, 902),
(3252, '4', 25, 13, 902),
(3253, '5', 1, 600, 903),
(3254, '5', 14, 1, 903),
(3255, '5', 15, 30, 903),
(3256, '5', 23, 1, 903),
(3257, '6', 5, 1, 904),
(3258, '6', 15, 5, 904),
(3259, '6', 23, 1, 904),
(3260, '6', 25, 9, 904),
(3261, '7', 1, 45, 905),
(3262, '7', 5, 1, 905),
(3263, '7', 15, 25, 905),
(3264, '7', 22, 19, 905),
(3265, '8', 1, 3, 906),
(3266, '8', 22, 1, 906),
(3267, '9', 5, 1, 907),
(3268, '9', 14, 2, 907),
(3269, '9', 15, 3, 907),
(3270, '9', 22, 27, 907),
(3271, '10', 1, 30, 908),
(3272, '10', 22, 21, 908),
(3273, '10', 35, 1, 908),
(3274, '1', 5, 2, 909),
(3275, '1', 14, 4, 909),
(3276, '1', 15, 3800, 909),
(3277, '1', 22, 2, 909),
(3278, '2', 1, 2, 910),
(3279, '2', 5, 3, 910),
(3280, '2', 14, 7, 910),
(3281, '2', 15, 1990, 910),
(3282, '2', 26, 1, 910),
(3283, '3', 1, 1, 911),
(3284, '3', 3, 1, 911),
(3285, '3', 14, 2, 911),
(3286, '3', 15, 2000, 911),
(3287, '4', 1, 1, 912),
(3288, '4', 5, 1, 912),
(3289, '4', 14, 20, 912),
(3290, '4', 15, 300, 912),
(3291, '4', 19, 1, 912),
(3292, '4', 22, 2, 912),
(3293, '5', 5, 14, 913),
(3294, '5', 14, 3, 913),
(3295, '5', 15, 2000, 913),
(3296, '5', 22, 20, 913),
(3297, '5', 23, 1, 913),
(3298, '6', 1, 50, 914),
(3299, '6', 14, 20, 914),
(3300, '6', 15, 3000, 914),
(3301, '6', 22, 10, 914),
(3302, '6', 35, 1, 914),
(3303, '7', 1, 1, 915),
(3304, '7', 14, 10, 915),
(3305, '7', 15, 1400, 915),
(3306, '7', 22, 5, 915),
(3307, '7', 24, 2, 915),
(3308, '8', 14, 20, 916),
(3309, '8', 15, 4300, 916),
(3310, '8', 22, 29, 916),
(3311, '8', 24, 1, 916),
(3312, '9', 14, 34, 917),
(3313, '9', 15, 740, 917),
(3314, '9', 22, 1, 917),
(3315, '9', 27, 1, 917),
(3316, '1', 1, 48, 918),
(3317, '1', 14, 3, 918),
(3318, '1', 15, 23, 918),
(3319, '1', 22, 2, 918),
(3320, '1', 54, 1, 918),
(3321, '2', 5, 3, 919),
(3322, '2', 14, 16, 919),
(3323, '2', 22, 10, 919),
(3324, '2', 35, 1, 919),
(3325, '3', 1, 2, 920),
(3326, '3', 14, 2, 920),
(3327, '3', 15, 100, 920),
(3328, '3', 22, 2, 920),
(3329, '3', 35, 2, 920),
(3330, '4', 1, 50, 921),
(3331, '4', 5, 1, 921),
(3332, '4', 15, 70, 921),
(3333, '4', 22, 15, 921),
(3334, '5', 5, 3, 922),
(3335, '5', 14, 3, 922),
(3336, '5', 15, 1, 922),
(3337, '5', 22, 9, 922),
(3338, '5', 24, 1, 922),
(3339, '5', 25, 1, 922),
(3340, '6', 14, 4, 923),
(3341, '6', 15, 5, 923),
(3342, '6', 22, 1, 923),
(3343, '6', 24, 1, 923),
(3344, '6', 26, 1, 923),
(3345, '7', 5, 2, 924),
(3346, '7', 14, 1, 924),
(3347, '7', 22, 57, 924),
(3348, '7', 25, 1, 924),
(3349, '7', 27, 1, 924),
(3350, '7', 35, 1, 924),
(3351, '8', 5, 1, 925),
(3352, '8', 15, 40, 925),
(3353, '8', 19, 1, 925),
(3354, '8', 22, 30, 925),
(3355, '8', 24, 2, 925),
(3356, '9', 1, 4, 926),
(3357, '9', 14, 2, 926),
(3358, '9', 15, 3, 926),
(3359, '9', 22, 40, 926),
(3360, '10', 15, 35, 927),
(3361, '10', 22, 98, 927),
(3362, '10', 35, 3, 927),
(3363, '1', 1, 21, 928),
(3364, '1', 5, 1, 928),
(3365, '1', 14, 3, 928),
(3366, '1', 15, 111, 928),
(3367, '1', 22, 19, 928),
(3368, '1', 26, 1, 928),
(3369, '1', 52, 2, 928),
(3370, '2', 5, 1, 929),
(3371, '2', 14, 3, 929),
(3372, '2', 22, 170, 929),
(3373, '1', 1, 130, 930),
(3374, '1', 14, 7, 930),
(3375, '1', 22, 2, 930),
(3376, '2', 1, 36, 931),
(3377, '2', 14, 2, 931),
(3378, '2', 22, 1, 931),
(3379, '3', 1, 80, 932),
(3380, '3', 14, 548, 932),
(3381, '3', 22, 2, 932),
(3382, '3', 26, 1, 932),
(3383, '3', 35, 1, 932),
(3384, '4', 1, 54, 933),
(3385, '4', 14, 3, 933),
(3386, '4', 22, 40, 933),
(3387, '4', 24, 1, 933),
(3388, '4', 26, 1, 933),
(3389, '5', 1, 200, 934),
(3390, '5', 5, 7, 934),
(3391, '5', 14, 2, 934),
(3392, '5', 35, 3, 934),
(3393, '6', 1, 4, 935),
(3394, '6', 14, 4, 935),
(3395, '6', 22, 2, 935),
(3396, '6', 25, 1, 935),
(3397, '6', 35, 2, 935),
(3398, '7', 1, 11, 936),
(3399, '7', 14, 13, 936),
(3400, '7', 22, 10, 936),
(3401, '7', 25, 1, 936),
(3402, '8', 1, 51, 937),
(3403, '8', 5, 1, 937),
(3404, '8', 14, 9, 937),
(3405, '8', 15, 20, 937),
(3406, '8', 22, 15, 937),
(3407, '8', 25, 1, 937),
(3408, '8', 35, 6, 937),
(3409, '9', 1, 10, 938),
(3410, '9', 5, 1, 938),
(3411, '9', 14, 10, 938),
(3412, '9', 22, 10, 938),
(3413, '9', 24, 1, 938),
(3414, '9', 25, 1, 938),
(3415, '9', 35, 7, 938),
(3416, '10', 1, 102, 939),
(3417, '10', 5, 2, 939),
(3418, '10', 14, 11, 939),
(3419, '10', 15, 1, 939),
(3420, '10', 24, 1, 939),
(3421, '10', 25, 1, 939),
(3422, '10', 35, 10, 939),
(3423, '3', 14, 2, 940),
(3424, '3', 22, 20, 940),
(3425, '3', 23, 1, 940),
(3426, '3', 35, 2, 940),
(3427, '4', 1, 25, 941),
(3428, '4', 15, 50, 941),
(3429, '4', 22, 11, 941),
(3430, '4', 35, 7, 941),
(3431, '5', 14, 2, 942),
(3432, '5', 15, 4, 942),
(3433, '5', 22, 4, 942),
(3434, '5', 23, 1, 942),
(3435, '5', 26, 1, 942),
(3436, '5', 35, 2, 942),
(3437, '6', 15, 10, 943),
(3438, '6', 22, 16, 943),
(3439, '7', 14, 1, 944),
(3440, '7', 22, 4, 944),
(3441, '9', 22, 3, 945),
(3442, '10', 15, 126, 946),
(3443, '10', 22, 11, 946),
(3444, '10', 23, 3, 946),
(3445, '10', 35, 2, 946),
(3446, '7', 5, 1, 947),
(3447, '7', 14, 9, 947),
(3448, '7', 15, 46, 947),
(3449, '7', 22, 13, 947),
(3450, '7', 27, 1, 947),
(3451, '5', 1, 1, 948),
(3452, '5', 6, 1, 948),
(3453, '5', 14, 2, 948),
(3454, '5', 15, 4, 948),
(3455, '5', 22, 1, 948),
(3456, '2', 1, 2, 949),
(3457, '2', 5, 2, 949),
(3458, '2', 14, 2, 949),
(3459, '2', 15, 1052, 949),
(3460, '2', 19, 2, 949),
(3461, '8', 1, 16, 950),
(3462, '8', 5, 1, 950),
(3463, '8', 14, 2, 950),
(3464, '8', 15, 4, 950),
(3465, '8', 23, 2, 950),
(3466, '8', 25, 6, 950),
(3467, '9', 1, 1, 950),
(3468, '9', 5, 2, 950),
(3469, '9', 12, 1, 950),
(3470, '9', 14, 4, 950),
(3471, '9', 15, 4, 950),
(3472, '9', 17, 1, 950),
(3473, '9', 19, 2, 950),
(3474, '9', 23, 1, 950),
(3475, '9', 25, 46, 950),
(3476, '9', 26, 3, 950),
(3477, '4', 15, 10, 951),
(3478, '4', 17, 1, 951),
(3479, '4', 24, 1, 951),
(3480, '4', 44, 7, 951),
(3481, '1', 1, 1, 952),
(3482, '1', 15, 139, 952),
(3483, '1', 22, 6, 952),
(3484, '1', 24, 1, 952),
(3485, '6', 1, 1, 953),
(3486, '6', 5, 1, 953),
(3487, '6', 14, 1, 953),
(3488, '6', 15, 18, 953),
(3489, '6', 19, 1, 953),
(3490, '6', 47, 17, 953),
(3491, '10', 15, 2, 954),
(3492, '10', 17, 1, 954),
(3493, '10', 22, 147, 954),
(3494, '10', 23, 1, 954),
(3495, '1', 17, 2, 955),
(3496, '1', 19, 1, 955),
(3497, '1', 22, 11, 955),
(3498, '1', 34, 1, 955),
(3499, '2', 5, 2, 955),
(3500, '2', 7, 1, 955),
(3501, '2', 14, 7, 955),
(3502, '2', 22, 9, 955),
(3503, '3', 5, 6, 955),
(3504, '3', 7, 2, 955),
(3505, '3', 17, 5, 955),
(3506, '3', 22, 14, 955),
(3507, '3', 23, 1, 955),
(3508, '3', 24, 1, 955),
(3509, '3', 34, 4, 955),
(3510, '4', 14, 2, 955),
(3511, '4', 17, 2, 955),
(3512, '4', 22, 2, 955),
(3513, '5', 5, 6, 955),
(3514, '5', 17, 14, 955),
(3515, '5', 19, 1, 955),
(3516, '5', 22, 25, 955),
(3517, '5', 34, 1, 955),
(3518, '10', 5, 2, 956),
(3519, '10', 22, 3, 956),
(3520, '10', 23, 1, 956),
(3521, '9', 5, 1, 956),
(3522, '9', 19, 1, 956),
(3523, '9', 22, 1, 956),
(3524, '1', 5, 2, 957),
(3525, '1', 14, 4, 957),
(3526, '1', 17, 8, 957),
(3527, '1', 19, 8, 957),
(3528, '1', 22, 5, 957),
(3529, '2', 5, 1, 957),
(3530, '2', 22, 2, 957),
(3531, '2', 25, 2, 957),
(3532, '3', 17, 3, 957),
(3533, '4', 19, 1, 957),
(3534, '4', 22, 2, 957),
(3535, '5', 5, 8, 957),
(3536, '5', 22, 4, 957),
(3537, '5', 23, 1, 957),
(3538, '6', 5, 1, 957),
(3539, '6', 22, 2, 957),
(3540, '6', 25, 1, 957),
(3541, '7', 14, 1, 957),
(3542, '7', 22, 5, 957),
(3543, '8', 5, 1, 957),
(3544, '8', 15, 1, 957),
(3545, '8', 22, 1, 957),
(3546, '8', 34, 1, 957),
(3547, '10', 5, 12, 958),
(3548, '10', 14, 2, 958),
(3549, '10', 22, 14, 958),
(3550, '6', 22, 25, 958),
(3551, '7', 14, 2, 958),
(3552, '7', 22, 2, 958),
(3553, '8', 5, 4, 958),
(3554, '8', 19, 1, 958),
(3555, '8', 22, 8, 958),
(3556, '8', 25, 2, 958),
(3557, '9', 5, 8, 958),
(3558, '9', 14, 4, 958),
(3559, '9', 22, 5, 958),
(3560, '9', 34, 2, 958),
(3561, '01', 5, 6, 959),
(3562, '01', 14, 5, 959),
(3563, '01', 25, 34, 959),
(3564, '02', 1, 33, 959),
(3565, '02', 5, 9, 959),
(3566, '02', 14, 7, 959),
(3567, '02', 15, 3, 959),
(3568, '02', 25, 17, 959),
(3569, '03', 5, 18, 959),
(3570, '03', 7, 1, 959),
(3571, '03', 14, 3, 959),
(3572, '03', 25, 2, 959),
(3573, '04', 5, 1, 959),
(3574, '04', 34, 1, 959),
(3575, '05', 5, 4, 959),
(3576, '05', 14, 14, 959),
(3577, '07', 1, 2, 959),
(3578, '07', 5, 1, 959),
(3579, '07', 14, 2, 959),
(3580, '07', 19, 1, 959),
(3581, '07', 22, 2, 959),
(3582, '09', 5, 1, 959),
(3583, '09', 15, 1, 959),
(3584, '1', 7, 3, 960),
(3585, '1', 25, 2, 960),
(3586, '1', 34, 3, 960),
(3587, '2', 5, 1, 960),
(3588, '2', 7, 2, 960),
(3589, '2', 14, 2, 960),
(3590, '2', 25, 13, 960),
(3591, '2', 34, 2, 960),
(3592, '3', 34, 1, 960),
(3593, '5', 1, 1, 960),
(3594, '5', 25, 5, 960),
(3595, '5', 34, 1, 960),
(3596, '6', 14, 6, 960),
(3597, '6', 15, 1, 960),
(3598, '6', 19, 1, 960),
(3599, '6', 22, 1, 960),
(3600, '6', 34, 1, 960),
(3601, '6', 39, 1, 960),
(3602, '7', 5, 1, 960),
(3603, '7', 14, 2, 960),
(3604, '7', 22, 1, 960),
(3605, '8', 5, 1, 960),
(3606, '8', 25, 43, 960),
(3607, '10', 5, 2, 961),
(3608, '10', 14, 1, 961),
(3609, '10', 25, 10, 961),
(3610, '9', 34, 3, 961),
(3611, '1', 7, 1, 962),
(3612, '1', 14, 1, 962),
(3613, '1', 22, 62, 962),
(3614, '2', 22, 27, 963),
(3615, '3', 14, 1, 964),
(3616, '3', 22, 16, 964),
(3617, '4', 1, 1, 965),
(3618, '4', 5, 1, 965),
(3619, '4', 14, 2, 965),
(3620, '4', 22, 27, 965),
(3621, '5', 1, 1, 966),
(3622, '5', 7, 1, 966),
(3623, '5', 15, 1, 966),
(3624, '5', 22, 23, 966),
(3625, '5', 27, 1, 966),
(3626, '5', 52, 1, 966),
(3627, '6', 14, 5, 967),
(3628, '6', 22, 20, 967),
(3629, '6', 25, 5, 967),
(3630, '6', 52, 1, 967),
(3631, '7', 5, 1, 968),
(3632, '7', 14, 2, 968),
(3633, '7', 22, 14, 968),
(3634, '7', 52, 1, 968),
(3635, '8', 22, 206, 969),
(3636, '9', 22, 213, 970),
(3637, '10', 22, 413, 971),
(3638, '1', 1, 1, 972),
(3639, '1', 14, 1, 972),
(3640, '1', 22, 7, 972),
(3641, '1', 52, 4, 972),
(3642, '2', 14, 3, 973),
(3643, '2', 22, 200, 973),
(3644, '3', 22, 11, 974),
(3645, '4', 1, 1, 975),
(3646, '4', 14, 2, 975),
(3647, '4', 22, 10, 975),
(3648, '5', 1, 6, 976),
(3649, '5', 5, 1, 976),
(3650, '5', 7, 1, 976),
(3651, '5', 14, 3, 976),
(3652, '5', 22, 113, 976),
(3653, '5', 52, 3, 976),
(3654, '6', 1, 1, 977),
(3655, '6', 22, 52, 977),
(3656, '7', 14, 1, 978),
(3657, '7', 22, 121, 978),
(3658, '8', 14, 1, 979),
(3659, '8', 22, 12, 979),
(3660, '8', 52, 1, 979),
(3661, '9', 14, 1, 980),
(3662, '9', 22, 130, 980),
(3663, '10', 22, 49, 981),
(3664, '2', 1, 9, 982),
(3665, '2', 5, 6, 982),
(3666, '2', 22, 1, 982),
(3667, '2', 24, 1, 982),
(3668, '2', 35, 2, 982),
(3669, '5', 1, 5, 983),
(3670, '5', 5, 2, 983),
(3671, '5', 14, 21, 983),
(3672, '5', 15, 1, 983),
(3673, '5', 22, 11, 983),
(3674, '5', 23, 1, 983),
(3675, '6', 5, 4, 984),
(3676, '6', 14, 3, 984),
(3677, '6', 22, 20, 984),
(3678, '7', 5, 12, 985),
(3679, '7', 14, 12, 985),
(3680, '7', 22, 10, 985),
(3681, '7', 23, 1, 985),
(3682, '7', 24, 1, 985),
(3683, '8', 5, 15, 986),
(3684, '8', 14, 9, 986),
(3685, '8', 22, 30, 986),
(3686, '8', 35, 3, 986),
(3687, '1', 7, 1, 987),
(3688, '1', 22, 15, 987),
(3689, '1', 26, 1, 987),
(3690, '1', 35, 1, 987),
(3691, '1', 49, 2, 987),
(3692, '2', 1, 3, 988),
(3693, '2', 5, 1, 988),
(3694, '2', 7, 1, 988),
(3695, '2', 22, 26, 988),
(3696, '2', 23, 1, 988),
(3697, '3', 7, 4, 989),
(3698, '3', 14, 2, 989),
(3699, '3', 22, 10, 989),
(3700, '4', 1, 1, 990),
(3701, '4', 5, 3, 990),
(3702, '4', 7, 1, 990),
(3703, '4', 14, 1, 990),
(3704, '4', 17, 1, 990),
(3705, '4', 22, 40, 990),
(3706, '5', 14, 3, 991),
(3707, '5', 15, 2, 991),
(3708, '5', 22, 53, 991),
(3709, '5', 52, 1, 991),
(3710, '5', 54, 1, 991),
(3711, ' 6', 5, 3, 992),
(3712, '6', 1, 6, 992),
(3713, '6', 7, 1, 992),
(3714, '6', 22, 18, 992),
(3715, '6', 23, 1, 992),
(3716, '6', 34, 1, 992),
(3717, '7', 1, 3, 993),
(3718, '7', 7, 2, 993),
(3719, '7', 14, 5, 993),
(3720, '7', 15, 6, 993),
(3721, '7', 22, 90, 993),
(3722, '7', 35, 2, 993),
(3723, '7', 52, 2, 993),
(3724, '7', 54, 2, 993),
(3725, '8', 5, 1, 994),
(3726, '8', 22, 15, 994),
(3727, '8', 52, 1, 994),
(3728, '9', 14, 1, 995),
(3729, '9', 22, 63, 995),
(3730, '9', 52, 2, 995),
(3731, '1', 5, 1, 996),
(3732, '1', 14, 1, 996),
(3733, '1', 22, 52, 996),
(3734, '1', 52, 1, 996),
(3735, '2', 14, 4, 997),
(3736, '2', 22, 246, 997),
(3737, '3', 1, 5, 998),
(3738, '3', 15, 10, 998),
(3739, '3', 22, 21, 998),
(3740, '3', 52, 1, 998),
(3741, '4', 5, 1, 999),
(3742, '4', 22, 6, 999),
(3743, '5', 1, 1, 1000),
(3744, '5', 14, 2, 1000),
(3745, '5', 22, 14, 1000),
(3746, '5', 52, 1, 1000),
(3747, '6', 5, 2, 1001),
(3748, '6', 14, 1, 1001),
(3749, '6', 22, 25, 1001),
(3750, '6', 52, 3, 1001),
(3751, '6', 54, 1, 1001),
(3752, '7', 22, 627, 1002),
(3753, '8', 7, 1, 1003),
(3754, '8', 14, 2, 1003),
(3755, '8', 22, 68, 1003),
(3756, '8', 34, 1, 1003),
(3757, '10', 1, 2, 1004),
(3758, '10', 5, 1, 1004),
(3759, '10', 14, 1, 1004),
(3760, '10', 22, 22, 1004),
(3761, '10', 25, 1, 1004),
(3762, '1', 5, 4, 1005),
(3763, '1', 14, 3, 1005),
(3764, '1', 22, 5, 1005),
(3765, '2', 5, 4, 1006),
(3766, '2', 7, 1, 1006),
(3767, '2', 14, 6, 1006),
(3768, '2', 22, 16, 1006),
(3769, '2', 23, 1, 1006),
(3770, '3', 22, 20, 1007),
(3771, '3', 23, 1, 1007),
(3772, '3', 35, 8, 1007),
(3773, '4', 1, 2, 1008),
(3774, '4', 5, 3, 1008),
(3775, '4', 17, 1, 1008),
(3776, '4', 22, 12, 1008),
(3777, '5', 1, 1, 1009),
(3778, '5', 5, 13, 1009),
(3779, '5', 14, 3, 1009),
(3780, '5', 22, 105, 1009),
(3781, '6', 1, 2, 1010),
(3782, '6', 5, 1, 1010),
(3783, '6', 14, 15, 1010),
(3784, '6', 22, 35, 1010),
(3785, '6', 35, 2, 1010),
(3786, '7', 1, 27, 1011),
(3787, '7', 5, 1, 1011),
(3788, '7', 35, 17, 1011),
(3789, '9', 5, 6, 1012),
(3790, '9', 7, 1, 1012),
(3791, '9', 14, 18, 1012),
(3792, '9', 22, 2, 1012),
(3793, '9', 35, 2, 1012),
(3794, '10', 5, 1, 1013),
(3795, '10', 14, 8, 1013),
(3796, '10', 17, 1, 1013),
(3797, '10', 22, 1, 1013),
(3798, '1', 5, 1, 1014),
(3799, '1', 15, 61, 1014),
(3800, '1', 17, 1, 1014),
(3801, '1', 22, 21, 1014),
(3802, '1', 24, 1, 1014),
(3803, '1', 25, 2, 1014),
(3804, '1', 22, 2, 1015),
(3805, '1', 24, 7, 1015),
(3806, '1', 29, 9, 1015),
(3807, '2', 19, 4, 1016),
(3808, '2', 22, 21, 1016),
(3809, '2', 24, 17, 1016),
(3810, '3', 15, 9, 1017),
(3811, '3', 22, 11, 1017),
(3812, '3', 29, 5, 1017),
(3813, '3', 44, 2, 1017),
(3814, '4', 15, 21, 1018),
(3815, '4', 19, 18, 1018),
(3816, '4', 24, 6, 1018),
(3817, '4', 44, 3, 1018),
(3818, '5', 1, 3, 1019),
(3819, '5', 7, 1, 1019),
(3820, '5', 15, 13, 1019),
(3821, '5', 19, 7, 1019),
(3822, '5', 22, 3, 1019),
(3823, '5', 24, 2, 1019),
(3824, '5', 26, 4, 1019),
(3825, '6', 15, 32, 1020),
(3826, '6', 44, 2, 1020),
(3827, '7', 1, 4, 1021),
(3828, '7', 15, 45, 1021),
(3829, '7', 19, 4, 1021),
(3830, '7', 22, 21, 1021),
(3831, '7', 23, 3, 1021),
(3832, '7', 29, 4, 1021),
(3833, '7', 44, 6, 1021),
(3834, '8', 22, 43, 1022),
(3835, '8', 29, 5, 1022),
(3836, '9', 18, 1, 1023),
(3837, '10', 1, 3, 1024),
(3838, '10', 5, 2, 1024),
(3839, '10', 7, 1, 1024),
(3840, '10', 15, 14, 1024),
(3841, '10', 17, 5, 1024),
(3842, '10', 19, 7, 1024),
(3843, '10', 23, 9, 1024),
(3844, '10', 26, 2, 1024),
(3845, '10', 29, 3, 1024),
(3846, '10', 44, 2, 1024),
(3847, '1', 5, 1, 1025),
(3848, '1', 15, 6, 1025),
(3849, '1', 17, 1, 1025),
(3850, '1', 19, 5, 1025),
(3851, '1', 22, 21, 1025),
(3852, '1', 24, 1, 1025),
(3853, '1', 25, 2, 1025),
(3854, '2', 5, 1, 1026),
(3855, '2', 14, 3, 1026),
(3856, '2', 15, 14, 1026),
(3857, '2', 22, 9, 1026),
(3858, '3', 22, 31, 1027),
(3859, '3', 24, 1, 1027),
(3860, '3', 25, 3, 1027),
(3861, '3', 35, 31, 1027),
(3862, '4', 14, 1, 1028),
(3863, '4', 15, 40, 1028),
(3864, '4', 22, 22, 1028),
(3865, '4', 25, 2, 1028),
(3866, '4', 35, 1, 1028),
(3867, '5', 5, 1, 1029),
(3868, '5', 15, 32, 1029),
(3869, '5', 22, 40, 1029),
(3870, '5', 24, 2, 1029),
(3871, '6', 5, 3, 1030),
(3872, '6', 14, 2, 1030),
(3873, '6', 15, 1, 1030),
(3874, '6', 23, 10, 1030),
(3875, '6', 25, 1, 1030),
(3876, '7', 14, 1, 1031),
(3877, '7', 15, 25, 1031),
(3878, '7', 22, 3, 1031),
(3879, '7', 25, 3, 1031),
(3880, '7', 35, 1, 1031),
(3881, '8', 15, 50, 1032),
(3882, '8', 22, 22, 1032),
(3883, '8', 24, 3, 1032),
(3884, '8', 35, 1, 1032),
(3885, '9', 5, 1, 1033),
(3886, '9', 15, 78, 1033),
(3887, '9', 17, 1, 1033),
(3888, '9', 22, 4, 1033),
(3889, '9', 25, 1, 1033),
(3890, '9', 54, 7, 1033),
(3891, '10', 5, 1, 1034),
(3892, '10', 14, 2, 1034),
(3893, '10', 15, 30, 1034),
(3894, '10', 22, 30, 1034),
(3895, '10', 25, 3, 1034),
(3896, '1', 14, 1, 1035),
(3897, '1', 15, 62, 1035),
(3898, '1', 22, 4, 1035),
(3899, '1', 23, 3, 1035),
(3900, '1', 52, 1, 1035),
(3901, '2', 14, 1, 1036),
(3902, '2', 15, 100, 1036),
(3903, '2', 22, 13, 1036),
(3904, '2', 23, 1, 1036),
(3905, '2', 25, 3, 1036),
(3906, '3', 15, 120, 1037),
(3907, '3', 25, 3, 1037),
(3908, '3', 52, 1, 1037),
(3909, '3', 54, 1, 1037),
(3910, '4', 15, 80, 1038),
(3911, '4', 22, 8, 1038),
(3912, '4', 23, 1, 1038),
(3913, '4', 25, 1, 1038),
(3914, '5', 15, 29, 1039),
(3915, '5', 22, 26, 1039),
(3916, '6', 5, 1, 1040),
(3917, '6', 14, 2, 1040),
(3918, '6', 22, 3, 1040),
(3919, '6', 23, 1, 1040),
(3920, '6', 25, 1, 1040),
(3921, '7', 14, 1, 1041),
(3922, '7', 15, 25, 1041),
(3923, '7', 23, 3, 1041),
(3924, '8', 15, 7, 1042),
(3925, '8', 22, 1, 1042),
(3926, '8', 25, 5, 1042),
(3927, '8', 52, 1, 1042),
(3928, '9', 14, 1, 1043),
(3929, '9', 15, 20, 1043),
(3930, '9', 22, 25, 1043),
(3931, '9', 25, 1, 1043),
(3932, '10', 15, 49, 1044),
(3933, '10', 22, 5, 1044),
(3934, '10', 23, 1, 1044),
(3935, '4', 5, 1, 1045),
(3936, '4', 22, 7, 1045),
(3937, '7', 1, 60, 1046),
(3938, '7', 5, 1, 1046),
(3939, '7', 22, 20, 1046),
(3940, '8', 1, 60, 1047),
(3941, '8', 22, 26, 1047),
(3942, '8', 47, 1, 1047),
(3943, '9', 1, 32, 1048),
(3944, '9', 5, 1, 1048),
(3945, '10', 1, 300, 1049),
(3946, '10', 5, 2, 1049),
(3947, '10', 14, 3, 1049),
(3948, '10', 22, 20, 1049),
(3949, '10', 24, 1, 1049),
(3950, '10', 47, 1, 1049),
(3951, '1', 15, 14, 1050),
(3952, '1', 22, 11, 1050),
(3953, '1', 23, 2, 1050),
(3954, '2', 14, 2, 1051),
(3955, '2', 15, 5, 1051),
(3956, '2', 22, 8, 1051),
(3957, '2', 25, 1, 1051),
(3958, '3', 5, 2, 1052),
(3959, '3', 14, 1, 1052),
(3960, '3', 15, 22, 1052),
(3961, '3', 22, 8, 1052),
(3962, '3', 25, 2, 1052),
(3963, '3', 47, 1, 1052),
(3964, '4', 15, 21, 1053),
(3965, '4', 22, 2, 1053),
(3966, '4', 23, 1, 1053),
(3967, '4', 25, 1, 1053),
(3968, '4', 35, 1, 1053),
(3969, '5', 5, 1, 1054),
(3970, '5', 14, 1, 1054),
(3971, '5', 15, 25, 1054),
(3972, '5', 22, 12, 1054),
(3973, '5', 23, 2, 1054),
(3974, '5', 25, 1, 1054),
(3975, '6', 14, 2, 1055),
(3976, '6', 15, 50, 1055),
(3977, '6', 22, 20, 1055),
(3978, '6', 23, 1, 1055),
(3979, '6', 25, 2, 1055),
(3980, '7', 14, 3, 1056),
(3981, '7', 15, 25, 1056),
(3982, '7', 22, 55, 1056),
(3983, '7', 23, 1, 1056),
(3984, '7', 25, 3, 1056),
(3985, '8', 15, 6, 1057),
(3986, '8', 22, 7, 1057),
(3987, '8', 25, 2, 1057),
(3988, '9', 5, 1, 1058),
(3989, '9', 14, 1, 1058),
(3990, '9', 15, 25, 1058),
(3991, '9', 22, 62, 1058),
(3992, '9', 25, 1, 1058),
(3993, '9', 52, 1, 1058),
(3994, '10', 15, 2, 1059),
(3995, '10', 22, 18, 1059),
(3996, '1', 14, 1, 1060),
(3997, '1', 15, 1, 1060),
(3998, '1', 22, 10, 1060),
(3999, '1', 23, 1, 1060),
(4000, '1', 25, 1, 1060),
(4001, '1', 35, 1, 1060),
(4002, '2', 15, 4, 1061),
(4003, '2', 18, 1, 1061),
(4004, '2', 22, 9, 1061),
(4005, '2', 23, 2, 1061),
(4006, '2', 25, 5, 1061),
(4007, '3', 15, 20, 1062),
(4008, '3', 22, 5, 1062),
(4009, '3', 23, 3, 1062),
(4010, '3', 25, 1, 1062),
(4011, '4', 15, 10, 1063),
(4012, '4', 22, 9, 1063),
(4013, '4', 23, 6, 1063),
(4014, '4', 25, 1, 1063),
(4015, '4', 47, 1, 1063),
(4016, '5', 14, 2, 1064),
(4017, '5', 22, 23, 1064),
(4018, '5', 23, 4, 1064),
(4019, '5', 25, 1, 1064),
(4020, '5', 52, 1, 1064),
(4021, '6', 14, 1, 1065),
(4022, '6', 15, 21, 1065),
(4023, '6', 22, 5, 1065),
(4024, '7', 7, 1, 1066),
(4025, '7', 22, 3, 1066),
(4026, '7', 54, 10, 1066),
(4027, '8', 15, 25, 1067),
(4028, '8', 22, 4, 1067),
(4029, '8', 23, 2, 1067),
(4030, '8', 25, 2, 1067),
(4031, '8', 52, 1, 1067),
(4032, '9', 14, 6, 1068),
(4033, '9', 22, 13, 1068),
(4034, '9', 23, 4, 1068),
(4035, '9', 25, 2, 1068),
(4036, '10', 5, 2, 1069),
(4037, '10', 14, 2, 1069),
(4038, '10', 15, 13, 1069),
(4039, '10', 22, 10, 1069),
(4040, '10', 24, 1, 1069),
(4041, '10', 25, 2, 1069),
(4042, '10', 47, 1, 1069),
(4043, '1', 1, 2, 1070),
(4044, '1', 5, 5, 1070),
(4045, '1', 14, 2, 1070),
(4046, '1', 22, 5, 1070),
(4047, '1', 25, 1, 1070),
(4048, '2', 1, 2, 1071),
(4049, '2', 14, 1, 1071),
(4050, '2', 15, 1, 1071),
(4051, '2', 22, 1, 1071),
(4052, '2', 24, 1, 1071),
(4053, '3', 5, 2, 1072),
(4054, '3', 15, 10, 1072),
(4055, '3', 17, 1, 1072),
(4056, '3', 22, 8, 1072),
(4057, '3', 23, 1, 1072),
(4058, '3', 25, 1, 1072),
(4059, '4', 5, 1, 1073),
(4060, '4', 22, 23, 1073),
(4061, '4', 23, 1, 1073),
(4062, '4', 25, 1, 1073),
(4063, '4', 35, 2, 1073),
(4064, '5', 1, 10, 1074),
(4065, '5', 22, 14, 1074),
(4066, '5', 25, 1, 1074),
(4067, '5', 35, 1, 1074),
(4068, '6', 1, 2, 1075),
(4069, '6', 14, 1, 1075),
(4070, '6', 22, 20, 1075),
(4071, '6', 25, 1, 1075),
(4072, '6', 35, 1, 1075),
(4073, '7', 1, 50, 1076),
(4074, '7', 5, 1, 1076),
(4075, '7', 14, 3, 1076),
(4076, '7', 22, 6, 1076),
(4077, '7', 35, 1, 1076),
(4078, '8', 1, 10, 1077),
(4079, '8', 5, 3, 1077),
(4080, '8', 14, 1, 1077),
(4081, '8', 15, 5, 1077),
(4082, '8', 22, 5, 1077),
(4083, '9', 1, 50, 1078),
(4084, '9', 5, 1, 1078),
(4085, '9', 15, 1, 1078),
(4086, '9', 22, 22, 1078),
(4087, '9', 25, 1, 1078),
(4088, '9', 35, 5, 1078),
(4089, '10', 1, 7, 1079),
(4090, '10', 5, 4, 1079),
(4091, '10', 14, 2, 1079),
(4092, '10', 22, 1, 1079),
(4093, '10', 5, 2, 1080),
(4094, '10', 14, 3, 1080),
(4095, '10', 15, 500, 1080),
(4096, '10', 22, 30, 1080),
(4097, '2', 1, 20, 1081),
(4098, '2', 5, 3, 1081),
(4099, '2', 14, 1, 1081),
(4100, '2', 15, 200, 1081),
(4101, '2', 22, 45, 1081),
(4102, '3', 5, 1, 1082),
(4103, '3', 15, 200, 1082),
(4104, '3', 22, 30, 1082),
(4105, '4', 5, 1, 1083),
(4106, '4', 14, 1, 1083),
(4107, '4', 15, 200, 1083),
(4108, '4', 22, 15, 1083),
(4109, '4', 35, 2, 1083),
(4110, '5', 1, 55, 1084),
(4111, '5', 5, 1, 1084),
(4112, '5', 15, 1000, 1084),
(4113, '5', 22, 20, 1084),
(4114, '5', 35, 2, 1084),
(4115, '6', 15, 32, 1085),
(4116, '6', 22, 63, 1085),
(4117, '6', 23, 1, 1085),
(4118, '6', 25, 1, 1085),
(4119, '7', 1, 7, 1086),
(4120, '7', 5, 2, 1086),
(4121, '7', 14, 4, 1086),
(4122, '7', 15, 900, 1086),
(4123, '7', 19, 1, 1086),
(4124, '7', 47, 2, 1086),
(4125, '8', 5, 1, 1087),
(4126, '8', 14, 1, 1087),
(4127, '8', 15, 400, 1087),
(4128, '8', 22, 44, 1087),
(4129, '8', 34, 1, 1087),
(4130, '9', 22, 4, 1088),
(4131, '9', 26, 5, 1088),
(4132, '9', 54, 1, 1088),
(4133, '10', 22, 7, 1089),
(4134, '10', 35, 2, 1089),
(4135, '1', 1, 1, 1090),
(4136, '1', 5, 2, 1090),
(4137, '1', 14, 1, 1090),
(4138, '1', 15, 640, 1090),
(4139, '1', 22, 60, 1090),
(4140, '1', 23, 1, 1090),
(4141, '10', 15, 650, 1091),
(4142, '10', 22, 34, 1091),
(4143, '10', 24, 1, 1091),
(4144, '10', 25, 1, 1091),
(4145, '1', 5, 1, 1092),
(4146, '1', 7, 1, 1092),
(4147, '1', 15, 10, 1092),
(4148, '1', 22, 10, 1092),
(4149, '2', 1, 2, 1093),
(4150, '2', 5, 1, 1093),
(4151, '2', 7, 3, 1093),
(4152, '2', 14, 1, 1093),
(4153, '2', 15, 20, 1093),
(4154, '2', 22, 16, 1093),
(4155, '2', 23, 2, 1093),
(4156, '2', 25, 1, 1093),
(4157, '3', 5, 1, 1094),
(4158, '3', 22, 8, 1094),
(4159, '3', 54, 5, 1094),
(4160, '4', 1, 2, 1095),
(4161, '4', 7, 1, 1095),
(4162, '4', 15, 10, 1095),
(4163, '4', 17, 1, 1095),
(4164, '4', 22, 35, 1095),
(4165, '4', 23, 1, 1095),
(4166, '4', 35, 1, 1095),
(4167, '4', 47, 1, 1095),
(4168, '5', 15, 100, 1096),
(4169, '5', 17, 1, 1096),
(4170, '5', 22, 30, 1096),
(4171, '5', 25, 1, 1096),
(4172, '5', 35, 1, 1096),
(4173, '5', 47, 1, 1096),
(4174, '6', 5, 1, 1097),
(4175, '6', 7, 3, 1097),
(4176, '6', 14, 4, 1097),
(4177, '6', 15, 60, 1097),
(4178, '6', 17, 2, 1097),
(4179, '6', 22, 10, 1097),
(4180, '6', 35, 1, 1097),
(4181, '6', 47, 5, 1097),
(4182, '7', 1, 2, 1098),
(4183, '7', 5, 1, 1098),
(4184, '7', 7, 1, 1098),
(4185, '7', 14, 5, 1098),
(4186, '7', 15, 40, 1098),
(4187, '7', 17, 1, 1098),
(4188, '7', 22, 39, 1098),
(4189, '7', 23, 1, 1098),
(4190, '7', 35, 1, 1098),
(4191, '8', 5, 10, 1099),
(4192, '8', 17, 1, 1099),
(4193, '8', 22, 56, 1099),
(4194, '8', 35, 4, 1099),
(4195, '9', 5, 1, 1100),
(4196, '9', 15, 10, 1100),
(4197, '9', 22, 242, 1100),
(4198, '9', 35, 1, 1100),
(4199, '10', 15, 15, 1101),
(4200, '10', 22, 161, 1101),
(4201, '10', 35, 2, 1101),
(4202, '10', 37, 1, 1101),
(4203, '10', 47, 1, 1101),
(4204, '1', 14, 1, 1102),
(4205, '1', 15, 1, 1102),
(4206, '1', 22, 18, 1102),
(4207, '2', 14, 4, 1103),
(4208, '2', 22, 117, 1103),
(4209, '3', 22, 35, 1104),
(4210, '4', 15, 1, 1105),
(4211, '4', 22, 21, 1105),
(4212, '5', 22, 254, 1106),
(4213, '6', 5, 1, 1107),
(4214, '6', 14, 1, 1107),
(4215, '6', 15, 10, 1107),
(4216, '6', 22, 17, 1107),
(4217, '6', 54, 1, 1107),
(4218, '7', 15, 2, 1108),
(4219, '7', 22, 73, 1108),
(4220, '8', 1, 1, 1109),
(4221, '8', 15, 5, 1109),
(4222, '8', 19, 1, 1109),
(4223, '8', 22, 23, 1109),
(4224, '8', 52, 1, 1109),
(4225, '9', 22, 15, 1110),
(4226, '10', 15, 3, 1111),
(4227, '10', 22, 19, 1111),
(4228, '1', 1, 176, 1112),
(4229, '1', 5, 1, 1112),
(4230, '1', 14, 2, 1112),
(4231, '1', 15, 220, 1112),
(4232, '1', 22, 3, 1112),
(4233, '1', 35, 1, 1112),
(4234, '1', 47, 5, 1112),
(4235, '2', 1, 11, 1113),
(4236, '2', 5, 1, 1113),
(4237, '2', 15, 1, 1113),
(4238, '2', 22, 12, 1113);
INSERT INTO `arthro_specimens` (`id`, `trap_no`, `arthro_taxon_id`, `frequency`, `arthro_sample_id`) VALUES
(4239, '2', 35, 2, 1113),
(4240, '3', 1, 2, 1114),
(4241, '3', 5, 1, 1114),
(4242, '3', 22, 12, 1114),
(4243, '3', 25, 1, 1114),
(4244, '4', 1, 40, 1115),
(4245, '4', 5, 5, 1115),
(4246, '4', 14, 4, 1115),
(4247, '4', 22, 18, 1115),
(4248, '4', 25, 7, 1115),
(4249, '4', 35, 7, 1115),
(4250, '4', 47, 1, 1115),
(4251, '5', 1, 110, 1116),
(4252, '5', 14, 7, 1116),
(4253, '5', 15, 15, 1116),
(4254, '5', 22, 43, 1116),
(4255, '5', 25, 5, 1116),
(4256, '5', 35, 10, 1116),
(4257, '5', 47, 4, 1116),
(4258, '6', 5, 1, 1117),
(4259, '6', 22, 50, 1117),
(4260, '6', 25, 1, 1117),
(4261, '6', 27, 1, 1117),
(4262, '6', 35, 8, 1117),
(4263, '7', 1, 160, 1118),
(4264, '7', 5, 1, 1118),
(4265, '7', 14, 2, 1118),
(4266, '7', 22, 10, 1118),
(4267, '7', 25, 1, 1118),
(4268, '7', 35, 3, 1118),
(4269, '8', 1, 200, 1119),
(4270, '8', 5, 3, 1119),
(4271, '8', 14, 1, 1119),
(4272, '8', 22, 10, 1119),
(4273, '8', 35, 3, 1119),
(4274, '9', 1, 182, 1120),
(4275, '9', 5, 3, 1120),
(4276, '9', 14, 4, 1120),
(4277, '9', 15, 3, 1120),
(4278, '9', 22, 15, 1120),
(4279, '9', 25, 1, 1120),
(4280, '9', 47, 1, 1120),
(4281, '10', 1, 132, 1121),
(4282, '10', 5, 5, 1121),
(4283, '10', 14, 14, 1121),
(4284, '10', 15, 3, 1121),
(4285, '10', 25, 1, 1121),
(4286, '10', 35, 2, 1121),
(4287, '1', 5, 2, 1122),
(4288, '1', 14, 3, 1122),
(4289, '1', 15, 300, 1122),
(4290, '1', 22, 90, 1122),
(4291, '1', 25, 1, 1122),
(4292, '2', 5, 5, 1123),
(4293, '2', 14, 5, 1123),
(4294, '2', 15, 400, 1123),
(4295, '2', 22, 58, 1123),
(4296, '2', 35, 1, 1123),
(4297, '2', 47, 1, 1123),
(4298, '3', 5, 1, 1124),
(4299, '3', 14, 2, 1124),
(4300, '3', 15, 10, 1124),
(4301, '3', 22, 10, 1124),
(4302, '3', 35, 9, 1124),
(4303, '4', 1, 2, 1125),
(4304, '4', 15, 200, 1125),
(4305, '4', 22, 27, 1125),
(4306, '4', 35, 2, 1125),
(4307, '5', 5, 1, 1126),
(4308, '5', 15, 999, 1126),
(4309, '5', 22, 500, 1126),
(4310, '5', 35, 5, 1126),
(4311, '6', 5, 3, 1127),
(4312, '6', 15, 100, 1127),
(4313, '6', 22, 45, 1127),
(4314, '6', 35, 4, 1127),
(4315, '7', 5, 1, 1128),
(4316, '7', 14, 7, 1128),
(4317, '7', 15, 15, 1128),
(4318, '8', 5, 3, 1129),
(4319, '8', 14, 6, 1129),
(4320, '8', 22, 130, 1129),
(4321, '8', 25, 1, 1129),
(4322, '9', 5, 3, 1130),
(4323, '9', 15, 606, 1130),
(4324, '9', 22, 18, 1130),
(4325, '9', 23, 2, 1130),
(4326, '9', 35, 7, 1130),
(4327, '9', 47, 2, 1130),
(4328, '10', 1, 40, 1131),
(4329, '10', 5, 2, 1131),
(4330, '10', 14, 2, 1131),
(4331, '10', 15, 150, 1131),
(4332, '10', 22, 40, 1131),
(4333, '1', 1, 1, 1132),
(4334, '1', 5, 2, 1132),
(4335, '1', 14, 1, 1132),
(4336, '1', 15, 640, 1132),
(4337, '1', 22, 60, 1132),
(4338, '1', 23, 1, 1132),
(4339, '10', 15, 650, 1133),
(4340, '10', 22, 34, 1133),
(4341, '10', 24, 1, 1133),
(4342, '10', 25, 1, 1133),
(4343, '10', 22, 3, 1134),
(4344, '10', 26, 1, 1134),
(4345, '7', 22, 6, 1135),
(4346, '9', 26, 2, 1136),
(4347, '4', 14, 2, 1137),
(4348, '4', 22, 83, 1137),
(4349, '6', 22, 3, 1138),
(4350, '1', 19, 0, 1139),
(4351, '1', 22, 0, 1139),
(4352, '3', 14, 1, 1140),
(4353, '3', 22, 4, 1140),
(4354, '3', 26, 18, 1140),
(4355, '5', 22, 2, 1141),
(4356, '2', 22, 2, 1142),
(4357, '1', 5, 1, 1143),
(4358, '1', 14, 2, 1143),
(4359, '1', 15, 25, 1143),
(4360, '1', 22, 2, 1143),
(4361, '2', 14, 5, 1144),
(4362, '2', 15, 60, 1144),
(4363, '2', 22, 8, 1144),
(4364, '3', 14, 3, 1145),
(4365, '3', 15, 2, 1145),
(4366, '3', 22, 4, 1145),
(4367, '3', 25, 2, 1145),
(4368, '3', 26, 1, 1145),
(4369, '4', 14, 2, 1146),
(4370, '4', 15, 10, 1146),
(4371, '4', 25, 1, 1146),
(4372, '4', 26, 1, 1146),
(4373, '7', 1, 13, 1147),
(4374, '7', 5, 1, 1147),
(4375, '7', 14, 2, 1147),
(4376, '7', 15, 60, 1147),
(4377, '7', 22, 4, 1147),
(4378, '10', 1, 50, 1148),
(4379, '10', 5, 2, 1148),
(4380, '10', 14, 2, 1148),
(4381, '10', 25, 11, 1148),
(4382, '10', 47, 1, 1148),
(4383, '5', 5, 1, 1149),
(4384, '5', 14, 1, 1149),
(4385, '5', 15, 50, 1149),
(4386, '5', 25, 3, 1149),
(4387, '5', 26, 1, 1149),
(4388, '6', 5, 1, 1150),
(4389, '6', 14, 1, 1150),
(4390, '6', 22, 8, 1150),
(4391, '6', 25, 3, 1150),
(4392, '6', 26, 2, 1150),
(4393, '7', 14, 4, 1151),
(4394, '7', 15, 30, 1151),
(4395, '7', 22, 4, 1151),
(4396, '7', 25, 4, 1151),
(4397, '8', 14, 1, 1152),
(4398, '8', 22, 200, 1152),
(4399, '8', 23, 1, 1152),
(4400, '8', 25, 5, 1152),
(4401, '9', 5, 3, 1153),
(4402, '9', 14, 1, 1153),
(4403, '9', 22, 11, 1153),
(4404, '9', 23, 1, 1153),
(4405, '9', 25, 1, 1153),
(4406, '9', 26, 1, 1153),
(4407, '10', 14, 3, 1154),
(4408, '10', 22, 18, 1154),
(4409, '10', 23, 1, 1154),
(4410, '10', 25, 4, 1154),
(4411, '10', 26, 1, 1154),
(4412, '1', 14, 2, 1155),
(4413, '1', 15, 110, 1155),
(4414, '1', 22, 8, 1155),
(4415, '1', 25, 11, 1155),
(4416, '1', 52, 1, 1155),
(4417, '2', 15, 58, 1156),
(4418, '2', 22, 21, 1156),
(4419, '2', 23, 1, 1156),
(4420, '2', 24, 1, 1156),
(4421, '2', 25, 11, 1156),
(4422, '3', 15, 140, 1157),
(4423, '3', 22, 7, 1157),
(4424, '3', 23, 4, 1157),
(4425, '3', 25, 11, 1157),
(4426, '3', 26, 2, 1157),
(4427, '4', 5, 1, 1158),
(4428, '4', 22, 7, 1158),
(4429, '4', 23, 1, 1158),
(4430, '4', 25, 10, 1158),
(4431, '5', 15, 50, 1159),
(4432, '5', 22, 3, 1159),
(4433, '5', 25, 1, 1159),
(4434, '5', 26, 1, 1159),
(4435, '6', 15, 90, 1160),
(4436, '6', 22, 1, 1160),
(4437, '6', 24, 1, 1160),
(4438, '6', 25, 2, 1160),
(4439, '8', 5, 1, 1161),
(4440, '8', 15, 56, 1161),
(4441, '8', 22, 3, 1161),
(4442, '8', 25, 6, 1161),
(4443, '8', 26, 1, 1161),
(4444, '8', 54, 1, 1161),
(4445, '9', 5, 1, 1162),
(4446, '9', 14, 2, 1162),
(4447, '9', 15, 31, 1162),
(4448, '9', 22, 1, 1162),
(4449, '9', 24, 1, 1162),
(4450, '9', 25, 3, 1162),
(4451, '10', 15, 5, 1163),
(4452, '10', 22, 5, 1163),
(4453, '10', 25, 4, 1163),
(4454, '1', 1, 20, 1164),
(4455, '1', 5, 1, 1164),
(4456, '1', 14, 3, 1164),
(4457, '1', 15, 20, 1164),
(4458, '1', 22, 5, 1164),
(4459, '1', 25, 3, 1164),
(4460, '2', 1, 10, 1165),
(4461, '2', 14, 3, 1165),
(4462, '2', 22, 1, 1165),
(4463, '2', 25, 1, 1165),
(4464, '3', 22, 1, 1166),
(4465, '4', 1, 7, 1167),
(4466, '4', 5, 2, 1167),
(4467, '4', 14, 2, 1167),
(4468, '4', 15, 2, 1167),
(4469, '4', 22, 5, 1167),
(4470, '4', 25, 2, 1167),
(4471, '5', 1, 8, 1168),
(4472, '5', 5, 3, 1168),
(4473, '5', 14, 2, 1168),
(4474, '5', 15, 11, 1168),
(4475, '5', 22, 28, 1168),
(4476, '5', 24, 1, 1168),
(4477, '5', 25, 1, 1168),
(4478, '5', 26, 1, 1168),
(4479, '6', 1, 1, 1169),
(4480, '6', 22, 11, 1169),
(4481, '6', 25, 1, 1169),
(4482, '8', 1, 1, 1170),
(4483, '8', 5, 4, 1170),
(4484, '8', 14, 3, 1170),
(4485, '8', 15, 12, 1170),
(4486, '8', 19, 1, 1170),
(4487, '8', 22, 5, 1170),
(4488, '9', 1, 20, 1171),
(4489, '9', 15, 2, 1171),
(4490, '9', 22, 9, 1171),
(4491, '9', 25, 1, 1171),
(4492, '9', 35, 1, 1171),
(4493, '10', 1, 3, 1172),
(4494, '10', 5, 1, 1172),
(4495, '10', 14, 4, 1172),
(4496, '10', 15, 9, 1172),
(4497, '10', 22, 3, 1172),
(4498, '7', 1, 8, 1173),
(4499, '7', 14, 1, 1173),
(4500, '7', 15, 15, 1173),
(4501, '7', 22, 5, 1173),
(4502, '1', 5, 1, 1174),
(4503, '1', 14, 2, 1174),
(4504, '1', 15, 246, 1174),
(4505, '1', 22, 68, 1174),
(4506, '2', 5, 1, 1175),
(4507, '2', 14, 3, 1175),
(4508, '2', 15, 130, 1175),
(4509, '2', 22, 10, 1175),
(4510, '3', 5, 1, 1176),
(4511, '3', 15, 75, 1176),
(4512, '3', 22, 10, 1176),
(4513, '4', 1, 50, 1177),
(4514, '4', 14, 5, 1177),
(4515, '4', 15, 300, 1177),
(4516, '4', 22, 11, 1177),
(4517, '5', 5, 3, 1178),
(4518, '5', 14, 2, 1178),
(4519, '5', 15, 100, 1178),
(4520, '5', 22, 5, 1178),
(4521, '5', 35, 1, 1178),
(4522, '6', 5, 1, 1179),
(4523, '6', 14, 2, 1179),
(4524, '6', 15, 600, 1179),
(4525, '6', 22, 27, 1179),
(4526, '6', 23, 1, 1179),
(4527, '7', 1, 140, 1180),
(4528, '7', 5, 5, 1180),
(4529, '7', 14, 2, 1180),
(4530, '7', 15, 23, 1180),
(4531, '7', 22, 5, 1180),
(4532, '8', 5, 2, 1181),
(4533, '8', 14, 1, 1181),
(4534, '8', 15, 173, 1181),
(4535, '8', 22, 12, 1181),
(4536, '8', 25, 2, 1181),
(4537, '8', 35, 1, 1181),
(4538, '9', 5, 2, 1182),
(4539, '9', 14, 1, 1182),
(4540, '9', 15, 120, 1182),
(4541, '9', 22, 22, 1182),
(4542, '9', 25, 1, 1182),
(4543, '10', 1, 4, 1183),
(4544, '10', 5, 3, 1183),
(4545, '10', 14, 2, 1183),
(4546, '10', 15, 23, 1183),
(4547, '10', 22, 7, 1183),
(4548, '10', 26, 1, 1183),
(4549, '1', 15, 22, 1184),
(4550, '1', 16, 11, 1184),
(4551, '1', 22, 4, 1184),
(4552, '2', 14, 2, 1185),
(4553, '2', 15, 35, 1185),
(4554, '2', 22, 9, 1185),
(4555, '3', 15, 60, 1186),
(4556, '3', 22, 7, 1186),
(4557, '3', 24, 1, 1186),
(4558, '3', 25, 1, 1186),
(4559, '4', 22, 2, 1187),
(4560, '4', 27, 1, 1187),
(4561, '5', 5, 2, 1188),
(4562, '5', 14, 2, 1188),
(4563, '5', 15, 50, 1188),
(4564, '5', 22, 1, 1188),
(4565, '6', 14, 3, 1189),
(4566, '6', 15, 50, 1189),
(4567, '7', 5, 1, 1190),
(4568, '7', 15, 37, 1190),
(4569, '8', 5, 1, 1191),
(4570, '8', 15, 20, 1191),
(4571, '8', 22, 4, 1191),
(4572, '9', 14, 5, 1192),
(4573, '9', 15, 15, 1192),
(4574, '9', 22, 2, 1192),
(4575, '10', 5, 1, 1193),
(4576, '10', 14, 8, 1193),
(4577, '10', 15, 100, 1193),
(4578, '10', 22, 2, 1193),
(4579, '10', 35, 1, 1193),
(4580, '1', 7, 1, 1194),
(4581, '1', 22, 34, 1194),
(4582, '1', 26, 7, 1194),
(4583, '1', 49, 5, 1194),
(4584, '2', 11, 1, 1194),
(4585, '2', 17, 1, 1194),
(4586, '2', 22, 93, 1194),
(4587, '2', 26, 3, 1194),
(4588, '2', 35, 1, 1194),
(4589, '2', 49, 1, 1194),
(4590, '3', 11, 1, 1194),
(4591, '3', 22, 137, 1194),
(4592, '3', 26, 4, 1194),
(4593, '3', 43, 2, 1194),
(4594, '3', 49, 3, 1194),
(4595, '4', 6, 1, 1194),
(4596, '4', 22, 31, 1194),
(4597, '4', 26, 1, 1194),
(4598, '4', 35, 1, 1194),
(4599, '4', 49, 2, 1194),
(4600, '5', 22, 39, 1194),
(4601, '5', 43, 1, 1194),
(4602, '5', 49, 2, 1194),
(4603, '10', 11, 1, 1195),
(4604, '10', 19, 1, 1195),
(4605, '10', 22, 154, 1195),
(4606, '10', 49, 3, 1195),
(4607, '10', 53, 1, 1195),
(4608, '5', 26, 3, 1195),
(4609, '6', 22, 109, 1195),
(4610, '6', 23, 1, 1195),
(4611, '6', 26, 1, 1195),
(4612, '6', 43, 2, 1195),
(4613, '6', 49, 2, 1195),
(4614, '7', 22, 71, 1195),
(4615, '7', 43, 1, 1195),
(4616, '7', 49, 1, 1195),
(4617, '8', 22, 51, 1195),
(4618, '8', 43, 1, 1195),
(4619, '8', 49, 2, 1195),
(4620, '9', 11, 1, 1195),
(4621, '9', 22, 41, 1195),
(4622, '9', 23, 1, 1195),
(4623, '9', 35, 1, 1195),
(4624, '9', 43, 2, 1195),
(4625, '9', 49, 4, 1195),
(4626, '9', 1, 6, 1196),
(4627, '9', 5, 6, 1196),
(4628, '9', 14, 5, 1196),
(4629, '9', 15, 14, 1196),
(4630, '9', 25, 8, 1196),
(4631, '10', 1, 3, 1197),
(4632, '10', 5, 2, 1197),
(4633, '10', 14, 2, 1197),
(4634, '10', 25, 2, 1197),
(4635, '2', 1, 12, 1198),
(4636, '2', 6, 3, 1198),
(4637, '2', 14, 1, 1198),
(4638, '2', 15, 52, 1198),
(4639, '2', 25, 2, 1198),
(4640, '4', 1, 6, 1199),
(4641, '4', 5, 2, 1199),
(4642, '4', 14, 6, 1199),
(4643, '4', 15, 6, 1199),
(4644, '1', 15, 1, 1200),
(4645, '1', 17, 1, 1200),
(4646, '1', 25, 2, 1200),
(4647, '6', 1, 2, 1201),
(4648, '6', 5, 2, 1201),
(4649, '6', 15, 22, 1201),
(4650, '7', 5, 1, 1202),
(4651, '7', 14, 1, 1202),
(4652, '7', 25, 1, 1202),
(4653, '7', 5, 1, 1203),
(4654, '7', 14, 1, 1203),
(4655, '7', 25, 1, 1203),
(4656, '6', 1, 2, 1204),
(4657, '6', 5, 2, 1204),
(4658, '6', 15, 22, 1204),
(4659, '6', 25, 1, 1204),
(4660, '5', 1, 6, 1205),
(4661, '5', 5, 1, 1205),
(4662, '5', 14, 59, 1205),
(4663, '5', 15, 103, 1205),
(4664, '5', 17, 1, 1205),
(4665, '5', 23, 12, 1205),
(4666, '5', 25, 8, 1205),
(4667, '5', 52, 2, 1205),
(4668, '8', 14, 11, 1206),
(4669, '8', 15, 34, 1206),
(4670, '7', 5, 1, 1207),
(4671, '7', 14, 1, 1207),
(4672, '7', 25, 1, 1207),
(4673, '5', 1, 4, 1208),
(4674, '5', 5, 2, 1208),
(4675, '5', 15, 11, 1208),
(4676, '5', 53, 2, 1208),
(4677, '1', 1, 1, 1209),
(4678, '1', 5, 2, 1209),
(4679, '1', 14, 3, 1209),
(4680, '1', 15, 0, 1209),
(4681, '1', 17, 0, 1209),
(4682, '1', 23, 0, 1209),
(4683, '1', 24, 0, 1209),
(4684, '1', 25, 13, 1209),
(4685, '1', 26, 0, 1209),
(4686, '1', 34, 0, 1209),
(4687, '1', 52, 0, 1209),
(4688, '1', 53, 0, 1209),
(4689, '1', 54, 2, 1209),
(4690, '3', 1, 1, 1210),
(4691, '3', 14, 4, 1210),
(4692, '3', 15, 1, 1210),
(4693, '3', 17, 0, 1210),
(4694, '3', 23, 0, 1210),
(4695, '3', 24, 0, 1210),
(4696, '3', 25, 13, 1210),
(4697, '3', 34, 0, 1210),
(4698, '3', 47, 0, 1210),
(4699, '3', 53, 0, 1210),
(4700, '10', 1, 3, 1211),
(4701, '10', 5, 5, 1211),
(4702, '10', 14, 3, 1211),
(4703, '10', 15, 25, 1211),
(4704, '10', 17, 0, 1211),
(4705, '10', 23, 2, 1211),
(4706, '10', 24, 0, 1211),
(4707, '10', 25, 10, 1211),
(4708, '10', 26, 0, 1211),
(4709, '10', 34, 0, 1211),
(4710, '10', 52, 0, 1211),
(4711, '10', 53, 1, 1211),
(4712, '7', 1, 479, 1212),
(4713, '7', 14, 2, 1212),
(4714, '7', 15, 880, 1212),
(4715, '7', 25, 2, 1212),
(4716, '7', 1, 479, 1213),
(4717, '7', 14, 2, 1213),
(4718, '7', 15, 880, 1213),
(4719, '7', 25, 2, 1213),
(4720, '5', 14, 1, 1214),
(4721, '5', 15, 1, 1214),
(4722, '5', 25, 2, 1214),
(4723, '12', 5, 1, 1215),
(4724, '12', 15, 15, 1215),
(4725, '12', 25, 11, 1215),
(4726, '9', 1, 5, 1216),
(4727, '9', 5, 1, 1216),
(4728, '9', 14, 3, 1216),
(4729, '9', 15, 10, 1216),
(4730, '9', 25, 6, 1216),
(4731, '3', 25, 7, 1217),
(4732, '3`', 1, 2, 1217),
(4733, '4', 25, 4, 1218),
(4734, '10', 5, 1, 1219),
(4735, '10', 14, 10, 1219),
(4736, '10', 15, 3, 1219),
(4737, '10', 25, 6, 1219),
(4738, '2', 5, 3, 1220),
(4739, '2', 14, 7, 1220),
(4740, '2', 15, 17, 1220),
(4741, '2', 25, 6, 1220),
(4742, '06', 14, 3, 1221),
(4743, '06', 15, 2, 1221),
(4744, '06', 25, 5, 1221),
(4745, '11', 1, 6, 1222),
(4746, '11', 5, 2, 1222),
(4747, '11', 14, 6, 1222),
(4748, '11', 15, 4, 1222),
(4749, '11', 25, 3, 1222),
(4750, '8', 14, 1, 1223),
(4751, '8', 25, 3, 1223),
(4752, '8', 34, 1, 1223),
(4753, '12', 5, 1, 1224),
(4754, '12', 15, 15, 1224),
(4755, '12', 25, 11, 1224),
(4756, '7', 1, 5, 1225),
(4757, '7', 5, 0, 1225),
(4758, '7', 14, 2, 1225),
(4759, '7', 15, 0, 1225),
(4760, '7', 17, 2, 1225),
(4761, '7', 23, 2, 1225),
(4762, '7', 24, 3, 1225),
(4763, '7', 25, 9, 1225),
(4764, '7', 26, 7, 1225),
(4765, '7', 34, 0, 1225),
(4766, '7', 43, 1, 1225),
(4767, '7', 52, 3, 1225),
(4768, '7', 53, 3, 1225),
(4769, '1', 1, 6, 1226),
(4770, '1', 5, 1, 1226),
(4771, '1', 14, 0, 1226),
(4772, '1', 15, 17, 1226),
(4773, '1', 23, 0, 1226),
(4774, '1', 24, 2, 1226),
(4775, '1', 25, 23, 1226),
(4776, '1', 26, 0, 1226),
(4777, '1', 53, 2, 1226),
(4778, '1', 54, 2, 1226),
(4779, '1', 1, 1, 1227),
(4780, '1', 15, 24, 1227),
(4781, '1', 22, 52, 1227),
(4782, '2', 14, 1, 1228),
(4783, '2', 15, 50, 1228),
(4784, '2', 22, 140, 1228),
(4785, '2', 23, 2, 1228),
(4786, '3', 15, 10, 1229),
(4787, '3', 22, 60, 1229),
(4788, '3', 35, 1, 1229),
(4789, '4', 1, 2, 1230),
(4790, '4', 5, 4, 1230),
(4791, '4', 14, 8, 1230),
(4792, '4', 15, 60, 1230),
(4793, '4', 17, 1, 1230),
(4794, '4', 22, 5, 1230),
(4795, '4', 35, 2, 1230),
(4796, '5', 14, 2, 1231),
(4797, '5', 15, 200, 1231),
(4798, '5', 22, 90, 1231),
(4799, '5', 23, 1, 1231),
(4800, '6', 5, 1, 1232),
(4801, '6', 14, 2, 1232),
(4802, '6', 15, 6, 1232),
(4803, '6', 22, 50, 1232),
(4804, '7', 1, 40, 1233),
(4805, '7', 5, 3, 1233),
(4806, '7', 14, 4, 1233),
(4807, '7', 22, 33, 1233),
(4808, '7', 23, 8, 1233),
(4809, '8', 1, 30, 1234),
(4810, '8', 5, 2, 1234),
(4811, '8', 14, 3, 1234),
(4812, '8', 15, 300, 1234),
(4813, '8', 22, 18, 1234),
(4814, '8', 23, 1, 1234),
(4815, '8', 24, 5, 1234),
(4816, '9', 14, 2, 1235),
(4817, '9', 22, 143, 1235),
(4818, '10', 5, 1, 1236),
(4819, '10', 14, 7, 1236),
(4820, '10', 15, 107, 1236),
(4821, '10', 22, 43, 1236),
(4822, '1', 14, 11, 1237),
(4823, '1', 15, 1500, 1237),
(4824, '1', 22, 16, 1237),
(4825, '1', 24, 5, 1237),
(4826, '2', 5, 1, 1238),
(4827, '2', 14, 10, 1238),
(4828, '2', 15, 2000, 1238),
(4829, '2', 22, 40, 1238),
(4830, '2', 23, 5, 1238),
(4831, '2', 24, 5, 1238),
(4832, '2', 35, 2, 1238),
(4833, '3', 5, 8, 1239),
(4834, '3', 14, 11, 1239),
(4835, '3', 15, 1100, 1239),
(4836, '3', 22, 50, 1239),
(4837, '3', 25, 1, 1239),
(4838, '4', 5, 1, 1240),
(4839, '4', 14, 5, 1240),
(4840, '4', 15, 450, 1240),
(4841, '1', 22, 1, 1241),
(4842, '2', 14, 3, 1241),
(4843, '2', 17, 1, 1241),
(4844, '2', 26, 3, 1241),
(4845, '5', 14, 1, 1241),
(4846, '5', 39, 1, 1241),
(4847, '6', 15, 2, 1241),
(4848, '6', 22, 2, 1241),
(4849, '10', 14, 2, 1242),
(4850, '10', 19, 1, 1242),
(4851, '10', 22, 3, 1242),
(4852, '10', 26, 1, 1242),
(4853, '4', 5, 1, 1242),
(4854, '4', 15, 1, 1242),
(4855, '4', 22, 4, 1242),
(4856, '4', 23, 1, 1242),
(4857, '4', 24, 1, 1242),
(4858, '9', 26, 1, 1242),
(4859, '3', 14, 1, 1243),
(4860, '3', 19, 1, 1243),
(4861, '3', 22, 2, 1243),
(4862, '3', 26, 1, 1243),
(4863, '7', 22, 11, 1243),
(4864, '8', 12, 2, 1243),
(4865, '8', 14, 5, 1243),
(4866, '8', 19, 2, 1243),
(4867, '8', 22, 2, 1243),
(4868, '8', 26, 1, 1243),
(4869, '1', 52, 17, 1244),
(4870, '2', 19, 1, 1245),
(4871, '2', 22, 1, 1245),
(4872, '4', 5, 2, 1245),
(4873, '4', 17, 4, 1245),
(4874, '4', 22, 3, 1245),
(4875, '5', 22, 3, 1246),
(4876, '5', 34, 1, 1246),
(4877, '5', 55, 1, 1246),
(4878, '6', 15, 6, 1246),
(4879, '6', 22, 1, 1246),
(4880, '7', 22, 3, 1246),
(4881, '7', 34, 5, 1246),
(4882, '8', 22, 5, 1246),
(4883, '9', 22, 1, 1246),
(4884, '9', 34, 4, 1246),
(4885, '1', 14, 1, 1247),
(4886, '1', 25, 5, 1247),
(4887, '2', 14, 3, 1247),
(4888, '2', 25, 3, 1247),
(4889, '2', 34, 1, 1247),
(4890, '3', 5, 3, 1247),
(4891, '3', 8, 1, 1247),
(4892, '3', 14, 1, 1247),
(4893, '3', 25, 5, 1247),
(4894, '4', 1, 2, 1247),
(4895, '4', 5, 2, 1247),
(4896, '4', 25, 4, 1247),
(4897, '4', 52, 5, 1247),
(4898, '5', 1, 2, 1247),
(4899, '5', 5, 1, 1247),
(4900, '5', 19, 1, 1247),
(4901, '5', 22, 6, 1247),
(4902, '5', 45, 1, 1247),
(4903, '5', 52, 1, 1247),
(4904, '6', 1, 1, 1247),
(4905, '6', 15, 1, 1247),
(4906, '6', 22, 10, 1247),
(4907, '6', 34, 1, 1247),
(4908, '10', 22, 1, 1248),
(4909, '2', 14, 2, 1248),
(4910, '3', 9, 1, 1248),
(4911, '3', 22, 1, 1248),
(4912, '4', 5, 1, 1248),
(4913, '4', 22, 2, 1248),
(4914, '5', 22, 4, 1248),
(4915, '6', 19, 1, 1248),
(4916, '6', 22, 2, 1248),
(4917, '7', 22, 3, 1248),
(4918, '8', 22, 3, 1248),
(4919, '9', 22, 6, 1248),
(4920, '1', 17, 6, 1249),
(4921, '1', 22, 5, 1249),
(4922, '10', 22, 8, 1249),
(4923, '10', 34, 1, 1249),
(4924, '2', 22, 6, 1249),
(4925, '3', 5, 1, 1249),
(4926, '3', 22, 3, 1249),
(4927, '3', 44, 1, 1249),
(4928, '4', 22, 25, 1249),
(4929, '5', 22, 5, 1249),
(4930, '6', 22, 3, 1249),
(4931, '7', 22, 5, 1249),
(4932, '8', 22, 2, 1249),
(4933, '8', 34, 4, 1249),
(4934, '9', 22, 1, 1249),
(4935, '3', 15, 60, 1250),
(4936, '3', 22, 7, 1250),
(4937, '3', 24, 1, 1250),
(4938, '3', 25, 7, 1250),
(4939, '4', 22, 2, 1251),
(4940, '4', 27, 1, 1251),
(4941, '1', 30, 0, 1252),
(4942, '10', 25, 1, 1252),
(4943, '2', 4, 0, 1252),
(4944, '3', 4, 0, 1252),
(4945, '4', 22, 1, 1252),
(4946, '5', 1, 0, 1252),
(4947, '6', 22, 1, 1252),
(4948, '7', 1, 0, 1252),
(4949, '8', 1, 0, 1252),
(4950, '9', 1, 0, 1252),
(4951, '1', 14, 1, 1253),
(4952, '1', 15, 41, 1253),
(4953, '1', 22, 8, 1253),
(4954, '1', 23, 1, 1253),
(4955, '1', 25, 1, 1253),
(4956, '2', 15, 30, 1254),
(4957, '2', 25, 5, 1254),
(4958, '3', 15, 40, 1255),
(4959, '3', 22, 2, 1255),
(4960, '4', 22, 2, 1256),
(4961, '4', 24, 2, 1256),
(4962, '4', 27, 1, 1256),
(4963, '5', 14, 1, 1257),
(4964, '5', 15, 30, 1257),
(4965, '5', 22, 5, 1257),
(4966, '5', 25, 1, 1257),
(4967, '6', 1, 1, 1258),
(4968, '6', 15, 72, 1258),
(4969, '6', 22, 2, 1258),
(4970, '7', 5, 1, 1259),
(4971, '7', 15, 30, 1259),
(4972, '8', 5, 1, 1260),
(4973, '8', 15, 12, 1260),
(4974, '8', 22, 1, 1260),
(4975, '9', 14, 1, 1261),
(4976, '9', 15, 30, 1261),
(4977, '9', 22, 8, 1261),
(4978, '9', 23, 1, 1261),
(4979, '10', 14, 1, 1262),
(4980, '10', 15, 4, 1262),
(4981, '10', 22, 3, 1262),
(4982, '4', 5, 5, 1263),
(4983, '4', 14, 4, 1263),
(4984, '4', 15, 999, 1263),
(4985, '4', 22, 38, 1263),
(4986, '4', 24, 1, 1263),
(4987, '5', 5, 1, 1264),
(4988, '5', 15, 100, 1264),
(4989, '5', 17, 1, 1264),
(4990, '5', 22, 27, 1264),
(4991, '5', 23, 1, 1264),
(4992, '5', 24, 1, 1264),
(4993, '5', 25, 1, 1264),
(4994, '7', 5, 2, 1265),
(4995, '7', 15, 50, 1265),
(4996, '7', 22, 10, 1265),
(4997, '7', 23, 1, 1265),
(4998, '7', 24, 1, 1265),
(4999, '7', 34, 1, 1265),
(5000, '8', 6, 3, 1266),
(5001, '8', 14, 2, 1266),
(5002, '8', 15, 20, 1266),
(5003, '8', 19, 1, 1266),
(5004, '8', 22, 5, 1266),
(5005, '8', 25, 1, 1266),
(5006, '10', 5, 2, 1267),
(5007, '10', 15, 100, 1267),
(5008, '10', 22, 10, 1267),
(5009, '10', 23, 2, 1267),
(5010, '10', 24, 2, 1267),
(5011, '9', 5, 1, 1268),
(5012, '9', 15, 100, 1268),
(5013, '9', 17, 1, 1268),
(5014, '9', 22, 24, 1268),
(5015, '9', 25, 3, 1268),
(5016, '1', 5, 1, 1269),
(5017, '1', 9, 1, 1269),
(5018, '1', 14, 2, 1269),
(5019, '1', 15, 100, 1269),
(5020, '1', 22, 15, 1269),
(5021, '2', 1, 1, 1270),
(5022, '2', 14, 1, 1270),
(5023, '2', 22, 8, 1270),
(5024, '3', 14, 1, 1271),
(5025, '3', 15, 40, 1271),
(5026, '3', 22, 7, 1271),
(5027, '4', 7, 1, 1272),
(5028, '4', 15, 80, 1272),
(5029, '4', 54, 1, 1272),
(5030, '5', 1, 4, 1273),
(5031, '5', 8, 1, 1273),
(5032, '5', 15, 20, 1273),
(5033, '5', 22, 8, 1273),
(5034, '5', 23, 1, 1273),
(5035, '6', 22, 7, 1274),
(5036, '6', 54, 1, 1274),
(5037, '7', 14, 4, 1275),
(5038, '7', 22, 7, 1275),
(5039, '7', 52, 1, 1275),
(5040, '8', 1, 2, 1276),
(5041, '8', 5, 1, 1276),
(5042, '8', 7, 1, 1276),
(5043, '8', 14, 1, 1276),
(5044, '8', 15, 10, 1276),
(5045, '8', 22, 16, 1276),
(5046, '9', 7, 1, 1277),
(5047, '9', 14, 2, 1277),
(5048, '9', 15, 300, 1277),
(5049, '9', 17, 1, 1277),
(5050, '9', 22, 12, 1277),
(5051, '9', 25, 1, 1277),
(5052, '10', 7, 11, 1278),
(5053, '10', 14, 1, 1278),
(5054, '10', 15, 130, 1278),
(5055, '10', 22, 17, 1278),
(5056, '10', 24, 1, 1278),
(5057, '10', 25, 1, 1278),
(5058, '1', 1, 19, 1279),
(5059, '1', 14, 2, 1279),
(5060, '1', 15, 2, 1279),
(5061, '1', 27, 1, 1279),
(5062, '3', 1, 5, 1280),
(5063, '3', 5, 2, 1280),
(5064, '3', 22, 4, 1280),
(5065, '2', 1, 6, 1281),
(5066, '2', 5, 2, 1281),
(5067, '2', 14, 1, 1281),
(5068, '4', 1, 16, 1282),
(5069, '4', 5, 1, 1282),
(5070, '4', 15, 3, 1282),
(5071, '5', 1, 16, 1283),
(5072, '5', 15, 7, 1283),
(5073, '5', 22, 1, 1283),
(5074, '6', 1, 2, 1284),
(5075, '6', 5, 2, 1284),
(5076, '6', 15, 4, 1284),
(5077, '6', 22, 2, 1284),
(5078, '6', 25, 1, 1284),
(5079, '7', 5, 2, 1285),
(5080, '7', 14, 2, 1285),
(5081, '7', 15, 3, 1285),
(5082, '7', 35, 1, 1285),
(5083, '8', 1, 6, 1286),
(5084, '8', 14, 2, 1286),
(5085, '8', 15, 4, 1286),
(5086, '9', 1, 250, 1287),
(5087, '9', 5, 3, 1287),
(5088, '9', 15, 3, 1287),
(5089, '9', 22, 3, 1287),
(5090, '9', 24, 1, 1287),
(5091, '10', 1, 30, 1288),
(5092, '10', 5, 1, 1288),
(5093, '10', 14, 2, 1288),
(5094, '10', 15, 16, 1288),
(5095, '10', 22, 15, 1288),
(5096, '1', 1, 8, 1289),
(5097, '1', 5, 3, 1289),
(5098, '1', 15, 82, 1289),
(5099, '1', 22, 2, 1289),
(5100, '2', 5, 2, 1290),
(5101, '2', 14, 3, 1290),
(5102, '2', 15, 1, 1290),
(5103, '2', 22, 5, 1290),
(5104, '3', 5, 2, 1291),
(5105, '3', 14, 1, 1291),
(5106, '3', 15, 75, 1291),
(5107, '3', 22, 9, 1291),
(5108, '3', 35, 2, 1291),
(5109, '4', 1, 1, 1292),
(5110, '4', 14, 1, 1292),
(5111, '4', 22, 3, 1292),
(5112, '4', 35, 1, 1292),
(5113, '5', 5, 1, 1293),
(5114, '5', 15, 137, 1293),
(5115, '5', 25, 1, 1293),
(5116, '5', 35, 1, 1293),
(5117, '7', 1, 27, 1294),
(5118, '7', 5, 5, 1294),
(5119, '7', 15, 166, 1294),
(5120, '7', 24, 2, 1294),
(5121, '6', 5, 1, 1295),
(5122, '6', 14, 2, 1295),
(5123, '6', 15, 6, 1295),
(5124, '6', 22, 4, 1295),
(5125, '8', 5, 4, 1296),
(5126, '8', 14, 1, 1296),
(5127, '8', 15, 200, 1296),
(5128, '8', 22, 3, 1296),
(5129, '10', 1, 1, 1297),
(5130, '10', 22, 4, 1297),
(5131, '9', 1, 10, 1298),
(5132, '9', 5, 2, 1298),
(5133, '9', 15, 150, 1298),
(5134, '9', 22, 20, 1298),
(5135, '9', 23, 1, 1298),
(5136, '2', 15, 30, 1299),
(5137, '2', 25, 5, 1299),
(5138, '3', 15, 40, 1300),
(5139, '3', 22, 2, 1300),
(5140, '1', 14, 1, 1301),
(5141, '1', 15, 41, 1301),
(5142, '1', 22, 8, 1301),
(5143, '1', 23, 1, 1301),
(5144, '1', 25, 1, 1301),
(5145, '4', 22, 2, 1302),
(5146, '4', 24, 2, 1302),
(5147, '4', 27, 1, 1302),
(5148, '6', 1, 1, 1303),
(5149, '6', 15, 72, 1303),
(5150, '6', 22, 2, 1303),
(5151, '5', 14, 1, 1304),
(5152, '5', 15, 30, 1304),
(5153, '5', 22, 5, 1304),
(5154, '5', 25, 1, 1304),
(5155, '7', 5, 1, 1305),
(5156, '7', 15, 30, 1305),
(5157, '10', 14, 1, 1306),
(5158, '10', 15, 4, 1306),
(5159, '10', 22, 3, 1306),
(5160, '8', 5, 1, 1307),
(5161, '8', 15, 12, 1307),
(5162, '8', 22, 1, 1307),
(5163, '9', 14, 1, 1308),
(5164, '9', 15, 30, 1308),
(5165, '9', 22, 8, 1308),
(5166, '9', 23, 1, 1308),
(5167, '9', 14, 1, 1309),
(5168, '9', 15, 30, 1309),
(5169, '9', 22, 8, 1309),
(5170, '9', 23, 1, 1309),
(5171, '1', 14, 1, 1310),
(5172, '1', 15, 47, 1310),
(5173, '1', 22, 18, 1310),
(5174, '2', 1, 1, 1311),
(5175, '2', 15, 24, 1311),
(5176, '2', 22, 3, 1311),
(5177, '2', 23, 1, 1311),
(5178, '4', 1, 1, 1312),
(5179, '4', 5, 1, 1312),
(5180, '4', 14, 2, 1312),
(5181, '4', 15, 3, 1312),
(5182, '4', 22, 100, 1312),
(5183, '4', 25, 1, 1312),
(5184, '4', 52, 1, 1312),
(5185, '5', 5, 1, 1313),
(5186, '5', 14, 3, 1313),
(5187, '5', 15, 250, 1313),
(5188, '5', 17, 1, 1313),
(5189, '5', 22, 11, 1313),
(5190, '5', 23, 1, 1313),
(5191, '3', 1, 4, 1314),
(5192, '3', 14, 4, 1314),
(5193, '3', 15, 100, 1314),
(5194, '3', 17, 4, 1314),
(5195, '3', 22, 14, 1314),
(5196, '6', 5, 1, 1315),
(5197, '6', 14, 3, 1315),
(5198, '6', 22, 9, 1315),
(5199, '6', 23, 1, 1315),
(5200, '6', 27, 1, 1315),
(5201, '7', 1, 10, 1316),
(5202, '7', 5, 4, 1316),
(5203, '7', 14, 4, 1316),
(5204, '7', 15, 300, 1316),
(5205, '7', 22, 5, 1316),
(5206, '7', 23, 3, 1316),
(5207, '9', 1, 2, 1317),
(5208, '9', 5, 1, 1317),
(5209, '9', 14, 12, 1317),
(5210, '9', 15, 100, 1317),
(5211, '9', 22, 60, 1317),
(5212, '1', 1, 3, 1318),
(5213, '1', 5, 2, 1318),
(5214, '1', 14, 4, 1318),
(5215, '1', 15, 200, 1318),
(5216, '1', 22, 10, 1318),
(5217, '1', 23, 2, 1318),
(5218, '1', 27, 1, 1318),
(5219, '10', 1, 1, 1319),
(5220, '10', 5, 3, 1319),
(5221, '10', 14, 1, 1319),
(5222, '10', 17, 1, 1319),
(5223, '10', 22, 57, 1319),
(5224, '10', 23, 46, 1319),
(5225, '10', 25, 1, 1319),
(5226, '8', 1, 7, 1320),
(5227, '8', 5, 6, 1320),
(5228, '8', 15, 2, 1320),
(5229, '8', 17, 2, 1320),
(5230, '8', 25, 1, 1320),
(5231, '8', 35, 2, 1320),
(5232, '2', 1, 1, 1321),
(5233, '2', 14, 1, 1321),
(5234, '2', 15, 2500, 1321),
(5235, '2', 22, 30, 1321),
(5236, '3', 14, 2, 1322),
(5237, '3', 15, 500, 1322),
(5238, '3', 22, 36, 1322),
(5239, '4', 14, 3, 1323),
(5240, '4', 15, 200, 1323),
(5241, '4', 22, 40, 1323),
(5242, '4', 25, 5, 1323),
(5243, '8', 14, 3, 1324),
(5244, '8', 15, 800, 1324),
(5245, '8', 22, 18, 1324),
(5246, '8', 23, 2, 1324),
(5247, '6', 14, 2, 1325),
(5248, '6', 15, 60, 1325),
(5249, '6', 22, 7, 1325),
(5250, '6', 25, 1, 1325),
(5251, '5', 5, 2, 1326),
(5252, '5', 14, 10, 1326),
(5253, '5', 15, 40, 1326),
(5254, '5', 22, 30, 1326),
(5255, '5', 27, 1, 1326),
(5256, '7', 14, 5, 1327),
(5257, '7', 15, 1000, 1327),
(5258, '7', 22, 55, 1327),
(5259, '7', 23, 1, 1327),
(5260, '9', 1, 2, 1328),
(5261, '9', 14, 1, 1328),
(5262, '9', 15, 103, 1328),
(5263, '9', 22, 9, 1328),
(5264, '9', 23, 1, 1328),
(5265, '9', 54, 1, 1328),
(5266, '10', 1, 4, 1329),
(5267, '10', 5, 2, 1329),
(5268, '10', 14, 4, 1329),
(5269, '10', 15, 85, 1329),
(5270, '10', 22, 30, 1329),
(5271, '10', 23, 1, 1329),
(5272, '1', 14, 11, 1330),
(5273, '1', 15, 1500, 1330),
(5274, '1', 22, 16, 1330),
(5275, '1', 24, 5, 1330),
(5276, '3', 5, 8, 1331),
(5277, '3', 14, 11, 1331),
(5278, '3', 15, 1100, 1331),
(5279, '3', 22, 50, 1331),
(5280, '3', 25, 1, 1331),
(5281, '4', 5, 1, 1332),
(5282, '4', 14, 5, 1332),
(5283, '4', 15, 450, 1332),
(5284, '5', 14, 1, 1333),
(5285, '5', 15, 100, 1333),
(5286, '5', 22, 1, 1333),
(5287, '5', 25, 1, 1333),
(5288, '7', 5, 1, 1334),
(5289, '7', 14, 10, 1334),
(5290, '7', 15, 3000, 1334),
(5291, '7', 22, 44, 1334),
(5292, '7', 23, 5, 1334),
(5293, '8', 1, 3, 1335),
(5294, '8', 14, 2, 1335),
(5295, '8', 15, 300, 1335),
(5296, '8', 22, 14, 1335),
(5297, '8', 23, 4, 1335),
(5298, '9', 14, 3, 1336),
(5299, '9', 15, 149, 1336),
(5300, '9', 22, 8, 1336),
(5301, '9', 24, 2, 1336),
(5302, '10', 5, 1, 1337),
(5303, '10', 14, 3, 1337),
(5304, '10', 15, 300, 1337),
(5305, '10', 22, 32, 1337),
(5306, '10', 23, 2, 1337),
(5307, '2', 15, 4, 1338),
(5308, '2', 22, 50, 1338),
(5309, '2', 24, 5, 1338),
(5310, '1', 1, 2, 1339),
(5311, '1', 14, 1, 1339),
(5312, '1', 15, 4, 1339),
(5313, '1', 22, 43, 1339),
(5314, '3', 1, 20, 1340),
(5315, '3', 5, 1, 1340),
(5316, '3', 14, 4, 1340),
(5317, '3', 15, 120, 1340),
(5318, '3', 22, 55, 1340),
(5319, '4', 1, 20, 1341),
(5320, '4', 14, 1, 1341),
(5321, '4', 15, 200, 1341),
(5322, '4', 22, 40, 1341),
(5323, '4', 35, 1, 1341),
(5324, '5', 14, 4, 1342),
(5325, '5', 15, 1, 1342),
(5326, '5', 22, 200, 1342),
(5327, '5', 23, 1, 1342),
(5328, '5', 35, 1, 1342),
(5329, '6', 15, 1, 1343),
(5330, '6', 22, 60, 1343),
(5331, '6', 25, 2, 1343),
(5332, '7', 1, 16, 1344),
(5333, '7', 5, 1, 1344),
(5334, '7', 14, 20, 1344),
(5335, '7', 15, 50, 1344),
(5336, '7', 22, 30, 1344),
(5337, '7', 23, 3, 1344),
(5338, '8', 5, 1, 1345),
(5339, '8', 14, 2, 1345),
(5340, '8', 22, 9, 1345),
(5341, '8', 27, 2, 1345),
(5342, '8', 35, 2, 1345),
(5343, '9', 5, 2, 1346),
(5344, '9', 14, 2, 1346),
(5345, '9', 15, 100, 1346),
(5346, '9', 22, 110, 1346),
(5347, '9', 24, 2, 1346),
(5348, '9', 35, 1, 1346),
(5349, '10', 22, 2, 1347),
(5350, '10', 27, 1, 1347),
(5351, '10', 35, 1, 1347),
(5352, '1', 1, 3, 1348),
(5353, '1', 5, 2, 1348),
(5354, '1', 14, 3, 1348),
(5355, '1', 15, 25, 1348),
(5356, '1', 22, 4, 1348),
(5357, '2', 1, 20, 1349),
(5358, '2', 5, 5, 1349),
(5359, '2', 14, 5, 1349),
(5360, '2', 15, 100, 1349),
(5361, '2', 22, 6, 1349),
(5362, '2', 23, 1, 1349),
(5363, '2', 24, 3, 1349),
(5364, '2', 35, 3, 1349),
(5365, '3', 1, 2, 1350),
(5366, '3', 14, 1, 1350),
(5367, '3', 15, 43, 1350),
(5368, '3', 22, 19, 1350),
(5369, '3', 25, 2, 1350),
(5370, '4', 1, 40, 1351),
(5371, '4', 5, 4, 1351),
(5372, '4', 15, 250, 1351),
(5373, '4', 22, 30, 1351),
(5374, '4', 26, 3, 1351),
(5375, '5', 1, 4, 1352),
(5376, '5', 14, 4, 1352),
(5377, '5', 15, 101, 1352),
(5378, '5', 22, 11, 1352),
(5379, '5', 24, 3, 1352),
(5380, '5', 27, 1, 1352),
(5381, '5', 35, 3, 1352),
(5382, '6', 5, 3, 1353),
(5383, '6', 22, 9, 1353),
(5384, '6', 24, 1, 1353),
(5385, '6', 25, 2, 1353),
(5386, '7', 1, 5, 1354),
(5387, '7', 5, 2, 1354),
(5388, '7', 14, 4, 1354),
(5389, '7', 15, 5, 1354),
(5390, '7', 22, 3, 1354),
(5391, '8', 5, 1, 1355),
(5392, '8', 14, 2, 1355),
(5393, '8', 15, 4, 1355),
(5394, '8', 22, 1, 1355),
(5395, '8', 23, 2, 1355),
(5396, '8', 24, 1, 1355),
(5397, '8', 25, 1, 1355),
(5398, '9', 1, 40, 1356),
(5399, '9', 5, 7, 1356),
(5400, '9', 14, 2, 1356),
(5401, '9', 15, 70, 1356),
(5402, '9', 22, 6, 1356),
(5403, '9', 24, 1, 1356),
(5404, '10', 1, 8, 1357),
(5405, '10', 5, 4, 1357),
(5406, '10', 14, 1, 1357),
(5407, '10', 15, 40, 1357),
(5408, '10', 22, 2, 1357),
(5409, '10', 24, 8, 1357),
(5410, '10', 25, 2, 1357),
(5411, '1', 1, 3, 1358),
(5412, '1', 5, 2, 1358),
(5413, '1', 14, 3, 1358),
(5414, '1', 15, 25, 1358),
(5415, '1', 22, 4, 1358),
(5416, '2', 1, 20, 1359),
(5417, '2', 5, 5, 1359),
(5418, '2', 14, 5, 1359),
(5419, '2', 15, 100, 1359),
(5420, '2', 22, 6, 1359),
(5421, '2', 23, 1, 1359),
(5422, '2', 24, 3, 1359),
(5423, '2', 35, 3, 1359),
(5424, '4', 1, 2, 1360),
(5425, '4', 5, 1, 1360),
(5426, '4', 14, 1, 1360),
(5427, '4', 15, 43, 1360),
(5428, '4', 22, 19, 1360),
(5429, '4', 25, 2, 1360),
(5430, '5', 1, 10, 1361),
(5431, '5', 5, 4, 1361),
(5432, '5', 14, 2, 1361),
(5433, '5', 15, 96, 1361),
(5434, '5', 22, 14, 1361),
(5435, '5', 25, 2, 1361),
(5436, '5', 26, 2, 1361),
(5437, '7', 1, 85, 1362),
(5438, '7', 5, 1, 1362),
(5439, '7', 14, 20, 1362),
(5440, '7', 15, 35, 1362),
(5441, '7', 22, 10, 1362),
(5442, '7', 25, 1, 1362),
(5443, '9', 5, 2, 1363),
(5444, '9', 14, 1, 1363),
(5445, '9', 15, 20, 1363),
(5446, '9', 22, 20, 1363),
(5447, '9', 26, 1, 1363),
(5448, '1', 1, 55, 1364),
(5449, '1', 5, 2, 1364),
(5450, '1', 14, 4, 1364),
(5451, '1', 15, 20, 1364),
(5452, '1', 22, 10, 1364),
(5453, '1', 23, 2, 1364),
(5454, '2', 1, 8, 1365),
(5455, '2', 5, 2, 1365),
(5456, '2', 14, 3, 1365),
(5457, '2', 15, 8, 1365),
(5458, '3', 1, 7, 1366),
(5459, '3', 5, 1, 1366),
(5460, '3', 14, 2, 1366),
(5461, '3', 15, 21, 1366),
(5462, '3', 22, 5, 1366),
(5463, '3', 23, 2, 1366),
(5464, '3', 26, 1, 1366),
(5465, '4', 1, 37, 1367),
(5466, '4', 5, 3, 1367),
(5467, '4', 14, 8, 1367),
(5468, '4', 15, 20, 1367),
(5469, '4', 22, 10, 1367),
(5470, '4', 23, 1, 1367),
(5471, '5', 1, 136, 1368),
(5472, '5', 5, 5, 1368),
(5473, '5', 14, 5, 1368),
(5474, '5', 15, 110, 1368),
(5475, '5', 22, 22, 1368),
(5476, '5', 23, 4, 1368),
(5477, '5', 26, 2, 1368),
(5478, '6', 1, 600, 1369),
(5479, '6', 14, 8, 1369),
(5480, '6', 22, 11, 1369),
(5481, '6', 23, 4, 1369),
(5482, '6', 35, 1, 1369),
(5483, '7', 1, 30, 1370),
(5484, '7', 5, 1, 1370),
(5485, '7', 14, 24, 1370),
(5486, '7', 25, 1, 1370),
(5487, '8', 1, 150, 1371),
(5488, '8', 5, 2, 1371),
(5489, '8', 14, 22, 1371),
(5490, '8', 22, 10, 1371),
(5491, '8', 23, 9, 1371),
(5492, '8', 26, 2, 1371),
(5493, '8', 35, 1, 1371),
(5494, '9', 1, 200, 1372),
(5495, '9', 5, 4, 1372),
(5496, '9', 14, 5, 1372),
(5497, '9', 15, 60, 1372),
(5498, '9', 22, 150, 1372),
(5499, '9', 23, 10, 1372),
(5500, '9', 26, 1, 1372),
(5501, '10', 5, 2, 1373),
(5502, '10', 14, 14, 1373),
(5503, '10', 15, 50, 1373),
(5504, '10', 17, 1, 1373),
(5505, '10', 22, 10, 1373),
(5506, '10', 23, 4, 1373),
(5507, '10', 25, 1, 1373),
(5508, '1', 1, 6, 1374),
(5509, '1', 14, 2, 1374),
(5510, '1', 22, 65, 1374),
(5511, '2', 5, 1, 1375),
(5512, '2', 22, 5, 1375),
(5513, '2', 54, 1, 1375),
(5514, '3', 22, 50, 1376),
(5515, '4', 5, 1, 1377),
(5516, '4', 7, 1, 1377),
(5517, '4', 22, 39, 1377),
(5518, '5', 1, 2, 1378),
(5519, '5', 14, 1, 1378),
(5520, '5', 22, 15, 1378),
(5521, '5', 52, 2, 1378),
(5522, '6', 5, 2, 1379),
(5523, '6', 14, 2, 1379),
(5524, '6', 22, 90, 1379),
(5525, '7', 1, 1, 1380),
(5526, '7', 5, 2, 1380),
(5527, '7', 14, 1, 1380),
(5528, '7', 17, 1, 1380),
(5529, '7', 22, 40, 1380),
(5530, '7', 26, 2, 1380),
(5531, '7', 52, 1, 1380),
(5532, '`7', 7, 1, 1380),
(5533, '8', 7, 1, 1381),
(5534, '8', 14, 1, 1381),
(5535, '8', 22, 60, 1381),
(5536, '8', 35, 1, 1381),
(5537, '9', 5, 4, 1382),
(5538, '9', 7, 5, 1382),
(5539, '9', 14, 4, 1382),
(5540, '9', 54, 100, 1382),
(5541, '10', 5, 1, 1383),
(5542, '10', 14, 1, 1383),
(5543, '10', 22, 13, 1383),
(5544, '10', 26, 1, 1383),
(5545, '1', 1, 4, 1384),
(5546, '1', 14, 3, 1384),
(5547, '1', 15, 60, 1384),
(5548, '1', 22, 65, 1384),
(5549, '2', 1, 2, 1385),
(5550, '2', 5, 4, 1385),
(5551, '2', 14, 9, 1385),
(5552, '2', 15, 15, 1385),
(5553, '2', 22, 65, 1385),
(5554, '3', 5, 2, 1386),
(5555, '3', 14, 2, 1386),
(5556, '3', 15, 1, 1386),
(5557, '3', 22, 30, 1386),
(5558, '4', 1, 1, 1387),
(5559, '4', 5, 1, 1387),
(5560, '4', 14, 8, 1387),
(5561, '4', 22, 103, 1387),
(5562, '5', 1, 2, 1388),
(5563, '5', 5, 1, 1388),
(5564, '5', 14, 1, 1388),
(5565, '5', 22, 8, 1388),
(5566, '5', 35, 1, 1388),
(5567, '7', 5, 1, 1389),
(5568, '7', 14, 7, 1389),
(5569, '7', 22, 31, 1389),
(5570, '7', 24, 1, 1389),
(5571, '7', 35, 5, 1389),
(5572, '8', 14, 16, 1390),
(5573, '8', 22, 32, 1390),
(5574, '9', 14, 3, 1391),
(5575, '9', 22, 12, 1391),
(5576, '10', 14, 3, 1392),
(5577, '10', 22, 16, 1392),
(5578, '10', 35, 1, 1392),
(5579, '1', 1, 15, 1393),
(5580, '1', 14, 2, 1393),
(5581, '1', 22, 115, 1393),
(5582, '1', 52, 23, 1393),
(5583, '2', 14, 1, 1394),
(5584, '2', 22, 370, 1394),
(5585, '2', 52, 1, 1394),
(5586, '3', 1, 1, 1395),
(5587, '3', 5, 3, 1395),
(5588, '3', 14, 2, 1395),
(5589, '3', 22, 43, 1395),
(5590, '3', 52, 3, 1395),
(5591, '4', 1, 7, 1396),
(5592, '4', 22, 142, 1396),
(5593, '4', 25, 1, 1396),
(5594, '5', 1, 2, 1397),
(5595, '5', 14, 1, 1397),
(5596, '5', 22, 250, 1397),
(5597, '5', 52, 1, 1397),
(5598, '6', 1, 16, 1398),
(5599, '6', 5, 1, 1398),
(5600, '6', 14, 1, 1398),
(5601, '6', 22, 45, 1398),
(5602, '7', 5, 2, 1399),
(5603, '7', 14, 1, 1399),
(5604, '7', 22, 17, 1399),
(5605, '8', 1, 6, 1400),
(5606, '8', 22, 4, 1400),
(5607, '9', 22, 75, 1401),
(5608, '9', 34, 1, 1401),
(5609, '10', 1, 2, 1402),
(5610, '10', 22, 3, 1402),
(5611, '1', 14, 1, 1403),
(5612, '1', 15, 30, 1403),
(5613, '2', 5, 1, 1404),
(5614, '2', 14, 3, 1404),
(5615, '2', 15, 20, 1404),
(5616, '2', 22, 2, 1404),
(5617, '2', 24, 1, 1404),
(5618, '3', 5, 2, 1405),
(5619, '3', 15, 5, 1405),
(5620, '4', 1, 15, 1406),
(5621, '4', 5, 2, 1406),
(5622, '4', 14, 5, 1406),
(5623, '4', 15, 30, 1406),
(5624, '4', 22, 1, 1406),
(5625, '5', 5, 7, 1407),
(5626, '5', 14, 2, 1407),
(5627, '5', 15, 3, 1407),
(5628, '5', 22, 4, 1407),
(5629, '5', 35, 1, 1407),
(5630, '7', 1, 1, 1408),
(5631, '7', 5, 2, 1408),
(5632, '7', 15, 28, 1408),
(5633, '7', 22, 2, 1408),
(5634, '7', 24, 1, 1408),
(5635, '8', 5, 2, 1409),
(5636, '8', 14, 7, 1409),
(5637, '8', 15, 13, 1409),
(5638, '8', 22, 4, 1409),
(5639, '8', 35, 2, 1409),
(5640, '9', 15, 13, 1410),
(5641, '9', 54, 15, 1410),
(5642, '10', 5, 6, 1411),
(5643, '10', 15, 2, 1411),
(5644, '10', 22, 1, 1411),
(5645, '10', 24, 1, 1411),
(5646, '1', 1, 60, 1412),
(5647, '1', 14, 13, 1412),
(5648, '1', 35, 2, 1412),
(5649, '2', 1, 60, 1413),
(5650, '2', 14, 2, 1413),
(5651, '3', 1, 3, 1414),
(5652, '3', 14, 2, 1414),
(5653, '3', 23, 1, 1414),
(5654, '3', 25, 1, 1414),
(5655, '4', 1, 60, 1415),
(5656, '4', 3, 1, 1415),
(5657, '4', 7, 1, 1415),
(5658, '4', 22, 2, 1415),
(5659, '4', 54, 1, 1415),
(5660, '5', 14, 1, 1416),
(5661, '5', 15, 1, 1416),
(5662, '5', 22, 1, 1416),
(5663, '6', 5, 2, 1417),
(5664, '6', 14, 4, 1417),
(5665, '6', 25, 1, 1417),
(5666, '7', 1, 16, 1418),
(5667, '7', 15, 2, 1418),
(5668, '8', 5, 1, 1419),
(5669, '8', 14, 2, 1419),
(5670, '8', 15, 5, 1419),
(5671, '8', 22, 2, 1419),
(5672, '9', 1, 100, 1420),
(5673, '9', 14, 3, 1420),
(5674, '9', 15, 12, 1420),
(5675, '9', 22, 3, 1420),
(5676, '10', 5, 1, 1421),
(5677, '10', 14, 2, 1421),
(5678, '10', 15, 4, 1421),
(5679, '10', 22, 5, 1421),
(5680, '10', 24, 1, 1421),
(5681, '1', 1, 40, 1422),
(5682, '1', 35, 2, 1422),
(5683, '2', 1, 100, 1423),
(5684, '2', 5, 5, 1423),
(5685, '2', 14, 3, 1423),
(5686, '2', 15, 2, 1423),
(5687, '2', 22, 3, 1423),
(5688, '3', 5, 2, 1424),
(5689, '3', 14, 5, 1424),
(5690, '3', 35, 2, 1424),
(5691, '4', 1, 2, 1425),
(5692, '4', 15, 1, 1425),
(5693, '4', 22, 4, 1425),
(5694, '4', 35, 1, 1425),
(5695, '5', 1, 1, 1426),
(5696, '5', 5, 1, 1426),
(5697, '5', 15, 11, 1426),
(5698, '5', 22, 9, 1426),
(5699, '5', 24, 2, 1426),
(5700, '5', 35, 2, 1426),
(5701, '6', 1, 1, 1427),
(5702, '6', 3, 1, 1427),
(5703, '6', 5, 1, 1427),
(5704, '6', 15, 3, 1427),
(5705, '6', 54, 5, 1427),
(5706, '7', 1, 3, 1428),
(5707, '7', 5, 1, 1428),
(5708, '7', 14, 2, 1428),
(5709, '7', 15, 8, 1428),
(5710, '7', 35, 1, 1428),
(5711, '8', 1, 1, 1429),
(5712, '8', 14, 1, 1429),
(5713, '9', 5, 3, 1430),
(5714, '9', 14, 1, 1430),
(5715, '9', 15, 1, 1430),
(5716, '9', 25, 1, 1430),
(5717, '9', 35, 3, 1430),
(5718, '10', 1, 20, 1431),
(5719, '10', 5, 2, 1431),
(5720, '10', 14, 1, 1431),
(5721, '10', 22, 6, 1431),
(5722, '1', 1, 1, 1432),
(5723, '1', 3, 1, 1432),
(5724, '1', 14, 8, 1432),
(5725, '1', 22, 13, 1432),
(5726, '1', 35, 3, 1432),
(5727, '3', 14, 2, 1433),
(5728, '3', 23, 2, 1433),
(5729, '4', 1, 1, 1434),
(5730, '4', 14, 3, 1434),
(5731, '4', 35, 1, 1434),
(5732, '7', 14, 1, 1435),
(5733, '7', 25, 4, 1435),
(5734, '7', 35, 1, 1435),
(5735, '8', 1, 2, 1436),
(5736, '8', 14, 2, 1436),
(5737, '8', 25, 1, 1436),
(5738, '9', 1, 3, 1437),
(5739, '9', 15, 1, 1437),
(5740, '9', 22, 1, 1437),
(5741, '9', 24, 2, 1437),
(5742, '10', 14, 4, 1438),
(5743, '1', 5, 3, 1439),
(5744, '1', 22, 1, 1439),
(5745, '1', 23, 1, 1439),
(5746, '1', 25, 4, 1439),
(5747, '2', 5, 1, 1440),
(5748, '2', 15, 14, 1440),
(5749, '2', 22, 1, 1440),
(5750, '2', 25, 1, 1440),
(5751, '2', 47, 1, 1440),
(5752, '3', 15, 45, 1441),
(5753, '3', 25, 1, 1441),
(5754, '3', 35, 2, 1441),
(5755, '4', 1, 1, 1442),
(5756, '4', 5, 1, 1442),
(5757, '4', 15, 8, 1442),
(5758, '4', 22, 1, 1442),
(5759, '5', 14, 2, 1443),
(5760, '5', 15, 27, 1443),
(5761, '5', 22, 2, 1443),
(5762, '5', 23, 1, 1443),
(5763, '5', 25, 4, 1443),
(5764, '6', 5, 1, 1444),
(5765, '6', 15, 11, 1444),
(5766, '6', 25, 3, 1444),
(5767, '7', 5, 2, 1445),
(5768, '7', 15, 5, 1445),
(5769, '7', 22, 2, 1445),
(5770, '8', 1, 2, 1446),
(5771, '8', 3, 1, 1446),
(5772, '8', 5, 2, 1446),
(5773, '8', 15, 20, 1446),
(5774, '8', 22, 2, 1446),
(5775, '8', 25, 1, 1446),
(5776, '8', 35, 1, 1446),
(5777, '9', 3, 1, 1447),
(5778, '9', 5, 2, 1447),
(5779, '9', 15, 6, 1447),
(5780, '9', 22, 2, 1447),
(5781, '9', 26, 1, 1447),
(5782, '10', 14, 1, 1448),
(5783, '10', 15, 8, 1448),
(5784, '1', 1, 1, 1449),
(5785, '1', 3, 1, 1449),
(5786, '1', 5, 2, 1449),
(5787, '1', 14, 3, 1449),
(5788, '1', 15, 5, 1449),
(5789, '1', 22, 1, 1449),
(5790, '1', 35, 1, 1449),
(5791, '2', 14, 1, 1450),
(5792, '2', 15, 30, 1450),
(5793, '2', 22, 2, 1450),
(5794, '2', 25, 1, 1450),
(5795, '2', 26, 1, 1450),
(5796, '4', 1, 1, 1451),
(5797, '4', 5, 1, 1451),
(5798, '4', 15, 50, 1451),
(5799, '4', 22, 1, 1451),
(5800, '4', 25, 1, 1451),
(5801, '5', 14, 4, 1452),
(5802, '5', 15, 50, 1452),
(5803, '5', 23, 8, 1452),
(5804, '5', 25, 3, 1452),
(5805, '6', 3, 6, 1453),
(5806, '6', 5, 3, 1453),
(5807, '6', 14, 1, 1453),
(5808, '6', 22, 1, 1453),
(5809, '6', 23, 1, 1453),
(5810, '8', 1, 3, 1454),
(5811, '8', 14, 1, 1454),
(5812, '8', 15, 5, 1454),
(5813, '8', 22, 3, 1454),
(5814, '8', 23, 2, 1454),
(5815, '8', 25, 2, 1454),
(5816, '9', 5, 1, 1455),
(5817, '9', 14, 2, 1455),
(5818, '9', 15, 40, 1455),
(5819, '9', 22, 2, 1455),
(5820, '9', 23, 1, 1455),
(5821, '9', 25, 4, 1455),
(5822, '10', 3, 2, 1456),
(5823, '10', 15, 60, 1456),
(5824, '10', 22, 2, 1456),
(5825, '10', 25, 2, 1456),
(5826, '1', 5, 1, 1457),
(5827, '1', 14, 2, 1457),
(5828, '1', 22, 13, 1457),
(5829, '1', 35, 2, 1457),
(5830, '2', 1, 3, 1458),
(5831, '2', 5, 1, 1458),
(5832, '2', 14, 3, 1458),
(5833, '2', 15, 11, 1458),
(5834, '2', 22, 4, 1458),
(5835, '2', 35, 4, 1458),
(5836, '3', 14, 2, 1459),
(5837, '3', 35, 1, 1459),
(5838, '3', 47, 2, 1459),
(5839, '3', 54, 1, 1459),
(5840, '4', 1, 8, 1460),
(5841, '4', 5, 1, 1460),
(5842, '4', 14, 2, 1460),
(5843, '4', 15, 3, 1460),
(5844, '4', 22, 4, 1460),
(5845, '4', 35, 2, 1460),
(5846, '6', 5, 2, 1461),
(5847, '6', 14, 6, 1461),
(5848, '6', 15, 15, 1461),
(5849, '6', 22, 4, 1461),
(5850, '7', 5, 3, 1462),
(5851, '7', 15, 3, 1462),
(5852, '7', 22, 2, 1462),
(5853, '7', 47, 1, 1462),
(5854, '8', 5, 8, 1463),
(5855, '8', 14, 3, 1463),
(5856, '8', 15, 22, 1463),
(5857, '8', 22, 3, 1463),
(5858, '9', 1, 10, 1464),
(5859, '9', 5, 1, 1464),
(5860, '9', 15, 35, 1464),
(5861, '9', 47, 2, 1464),
(5862, '10', 5, 3, 1465),
(5863, '10', 14, 1, 1465),
(5864, '10', 15, 18, 1465),
(5865, '10', 25, 1, 1465),
(5866, '1', 1, 20, 1466),
(5867, '1', 5, 6, 1466),
(5868, '1', 14, 1, 1466),
(5869, '2', 1, 80, 1467),
(5870, '2', 5, 8, 1467),
(5871, '2', 22, 7, 1467),
(5872, '3', 1, 1, 1468),
(5873, '3', 5, 4, 1468),
(5874, '3', 14, 2, 1468),
(5875, '3', 15, 2, 1468),
(5876, '3', 22, 1, 1468),
(5877, '3', 25, 3, 1468),
(5878, '3', 35, 2, 1468),
(5879, '4', 1, 12, 1469),
(5880, '4', 5, 2, 1469),
(5881, '4', 14, 3, 1469),
(5882, '4', 15, 60, 1469),
(5883, '4', 22, 5, 1469),
(5884, '4', 25, 5, 1469),
(5885, '5', 5, 1, 1470),
(5886, '5', 14, 2, 1470),
(5887, '5', 15, 20, 1470),
(5888, '5', 22, 10, 1470),
(5889, '5', 35, 2, 1470),
(5890, '6', 5, 1, 1471),
(5891, '6', 15, 30, 1471),
(5892, '6', 22, 3, 1471),
(5893, '6', 35, 1, 1471),
(5894, '7', 1, 1, 1472),
(5895, '7', 14, 1, 1472),
(5896, '7', 15, 40, 1472),
(5897, '7', 23, 1, 1472),
(5898, '9', 1, 60, 1473),
(5899, '9', 5, 4, 1473),
(5900, '9', 15, 50, 1473),
(5901, '9', 22, 2, 1473),
(5902, '10', 3, 1, 1474),
(5903, '10', 5, 6, 1474),
(5904, '10', 15, 25, 1474),
(5905, '10', 22, 2, 1474),
(5906, '10', 25, 2, 1474),
(5907, '1', 1, 10, 1475),
(5908, '1', 5, 1, 1475),
(5909, '1', 14, 5, 1475),
(5910, '1', 15, 40, 1475),
(5911, '1', 22, 1, 1475),
(5912, '2', 14, 8, 1476),
(5913, '2', 22, 3, 1476),
(5914, '2', 25, 3, 1476),
(5915, '2', 54, 2, 1476),
(5916, '3', 5, 3, 1477),
(5917, '3', 15, 10, 1477),
(5918, '3', 22, 6, 1477),
(5919, '3', 24, 1, 1477),
(5920, '3', 25, 1, 1477),
(5921, '3', 27, 1, 1477),
(5922, '4', 14, 1, 1478),
(5923, '4', 15, 12, 1478),
(5924, '4', 22, 1, 1478),
(5925, '4', 25, 3, 1478),
(5926, '4', 27, 2, 1478),
(5927, '5', 14, 3, 1479),
(5928, '5', 15, 10, 1479),
(5929, '5', 24, 2, 1479),
(5930, '5', 25, 1, 1479),
(5931, '5', 27, 1, 1479),
(5932, '6', 5, 1, 1480),
(5933, '6', 14, 3, 1480),
(5934, '6', 15, 5, 1480),
(5935, '6', 24, 1, 1480),
(5936, '6', 26, 1, 1480),
(5937, '6', 27, 8, 1480),
(5938, '6', 54, 1, 1480),
(5939, '7', 5, 1, 1481),
(5940, '7', 14, 7, 1481),
(5941, '7', 22, 2, 1481),
(5942, '7', 27, 3, 1481),
(5943, '8', 1, 1, 1482),
(5944, '8', 5, 1, 1482),
(5945, '8', 14, 2, 1482),
(5946, '8', 15, 50, 1482),
(5947, '8', 22, 20, 1482),
(5948, '8', 24, 2, 1482),
(5949, '8', 35, 2, 1482),
(5950, '9', 5, 3, 1483),
(5951, '9', 14, 2, 1483),
(5952, '9', 22, 7, 1483),
(5953, '9', 27, 1, 1483),
(5954, '10', 5, 2, 1484),
(5955, '10', 14, 1, 1484),
(5956, '10', 15, 5, 1484),
(5957, '10', 22, 1, 1484),
(5958, '10', 25, 1, 1484),
(5959, '10', 27, 4, 1484),
(5960, '1', 14, 3, 1485),
(5961, '1', 15, 260, 1485),
(5962, '1', 22, 10, 1485),
(5963, '2', 1, 3, 1486),
(5964, '2', 5, 1, 1486),
(5965, '2', 14, 1, 1486),
(5966, '2', 15, 3, 1486),
(5967, '2', 17, 1, 1486),
(5968, '2', 22, 20, 1486),
(5969, '2', 27, 1, 1486),
(5970, '3', 5, 1, 1487),
(5971, '3', 14, 4, 1487),
(5972, '3', 27, 1, 1487),
(5973, '3', 35, 3, 1487),
(5974, '4', 14, 5, 1488),
(5975, '4', 15, 400, 1488),
(5976, '4', 22, 15, 1488),
(5977, '4', 35, 1, 1488),
(5978, '5', 5, 3, 1489),
(5979, '5', 14, 12, 1489),
(5980, '5', 15, 26, 1489),
(5981, '5', 22, 26, 1489),
(5982, '6', 5, 1, 1490),
(5983, '6', 14, 7, 1490),
(5984, '6', 15, 40, 1490),
(5985, '6', 22, 66, 1490),
(5986, '6', 24, 2, 1490),
(5987, '6', 27, 1, 1490),
(5988, '7', 14, 3, 1491),
(5989, '7', 19, 7, 1491),
(5990, '7', 22, 6, 1491),
(5991, '7', 27, 2, 1491),
(5992, '8', 5, 2, 1492),
(5993, '8', 14, 4, 1492),
(5994, '8', 17, 1, 1492),
(5995, '8', 22, 60, 1492),
(5996, '8', 23, 2, 1492),
(5997, '8', 25, 1, 1492),
(5998, '8', 27, 1, 1492),
(5999, '8', 35, 1, 1492),
(6000, '10', 5, 1, 1493),
(6001, '10', 14, 4, 1493),
(6002, '10', 22, 20, 1493),
(6003, '10', 27, 2, 1493),
(6004, '1', 1, 150, 1494),
(6005, '1', 5, 2, 1494),
(6006, '1', 14, 3, 1494),
(6007, '1', 22, 2, 1494),
(6008, '1', 23, 1, 1494),
(6009, '1', 26, 1, 1494),
(6010, '1', 27, 1, 1494),
(6011, '1', 35, 3, 1494),
(6012, '2', 1, 200, 1495),
(6013, '2', 5, 2, 1495),
(6014, '2', 12, 1, 1495),
(6015, '2', 14, 3, 1495),
(6016, '2', 15, 50, 1495),
(6017, '2', 22, 4, 1495),
(6018, '2', 23, 1, 1495),
(6019, '2', 24, 6, 1495),
(6020, '2', 35, 4, 1495),
(6021, '3', 14, 9, 1496),
(6022, '3', 15, 100, 1496),
(6023, '3', 24, 1, 1496),
(6024, '3', 25, 1, 1496),
(6025, '3', 35, 3, 1496),
(6026, '4', 5, 9, 1497),
(6027, '4', 14, 6, 1497),
(6028, '4', 22, 3, 1497),
(6029, '4', 26, 1, 1497),
(6030, '4', 35, 2, 1497),
(6031, '5', 22, 1, 1498),
(6032, '5', 24, 1, 1498),
(6033, '5', 25, 1, 1498),
(6034, '5', 27, 2, 1498),
(6035, '5', 35, 4, 1498),
(6036, '6', 1, 1, 1499),
(6037, '6', 14, 5, 1499),
(6038, '6', 15, 60, 1499),
(6039, '6', 22, 30, 1499),
(6040, '6', 35, 1, 1499),
(6041, '7', 5, 4, 1500),
(6042, '7', 14, 4, 1500),
(6043, '7', 15, 120, 1500),
(6044, '7', 22, 20, 1500),
(6045, '7', 24, 1, 1500),
(6046, '7', 27, 3, 1500),
(6047, '8', 3, 3, 1501),
(6048, '8', 5, 5, 1501),
(6049, '8', 14, 3, 1501),
(6050, '8', 22, 7, 1501),
(6051, '8', 24, 2, 1501),
(6052, '8', 25, 2, 1501),
(6053, '9', 1, 1, 1502),
(6054, '9', 5, 3, 1502),
(6055, '9', 14, 6, 1502),
(6056, '9', 15, 40, 1502),
(6057, '9', 22, 5, 1502),
(6058, '9', 27, 6, 1502),
(6059, '10', 5, 3, 1503),
(6060, '10', 14, 3, 1503),
(6061, '10', 15, 400, 1503),
(6062, '10', 22, 1, 1503),
(6063, '10', 24, 1, 1503),
(6064, '10', 25, 1, 1503),
(6065, '10', 27, 1, 1503),
(6066, '10', 35, 3, 1503),
(6067, '1', 1, 2, 1504),
(6068, '1', 14, 1, 1504),
(6069, '1', 15, 16, 1504),
(6070, '1', 22, 40, 1504),
(6071, '1', 24, 1, 1504),
(6072, '1', 26, 1, 1504),
(6073, '1', 27, 1, 1504),
(6074, '1', 54, 1, 1504),
(6075, '2', 1, 4, 1505),
(6076, '2', 5, 1, 1505),
(6077, '2', 14, 2, 1505),
(6078, '2', 15, 4, 1505),
(6079, '2', 25, 1, 1505),
(6080, '2', 35, 3, 1505),
(6081, '3', 1, 10, 1506),
(6082, '3', 5, 3, 1506),
(6083, '3', 7, 1, 1506),
(6084, '3', 15, 50, 1506),
(6085, '3', 22, 2, 1506),
(6086, '3', 25, 1, 1506),
(6087, '3', 35, 1, 1506),
(6088, '4', 1, 9, 1507),
(6089, '4', 5, 1, 1507),
(6090, '4', 14, 1, 1507),
(6091, '4', 15, 25, 1507),
(6092, '4', 22, 2, 1507),
(6093, '4', 25, 2, 1507),
(6094, '4', 54, 1, 1507),
(6095, '5', 1, 5, 1508),
(6096, '5', 5, 1, 1508),
(6097, '5', 7, 1, 1508),
(6098, '5', 14, 9, 1508),
(6099, '5', 15, 22, 1508),
(6100, '5', 22, 3, 1508),
(6101, '5', 25, 4, 1508),
(6102, '5', 27, 2, 1508),
(6103, '6', 3, 1, 1509),
(6104, '6', 5, 1, 1509),
(6105, '6', 14, 2, 1509),
(6106, '6', 15, 10, 1509),
(6107, '6', 22, 3, 1509),
(6108, '6', 25, 2, 1509),
(6109, '7', 5, 1, 1510),
(6110, '7', 7, 1, 1510),
(6111, '7', 14, 7, 1510),
(6112, '7', 15, 20, 1510),
(6113, '7', 24, 1, 1510),
(6114, '7', 25, 1, 1510),
(6115, '7', 35, 5, 1510),
(6116, '8', 5, 2, 1511),
(6117, '8', 14, 4, 1511),
(6118, '8', 15, 12, 1511),
(6119, '8', 22, 18, 1511),
(6120, '8', 25, 1, 1511),
(6121, '9', 1, 1, 1512),
(6122, '9', 5, 3, 1512),
(6123, '9', 14, 1, 1512),
(6124, '9', 15, 13, 1512),
(6125, '9', 22, 6, 1512),
(6126, '10', 1, 2, 1513),
(6127, '10', 14, 3, 1513),
(6128, '10', 15, 1, 1513),
(6129, '10', 35, 1, 1513),
(6130, '1', 1, 8, 1514),
(6131, '1', 5, 3, 1514),
(6132, '1', 14, 3, 1514),
(6133, '1', 22, 5, 1514),
(6134, '1', 54, 2, 1514),
(6135, '2', 1, 4, 1515),
(6136, '2', 5, 4, 1515),
(6137, '2', 22, 22, 1515),
(6138, '3', 5, 1, 1516),
(6139, '3', 14, 1, 1516),
(6140, '3', 15, 2, 1516),
(6141, '3', 22, 4, 1516),
(6142, '3', 24, 1, 1516),
(6143, '4', 1, 15, 1517),
(6144, '4', 5, 1, 1517),
(6145, '4', 7, 1, 1517),
(6146, '4', 14, 3, 1517),
(6147, '4', 15, 5, 1517),
(6148, '4', 17, 1, 1517),
(6149, '4', 22, 8, 1517),
(6150, '4', 23, 1, 1517),
(6151, '4', 24, 2, 1517),
(6152, '5', 1, 3, 1518),
(6153, '5', 14, 1, 1518),
(6154, '5', 15, 17, 1518),
(6155, '5', 22, 5, 1518),
(6156, '5', 23, 1, 1518),
(6157, '6', 1, 20, 1519),
(6158, '6', 5, 1, 1519),
(6159, '6', 14, 2, 1519),
(6160, '6', 22, 10, 1519),
(6161, '6', 34, 1, 1519),
(6162, '7', 1, 5, 1520),
(6163, '7', 5, 3, 1520),
(6164, '7', 14, 2, 1520),
(6165, '7', 22, 4, 1520),
(6166, '7', 25, 1, 1520),
(6167, '8', 14, 5, 1521),
(6168, '8', 22, 20, 1521),
(6169, '8', 26, 1, 1521),
(6170, '9', 1, 2, 1522),
(6171, '9', 7, 1, 1522),
(6172, '9', 15, 1, 1522),
(6173, '9', 22, 19, 1522),
(6174, '9', 24, 1, 1522),
(6175, '9', 27, 1, 1522),
(6176, '10', 5, 2, 1523),
(6177, '10', 22, 17, 1523),
(6178, '10', 24, 1, 1523),
(6179, '1', 1, 1, 1524),
(6180, '1', 5, 6, 1524),
(6181, '1', 14, 5, 1524),
(6182, '1', 15, 6, 1524),
(6183, '1', 22, 66, 1524),
(6184, '2', 14, 2, 1525),
(6185, '2', 15, 15, 1525),
(6186, '2', 26, 2, 1525),
(6187, '3', 1, 2, 1526),
(6188, '3', 5, 1, 1526),
(6189, '3', 14, 3, 1526),
(6190, '3', 15, 5, 1526),
(6191, '3', 22, 2, 1526),
(6192, '4', 14, 4, 1527),
(6193, '4', 15, 8, 1527),
(6194, '4', 26, 2, 1527),
(6195, '5', 1, 3, 1528),
(6196, '5', 5, 1, 1528),
(6197, '5', 14, 1, 1528),
(6198, '5', 15, 100, 1528),
(6199, '5', 22, 3, 1528),
(6200, '6', 1, 2, 1529),
(6201, '6', 14, 1, 1529),
(6202, '6', 15, 70, 1529),
(6203, '6', 22, 4, 1529),
(6204, '6', 24, 1, 1529),
(6205, '7', 1, 1, 1530),
(6206, '7', 15, 25, 1530),
(6207, '7', 22, 6, 1530),
(6208, '7', 23, 1, 1530),
(6209, '7', 26, 1, 1530),
(6210, '8', 5, 1, 1531),
(6211, '8', 14, 1, 1531),
(6212, '8', 22, 3, 1531),
(6213, '8', 26, 1, 1531),
(6214, '9', 1, 5, 1532),
(6215, '9', 14, 7, 1532),
(6216, '9', 15, 4000, 1532),
(6217, '9', 22, 20, 1532),
(6218, '9', 26, 1, 1532),
(6219, '10', 1, 15, 1533),
(6220, '10', 5, 2, 1533),
(6221, '10', 14, 5, 1533),
(6222, '10', 15, 10, 1533),
(6223, '10', 22, 20, 1533),
(6224, '10', 23, 1, 1533),
(6225, '10', 24, 2, 1533),
(6226, '2', 1, 13, 1534),
(6227, '2', 5, 5, 1534),
(6228, '2', 14, 2, 1534),
(6229, '2', 22, 5, 1534),
(6230, '2', 24, 2, 1534),
(6231, '3', 1, 2, 1535),
(6232, '3', 5, 2, 1535),
(6233, '3', 14, 3, 1535),
(6234, '3', 15, 50, 1535),
(6235, '3', 22, 5, 1535),
(6236, '3', 23, 1, 1535),
(6237, '3', 24, 1, 1535),
(6238, '5', 1, 4, 1536),
(6239, '5', 5, 1, 1536),
(6240, '5', 14, 3, 1536),
(6241, '5', 15, 1, 1536),
(6242, '5', 22, 7, 1536),
(6243, '5', 24, 1, 1536),
(6244, '5', 26, 2, 1536),
(6245, '5', 27, 3, 1536),
(6246, '6', 5, 2, 1537),
(6247, '6', 7, 1, 1537),
(6248, '6', 14, 4, 1537),
(6249, '6', 22, 10, 1537),
(6250, '7', 1, 1, 1538),
(6251, '7', 5, 3, 1538),
(6252, '7', 14, 2, 1538),
(6253, '7', 15, 140, 1538),
(6254, '7', 24, 3, 1538),
(6255, '7', 27, 1, 1538),
(6256, '8', 1, 5, 1539),
(6257, '8', 5, 1, 1539),
(6258, '8', 14, 4, 1539),
(6259, '8', 22, 9, 1539),
(6260, '8', 24, 1, 1539),
(6261, '8', 27, 1, 1539),
(6262, '9', 1, 26, 1540),
(6263, '9', 5, 2, 1540),
(6264, '9', 14, 2, 1540),
(6265, '9', 15, 1, 1540),
(6266, '9', 17, 1, 1540),
(6267, '9', 22, 1, 1540),
(6268, '9', 26, 1, 1540),
(6269, '10', 1, 4, 1541),
(6270, '10', 5, 6, 1541),
(6271, '10', 14, 3, 1541),
(6272, '10', 15, 100, 1541),
(6273, '10', 22, 6, 1541),
(6274, '10', 24, 1, 1541),
(6275, '1', 22, 42, 1542),
(6276, '1', 24, 1, 1542),
(6277, '2', 5, 1, 1543),
(6278, '2', 14, 2, 1543),
(6279, '2', 15, 7, 1543),
(6280, '2', 22, 37, 1543),
(6281, '2', 24, 4, 1543),
(6282, '3', 1, 2, 1544),
(6283, '3', 7, 1, 1544),
(6284, '3', 14, 8, 1544),
(6285, '3', 15, 4, 1544),
(6286, '3', 22, 36, 1544),
(6287, '4', 5, 2, 1545),
(6288, '4', 14, 3, 1545),
(6289, '4', 22, 16, 1545),
(6290, '5', 1, 18, 1546),
(6291, '5', 14, 5, 1546),
(6292, '5', 15, 22, 1546),
(6293, '5', 22, 8, 1546),
(6294, '5', 24, 1, 1546),
(6295, '5', 27, 1, 1546),
(6296, '6', 1, 15, 1547),
(6297, '6', 5, 2, 1547),
(6298, '6', 14, 2, 1547),
(6299, '6', 22, 46, 1547),
(6300, '6', 27, 1, 1547),
(6301, '7', 7, 3, 1548);
INSERT INTO `arthro_specimens` (`id`, `trap_no`, `arthro_taxon_id`, `frequency`, `arthro_sample_id`) VALUES
(6302, '7', 22, 3, 1548),
(6303, '7', 23, 1, 1548),
(6304, '8', 14, 1, 1549),
(6305, '8', 22, 12, 1549),
(6306, '8', 24, 1, 1549),
(6307, '9', 14, 5, 1550),
(6308, '9', 22, 120, 1550),
(6309, '9', 24, 1, 1550),
(6310, '10', 14, 1, 1551),
(6311, '10', 22, 38, 1551),
(6312, '10', 24, 5, 1551),
(6313, '1', 1, 1, 1552),
(6314, '1', 5, 1, 1552),
(6315, '1', 15, 3, 1552),
(6316, '1', 25, 12, 1552),
(6317, '2', 5, 2, 1552),
(6318, '2', 25, 4, 1552),
(6319, '2', 34, 2, 1552),
(6320, '10', 1, 2, 1553),
(6321, '10', 25, 20, 1553),
(6322, '10', 34, 1, 1553),
(6323, '7', 1, 3, 1553),
(6324, '7', 5, 2, 1553),
(6325, '7', 25, 6, 1553),
(6326, '7', 34, 1, 1553),
(6327, '8', 15, 1, 1553),
(6328, '8', 25, 15, 1553),
(6329, '9', 7, 4, 1553),
(6330, '9', 14, 3, 1553),
(6331, '9', 25, 15, 1553),
(6332, '2', 1, 1, 1554),
(6333, '3', 5, 2, 1554),
(6334, '3', 24, 1, 1554),
(6335, '3', 25, 2, 1554),
(6336, '3', 34, 1, 1554),
(6337, '4', 1, 1, 1554),
(6338, '4', 22, 6, 1554),
(6339, '4', 34, 1, 1554),
(6340, '5', 1, 1, 1554),
(6341, '5', 5, 1, 1554),
(6342, '5', 15, 1, 1554),
(6343, '5', 25, 4, 1554),
(6344, '5', 34, 5, 1554),
(6345, '5', 45, 1, 1554),
(6346, '6', 25, 11, 1554),
(6347, '6', 34, 15, 1554),
(6348, '1', 1, 2, 1555),
(6349, '1', 25, 25, 1555),
(6350, '2', 1, 4, 1555),
(6351, '2', 5, 1, 1555),
(6352, '2', 25, 21, 1555),
(6353, '2', 34, 2, 1555),
(6354, '3', 5, 2, 1555),
(6355, '3', 14, 3, 1555),
(6356, '3', 22, 8, 1555),
(6357, '3', 34, 4, 1555),
(6358, '4', 14, 1, 1555),
(6359, '4', 15, 1, 1555),
(6360, '4', 22, 3, 1555),
(6361, '4', 34, 4, 1555),
(6362, '5', 1, 4, 1555),
(6363, '5', 14, 1, 1555),
(6364, '5', 17, 1, 1555),
(6365, '5', 22, 1, 1555),
(6366, '5', 34, 4, 1555),
(6367, '6', 22, 57, 1555),
(6368, '7', 7, 1, 1555),
(6369, '7', 25, 6, 1555),
(6370, '7', 34, 10, 1555),
(6371, '1', 5, 3, 1556),
(6372, '1', 14, 1, 1556),
(6373, '1', 23, 1, 1556),
(6374, '2', 5, 1, 1557),
(6375, '2', 15, 90, 1557),
(6376, '2', 22, 3, 1557),
(6377, '3', 5, 1, 1558),
(6378, '3', 14, 2, 1558),
(6379, '3', 15, 11, 1558),
(6380, '3', 22, 2, 1558),
(6381, '4', 1, 15, 1559),
(6382, '4', 5, 3, 1559),
(6383, '4', 14, 5, 1559),
(6384, '4', 15, 20, 1559),
(6385, '4', 25, 2, 1559),
(6386, '5', 5, 5, 1560),
(6387, '5', 14, 8, 1560),
(6388, '5', 15, 28, 1560),
(6389, '5', 22, 20, 1560),
(6390, '6', 5, 1, 1561),
(6391, '6', 14, 4, 1561),
(6392, '6', 15, 320, 1561),
(6393, '6', 22, 17, 1561),
(6394, '7', 1, 4, 1562),
(6395, '7', 5, 2, 1562),
(6396, '7', 14, 4, 1562),
(6397, '7', 15, 11, 1562),
(6398, '7', 22, 5, 1562),
(6399, '7', 33, 2, 1562),
(6400, '8', 1, 4, 1563),
(6401, '8', 5, 1, 1563),
(6402, '8', 15, 3, 1563),
(6403, '8', 24, 22, 1563),
(6404, '8', 27, 1, 1563),
(6405, '9', 7, 1, 1564),
(6406, '9', 15, 67, 1564),
(6407, '9', 22, 1, 1564),
(6408, '9', 35, 4, 1564),
(6409, '10', 14, 3, 1565),
(6410, '10', 15, 14, 1565),
(6411, '10', 25, 4, 1565),
(6412, '1', 14, 1, 1566),
(6413, '1', 22, 19, 1566),
(6414, '1', 25, 1, 1566),
(6415, '2', 5, 1, 1567),
(6416, '2', 14, 1, 1567),
(6417, '2', 15, 40, 1567),
(6418, '2', 22, 20, 1567),
(6419, '2', 24, 1, 1567),
(6420, '2', 35, 1, 1567),
(6421, '1', 14, 2, 1568),
(6422, '1', 22, 7, 1568),
(6423, '2', 5, 1, 1569),
(6424, '2', 14, 3, 1569),
(6425, '2', 22, 7, 1569),
(6426, '3', 22, 4, 1570),
(6427, '4', 14, 1, 1571),
(6428, '4', 22, 10, 1571),
(6429, '4', 37, 1, 1571),
(6430, '5', 14, 1, 1572),
(6431, '5', 22, 6, 1572),
(6432, '5', 24, 1, 1572),
(6433, '6', 14, 1, 1573),
(6434, '8', 22, 2, 1574),
(6435, '8', 24, 1, 1574),
(6436, '8', 25, 1, 1574),
(6437, '9', 14, 1, 1575),
(6438, '9', 22, 4, 1575),
(6439, '9', 24, 1, 1575),
(6440, '10', 15, 1, 1576),
(6441, '10', 22, 15, 1576),
(6442, '10', 25, 1, 1576),
(6443, '1', 25, 15, 1577),
(6444, '1', 25, 1, 1578),
(6445, '2', 5, 1, 1579),
(6446, '2', 15, 40, 1579),
(6447, '2', 25, 1, 1579),
(6448, '2', 35, 1, 1579),
(6449, '3', 14, 1, 1580),
(6450, '3', 15, 3, 1580),
(6451, '3', 22, 27, 1580),
(6452, '4', 5, 1, 1581),
(6453, '4', 14, 5, 1581),
(6454, '4', 15, 80, 1581),
(6455, '4', 22, 7, 1581),
(6456, '4', 35, 4, 1581),
(6457, '5', 1, 2, 1582),
(6458, '5', 5, 1, 1582),
(6459, '5', 14, 1, 1582),
(6460, '5', 15, 8, 1582),
(6461, '5', 22, 10, 1582),
(6462, '6', 1, 2, 1583),
(6463, '6', 5, 6, 1583),
(6464, '6', 14, 2, 1583),
(6465, '6', 15, 40, 1583),
(6466, '6', 22, 8, 1583),
(6467, '6', 25, 3, 1583),
(6468, '6', 35, 1, 1583),
(6469, '7', 5, 2, 1584),
(6470, '7', 15, 30, 1584),
(6471, '7', 22, 16, 1584),
(6472, '7', 35, 2, 1584),
(6473, '8', 22, 29, 1585),
(6474, '8', 35, 2, 1585),
(6475, '9', 25, 1, 1586),
(6476, '9', 35, 2, 1586),
(6477, '10', 1, 2, 1587),
(6478, '10', 5, 1, 1587),
(6479, '10', 14, 4, 1587),
(6480, '10', 15, 27, 1587),
(6481, '10', 22, 38, 1587),
(6482, '10', 25, 1, 1587),
(6483, '1', 15, 3, 1588),
(6484, '1', 22, 8, 1588),
(6485, '1', 26, 1, 1588),
(6486, '2', 22, 20, 1589),
(6487, '2', 54, 1, 1589),
(6488, '1', 39, 1, 1590),
(6489, 'TLHR 1', 14, 3, 1590),
(6490, 'TLHR 1', 22, 16, 1590),
(6491, 'TLHR 2', 14, 6, 1590),
(6492, 'TLHR 3', 5, 1, 1590),
(6493, 'TLHR 4', 19, 17, 1590),
(6494, 'TLHR 5', 5, 1, 1590),
(6495, 'TLHR 5', 14, 6, 1590),
(6496, 'TLHR 6', 1, 0, 1590),
(6497, 'TLHR 7', 14, 9, 1590),
(6498, 'TLHR 7', 22, 11, 1590),
(6499, 'TLHR 8', 14, 2, 1590),
(6500, 'TLHR 9', 1, 0, 1590),
(6501, 'TLHR10', 1, 0, 1590),
(6502, 'TLHR 1', 14, 1, 1591),
(6503, 'TLHR 2', 5, 1, 1591),
(6504, 'TLHR 2', 14, 1, 1591),
(6505, 'TLHR 3', 1, 0, 1591),
(6506, 'TLHR 4', 22, 1, 1591),
(6507, 'TLHR 5', 14, 1, 1591),
(6508, 'TLHR 6', 22, 11, 1591),
(6509, 'TLHR 7', 14, 1, 1591),
(6510, 'TLHR 8', 5, 1, 1591),
(6511, 'TLHR 8', 22, 1, 1591),
(6512, 'SF#1', 14, 4, 1592),
(6513, 'SF#1', 19, 1, 1592),
(6514, 'SF#1', 43, 0, 1592),
(6515, 'SF#10', 22, 2, 1592),
(6516, 'SF#2', 5, 1, 1592),
(6517, 'SF#2', 14, 2, 1592),
(6518, 'SF#2', 19, 3, 1592),
(6519, 'SF#3', 5, 1, 1592),
(6520, 'SF#3', 19, 3, 1592),
(6521, 'SF#4', 24, 1, 1592),
(6522, 'SF#5', 14, 1, 1592),
(6523, 'SF#5', 24, 4, 1592),
(6524, 'SF#6', 14, 1, 1592),
(6525, 'SF#6', 22, 1, 1592),
(6526, 'SF#7', 5, 1, 1592),
(6527, 'SF#7', 14, 1, 1592),
(6528, 'SF#7', 24, 1, 1592),
(6529, 'SF#8', 14, 1, 1592),
(6530, 'SF#8', 22, 1, 1592),
(6531, 'SF#9', 27, 0, 1592),
(6532, 'UPS#1', 14, 6, 1593),
(6533, 'UPS#10', 5, 1, 1593),
(6534, 'UPS#10', 14, 1, 1593),
(6535, 'UPS#2', 23, 0, 1593),
(6536, 'UPS#3', 5, 1, 1593),
(6537, 'UPS#3', 14, 1, 1593),
(6538, 'UPS#4', 14, 1, 1593),
(6539, 'UPS#5', 24, 0, 1593),
(6540, 'UPS#6', 25, 0, 1593),
(6541, 'UPS#7', 1, 0, 1593),
(6542, 'UPS#8', 8, 0, 1593),
(6543, 'UPS#9', 10, 0, 1593),
(6544, 'UPS#1', 5, 1, 1594),
(6545, 'UPS#1', 24, 2, 1594),
(6546, 'UPS#2', 1, 0, 1594),
(6547, 'UPS#3', 8, 0, 1594),
(6548, 'UPS#4', 19, 1, 1594),
(6549, 'UPS#5', 10, 0, 1594),
(6550, 'UPS#6', 24, 1, 1594),
(6551, 'UPS#7', 5, 1, 1594),
(6552, 'UPS#8', 17, 0, 1594),
(6553, 'UPS#9', 19, 1, 1594),
(6554, 'UPS#9', 24, 2, 1594),
(6555, 'TLM#1', 23, 1, 1595),
(6556, 'TLM#2', 20, 0, 1595),
(6557, 'TLM#3', 22, 0, 1595),
(6558, 'TLM#4', 26, 0, 1595),
(6559, 'TLM#5', 25, 1, 1595),
(6560, 'TLM#6', 14, 2, 1595),
(6561, '1', 14, 1, 1596),
(6562, '1', 22, 1, 1596),
(6563, '2', 14, 1, 1596),
(6564, '3', 5, 1, 1596),
(6565, '3', 22, 1, 1596),
(6566, '4', 22, 3, 1596),
(6567, '5', 5, 1, 1596),
(6568, '5', 19, 7, 1596),
(6569, '5', 22, 15, 1596),
(6570, '6', 14, 2, 1596),
(6571, '6', 22, 3, 1596),
(6572, '8', 7, 2, 1596),
(6573, '9', 14, 2, 1596),
(6574, '9', 22, 2, 1596),
(6575, '10', 19, 1, 1597),
(6576, '10', 22, 3, 1597),
(6577, '2', 22, 2, 1597),
(6578, '5', 22, 2, 1597),
(6579, '7', 22, 1, 1597),
(6580, '9', 5, 1, 1597),
(6581, '9', 19, 1, 1597),
(6582, '9', 22, 19, 1597),
(6583, '9', 25, 1, 1597),
(6584, '#5', 1, 2, 1598),
(6585, '#5', 14, 1, 1598),
(6586, '#5', 15, 2, 1598),
(6587, '#5', 17, 3, 1598),
(6588, '#5', 19, 1, 1598),
(6589, '#5', 22, 1, 1598),
(6590, '#5', 26, 1, 1598),
(6591, '9', 1, 3, 1599),
(6592, '9', 5, 1, 1599),
(6593, '9', 14, 1, 1599),
(6594, '9', 15, 7, 1599),
(6595, '9', 22, 10, 1599),
(6596, '8', 1, 3, 1600),
(6597, '8', 5, 1, 1600),
(6598, '8', 14, 5, 1600),
(6599, '8', 22, 6, 1600),
(6600, '8', 39, 1, 1600),
(6601, '2', 1, 1, 1601),
(6602, '2', 14, 2, 1601),
(6603, '2', 22, 95, 1601),
(6604, '2', 25, 1, 1601),
(6605, 'SG #3', 6, 2, 1602),
(6606, 'SG #3', 14, 2, 1602),
(6607, 'SG #3', 22, 7, 1602),
(6608, 'SG #3', 27, 1, 1602),
(6609, '6', 1, 1, 1603),
(6610, '6', 15, 1, 1603),
(6611, '6', 17, 1, 1603),
(6612, '6', 22, 6, 1603),
(6613, 'SG#4', 6, 1, 1604),
(6614, 'SG#4', 15, 1, 1604),
(6615, 'SG#4', 22, 48, 1604),
(6616, 'SG#4', 23, 2, 1604),
(6617, 'SG$4', 14, 1, 1604),
(6618, '10', 1, 2, 1605),
(6619, '10', 14, 1, 1605),
(6620, '10', 15, 90, 1605),
(6621, '10', 22, 7, 1605),
(6622, '7', 1, 28, 1606),
(6623, '7', 14, 2, 1606),
(6624, '7', 15, 1, 1606),
(6625, '7', 19, 2, 1606),
(6626, '7', 22, 10, 1606),
(6627, '7', 39, 1, 1606),
(6628, '1', 14, 1, 1607),
(6629, '1', 22, 44, 1607),
(6630, '1', 5, 2, 1608),
(6631, '1', 14, 1, 1608),
(6632, '1', 22, 25, 1608),
(6633, '1', 35, 3, 1608),
(6634, '2', 14, 3, 1609),
(6635, '2', 15, 20, 1609),
(6636, '2', 22, 20, 1609),
(6637, '2', 23, 5, 1609),
(6638, '3', 1, 1, 1610),
(6639, '3', 5, 1, 1610),
(6640, '3', 15, 1, 1610),
(6641, '3', 22, 2, 1610),
(6642, '3', 24, 1, 1610),
(6643, '4', 5, 1, 1611),
(6644, '4', 15, 20, 1611),
(6645, '4', 22, 5, 1611),
(6646, '4', 35, 1, 1611),
(6647, '5', 5, 1, 1612),
(6648, '5', 15, 3, 1612),
(6649, '5', 22, 6, 1612),
(6650, '5', 35, 1, 1612),
(6651, '6', 22, 10, 1613),
(6652, '6', 35, 1, 1613),
(6653, '7', 5, 1, 1614),
(6654, '7', 22, 10, 1614),
(6655, '8', 22, 10, 1615),
(6656, '9', 5, 1, 1616),
(6657, '9', 22, 2, 1616),
(6658, '9', 23, 1, 1616),
(6659, '9', 47, 1, 1616),
(6660, '10', 7, 2, 1617),
(6661, '10', 14, 1, 1617),
(6662, '10', 15, 3, 1617),
(6663, '10', 22, 18, 1617),
(6664, '1', 7, 1, 1618),
(6665, '1', 22, 4, 1618),
(6666, '2', 22, 2, 1619),
(6667, '2', 24, 1, 1619),
(6668, '2', 35, 2, 1619),
(6669, '3', 22, 5, 1620),
(6670, '3', 35, 1, 1620),
(6671, '4', 22, 1, 1621),
(6672, '4', 25, 1, 1621),
(6673, '5', 19, 2, 1622),
(6674, '5', 22, 6, 1622),
(6675, '6', 15, 1, 1623),
(6676, '6', 22, 2, 1623),
(6677, '6', 24, 1, 1623),
(6678, '7', 14, 1, 1624),
(6679, '7', 22, 6, 1624),
(6680, '8', 22, 1, 1625),
(6681, '8', 35, 1, 1625),
(6682, '9', 5, 2, 1626),
(6683, '9', 14, 1, 1626),
(6684, '9', 22, 17, 1626),
(6685, '10', 22, 5, 1627),
(6686, '1', 15, 1, 1628),
(6687, '1', 22, 2, 1628),
(6688, '1', 24, 1, 1628),
(6689, '1', 26, 1, 1628),
(6690, '1', 35, 1, 1628),
(6691, '2', 14, 1, 1629),
(6692, '2', 22, 2, 1629),
(6693, '3', 5, 2, 1630),
(6694, '4', 22, 1, 1631),
(6695, '4', 25, 1, 1631),
(6696, '5', 5, 2, 1632),
(6697, '5', 14, 1, 1632),
(6698, '5', 22, 6, 1632),
(6699, '5', 25, 1, 1632),
(6700, '5', 35, 1, 1632),
(6701, '6', 5, 1, 1633),
(6702, '6', 22, 2, 1633),
(6703, '7', 22, 2, 1634),
(6704, '9', 5, 1, 1635),
(6705, '9', 22, 4, 1635),
(6706, '9', 24, 1, 1635),
(6707, '8', 24, 1, 1636),
(6708, '8', 45, 1, 1636),
(6709, '10', 5, 1, 1637),
(6710, '10', 22, 1, 1637),
(6711, '15M', 5, 1, 1638),
(6712, '15M', 7, 1, 1638),
(6713, '15M', 14, 3, 1638),
(6714, '15M', 22, 229, 1638),
(6715, '45', 5, 2, 1639),
(6716, '45', 14, 9, 1639),
(6717, '45', 22, 221, 1639),
(6718, '3', 15, 1, 1640),
(6719, '3', 22, 20, 1640),
(6720, '3', 54, 1, 1640),
(6721, '0', 14, 5, 1641),
(6722, '0', 22, 16, 1641),
(6723, '2', 14, 1, 1642),
(6724, '2', 22, 29, 1642),
(6725, '25', 14, 1, 1643),
(6726, '25', 22, 8, 1643),
(6727, '20', 5, 2, 1644),
(6728, '20', 14, 4, 1644),
(6729, '20', 22, 34, 1644),
(6730, '45', 14, 19, 1645),
(6731, '45', 22, 56, 1645),
(6732, '7', 14, 5, 1646),
(6733, '7', 22, 201, 1646),
(6734, '7', 23, 2, 1646),
(6735, '35', 5, 2, 1647),
(6736, '35', 14, 356, 1647),
(6737, '35', 19, 29, 1647),
(6738, '35', 22, 59, 1647),
(6739, '35', 23, 1, 1647),
(6740, '10', 22, 15, 1648),
(6741, '9', 22, 16, 1648),
(6742, '6', 22, 27, 1649),
(6743, '4', 22, 3, 1650),
(6744, '4', 44, 1, 1650),
(6745, '2', 22, 24, 1651),
(6746, '2', 22, 24, 1652),
(6747, '2', 22, 24, 1653),
(6748, '3', 22, 39, 1654),
(6749, '5', 14, 1, 1655),
(6750, '5', 22, 72, 1655),
(6751, '7', 25, 9, 1656),
(6752, '8', 5, 1, 1656),
(6753, '8', 14, 2, 1656),
(6754, '8', 22, 283, 1656),
(6755, '8', 25, 2, 1656),
(6756, '1', 14, 2, 1657),
(6757, '1', 22, 5, 1657),
(6758, '1', 14, 5, 1658),
(6759, '1', 22, 80, 1658),
(6760, '1', 14, 5, 1659),
(6761, '1', 22, 80, 1659),
(6762, '2', 1, 1, 1659),
(6763, '2', 14, 2, 1659),
(6764, '2', 22, 149, 1659),
(6765, '3', 22, 95, 1659),
(6766, '4', 14, 4, 1659),
(6767, '4', 22, 63, 1659),
(6768, '1', 14, 5, 1660),
(6769, '1', 22, 80, 1660),
(6770, '10', 5, 1, 1660),
(6771, '10', 14, 28, 1660),
(6772, '10', 15, 3, 1660),
(6773, '2', 1, 1, 1660),
(6774, '2', 14, 2, 1660),
(6775, '2', 22, 147, 1660),
(6776, '3', 22, 95, 1660),
(6777, '4', 14, 4, 1660),
(6778, '4', 22, 63, 1660),
(6779, '5', 14, 4, 1660),
(6780, '5', 15, 8, 1660),
(6781, '5', 22, 192, 1660),
(6782, '6', 22, 164, 1660),
(6783, '7', 14, 2, 1660),
(6784, '7', 15, 3, 1660),
(6785, '7', 22, 57, 1660),
(6786, '8', 5, 1, 1660),
(6787, '8', 14, 3, 1660),
(6788, '8', 22, 75, 1660),
(6789, '9', 14, 4, 1660),
(6790, '9', 22, 49, 1660),
(6791, '11', 22, 3, 1661),
(6792, '12', 22, 1, 1661),
(6793, '13', 5, 1, 1661),
(6794, '13', 14, 2, 1661),
(6795, '13', 22, 13, 1661),
(6796, '13', 34, 1, 1661),
(6797, '13', 57, 2, 1661),
(6798, '14', 22, 8, 1661),
(6799, '15', 22, 11, 1661),
(6800, '16', 5, 1, 1661),
(6801, '16', 22, 11, 1661),
(6802, '16', 34, 1, 1661),
(6803, '17', 22, 141, 1661),
(6804, '17', 23, 1, 1661),
(6805, '19', 14, 2, 1661),
(6806, '19', 22, 18, 1661),
(6807, '20', 14, 1, 1661),
(6808, '20', 22, 262, 1661),
(6809, '20', 34, 1, 1661),
(6810, '1', 23, 1, 1662),
(6811, '10', 23, 13, 1662),
(6812, '3', 23, 1, 1662),
(6813, '4', 7, 1, 1662),
(6814, '4', 14, 1, 1662),
(6815, '4', 22, 3, 1662),
(6816, '6', 7, 1, 1662),
(6817, '6', 22, 6, 1662),
(6818, '7', 5, 1, 1662),
(6819, '7', 7, 1, 1662),
(6820, '7', 22, 4, 1662),
(6821, '7', 23, 3, 1662),
(6822, '9', 5, 1, 1662),
(6823, '9', 14, 3, 1662),
(6824, '9', 22, 1, 1662),
(6825, '3', 5, 2, 1663),
(6826, '3', 15, 1, 1663),
(6827, '3', 22, 10, 1663),
(6828, '3', 24, 1, 1663),
(6829, '3', 35, 1, 1663),
(6830, '2', 1, 60, 1664),
(6831, '2', 5, 3, 1664),
(6832, '2', 15, 60, 1664),
(6833, '2', 22, 46, 1664),
(6834, '2', 24, 2, 1664),
(6835, '2', 35, 1, 1664),
(6836, '1', 1, 5, 1665),
(6837, '1', 5, 3, 1665),
(6838, '1', 15, 4, 1665),
(6839, '1', 22, 57, 1665),
(6840, '1', 23, 1, 1665),
(6841, '1', 25, 1, 1665),
(6842, '1', 35, 1, 1665),
(6843, '4', 1, 8, 1666),
(6844, '4', 5, 2, 1666),
(6845, '4', 15, 3, 1666),
(6846, '4', 22, 100, 1666),
(6847, '4', 24, 3, 1666),
(6848, '4', 35, 1, 1666),
(6849, '5', 1, 25, 1667),
(6850, '5', 15, 35, 1667),
(6851, '5', 22, 50, 1667),
(6852, '5', 24, 1, 1667),
(6853, '5', 35, 1, 1667),
(6854, '6', 5, 3, 1668),
(6855, '6', 14, 6, 1668),
(6856, '6', 15, 15, 1668),
(6857, '6', 22, 23, 1668),
(6858, '7', 5, 2, 1669),
(6859, '7', 22, 30, 1669),
(6860, '7', 24, 1, 1669),
(6861, '8', 22, 3, 1670),
(6862, '8', 24, 3, 1670),
(6863, '8', 25, 1, 1670),
(6864, '8', 35, 1, 1670),
(6865, '10', 5, 1, 1671),
(6866, '10', 15, 100, 1671),
(6867, '10', 22, 11, 1671),
(6868, '1', 5, 2, 1672),
(6869, '1', 14, 4, 1672),
(6870, '1', 15, 250, 1672),
(6871, '1', 22, 79, 1672),
(6872, '1', 35, 3, 1672),
(6873, '2', 5, 3, 1673),
(6874, '2', 15, 215, 1673),
(6875, '2', 22, 82, 1673),
(6876, '2', 25, 1, 1673),
(6877, '2', 35, 1, 1673),
(6878, '4', 1, 5, 1674),
(6879, '4', 5, 4, 1674),
(6880, '4', 14, 2, 1674),
(6881, '4', 15, 150, 1674),
(6882, '4', 22, 25, 1674),
(6883, '4', 23, 1, 1674),
(6884, '4', 35, 3, 1674),
(6885, '3', 5, 1, 1675),
(6886, '3', 14, 5, 1675),
(6887, '3', 15, 45, 1675),
(6888, '3', 22, 23, 1675),
(6889, '3', 23, 2, 1675),
(6890, '5', 1, 5, 1676),
(6891, '5', 14, 2, 1676),
(6892, '5', 15, 390, 1676),
(6893, '5', 22, 8, 1676),
(6894, '5', 23, 2, 1676),
(6895, '5', 35, 3, 1676),
(6896, '6', 5, 1, 1677),
(6897, '6', 14, 5, 1677),
(6898, '6', 22, 30, 1677),
(6899, '6', 23, 3, 1677),
(6900, '7', 1, 5, 1678),
(6901, '7', 5, 5, 1678),
(6902, '7', 14, 7, 1678),
(6903, '7', 15, 30, 1678),
(6904, '7', 22, 20, 1678),
(6905, '7', 23, 2, 1678),
(6906, '9', 5, 2, 1679),
(6907, '9', 14, 1, 1679),
(6908, '9', 15, 100, 1679),
(6909, '9', 17, 1, 1679),
(6910, '9', 22, 6, 1679),
(6911, '8', 1, 100, 1680),
(6912, '8', 17, 1, 1680),
(6913, '8', 22, 1, 1680),
(6914, '8', 35, 4, 1680),
(6915, '1', 22, 34, 1681),
(6916, '10', 1, 40, 1682),
(6917, '10', 5, 6, 1682),
(6918, '10', 14, 5, 1682),
(6919, '10', 22, 2, 1682),
(6920, '10', 35, 80, 1682),
(6921, '2', 5, 1, 1683),
(6922, '2', 14, 57, 1683),
(6923, '2', 15, 6, 1683),
(6924, '2', 22, 20, 1683),
(6925, '3', 14, 3, 1684),
(6926, '3', 15, 130, 1684),
(6927, '3', 22, 60, 1684),
(6928, '4', 5, 1, 1685),
(6929, '4', 14, 1, 1685),
(6930, '4', 22, 79, 1685),
(6931, '5', 14, 2, 1686),
(6932, '5', 15, 50, 1686),
(6933, '5', 22, 3, 1686),
(6934, '6', 14, 1, 1687),
(6935, '6', 15, 70, 1687),
(6936, '6', 17, 1, 1687),
(6937, '6', 22, 5, 1687),
(6938, '7', 5, 1, 1688),
(6939, '7', 15, 7, 1688),
(6940, '7', 22, 4, 1688),
(6941, '8', 14, 1, 1689),
(6942, '8', 15, 90, 1689),
(6943, '8', 22, 1, 1689),
(6944, '8', 35, 2, 1689),
(6945, '9', 1, 10, 1690),
(6946, '9', 14, 2, 1690),
(6947, '9', 22, 10, 1690),
(6948, '9', 25, 1, 1690),
(6949, '10', 14, 5, 1691),
(6950, '10', 15, 989, 1691),
(6951, '10', 22, 81, 1691),
(6952, '1', 15, 2, 1692),
(6953, '1', 22, 6, 1692),
(6954, '1', 25, 1, 1692),
(6955, '2', 14, 1, 1693),
(6956, '2', 15, 30, 1693),
(6957, '2', 22, 3, 1693),
(6958, '3', 14, 1, 1694),
(6959, '3', 15, 20, 1694),
(6960, '3', 22, 1, 1694),
(6961, '3', 34, 1, 1694),
(6962, '4', 1, 3, 1695),
(6963, '4', 14, 1, 1695),
(6964, '4', 15, 10, 1695),
(6965, '4', 22, 3, 1695),
(6966, '5', 1, 8, 1696),
(6967, '5', 14, 1, 1696),
(6968, '5', 15, 45, 1696),
(6969, '5', 22, 3, 1696),
(6970, '8', 22, 1, 1697),
(6971, '8', 35, 1, 1697),
(6972, '6', 5, 1, 1698),
(6973, '6', 15, 30, 1698),
(6974, '6', 22, 7, 1698),
(6975, '9', 14, 1, 1699),
(6976, '9', 15, 40, 1699),
(6977, '9', 22, 4, 1699),
(6978, '9', 25, 1, 1699),
(6979, '10', 5, 2, 1700),
(6980, '10', 15, 45, 1700),
(6981, '10', 22, 13, 1700),
(6982, '10', 35, 2, 1700),
(6983, '1', 14, 1, 1701),
(6984, '1', 22, 12, 1701),
(6985, '1', 23, 1, 1701),
(6986, '2', 5, 1, 1702),
(6987, '2', 14, 1, 1702),
(6988, '2', 22, 1, 1702),
(6989, '2', 25, 1, 1702),
(6990, '3', 5, 1, 1703),
(6991, '3', 14, 2, 1703),
(6992, '3', 15, 12, 1703),
(6993, '3', 22, 5, 1703),
(6994, '3', 24, 1, 1703),
(6995, '4', 15, 12, 1704),
(6996, '4', 22, 8, 1704),
(6997, '4', 23, 1, 1704),
(6998, '5', 14, 1, 1705),
(6999, '5', 22, 14, 1705),
(7000, '8', 22, 9, 1706),
(7001, '10', 7, 10, 1707),
(7002, '10', 22, 5, 1707),
(7003, '10', 23, 1, 1707),
(7004, '6', 15, 1, 1708),
(7005, '6', 22, 3, 1708),
(7006, '6', 24, 1, 1708),
(7007, '6', 25, 1, 1708),
(7008, '8', 22, 3, 1709),
(7009, '8', 23, 1, 1709),
(7010, '1', 1, 8, 1710),
(7011, '1', 14, 1, 1710),
(7012, '1', 22, 16, 1710),
(7013, '1', 24, 1, 1710),
(7014, '10', 15, 1, 1711),
(7015, '10', 22, 13, 1711),
(7016, '10', 35, 1, 1711),
(7017, '2', 1, 6, 1712),
(7018, '2', 5, 2, 1712),
(7019, '2', 14, 2, 1712),
(7020, '2', 15, 6, 1712),
(7021, '2', 22, 15, 1712),
(7022, '9', 1, 1, 1713),
(7023, '9', 14, 1, 1713),
(7024, '9', 15, 50, 1713),
(7025, '9', 22, 2, 1713),
(7026, '9', 35, 1, 1713),
(7027, '3', 5, 2, 1714),
(7028, '3', 15, 3, 1714),
(7029, '3', 22, 9, 1714),
(7030, '3', 24, 1, 1714),
(7031, '5', 1, 1, 1715),
(7032, '5', 12, 1, 1715),
(7033, '5', 22, 6, 1715),
(7034, '4', 1, 8, 1716),
(7035, '4', 14, 1, 1716),
(7036, '4', 15, 4, 1716),
(7037, '4', 22, 50, 1716),
(7038, '4', 23, 1, 1716),
(7039, '4', 24, 1, 1716),
(7040, '4', 25, 1, 1716),
(7041, '6', 1, 2, 1717),
(7042, '6', 5, 1, 1717),
(7043, '6', 14, 2, 1717),
(7044, '6', 15, 3, 1717),
(7045, '6', 22, 20, 1717),
(7046, '7', 1, 2, 1718),
(7047, '7', 22, 20, 1718),
(7048, '7', 23, 1, 1718),
(7049, '7', 24, 1, 1718),
(7050, '8', 1, 3, 1719),
(7051, '8', 5, 1, 1719),
(7052, '8', 22, 1, 1719),
(7053, '8', 24, 1, 1719),
(7054, '8', 27, 1, 1719),
(7055, '9', 1, 30, 1720),
(7056, '9', 15, 3, 1720),
(7057, '9', 22, 9, 1720),
(7058, '9', 23, 1, 1720),
(7059, '9', 24, 2, 1720),
(7060, '9', 35, 1, 1720),
(7061, '10', 1, 1, 1721),
(7062, '10', 15, 1, 1721),
(7063, '10', 22, 2, 1721),
(7064, '10', 24, 2, 1721),
(7065, '10', 25, 1, 1721),
(7066, '1', 1, 1, 1722),
(7067, '1', 14, 6, 1722),
(7068, '1', 15, 15, 1722),
(7069, '1', 22, 39, 1722),
(7070, '2', 5, 2, 1723),
(7071, '2', 14, 3, 1723),
(7072, '2', 15, 44, 1723),
(7073, '2', 22, 15, 1723),
(7074, '2', 23, 1, 1723),
(7075, '3', 5, 1, 1724),
(7076, '3', 14, 3, 1724),
(7077, '3', 15, 100, 1724),
(7078, '3', 22, 19, 1724),
(7079, '3', 35, 1, 1724),
(7080, '4', 14, 5, 1725),
(7081, '4', 22, 29, 1725),
(7082, '5', 14, 2, 1726),
(7083, '5', 22, 13, 1726),
(7084, '5', 45, 1, 1726),
(7085, '7', 5, 1, 1727),
(7086, '7', 15, 3, 1727),
(7087, '7', 22, 8, 1727),
(7088, '8', 22, 808, 1728),
(7089, '9', 1, 2, 1729),
(7090, '9', 14, 1, 1729),
(7091, '9', 15, 220, 1729),
(7092, '9', 22, 54, 1729),
(7093, '9', 23, 1, 1729),
(7094, '1', 22, 640, 1730),
(7095, '1', 5, 5, 1731),
(7096, '1', 14, 4, 1731),
(7097, '1', 22, 50, 1731),
(7098, '1', 25, 1, 1731),
(7099, '2', 1, 2, 1732),
(7100, '2', 5, 6, 1732),
(7101, '2', 15, 2, 1732),
(7102, '2', 22, 3, 1732),
(7103, '2', 35, 2, 1732),
(7104, '3', 5, 1, 1733),
(7105, '3', 14, 2, 1733),
(7106, '5', 5, 1, 1734),
(7107, '5', 14, 2, 1734),
(7108, '5', 22, 22, 1734),
(7109, '5', 35, 1, 1734),
(7110, '6', 5, 3, 1735),
(7111, '6', 14, 1, 1735),
(7112, '6', 22, 110, 1735),
(7113, '6', 25, 1, 1735),
(7114, '8', 5, 3, 1736),
(7115, '8', 14, 1, 1736),
(7116, '8', 15, 50, 1736),
(7117, '8', 22, 36, 1736),
(7118, '8', 35, 1, 1736),
(7119, '1', 15, 1, 1737),
(7120, '1', 22, 6, 1737),
(7121, '3', 14, 1, 1738),
(7122, '3', 15, 2, 1738),
(7123, '3', 22, 3, 1738),
(7124, '4', 14, 1, 1739),
(7125, '4', 15, 17, 1739),
(7126, '4', 22, 4, 1739),
(7127, '5', 22, 7, 1740),
(7128, '6', 15, 20, 1741),
(7129, '7', 7, 12, 1742),
(7130, '7', 15, 1, 1742),
(7131, '7', 22, 2, 1742),
(7132, '8', 22, 1, 1743),
(7133, '8', 23, 1, 1743),
(7134, '9', 14, 1, 1744),
(7135, '9', 17, 1, 1744),
(7136, '9', 22, 2, 1744),
(7137, '10', 14, 1, 1745),
(7138, '10', 15, 1, 1745),
(7139, '10', 22, 2, 1745),
(7140, '10', 34, 1, 1745),
(7141, '1', 5, 1, 1746),
(7142, '2', 54, 1, 1747),
(7143, '4', 1, 1, 1748),
(7144, '4', 22, 1, 1748),
(7145, '5', 14, 2, 1749),
(7146, '5', 22, 1, 1749),
(7147, '6', 22, 6, 1750),
(7148, '6', 54, 1, 1750),
(7149, '8', 22, 1, 1751),
(7150, '10', 1, 1, 1752),
(7151, '10', 15, 20, 1752),
(7152, '10', 22, 1, 1752),
(7153, '1', 1, 2, 1753),
(7154, '1', 14, 1, 1753),
(7155, '1', 22, 10, 1753),
(7156, '2', 1, 3, 1754),
(7157, '2', 5, 2, 1754),
(7158, '2', 14, 1, 1754),
(7159, '2', 15, 60, 1754),
(7160, '2', 22, 26, 1754),
(7161, '3', 1, 5, 1755),
(7162, '3', 15, 1, 1755),
(7163, '3', 22, 20, 1755),
(7164, '3', 35, 1, 1755),
(7165, '4', 14, 2, 1756),
(7166, '4', 22, 24, 1756),
(7167, '4', 23, 1, 1756),
(7168, '5', 1, 1, 1757),
(7169, '5', 5, 1, 1757),
(7170, '5', 14, 3, 1757),
(7171, '5', 22, 24, 1757),
(7172, '5', 25, 1, 1757),
(7173, '6', 1, 1, 1758),
(7174, '6', 5, 1, 1758),
(7175, '6', 15, 1, 1758),
(7176, '6', 22, 2, 1758),
(7177, '6', 23, 1, 1758),
(7178, '7', 1, 1, 1759),
(7179, '7', 5, 1, 1759),
(7180, '7', 15, 1, 1759),
(7181, '7', 22, 28, 1759),
(7182, '7', 23, 2, 1759),
(7183, '7', 25, 1, 1759),
(7184, '8', 1, 50, 1760),
(7185, '8', 5, 1, 1760),
(7186, '8', 14, 1, 1760),
(7187, '8', 15, 1, 1760),
(7188, '8', 22, 4, 1760),
(7189, '9', 1, 2, 1761),
(7190, '9', 5, 1, 1761),
(7191, '9', 14, 4, 1761),
(7192, '9', 22, 22, 1761),
(7193, '9', 25, 1, 1761),
(7194, '10', 5, 1, 1762),
(7195, '10', 14, 1, 1762),
(7196, '10', 22, 15, 1762),
(7197, '10', 35, 1, 1762),
(7198, '1', 5, 2, 1763),
(7199, '1', 14, 1, 1763),
(7200, '1', 15, 2, 1763),
(7201, '1', 17, 1, 1763),
(7202, '1', 22, 1, 1763),
(7203, '1', 25, 1, 1763),
(7204, '2', 1, 1, 1763),
(7205, '2', 5, 1, 1763),
(7206, '2', 14, 2, 1763),
(7207, '2', 22, 5, 1763),
(7208, '3', 5, 3, 1763),
(7209, '3', 22, 1, 1763),
(7210, '4', 5, 1, 1763),
(7211, '4', 15, 1, 1763),
(7212, '4', 17, 64, 1763),
(7213, '4', 22, 4, 1763),
(7214, '4', 44, 5, 1763),
(7215, '5', 5, 1, 1763),
(7216, '5', 22, 303, 1763),
(7217, '5', 24, 255, 1763),
(7218, '6', 17, 10, 1763),
(7219, '6', 22, 1, 1763),
(7220, '6', 24, 14, 1763),
(7221, '10', 22, 9, 1764),
(7222, '7', 19, 1, 1764),
(7223, '7', 22, 18, 1764),
(7224, '8', 22, 4, 1764),
(7225, '9', 7, 3, 1764),
(7226, '9', 25, 48, 1764),
(7227, '11', 5, 1, 1765),
(7228, '11', 7, 1, 1765),
(7229, '11', 19, 4, 1765),
(7230, '11', 22, 3, 1765),
(7231, '12', 22, 2, 1765),
(7232, '13', 22, 2, 1765),
(7233, '14', 17, 1, 1765),
(7234, '14', 22, 27, 1765),
(7235, '15', 22, 22, 1765),
(7236, '16', 17, 1, 1765),
(7237, '16', 22, 6, 1765),
(7238, '17', 5, 1, 1765),
(7239, '17', 19, 1, 1765),
(7240, '17', 22, 8, 1765),
(7241, '18', 22, 10, 1765),
(7242, '19', 22, 231, 1765),
(7243, '20', 5, 1, 1765),
(7244, '20', 14, 1, 1765),
(7245, '20', 19, 1, 1765),
(7246, '20', 22, 11, 1765),
(7247, '20', 25, 3, 1765),
(7248, '6', 5, 1, 1766),
(7249, '6', 14, 2, 1766),
(7250, '6', 44, 6, 1766),
(7251, '#2', 15, 27, 1768),
(7252, '#2', 26, 9, 1768),
(7253, '7', 26, 1, 1769),
(7254, '7', 54, 2, 1769),
(7255, '3', 5, 2, 1770),
(7256, '3', 14, 2, 1770),
(7257, '3', 25, 1, 1770),
(7258, '#3', 5, 2, 1771),
(7259, '#3', 14, 2, 1771),
(7260, '#3', 25, 1, 1771),
(7261, '5', 5, 1, 1772),
(7262, '5', 44, 1, 1772),
(7263, '8', 5, 2, 1773),
(7264, '8', 14, 3, 1773),
(7265, '1', 5, 1, 1774),
(7266, '3', 5, 2, 1775),
(7267, '3', 14, 2, 1775),
(7268, '3', 25, 1, 1775),
(7269, '09', 5, 1, 1776),
(7270, '09', 14, 7, 1776),
(7271, '09', 15, 17, 1776),
(7272, '2', 5, 1, 1777),
(7273, '4', 5, 1, 1778),
(7274, '4', 14, 1, 1778),
(7275, '4', 25, 9, 1778),
(7276, '3', 14, 1, 1779),
(7277, '3', 25, 1, 1779),
(7278, '5', 1, 4, 1780),
(7279, '5', 5, 3, 1780),
(7280, '5', 14, 2, 1780),
(7281, '5', 15, 1, 1780),
(7282, '8', 5, 2, 1781),
(7283, '8', 8, 1, 1781),
(7284, '8', 19, 3, 1781),
(7285, '8', 29, 2, 1781),
(7286, '1', 5, 4, 1782),
(7287, '1', 14, 1, 1782),
(7288, '1', 22, 22, 1782),
(7289, '09', 5, 1, 1783),
(7290, '09', 14, 7, 1783),
(7291, '09', 15, 17, 1783),
(7292, '10', 5, 1, 1784),
(7293, '10', 17, 1, 1784),
(7294, '10', 23, 1, 1784),
(7295, '10', 25, 10, 1784),
(7296, '6', 1, 1, 1785),
(7297, '6', 5, 1, 1785),
(7298, '4', 5, 3, 1786),
(7299, '4', 7, 1, 1786),
(7300, '4', 25, 17, 1786),
(7301, '4', 26, 1, 1786),
(7302, '4', 5, 3, 1787),
(7303, '4', 7, 1, 1787),
(7304, '4', 25, 17, 1787),
(7305, '4', 26, 1, 1787),
(7306, '10', 5, 2, 1788),
(7307, '10', 14, 2, 1788),
(7308, '10', 15, 1, 1788),
(7309, '4', 5, 3, 1789),
(7310, '4', 7, 1, 1789),
(7311, '4', 25, 17, 1789),
(7312, '4', 26, 1, 1789),
(7313, '10', 5, 2, 1790),
(7314, '10', 14, 2, 1790),
(7315, '10', 15, 1, 1790),
(7316, '10', 5, 2, 1791),
(7317, '10', 14, 2, 1791),
(7318, '10', 15, 1, 1791),
(7319, '9', 14, 1, 1792),
(7320, '9', 44, 3, 1792),
(7321, '8', 5, 2, 1793),
(7322, '8', 5, 2, 1794),
(7323, 'arachnida', 5, 3, 1795),
(7324, 'insecta', 14, 1, 1795),
(7325, 'insecta', 15, 14, 1795),
(7326, '1', 5, 11, 1796),
(7327, '1', 26, 11, 1796),
(7328, '1', 34, 111, 1796),
(7329, '1', 1, 2, 1797),
(7330, '2', 5, 2, 1797),
(7331, '2', 15, 1, 1797),
(7332, '2', 22, 12, 1797),
(7333, '2', 24, 1, 1797),
(7334, '3', 1, 3, 1798),
(7335, '3', 15, 2, 1798),
(7336, '3', 22, 5, 1798),
(7337, '3', 24, 1, 1798),
(7338, '4', 1, 3, 1799),
(7339, '4', 22, 20, 1799),
(7340, '4', 23, 1, 1799),
(7341, '4', 24, 2, 1799),
(7342, '5', 1, 1, 1800),
(7343, '5', 22, 4, 1800),
(7344, '5', 24, 1, 1800),
(7345, '5', 35, 1, 1800),
(7346, '6', 1, 1, 1801),
(7347, '6', 14, 1, 1801),
(7348, '6', 15, 1, 1801),
(7349, '6', 22, 4, 1801),
(7350, '6', 24, 1, 1801),
(7351, '6', 54, 1, 1801),
(7352, '7', 1, 3, 1802),
(7353, '7', 22, 15, 1802),
(7354, '7', 23, 1, 1802),
(7355, '7', 24, 1, 1802),
(7356, '7', 35, 1, 1802),
(7357, '8', 14, 2, 1803),
(7358, '8', 24, 3, 1803),
(7359, '8', 25, 1, 1803),
(7360, '9', 22, 2, 1804),
(7361, '9', 47, 1, 1804),
(7362, '10', 5, 2, 1805),
(7363, '10', 14, 1, 1805),
(7364, '10', 22, 3, 1805),
(7365, '1', 15, 80, 1806),
(7366, '1', 22, 80, 1806),
(7367, '1', 25, 2, 1806),
(7368, '10', 35, 1, 1806),
(7369, '2', 1, 2, 1807),
(7370, '2', 5, 80, 1807),
(7371, '2', 14, 2, 1807),
(7372, '2', 15, 8, 1807),
(7373, '2', 22, 12, 1807),
(7374, '2', 23, 10, 1807),
(7375, '2', 24, 1, 1807),
(7376, '2', 3, 1, 1808),
(7377, '2', 15, 10, 1808),
(7378, '2', 24, 1, 1808),
(7379, '3', 3, 1, 1809),
(7380, '3', 14, 1, 1809),
(7381, '3', 15, 20, 1809),
(7382, '3', 22, 2, 1809),
(7383, '3', 34, 1, 1809),
(7384, '4', 15, 6, 1810),
(7385, '4', 24, 1, 1810),
(7386, '5', 5, 2, 1811),
(7387, '5', 15, 2, 1811),
(7388, '6', 5, 2, 1812),
(7389, '6', 15, 5, 1812),
(7390, '6', 22, 1, 1812),
(7391, '7', 5, 1, 1813),
(7392, '7', 14, 2, 1813),
(7393, '7', 22, 2, 1813),
(7394, '7', 54, 1, 1813),
(7395, '8', 5, 2, 1814),
(7396, '8', 22, 1, 1814),
(7397, '9', 15, 15, 1814),
(7398, '9', 14, 1, 1815),
(7399, '9', 15, 2, 1815),
(7400, '9', 22, 1, 1815),
(7401, '9', 23, 1, 1815),
(7402, '10', 15, 70, 1816),
(7403, '10', 22, 1, 1816),
(7404, '10', 24, 1, 1816),
(7405, '10', 54, 1, 1816),
(7406, '3', 14, 5, 1817),
(7407, '3', 15, 53, 1817),
(7408, '3', 22, 5, 1817),
(7409, '5', 5, 1, 1818),
(7410, '5', 14, 2, 1818),
(7411, '5', 15, 200, 1818),
(7412, '5', 22, 54, 1818),
(7413, '5', 23, 3, 1818),
(7414, '6', 5, 1, 1819),
(7415, '6', 15, 210, 1819),
(7416, '6', 22, 14, 1819),
(7417, '6', 27, 1, 1819),
(7418, '7', 5, 4, 1820),
(7419, '7', 14, 22, 1820),
(7420, '7', 22, 32, 1820),
(7421, '7', 23, 2, 1820),
(7422, '7', 25, 1, 1820),
(7423, '7', 35, 2, 1820),
(7424, '8', 1, 9, 1821),
(7425, '8', 5, 1, 1821),
(7426, '8', 14, 1, 1821),
(7427, '8', 22, 12, 1821),
(7428, '8', 35, 2, 1821),
(7429, '9', 14, 1, 1822),
(7430, '9', 15, 100, 1822),
(7431, '9', 22, 2, 1822),
(7432, '9', 25, 3, 1822),
(7433, '10', 15, 94, 1823),
(7434, '10', 22, 1, 1823),
(7435, '1', 1, 2, 1824),
(7436, '1', 5, 1, 1824),
(7437, '1', 15, 4, 1824),
(7438, '1', 24, 3, 1824),
(7439, '2', 15, 1, 1825),
(7440, '2', 23, 1, 1825),
(7441, '3', 5, 1, 1826),
(7442, '3', 15, 45, 1826),
(7443, '3', 27, 1, 1826),
(7444, '4', 15, 445, 1827),
(7445, '4', 22, 1, 1827),
(7446, '4', 34, 1, 1827),
(7447, '5', 14, 1, 1828),
(7448, '5', 15, 25, 1828),
(7449, '5', 22, 4, 1828),
(7450, '6', 5, 1, 1829),
(7451, '7', 5, 1, 1830),
(7452, '7', 14, 1, 1830),
(7453, '7', 15, 3, 1830),
(7454, '7', 22, 6, 1830),
(7455, '8', 1, 2, 1831),
(7456, '8', 15, 16, 1831),
(7457, '9', 5, 1, 1832),
(7458, '9', 15, 20, 1832),
(7459, '9', 22, 6, 1832),
(7460, '9', 24, 3, 1832),
(7461, '10', 22, 5, 1833),
(7462, '10', 24, 1, 1833),
(7463, '10', 54, 1, 1833),
(7464, '1', 15, 10, 1834),
(7465, '1', 22, 1, 1834),
(7466, '1', 24, 1, 1834),
(7467, '2', 5, 1, 1835),
(7468, '2', 15, 15, 1835),
(7469, '2', 24, 1, 1835),
(7470, '2', 54, 1, 1835),
(7471, '3', 5, 1, 1836),
(7472, '3', 15, 7, 1836),
(7473, '4', 15, 15, 1837),
(7474, '4', 22, 2, 1837),
(7475, '4', 54, 1, 1837),
(7476, '5', 15, 8, 1838),
(7477, '5', 22, 2, 1838),
(7478, '6', 14, 1, 1839),
(7479, '6', 15, 6, 1839),
(7480, '7', 14, 2, 1840),
(7481, '7', 15, 2, 1840),
(7482, '7', 23, 2, 1840),
(7483, '7', 24, 2, 1840),
(7484, '7', 25, 3, 1840),
(7485, '8', 15, 5, 1841),
(7486, '8', 22, 2, 1841),
(7487, '8', 23, 1, 1841),
(7488, '8', 24, 2, 1841),
(7489, '1', 14, 3, 1842),
(7490, '1', 15, 1, 1842),
(7491, '1', 22, 1, 1842),
(7492, '2', 22, 2, 1843),
(7493, '3', 14, 3, 1844),
(7494, '3', 15, 10, 1844),
(7495, '3', 22, 4, 1844),
(7496, '3', 25, 2, 1844),
(7497, '3', 54, 3, 1844),
(7498, '4', 14, 5, 1845),
(7499, '4', 15, 1, 1845),
(7500, '4', 22, 4, 1845),
(7501, '4', 35, 1, 1845),
(7502, '5', 5, 1, 1846),
(7503, '5', 14, 3, 1846),
(7504, '5', 15, 7, 1846),
(7505, '5', 22, 5, 1846),
(7506, '7', 14, 6, 1847),
(7507, '7', 15, 3, 1847),
(7508, '7', 25, 1, 1847),
(7509, '7', 26, 2, 1847),
(7510, '8', 5, 1, 1848),
(7511, '8', 14, 2, 1848),
(7512, '8', 15, 73, 1848),
(7513, '8', 22, 2, 1848),
(7514, '9', 5, 1, 1849),
(7515, '9', 14, 1, 1849),
(7516, '9', 15, 20, 1849),
(7517, '9', 22, 4, 1849),
(7518, '9', 24, 1, 1849),
(7519, '9', 26, 1, 1849),
(7520, '9', 54, 1, 1849),
(7521, '10', 14, 1, 1850),
(7522, '10', 22, 1, 1850),
(7523, '10', 24, 2, 1850),
(7524, '10', 54, 3, 1850),
(7525, '1', 5, 1, 1851),
(7526, '1', 14, 1, 1851),
(7527, '1', 15, 10, 1851),
(7528, '2', 14, 1, 1852),
(7529, '2', 24, 1, 1852),
(7530, '2', 14, 1, 1853),
(7531, '2', 24, 1, 1853),
(7532, '3', 3, 1, 1854),
(7533, '3', 14, 1, 1854),
(7534, '3', 22, 4, 1854),
(7535, '4', 14, 2, 1855),
(7536, '4', 15, 70, 1855),
(7537, '4', 22, 1, 1855),
(7538, '5', 14, 2, 1856),
(7539, '5', 15, 7, 1856),
(7540, '5', 22, 4, 1856),
(7541, '5', 23, 1, 1856),
(7542, '7', 15, 2, 1857),
(7543, '7', 22, 2, 1857),
(7544, '7', 23, 1, 1857),
(7545, '8', 3, 1, 1858),
(7546, '8', 14, 1, 1858),
(7547, '8', 22, 2, 1858),
(7548, '8', 24, 1, 1858),
(7549, '9', 1, 5, 1859),
(7550, '9', 14, 1, 1859),
(7551, '9', 15, 20, 1859),
(7552, '9', 22, 3, 1859),
(7553, '9', 23, 1, 1859),
(7554, '9', 24, 3, 1859),
(7555, '10', 15, 2, 1860),
(7556, '10', 22, 1, 1860),
(7557, '10', 23, 1, 1860),
(7558, '10', 24, 1, 1860),
(7559, '1', 1, 2, 1861),
(7560, '1', 14, 3, 1861),
(7561, '1', 15, 30, 1861),
(7562, '1', 22, 18, 1861),
(7563, '2', 5, 1, 1862),
(7564, '2', 14, 2, 1862),
(7565, '2', 22, 20, 1862),
(7566, '2', 26, 2, 1862),
(7567, '3', 14, 6, 1863),
(7568, '3', 15, 25, 1863),
(7569, '3', 22, 20, 1863),
(7570, '4', 1, 1, 1864),
(7571, '4', 14, 3, 1864),
(7572, '4', 15, 5, 1864),
(7573, '4', 22, 10, 1864),
(7574, '4', 26, 1, 1864),
(7575, '4', 54, 1, 1864),
(7576, '5', 1, 5, 1865),
(7577, '5', 14, 2, 1865),
(7578, '5', 15, 90, 1865),
(7579, '5', 22, 8, 1865),
(7580, '5', 54, 1, 1865),
(7581, '6', 5, 1, 1866),
(7582, '6', 14, 2, 1866),
(7583, '6', 22, 6, 1866),
(7584, '7', 1, 2, 1867),
(7585, '7', 12, 1, 1867),
(7586, '7', 14, 1, 1867),
(7587, '7', 15, 5, 1867),
(7588, '7', 22, 25, 1867),
(7589, '7', 23, 1, 1867),
(7590, '8', 1, 1, 1868),
(7591, '8', 14, 2, 1868),
(7592, '8', 15, 5, 1868),
(7593, '8', 22, 14, 1868),
(7594, '8', 26, 3, 1868),
(7595, '9', 1, 5, 1869),
(7596, '9', 15, 11, 1869),
(7597, '9', 22, 16, 1869),
(7598, '9', 26, 2, 1869),
(7599, '10', 1, 1, 1870),
(7600, '10', 5, 1, 1870),
(7601, '10', 14, 3, 1870),
(7602, '10', 15, 10, 1870),
(7603, '10', 22, 5, 1870),
(7604, '10', 26, 2, 1870),
(7605, '1', 22, 11, 1871),
(7606, '2', 14, 1, 1872),
(7607, '2', 15, 10, 1872),
(7608, '2', 22, 11, 1872),
(7609, '3', 5, 1, 1873),
(7610, '3', 14, 3, 1873),
(7611, '3', 15, 25, 1873),
(7612, '3', 22, 8, 1873),
(7613, '3', 1, 1, 1874),
(7614, '3', 14, 2, 1874),
(7615, '3', 15, 30, 1874),
(7616, '3', 22, 75, 1874),
(7617, '5', 15, 2, 1875),
(7618, '5', 22, 5, 1875),
(7619, '5', 23, 1, 1875),
(7620, '6', 22, 2, 1876),
(7621, '6', 23, 1, 1876),
(7622, '7', 5, 1, 1877),
(7623, '7', 15, 1, 1877),
(7624, '7', 22, 10, 1877),
(7625, '7', 23, 1, 1877),
(7626, '7', 24, 1, 1877),
(7627, '7', 54, 1, 1877),
(7628, '8', 14, 4, 1878),
(7629, '8', 15, 1, 1878),
(7630, '8', 22, 4, 1878),
(7631, '9', 14, 4, 1879),
(7632, '9', 15, 13, 1879),
(7633, '9', 22, 5, 1879),
(7634, '9', 26, 1, 1879),
(7635, '10', 1, 1, 1880),
(7636, '10', 15, 15, 1880),
(7637, '10', 22, 25, 1880),
(7638, '10', 24, 1, 1880),
(7639, '1', 5, 3, 1881),
(7640, '1', 14, 40, 1881),
(7641, '1', 15, 5, 1881),
(7642, '1', 22, 6, 1881),
(7643, '1', 26, 1, 1881),
(7644, '2', 1, 6, 1882),
(7645, '2', 5, 3, 1882),
(7646, '2', 14, 4, 1882),
(7647, '2', 15, 1, 1882),
(7648, '2', 22, 20, 1882),
(7649, '2', 23, 3, 1882),
(7650, '2', 26, 3, 1882),
(7651, '3', 1, 5, 1883),
(7652, '3', 3, 1, 1883),
(7653, '3', 5, 1, 1883),
(7654, '3', 14, 6, 1883),
(7655, '3', 15, 35, 1883),
(7656, '3', 22, 13, 1883),
(7657, '3', 24, 2, 1883),
(7658, '3', 34, 1, 1883),
(7659, '3', 35, 1, 1883),
(7660, '4', 5, 1, 1884),
(7661, '4', 15, 40, 1884),
(7662, '4', 22, 12, 1884),
(7663, '4', 24, 1, 1884),
(7664, '4', 25, 1, 1884),
(7665, '4', 35, 4, 1884),
(7666, '4', 54, 3, 1884),
(7667, '5', 5, 2, 1885),
(7668, '5', 14, 2, 1885),
(7669, '5', 22, 2, 1885),
(7670, '5', 24, 2, 1885),
(7671, '5', 35, 1, 1885),
(7672, '6', 1, 1, 1886),
(7673, '6', 5, 1, 1886),
(7674, '6', 14, 2, 1886),
(7675, '6', 15, 30, 1886),
(7676, '6', 22, 30, 1886),
(7677, '8', 1, 7, 1887),
(7678, '8', 5, 3, 1887),
(7679, '8', 14, 1, 1887),
(7680, '8', 22, 5, 1887),
(7681, '8', 23, 3, 1887),
(7682, '8', 26, 10, 1887),
(7683, '8', 35, 1, 1887),
(7684, '9', 5, 4, 1888),
(7685, '9', 14, 3, 1888),
(7686, '9', 15, 12, 1888),
(7687, '9', 26, 8, 1888),
(7688, '9', 35, 1, 1888),
(7689, '10', 5, 1, 1889),
(7690, '10', 14, 1, 1889),
(7691, '10', 22, 5, 1889),
(7692, '10', 34, 1, 1889),
(7693, '1', 1, 70, 1890),
(7694, '1', 14, 6, 1890),
(7695, '1', 15, 30, 1890),
(7696, '1', 22, 1, 1890),
(7697, '1', 25, 1, 1890),
(7698, '1', 35, 1, 1890),
(7699, '2', 1, 3, 1891),
(7700, '2', 15, 120, 1891),
(7701, '2', 22, 4, 1891),
(7702, '2', 24, 1, 1891),
(7703, '2', 35, 2, 1891),
(7704, '3', 1, 1, 1892),
(7705, '3', 5, 1, 1892),
(7706, '3', 14, 5, 1892),
(7707, '3', 22, 4, 1892),
(7708, '3', 24, 3, 1892),
(7709, '3', 35, 2, 1892),
(7710, '4', 14, 1, 1893),
(7711, '4', 15, 3, 1893),
(7712, '4', 35, 1, 1893),
(7713, '5', 5, 1, 1894),
(7714, '5', 14, 8, 1894),
(7715, '5', 15, 5, 1894),
(7716, '5', 22, 1, 1894),
(7717, '5', 24, 1, 1894),
(7718, '6', 1, 50, 1895),
(7719, '6', 5, 1, 1895),
(7720, '6', 14, 2, 1895),
(7721, '6', 15, 3, 1895),
(7722, '6', 22, 2, 1895),
(7723, '7', 1, 40, 1896),
(7724, '7', 14, 6, 1896),
(7725, '7', 15, 4, 1896),
(7726, '7', 22, 1, 1896),
(7727, '7', 24, 1, 1896),
(7728, '8', 1, 31, 1897),
(7729, '8', 14, 2, 1897),
(7730, '8', 15, 1, 1897),
(7731, '8', 22, 1, 1897),
(7732, '8', 35, 1, 1897),
(7733, '9', 1, 70, 1898),
(7734, '9', 14, 3, 1898),
(7735, '9', 15, 3, 1898),
(7736, '10', 14, 3, 1899),
(7737, '10', 15, 6, 1899),
(7738, '10', 22, 3, 1899),
(7739, '10', 24, 1, 1899),
(7740, '10', 35, 1, 1899),
(7741, '1', 5, 1, 1900),
(7742, '1', 14, 3, 1900),
(7743, '1', 22, 20, 1900),
(7744, '1', 26, 6, 1900),
(7745, '2', 14, 2, 1901),
(7746, '2', 22, 2, 1901),
(7747, '2', 23, 1, 1901),
(7748, '2', 25, 1, 1901),
(7749, '2', 26, 4, 1901),
(7750, '2', 34, 1, 1901),
(7751, '3', 5, 10, 1902),
(7752, '3', 14, 7, 1902),
(7753, '3', 15, 22, 1902),
(7754, '3', 22, 9, 1902),
(7755, '3', 23, 1, 1902),
(7756, '4', 5, 1, 1903),
(7757, '4', 14, 4, 1903),
(7758, '4', 22, 65, 1903),
(7759, '4', 23, 1, 1903),
(7760, '4', 26, 12, 1903),
(7761, '5', 1, 2, 1904),
(7762, '5', 5, 1, 1904),
(7763, '5', 22, 2, 1904),
(7764, '5', 26, 3, 1904),
(7765, '6', 5, 2, 1905),
(7766, '6', 14, 2, 1905),
(7767, '6', 22, 28, 1905),
(7768, '6', 26, 11, 1905),
(7769, '7', 1, 3, 1906),
(7770, '7', 14, 2, 1906),
(7771, '7', 15, 50, 1906),
(7772, '7', 22, 13, 1906),
(7773, '7', 23, 1, 1906),
(7774, '7', 26, 1, 1906),
(7775, '8', 5, 1, 1907),
(7776, '8', 14, 4, 1907),
(7777, '8', 15, 15, 1907),
(7778, '8', 22, 5, 1907),
(7779, '8', 26, 1, 1907),
(7780, '9', 5, 1, 1908),
(7781, '9', 22, 2, 1908),
(7782, '9', 26, 40, 1908),
(7783, '10', 5, 1, 1909),
(7784, '10', 14, 4, 1909),
(7785, '10', 23, 1, 1909),
(7786, '10', 26, 40, 1909),
(7787, '1', 14, 3, 1910),
(7788, '1', 19, 2, 1910),
(7789, '1', 22, 15, 1910),
(7790, '1', 23, 1, 1910),
(7791, '2', 14, 1, 1911),
(7792, '2', 19, 1, 1911),
(7793, '2', 22, 37, 1911),
(7794, '3', 5, 1, 1912),
(7795, '3', 14, 1, 1912),
(7796, '3', 22, 10, 1912),
(7797, '3', 35, 1, 1912),
(7798, '4', 22, 24, 1913),
(7799, '4', 26, 1, 1913),
(7800, '5', 14, 1, 1914),
(7801, '5', 22, 5, 1914),
(7802, '6', 22, 13, 1915),
(7803, '7', 1, 1, 1916),
(7804, '7', 14, 1, 1916),
(7805, '7', 22, 9, 1916),
(7806, '7', 24, 1, 1916),
(7807, '7', 35, 2, 1916),
(7808, '8', 22, 14, 1917),
(7809, '9', 14, 1, 1918),
(7810, '9', 22, 30, 1918),
(7811, '10', 1, 1, 1919),
(7812, '10', 22, 26, 1919),
(7813, '10', 25, 1, 1919),
(7814, '1', 22, 10, 1920),
(7815, '2', 5, 1, 1921),
(7816, '2', 14, 1, 1921),
(7817, '2', 22, 6, 1921),
(7818, '3', 1, 1, 1922),
(7819, '3', 22, 7, 1922),
(7820, '4', 5, 1, 1923),
(7821, '4', 14, 4, 1923),
(7822, '4', 22, 8, 1923),
(7823, '5', 14, 1, 1924),
(7824, '5', 15, 2, 1924),
(7825, '5', 22, 6, 1924),
(7826, '5', 27, 1, 1924),
(7827, '6', 22, 4, 1925),
(7828, '7', 22, 1, 1926),
(7829, '8', 15, 10, 1927),
(7830, '8', 22, 17, 1927),
(7831, '9', 5, 1, 1928),
(7832, '9', 14, 1, 1928),
(7833, '9', 15, 12, 1928),
(7834, '9', 22, 20, 1928),
(7835, '1', 14, 1, 1929),
(7836, '1', 15, 3, 1929),
(7837, '1', 22, 340, 1929),
(7838, '2', 1, 3, 1930),
(7839, '2', 5, 1, 1930),
(7840, '2', 15, 5, 1930),
(7841, '2', 22, 40, 1930),
(7842, '2', 35, 1, 1930),
(7843, '3', 1, 3, 1931),
(7844, '3', 5, 1, 1931),
(7845, '3', 22, 50, 1931),
(7846, '3', 35, 1, 1931),
(7847, '4', 22, 250, 1932),
(7848, '5', 14, 1, 1933),
(7849, '5', 22, 1207, 1933),
(7850, '6', 14, 1, 1934),
(7851, '6', 22, 1000, 1934),
(7852, '7', 5, 1, 1935),
(7853, '7', 22, 25, 1935),
(7854, '7', 27, 1, 1935),
(7855, '7', 47, 1, 1935),
(7856, '8', 14, 5, 1936),
(7857, '8', 22, 74, 1936),
(7858, '8', 35, 1, 1936),
(7859, '9', 14, 2, 1937),
(7860, '9', 15, 5, 1937),
(7861, '9', 22, 40, 1937),
(7862, '10', 14, 2, 1938),
(7863, '10', 15, 1, 1938),
(7864, '10', 22, 120, 1938),
(7865, '10', 35, 2, 1938),
(7866, '1', 8, 1, 1939),
(7867, '1', 54, 1, 1939),
(7868, '10', 18, 1, 1939),
(7869, '2', 6, 2, 1939),
(7870, '3', 25, 3, 1939),
(7871, '4', 14, 1, 1939),
(7872, '4', 49, 1, 1939),
(7873, '5', 25, 2, 1939),
(7874, '7', 29, 1, 1939),
(7875, '8', 3, 1, 1939),
(7876, '1', 17, 1, 1940),
(7877, '1', 22, 16, 1940),
(7878, '1', 26, 6, 1940),
(7879, '1', 49, 1, 1940),
(7880, '10', 22, 5, 1940),
(7881, '2', 26, 1, 1940),
(7882, '2', 49, 1, 1940),
(7883, '3', 17, 3, 1940),
(7884, '3', 26, 9, 1940),
(7885, '4', 6, 1, 1940),
(7886, '4', 26, 4, 1940),
(7887, '5', 6, 1, 1940),
(7888, '5', 17, 1, 1940),
(7889, '5', 22, 1, 1940),
(7890, '5', 26, 1, 1940),
(7891, '5', 54, 1, 1940),
(7892, '6', 26, 1, 1940),
(7893, '8', 1, 15, 1940),
(7894, '8', 17, 1, 1940),
(7895, '8', 23, 1, 1940),
(7896, '9', 22, 3, 1940),
(7897, '1', 44, 0, 1941),
(7898, '10', 22, 3, 1941),
(7899, '2', 6, 2, 1941),
(7900, '2', 25, 1, 1941),
(7901, '2', 52, 1, 1941),
(7902, '3', 1, 1, 1941),
(7903, '3', 22, 12, 1941),
(7904, '3', 52, 1, 1941),
(7905, '5', 14, 1, 1941),
(7906, '6', 1, 3, 1941),
(7907, '6', 6, 1, 1941),
(7908, '6', 14, 3, 1941),
(7909, '6', 18, 1, 1941),
(7910, '6', 22, 8, 1941),
(7911, '6', 25, 1, 1941),
(7912, '7', 6, 1, 1941),
(7913, '7', 14, 2, 1941),
(7914, '7', 22, 13, 1941),
(7915, '7', 25, 2, 1941),
(7916, '8', 14, 2, 1941),
(7917, '8', 22, 1, 1941),
(7918, '8', 25, 2, 1941),
(7919, '9', 22, 2, 1941),
(7920, '10', 14, 5, 1942),
(7921, '2', 14, 1, 1942),
(7922, '3', 18, 1, 1942),
(7923, '3', 52, 1, 1942),
(7924, '4', 1, 1, 1942),
(7925, '4', 6, 1, 1942),
(7926, '4', 14, 2, 1942),
(7927, '4', 25, 4, 1942),
(7928, '5', 14, 4, 1942),
(7929, '5', 18, 1, 1942),
(7930, '5', 25, 6, 1942),
(7931, '5', 26, 1, 1942),
(7932, '6', 14, 1, 1942),
(7933, '6', 25, 5, 1942),
(7934, '7', 18, 3, 1942),
(7935, '7', 25, 14, 1942),
(7936, '1', 14, 2, 1943),
(7937, '1', 15, 30, 1943),
(7938, '1', 22, 36, 1943),
(7939, '1', 24, 2, 1943),
(7940, '1', 25, 3, 1943),
(7941, '1', 35, 1, 1943),
(7942, '3', 14, 2, 1944),
(7943, '3', 22, 12, 1944),
(7944, '3', 24, 1, 1944),
(7945, '4', 5, 1, 1945),
(7946, '4', 15, 40, 1945),
(7947, '4', 22, 10, 1945),
(7948, '4', 35, 1, 1945),
(7949, '5', 15, 10, 1946),
(7950, '5', 22, 2, 1946),
(7951, '5', 24, 1, 1946),
(7952, '6', 22, 24, 1947),
(7953, '6', 54, 1, 1947),
(7954, '7', 15, 15, 1948),
(7955, '7', 22, 33, 1948),
(7956, '7', 54, 1, 1948),
(7957, '8', 15, 6, 1949),
(7958, '8', 22, 1, 1949),
(7959, '9', 1, 7, 1950),
(7960, '9', 15, 20, 1950),
(7961, '9', 22, 39, 1950),
(7962, '3', 22, 3, 1951),
(7963, '4', 1, 13, 1952),
(7964, '4', 22, 1, 1952),
(7965, '5', 5, 1, 1953),
(7966, '5', 22, 2, 1953),
(7967, '5', 25, 1, 1953),
(7968, '6', 1, 6, 1954),
(7969, '6', 5, 2, 1954),
(7970, '6', 22, 13, 1954),
(7971, '7', 14, 2, 1955),
(7972, '7', 22, 3, 1955),
(7973, '8', 1, 2, 1956),
(7974, '8', 14, 2, 1956),
(7975, '8', 22, 6, 1956),
(7976, '9', 1, 5, 1957),
(7977, '9', 5, 2, 1957),
(7978, '9', 14, 6, 1957),
(7979, '9', 22, 20, 1957),
(7980, '9', 24, 3, 1957),
(7981, '10', 54, 4, 1958),
(7982, '1', 5, 3, 1959),
(7983, '1', 14, 7, 1959),
(7984, '1', 22, 1, 1959),
(7985, '1', 35, 1, 1959),
(7986, '2', 1, 9, 1960),
(7987, '2', 5, 6, 1960),
(7988, '2', 22, 1, 1960),
(7989, '2', 24, 1, 1960),
(7990, '2', 35, 2, 1960),
(7991, '3', 1, 2, 1961),
(7992, '3', 5, 5, 1961),
(7993, '3', 14, 3, 1961),
(7994, '3', 22, 6, 1961),
(7995, '4', 5, 11, 1962),
(7996, '4', 14, 15, 1962),
(7997, '4', 15, 2, 1962),
(7998, '4', 22, 8, 1962),
(7999, '4', 24, 1, 1962),
(8000, '4', 52, 2, 1962),
(8001, '5', 1, 5, 1963),
(8002, '5', 5, 2, 1963),
(8003, '5', 14, 21, 1963),
(8004, '5', 15, 1, 1963),
(8005, '5', 22, 2, 1963),
(8006, '5', 24, 1, 1963),
(8007, '6', 5, 4, 1964),
(8008, '6', 14, 3, 1964),
(8009, '6', 22, 20, 1964),
(8010, '7', 1, 1, 1965),
(8011, '7', 5, 12, 1965),
(8012, '7', 14, 12, 1965),
(8013, '7', 22, 10, 1965),
(8014, '7', 23, 1, 1965),
(8015, '7', 24, 1, 1965),
(8016, '8', 5, 15, 1966),
(8017, '8', 14, 9, 1966),
(8018, '8', 22, 30, 1966),
(8019, '8', 35, 3, 1966),
(8020, '9', 1, 1, 1967),
(8021, '9', 5, 1, 1967),
(8022, '9', 14, 5, 1967),
(8023, '9', 22, 43, 1967),
(8024, '9', 24, 2, 1967),
(8025, '9', 35, 7, 1967),
(8026, '10', 1, 1, 1968),
(8027, '10', 5, 8, 1968),
(8028, '10', 14, 10, 1968),
(8029, '10', 22, 1, 1968),
(8030, '10', 34, 1, 1968),
(8031, '10', 52, 1, 1968),
(8032, '1', 14, 2, 1969),
(8033, '1', 22, 51, 1969),
(8034, '10', 1, 13, 1969),
(8035, '10', 22, 12, 1969),
(8036, '10', 44, 1, 1969),
(8037, '2', 19, 3, 1969),
(8038, '2', 22, 60, 1969),
(8039, '2', 52, 1, 1969),
(8040, '3', 22, 33, 1969),
(8041, '3', 23, 2, 1969),
(8042, '4', 14, 1, 1969),
(8043, '4', 22, 23, 1969),
(8044, '5', 22, 8, 1969),
(8045, '7', 7, 1, 1969),
(8046, '7', 14, 4, 1969),
(8047, '7', 19, 1, 1969),
(8048, '7', 22, 53, 1969),
(8049, '8', 14, 18, 1969),
(8050, '8', 22, 130, 1969),
(8051, '9', 14, 12, 1969),
(8052, '9', 22, 31, 1969),
(8053, '9', 23, 1, 1969),
(8054, '1', 1, 2, 1970),
(8055, '1', 5, 1, 1970),
(8056, '1', 19, 1, 1970),
(8057, '1', 22, 40, 1970),
(8058, '10', 1, 2, 1970),
(8059, '10', 15, 1, 1970),
(8060, '10', 22, 34, 1970),
(8061, '10', 44, 1, 1970),
(8062, '2', 22, 4, 1970),
(8063, '3', 1, 2, 1970),
(8064, '3', 22, 12, 1970),
(8065, '3', 34, 3, 1970),
(8066, '4', 19, 1, 1970),
(8067, '4', 22, 5, 1970),
(8068, '5', 22, 4, 1970),
(8069, '5', 52, 2, 1970),
(8070, '6', 14, 1, 1970),
(8071, '6', 22, 15, 1970),
(8072, '7', 22, 5, 1970),
(8073, '8', 22, 2, 1970),
(8074, '9', 22, 9, 1970),
(8075, '9', 53, 1, 1970),
(8076, '1', 14, 3, 1971),
(8077, '1', 14, 3, 1972),
(8078, '1', 22, 51, 1972),
(8079, '2', 14, 3, 1972),
(8080, '2', 22, 57, 1972),
(8081, '3', 15, 19, 1972),
(8082, '3', 19, 1, 1972),
(8083, '3', 26, 1, 1972),
(8084, '4', 14, 4, 1972),
(8085, '4', 22, 20, 1972),
(8086, '5', 19, 1, 1972),
(8087, '5', 22, 11, 1972),
(8088, '5', 44, 1, 1972),
(8089, '6', 14, 1, 1972),
(8090, '6', 22, 32, 1972),
(8091, '6', 52, 2, 1972),
(8092, '7', 14, 1, 1972),
(8093, '7', 19, 1, 1972),
(8094, '7', 22, 227, 1972),
(8095, '8', 5, 1, 1972),
(8096, '8', 15, 3, 1972),
(8097, '8', 22, 38, 1972),
(8098, '9', 22, 91, 1972),
(8099, '9', 44, 2, 1972),
(8100, '1', 22, 3, 1973),
(8101, '10', 7, 4, 1973),
(8102, '10', 22, 16, 1973),
(8103, '10', 24, 2, 1973),
(8104, '2', 22, 15, 1973),
(8105, '2', 53, 1, 1973),
(8106, '3', 15, 1, 1973),
(8107, '3', 22, 3, 1973),
(8108, '3', 44, 1, 1973),
(8109, '3', 52, 1, 1973),
(8110, '4', 22, 1, 1973),
(8111, '5', 15, 1, 1973),
(8112, '5', 22, 1, 1973),
(8113, '6', 15, 5, 1973),
(8114, '6', 22, 2, 1973),
(8115, '6', 52, 2, 1973),
(8116, '7', 22, 4, 1973),
(8117, '7', 44, 1, 1973),
(8118, '8', 34, 3, 1973),
(8119, '9', 22, 33, 1973),
(8120, '1', 22, 5, 1974),
(8121, '1', 52, 1, 1974),
(8122, '10', 22, 18, 1974),
(8123, '2', 14, 1, 1974),
(8124, '2', 22, 8, 1974),
(8125, '2', 52, 1, 1974),
(8126, '3', 22, 5, 1974),
(8127, '4', 15, 1, 1974),
(8128, '4', 22, 6, 1974),
(8129, '4', 44, 1, 1974),
(8130, '5', 22, 2, 1974),
(8131, '5', 52, 4, 1974),
(8132, '6', 1, 2, 1974),
(8133, '6', 5, 1, 1974),
(8134, '6', 14, 1, 1974),
(8135, '6', 22, 9, 1974),
(8136, '6', 52, 2, 1974),
(8137, '7', 22, 15, 1974),
(8138, '8', 17, 3, 1974),
(8139, '8', 22, 11, 1974),
(8140, '8', 34, 1, 1974),
(8141, '9', 22, 8, 1974),
(8142, '9', 34, 1, 1974),
(8143, '6', 14, 7, 1975),
(8144, '6', 22, 32, 1975),
(8145, '1', 14, 1, 1976),
(8146, '1', 15, 19, 1976),
(8147, '1', 22, 16, 1976),
(8148, '2', 14, 1, 1976),
(8149, '2', 22, 5, 1976),
(8150, '3', 22, 1, 1976),
(8151, '4', 1, 2, 1976),
(8152, '4', 5, 1, 1976),
(8153, '4', 14, 2, 1976),
(8154, '4', 22, 5, 1976),
(8155, '5', 14, 1, 1976),
(8156, '5', 22, 3, 1976),
(8157, '6', 22, 52, 1976),
(8158, '7', 5, 2, 1976),
(8159, '7', 7, 1, 1976),
(8160, '7', 22, 62, 1976),
(8161, '8', 5, 1, 1976),
(8162, '8', 14, 5, 1976),
(8163, '8', 15, 8, 1976),
(8164, '8', 22, 58, 1976),
(8165, '8', 24, 1, 1976),
(8166, '9', 14, 5, 1976),
(8167, '9', 25, 1, 1976),
(8168, '2', 5, 1, 1977),
(8169, '2', 22, 2, 1977),
(8170, '3', 5, 1, 1977),
(8171, '3', 14, 1, 1977),
(8172, '3', 22, 4, 1977),
(8173, '4', 1, 1, 1977),
(8174, '4', 5, 2, 1977),
(8175, '4', 19, 1, 1977),
(8176, '4', 22, 10, 1977),
(8177, '4', 25, 1, 1977),
(8178, '5', 1, 9, 1977),
(8179, '5', 5, 2, 1977),
(8180, '5', 14, 1, 1977),
(8181, '5', 19, 1, 1977),
(8182, '5', 25, 2, 1977),
(8183, '6', 1, 1, 1977),
(8184, '6', 5, 4, 1977),
(8185, '6', 14, 2, 1977),
(8186, '6', 22, 8, 1977),
(8187, '6', 25, 1, 1977),
(8188, '7', 5, 3, 1977),
(8189, '7', 14, 1, 1977),
(8190, '7', 22, 25, 1977),
(8191, '10', 14, 3, 1978),
(8192, '10', 22, 4, 1978),
(8193, '8', 22, 4, 1978),
(8194, '8', 24, 1, 1978),
(8195, '9', 1, 1, 1978),
(8196, '9', 5, 4, 1978),
(8197, '9', 14, 2, 1978),
(8198, '9', 22, 8, 1978),
(8199, '9', 25, 1, 1978),
(8200, '1', 14, 2, 1979),
(8201, '1', 15, 1, 1979),
(8202, '1', 22, 2, 1979),
(8203, '10', 22, 1, 1979),
(8204, '2', 14, 1, 1979),
(8205, '3', 15, 1, 1979),
(8206, '5', 15, 2, 1979),
(8207, '5', 22, 1, 1979),
(8208, '6', 15, 14, 1979),
(8209, '6', 22, 1, 1979),
(8210, '6', 52, 1, 1979),
(8211, '6', 54, 1, 1979),
(8212, '7', 5, 1, 1979),
(8213, '7', 15, 1, 1979),
(8214, '7', 22, 20, 1979),
(8215, '8', 14, 1, 1979),
(8216, '8', 15, 1, 1979),
(8217, '8', 22, 1, 1979),
(8218, '8', 52, 15, 1979),
(8219, '9', 19, 1, 1979),
(8220, '9', 22, 1, 1979),
(8221, '1', 1, 4, 1980),
(8222, '1', 14, 3, 1980),
(8223, '1', 15, 45, 1980),
(8224, '1', 22, 500, 1980),
(8225, '2', 1, 4, 1981),
(8226, '2', 15, 150, 1981),
(8227, '2', 22, 150, 1981),
(8228, '2', 23, 1, 1981),
(8229, '2', 35, 3, 1981),
(8230, '3', 25, 1, 1982),
(8231, '4', 5, 1, 1983),
(8232, '4', 14, 1, 1983),
(8233, '4', 22, 20, 1983),
(8234, '4', 24, 1, 1983),
(8235, '5', 14, 1, 1984),
(8236, '5', 15, 40, 1984),
(8237, '5', 22, 31, 1984),
(8238, '5', 23, 2, 1984),
(8239, '6', 14, 1, 1985),
(8240, '6', 15, 30, 1985),
(8241, '6', 22, 290, 1985),
(8242, '6', 23, 1, 1985),
(8243, '6', 35, 2, 1985),
(8244, '7', 1, 3, 1986),
(8245, '7', 14, 4, 1986),
(8246, '7', 15, 70, 1986),
(8247, '7', 22, 42, 1986),
(8248, '7', 23, 2, 1986),
(8249, '8', 1, 2, 1987),
(8250, '8', 14, 2, 1987),
(8251, '8', 15, 30, 1987),
(8252, '8', 22, 13, 1987),
(8253, '9', 1, 1, 1988),
(8254, '9', 5, 1, 1988),
(8255, '9', 14, 3, 1988),
(8256, '9', 22, 20, 1988),
(8257, '9', 24, 1, 1988),
(8258, '10', 1, 9, 1989),
(8259, '10', 5, 1, 1989),
(8260, '10', 14, 6, 1989),
(8261, '10', 15, 40, 1989),
(8262, '10', 22, 20, 1989),
(8263, '10', 34, 1, 1989),
(8264, '10', 35, 1, 1989),
(8265, '1', 14, 1, 1990),
(8266, '1', 15, 41, 1990),
(8267, '1', 22, 15, 1990),
(8268, '1', 24, 2, 1990),
(8269, '1', 26, 1, 1990),
(8270, '2', 3, 2, 1991),
(8271, '2', 5, 2, 1991),
(8272, '2', 14, 3, 1991),
(8273, '2', 15, 40, 1991),
(8274, '2', 54, 2, 1991),
(8275, '3', 14, 8, 1992),
(8276, '3', 15, 80, 1992),
(8277, '3', 22, 15, 1992),
(8278, '3', 23, 3, 1992),
(8279, '3', 1, 1, 1993),
(8280, '3', 5, 6, 1993),
(8281, '3', 14, 6, 1993),
(8282, '3', 15, 50, 1993),
(8283, '3', 23, 12, 1993),
(8284, '3', 24, 1, 1993),
(8285, '3', 25, 1, 1993),
(8286, '6', 14, 52, 1994),
(8287, '6', 15, 22, 1994),
(8288, '6', 22, 12, 1994),
(8289, '6', 24, 1, 1994),
(8290, '6', 54, 2, 1994),
(8291, '7', 1, 1, 1995),
(8292, '7', 5, 1, 1995),
(8293, '7', 22, 4, 1995),
(8294, '7', 54, 1, 1995),
(8295, '8', 5, 2, 1996),
(8296, '8', 14, 2, 1996),
(8297, '8', 15, 70, 1996),
(8298, '8', 22, 1, 1996),
(8299, '8', 25, 2, 1996),
(8300, '9', 3, 1, 1997),
(8301, '9', 14, 1, 1997),
(8302, '9', 22, 2, 1997),
(8303, '9', 24, 2, 1997),
(8304, '10', 5, 1, 1998),
(8305, '10', 22, 8, 1998),
(8306, '10', 24, 1, 1998),
(8307, '10', 22, 1, 1999),
(8308, '2', 22, 3, 1999),
(8309, '3', 1, 1, 1999),
(8310, '3', 14, 1, 1999),
(8311, '3', 17, 1, 1999),
(8312, '3', 34, 3, 1999),
(8313, '4', 15, 7, 1999),
(8314, '4', 22, 9, 1999),
(8315, '5', 14, 1, 1999),
(8316, '6', 14, 5, 1999),
(8317, '6', 22, 14, 1999),
(8318, '7', 22, 1, 1999),
(8319, '8', 34, 1, 1999),
(8320, '9', 15, 1, 1999),
(8321, '9', 17, 2, 1999),
(8322, '9', 19, 1, 1999),
(8323, '9', 22, 19, 1999),
(8324, '1', 17, 1, 2000),
(8325, '1', 22, 2, 2000),
(8326, '1', 26, 1, 2000),
(8327, '10', 5, 1, 2000),
(8328, '10', 9, 1, 2000),
(8329, '10', 15, 2, 2000),
(8330, '10', 22, 1, 2000),
(8331, '10', 52, 2, 2000),
(8332, '2', 22, 1, 2000),
(8333, '3', 22, 1, 2000),
(8334, '3', 52, 1, 2000),
(8335, '4', 22, 2, 2000),
(8336, '4', 52, 3, 2000),
(8337, '5', 1, 1, 2000),
(8338, '5', 19, 1, 2000),
(8339, '5', 44, 1, 2000),
(8340, '5', 52, 2, 2000),
(8341, '6', 12, 1, 2000),
(8342, '6', 22, 1, 2000),
(8343, '7', 14, 1, 2000),
(8344, '8', 7, 1, 2000),
(8345, '8', 34, 2, 2000),
(8346, '9', 14, 1, 2000),
(8347, '9', 34, 1, 2000),
(8348, '2', 1, 2, 2001),
(8349, '2', 5, 3, 2001),
(8350, '2', 24, 18, 2001),
(8351, '3', 5, 2, 2002);
INSERT INTO `arthro_specimens` (`id`, `trap_no`, `arthro_taxon_id`, `frequency`, `arthro_sample_id`) VALUES
(8352, '3', 22, 20, 2002),
(8353, '3', 35, 3, 2002),
(8354, '1', 14, 2, 2003),
(8355, '1', 22, 10, 2003),
(8356, '1', 54, 1, 2003),
(8357, '6', 22, 10, 2004),
(8358, '6', 35, 1, 2004),
(8359, '5', 22, 3, 2005),
(8360, '4', 1, 3, 2006),
(8361, '4', 5, 2, 2006),
(8362, '4', 14, 1, 2006),
(8363, '4', 17, 1, 2006),
(8364, '4', 22, 34, 2006),
(8365, '4', 35, 2, 2006),
(8366, '8', 14, 9, 2007),
(8367, '8', 15, 3, 2007),
(8368, '8', 22, 82, 2007),
(8369, '8', 24, 1, 2007),
(8370, '8', 35, 17, 2007),
(8371, '9', 1, 1, 2008),
(8372, '9', 14, 1, 2008),
(8373, '9', 22, 18, 2008),
(8374, '9', 24, 5, 2008),
(8375, '3', 1, 1, 2009),
(8376, '3', 6, 1, 2009),
(8377, '3', 14, 7, 2009),
(8378, '3', 15, 40, 2009),
(8379, '3', 22, 180, 2009),
(8380, '1', 5, 1, 2010),
(8381, '1', 14, 1, 2010),
(8382, '1', 22, 50, 2010),
(8383, '1', 25, 1, 2010),
(8384, '3', 5, 1, 2011),
(8385, '3', 14, 2, 2011),
(8386, '3', 22, 20, 2011),
(8387, '3', 35, 1, 2011),
(8388, '2', 1, 4, 2012),
(8389, '2', 14, 1, 2012),
(8390, '2', 15, 5, 2012),
(8391, '2', 22, 20, 2012),
(8392, '3', 35, 4, 2012),
(8393, '4', 1, 5, 2013),
(8394, '4', 22, 20, 2013),
(8395, '4', 35, 3, 2013),
(8396, '6', 14, 1, 2014),
(8397, '6', 15, 1, 2014),
(8398, '6', 22, 15, 2014),
(8399, '6', 35, 4, 2014),
(8400, '5', 1, 6, 2015),
(8401, '5', 14, 3, 2015),
(8402, '5', 15, 2, 2015),
(8403, '5', 22, 17, 2015),
(8404, '7', 1, 6, 2016),
(8405, '7', 22, 10, 2016),
(8406, '7', 24, 2, 2016),
(8407, '7', 25, 1, 2016),
(8408, '7', 35, 1, 2016),
(8409, '8', 1, 15, 2017),
(8410, '8', 14, 4, 2017),
(8411, '8', 15, 3, 2017),
(8412, '8', 22, 16, 2017),
(8413, '8', 24, 1, 2017),
(8414, '8', 35, 11, 2017),
(8415, '9', 1, 12, 2018),
(8416, '9', 14, 2, 2018),
(8417, '9', 15, 3, 2018),
(8418, '9', 22, 10, 2018),
(8419, '9', 35, 8, 2018),
(8420, '1', 5, 1, 2019),
(8421, '11', 5, 1, 2019),
(8422, '11', 17, 13, 2019),
(8423, '12', 17, 20, 2019),
(8424, '12', 25, 2, 2019),
(8425, '13', 14, 1, 2019),
(8426, '13', 15, 3, 2019),
(8427, '14', 14, 7, 2019),
(8428, '14', 17, 13, 2019),
(8429, '14', 25, 15, 2019),
(8430, '3', 5, 1, 2019),
(8431, '4', 17, 7, 2019),
(8432, '4', 19, 1, 2019),
(8433, '5', 15, 5, 2019),
(8434, '6', 14, 3, 2019),
(8435, '6', 17, 3, 2019),
(8436, '7', 5, 1, 2019),
(8437, '7', 14, 4, 2019),
(8438, '7', 17, 2, 2019),
(8439, '7', 22, 1, 2019),
(8440, '8', 5, 1, 2019),
(8441, '8', 17, 2, 2019),
(8442, '9', 5, 1, 2019),
(8443, '9', 17, 1, 2019),
(8444, '1', 5, 3, 2020),
(8445, '1', 14, 2, 2020),
(8446, '1', 15, 30, 2020),
(8447, '1', 22, 36, 2020),
(8448, '1', 24, 2, 2020),
(8449, '1', 25, 3, 2020),
(8450, '1', 35, 1, 2020),
(8451, '1', 14, 3, 2021),
(8452, '1', 22, 3, 2021),
(8453, '2', 14, 4, 2022),
(8454, '2', 22, 15, 2022),
(8455, '3', 1, 1, 2023),
(8456, '3', 14, 3, 2023),
(8457, '3', 15, 1, 2023),
(8458, '3', 22, 1, 2023),
(8459, '3', 34, 1, 2023),
(8460, '4', 14, 1, 2024),
(8461, '4', 15, 1, 2024),
(8462, '4', 22, 1, 2024),
(8463, '5', 1, 1, 2025),
(8464, '5', 14, 6, 2025),
(8465, '5', 15, 20, 2025),
(8466, '5', 22, 8, 2025),
(8467, '6', 14, 1, 2026),
(8468, '6', 22, 3, 2026),
(8469, '7', 5, 1, 2027),
(8470, '7', 14, 6, 2027),
(8471, '7', 22, 6, 2027),
(8472, '8', 5, 1, 2028),
(8473, '8', 22, 1, 2028),
(8474, '9', 14, 1, 2029),
(8475, '9', 22, 6, 2029),
(8476, '10', 14, 1, 2030),
(8477, '10', 22, 2, 2030),
(8478, '1', 22, 3, 2031),
(8479, '1', 23, 1, 2031),
(8480, '2', 22, 4, 2032),
(8481, '2', 35, 1, 2032),
(8482, '3', 1, 12, 2033),
(8483, '3', 22, 1, 2033),
(8484, '4', 5, 1, 2034),
(8485, '4', 22, 1, 2034),
(8486, '4', 24, 2, 2034),
(8487, '5', 1, 2, 2035),
(8488, '5', 22, 9, 2035),
(8489, '5', 24, 2, 2035),
(8490, '5', 25, 1, 2035),
(8491, '6', 5, 1, 2036),
(8492, '6', 22, 5, 2036),
(8493, '7', 22, 4, 2037),
(8494, '7', 25, 1, 2037),
(8495, '8', 22, 3, 2038),
(8496, '9', 22, 4, 2039),
(8497, '10', 22, 6, 2040),
(8498, '10', 27, 1, 2040),
(8499, '1', 1, 2, 2041),
(8500, '2', 14, 1, 2042),
(8501, '2', 22, 11, 2042),
(8502, '2', 25, 1, 2042),
(8503, '2', 47, 1, 2042),
(8504, '1', 22, 32, 2043),
(8505, '1', 24, 1, 2043),
(8506, '1', 35, 1, 2043),
(8507, '1', 47, 1, 2043),
(8508, '3', 5, 1, 2044),
(8509, '3', 15, 3, 2044),
(8510, '3', 22, 8, 2044),
(8511, '3', 35, 1, 2044),
(8512, '4', 14, 2, 2045),
(8513, '4', 22, 13, 2045),
(8514, '4', 25, 2, 2045),
(8515, '4', 35, 1, 2045),
(8516, '5', 1, 1, 2046),
(8517, '5', 15, 1, 2046),
(8518, '5', 25, 1, 2046),
(8519, '5', 35, 9, 2046),
(8520, '3', 22, 6, 2047),
(8521, '3', 25, 3, 2047),
(8522, '3', 35, 1, 2047),
(8523, '3', 54, 1, 2047),
(8524, '8', 1, 3, 2048),
(8525, '8', 22, 6, 2048),
(8526, '8', 24, 1, 2048),
(8527, '7', 5, 1, 2049),
(8528, '7', 14, 2, 2049),
(8529, '7', 22, 38, 2049),
(8530, '7', 25, 1, 2049),
(8531, '7', 35, 1, 2049),
(8532, '3', 22, 15, 2050),
(8533, '3', 25, 1, 2050),
(8534, '3', 54, 1, 2050),
(8535, '10', 14, 3, 2051),
(8536, '10', 22, 3, 2051),
(8537, '1', 22, 18, 2052),
(8538, '3', 15, 3, 2053),
(8539, '3', 22, 15, 2053),
(8540, '2', 15, 1, 2054),
(8541, '2', 22, 13, 2054),
(8542, '2', 24, 1, 2054),
(8543, '2', 47, 1, 2054),
(8544, '4', 22, 20, 2055),
(8545, '4', 25, 1, 2055),
(8546, '6', 1, 7, 2056),
(8547, '6', 22, 7, 2056),
(8548, '3', 1, 3, 2057),
(8549, '3', 15, 1, 2057),
(8550, '3', 22, 36, 2057),
(8551, '3', 24, 1, 2057),
(8552, '3', 25, 1, 2057),
(8553, '7', 14, 3, 2058),
(8554, '7', 22, 9, 2058),
(8555, '7', 25, 17, 2058),
(8556, '8', 14, 1, 2059),
(8557, '8', 22, 2, 2059),
(8558, '8', 25, 1, 2059),
(8559, '1', 22, 3, 2060),
(8560, '4', 1, 4, 2061),
(8561, '4', 15, 2, 2061),
(8562, '4', 22, 3, 2061),
(8563, '4', 24, 1, 2061),
(8564, '4', 25, 1, 2061),
(8565, '3', 14, 1, 2062),
(8566, '3', 22, 12, 2062),
(8567, '3', 25, 2, 2062),
(8568, '6', 1, 3, 2063),
(8569, '6', 22, 13, 2063),
(8570, '6', 25, 1, 2063),
(8571, '7', 1, 6, 2064),
(8572, '7', 22, 35, 2064),
(8573, '7', 24, 2, 2064),
(8574, '7', 47, 1, 2064),
(8575, '3', 1, 6, 2065),
(8576, '3', 22, 18, 2065),
(8577, '3', 35, 3, 2065),
(8578, '9', 1, 4, 2066),
(8579, '9', 22, 13, 2066),
(8580, '9', 24, 1, 2066),
(8581, '9', 35, 3, 2066),
(8582, '3', 1, 1, 2067),
(8583, '3', 5, 2, 2067),
(8584, '3', 22, 1, 2067),
(8585, '3', 35, 1, 2067),
(8586, '3', 1, 110, 2068),
(8587, '3', 14, 1, 2068),
(8588, '3', 15, 4, 2068),
(8589, '3', 22, 4, 2068),
(8590, '3', 23, 1, 2068),
(8591, '3', 14, 1, 2069),
(8592, '3', 22, 3, 2069),
(8593, '1', 15, 20, 2070),
(8594, '1', 22, 52, 2070),
(8595, '1', 24, 1, 2070),
(8596, '1', 47, 1, 2070),
(8597, '1', 54, 1, 2070),
(8598, '6', 14, 1, 2071),
(8599, '6', 15, 3, 2071),
(8600, '6', 22, 5, 2071),
(8601, '5', 22, 5, 2072),
(8602, '5', 24, 1, 2072),
(8603, '3', 1, 60, 2073),
(8604, '3', 2, 1, 2073),
(8605, '3', 15, 2, 2073),
(8606, '3', 35, 1, 2073),
(8607, '7', 22, 8, 2074),
(8608, '7', 47, 2, 2074),
(8609, '3', 14, 1, 2075),
(8610, '3', 15, 1, 2075),
(8611, '3', 22, 13, 2075),
(8612, '8', 5, 1, 2076),
(8613, '8', 15, 7, 2076),
(8614, '8', 22, 28, 2076),
(8615, '8', 54, 2, 2076),
(8616, '2', 5, 1, 2077),
(8617, '2', 15, 70, 2077),
(8618, '2', 22, 84, 2077),
(8619, '2', 23, 2, 2077),
(8620, '2', 35, 2, 2077),
(8621, '1', 5, 2, 2078),
(8622, '1', 14, 1, 2078),
(8623, '1', 22, 44, 2078),
(8624, '1', 23, 5, 2078),
(8625, '1', 35, 2, 2078),
(8626, '4', 1, 7, 2079),
(8627, '4', 5, 1, 2079),
(8628, '4', 22, 5, 2079),
(8629, '4', 34, 1, 2079),
(8630, '4', 35, 1, 2079),
(8631, '6', 5, 1, 2080),
(8632, '6', 14, 2, 2080),
(8633, '6', 17, 1, 2080),
(8634, '6', 22, 26, 2080),
(8635, '10', 15, 31, 2081),
(8636, '10', 22, 8, 2081),
(8637, '10', 35, 1, 2081),
(8638, '3', 1, 10, 2082),
(8639, '3', 14, 1, 2082),
(8640, '3', 15, 200, 2082),
(8641, '3', 22, 50, 2082),
(8642, '3', 23, 1, 2082),
(8643, '3', 35, 2, 2082),
(8644, '8', 1, 2, 2083),
(8645, '8', 5, 1, 2083),
(8646, '8', 15, 3, 2083),
(8647, '8', 22, 7, 2083),
(8648, '8', 23, 1, 2083),
(8649, '8', 35, 1, 2083),
(8650, '3', 14, 1, 2084),
(8651, '3', 17, 1, 2084),
(8652, '3', 22, 32, 2084),
(8653, '3', 23, 2, 2084),
(8654, '3', 35, 4, 2084),
(8655, '1', 1, 62, 2085),
(8656, '1', 5, 1, 2085),
(8657, '1', 14, 3, 2085),
(8658, '1', 22, 21, 2085),
(8659, '2', 1, 37, 2086),
(8660, '2', 14, 2, 2086),
(8661, '2', 15, 70, 2086),
(8662, '2', 22, 22, 2086),
(8663, '2', 23, 3, 2086),
(8664, '2', 35, 9, 2086),
(8665, '3', 5, 1, 2087),
(8666, '3', 14, 3, 2087),
(8667, '3', 15, 50, 2087),
(8668, '3', 22, 20, 2087),
(8669, '3', 24, 4, 2087),
(8670, '5', 5, 6, 2088),
(8671, '5', 14, 6, 2088),
(8672, '5', 22, 65, 2088),
(8673, '5', 35, 7, 2088),
(8674, '6', 1, 35, 2089),
(8675, '6', 5, 1, 2089),
(8676, '6', 14, 6, 2089),
(8677, '6', 22, 15, 2089),
(8678, '6', 23, 3, 2089),
(8679, '6', 35, 2, 2089),
(8680, '4', 1, 2, 2090),
(8681, '4', 14, 7, 2090),
(8682, '4', 15, 15, 2090),
(8683, '4', 22, 80, 2090),
(8684, '4', 23, 6, 2090),
(8685, '4', 35, 6, 2090),
(8686, '7', 5, 1, 2091),
(8687, '7', 14, 3, 2091),
(8688, '7', 15, 40, 2091),
(8689, '7', 22, 5, 2091),
(8690, '8', 14, 6, 2092),
(8691, '8', 15, 50, 2092),
(8692, '8', 22, 18, 2092),
(8693, '8', 23, 2, 2092),
(8694, '9', 5, 2, 2093),
(8695, '9', 14, 1, 2093),
(8696, '9', 15, 20, 2093),
(8697, '9', 22, 37, 2093),
(8698, '9', 35, 2, 2093),
(8699, '10', 1, 10, 2094),
(8700, '10', 14, 5, 2094),
(8701, '10', 15, 20, 2094),
(8702, '10', 22, 20, 2094),
(8703, '1', 1, 1, 2095),
(8704, '1', 8, 1, 2095),
(8705, '1', 14, 1, 2095),
(8706, '1', 15, 26, 2095),
(8707, '1', 22, 4, 2095),
(8708, '1', 24, 3, 2095),
(8709, '2', 15, 12, 2095),
(8710, '2', 19, 2, 2095),
(8711, '2', 22, 5, 2095),
(8712, '2', 23, 1, 2095),
(8713, '3', 22, 1, 2095),
(8714, '4', 12, 1, 2095),
(8715, '4', 14, 1, 2095),
(8716, '4', 15, 1, 2095),
(8717, '4', 22, 1, 2095),
(8718, '5', 5, 7, 2095),
(8719, '5', 19, 1, 2095),
(8720, '5', 22, 11, 2095),
(8721, '6', 19, 1, 2095),
(8722, '6', 22, 3, 2095),
(8723, '6', 23, 1, 2095),
(8724, '6', 34, 1, 2095),
(8725, '7', 5, 1, 2095),
(8726, '7', 14, 1, 2095),
(8727, '10', 15, 7, 2096),
(8728, '10', 22, 9, 2096),
(8729, '10', 24, 2, 2096),
(8730, '7', 25, 2, 2096),
(8731, '8', 15, 1, 2096),
(8732, '9', 5, 1, 2096),
(8733, '9', 14, 1, 2096),
(8734, '9', 19, 1, 2096),
(8735, '9', 22, 8, 2096),
(8736, '1', 5, 1, 2097),
(8737, '1', 15, 3, 2097),
(8738, '1', 22, 14, 2097),
(8739, '1', 23, 1, 2097),
(8740, '2', 5, 2, 2097),
(8741, '2', 15, 2, 2097),
(8742, '2', 19, 1, 2097),
(8743, '2', 22, 9, 2097),
(8744, '4', 15, 10, 2097),
(8745, '4', 22, 15, 2097),
(8746, '5', 15, 11, 2097),
(8747, '5', 22, 10, 2097),
(8748, '6', 5, 3, 2097),
(8749, '6', 15, 3, 2097),
(8750, '6', 22, 1, 2097),
(8751, '7', 15, 12, 2097),
(8752, '7', 22, 10, 2097),
(8753, '8', 14, 1, 2097),
(8754, '8', 15, 9, 2097),
(8755, '8', 22, 7, 2097),
(8756, '9', 1, 1, 2097),
(8757, '9', 15, 9, 2097),
(8758, '9', 22, 13, 2097),
(8759, '10', 15, 2, 2098),
(8760, '10', 19, 2, 2098),
(8761, '10', 22, 19, 2098),
(8762, '10', 25, 1, 2098),
(8763, '10', 34, 1, 2098),
(8764, '1', 1, 1, 2099),
(8765, '1', 14, 1, 2099),
(8766, '1', 22, 3, 2099),
(8767, '1', 53, 5, 2099),
(8768, '2', 14, 11, 2099),
(8769, '2', 15, 3, 2099),
(8770, '2', 19, 4, 2099),
(8771, '2', 25, 5, 2099),
(8772, '3', 15, 1, 2099),
(8773, '3', 22, 5, 2099),
(8774, '3', 24, 7, 2099),
(8775, '3', 53, 1, 2099),
(8776, '4', 1, 2, 2099),
(8777, '4', 14, 1, 2099),
(8778, '4', 15, 1, 2099),
(8779, '4', 53, 1, 2099),
(8780, '5', 1, 1, 2099),
(8781, '5', 14, 1, 2099),
(8782, '5', 15, 1, 2099),
(8783, '5', 19, 2, 2099),
(8784, '6', 15, 1, 2099),
(8785, '6', 19, 3, 2099),
(8786, '10', 1, 2, 2100),
(8787, '10', 5, 1, 2100),
(8788, '10', 15, 2, 2100),
(8789, '10', 19, 3, 2100),
(8790, '10', 22, 6, 2100),
(8791, '10', 34, 1, 2100),
(8792, '10', 53, 2, 2100),
(8793, '7', 1, 4, 2100),
(8794, '7', 19, 2, 2100),
(8795, '7', 22, 1, 2100),
(8796, '7', 53, 8, 2100),
(8797, '8', 1, 3, 2100),
(8798, '8', 5, 3, 2100),
(8799, '8', 15, 56, 2100),
(8800, '8', 17, 1, 2100),
(8801, '8', 19, 1, 2100),
(8802, '8', 53, 6, 2100),
(8803, '9', 1, 10, 2100),
(8804, '9', 5, 1, 2100),
(8805, '9', 15, 18, 2100),
(8806, '9', 22, 8, 2100),
(8807, '9', 26, 2, 2100),
(8808, '1', 1, 1, 2101),
(8809, '1', 22, 1, 2101),
(8810, '10', 15, 1, 2101),
(8811, '10', 53, 1, 2101),
(8812, '2', 15, 1, 2101),
(8813, '3', 1, 1, 2101),
(8814, '3', 15, 1, 2101),
(8815, '3', 19, 1, 2101),
(8816, '3', 22, 13, 2101),
(8817, '3', 24, 1, 2101),
(8818, '3', 34, 1, 2101),
(8819, '4', 25, 1, 2101),
(8820, '5', 5, 1, 2101),
(8821, '6', 22, 2, 2101),
(8822, '6', 34, 1, 2101),
(8823, '7', 15, 1, 2101),
(8824, '8', 15, 1, 2101),
(8825, '8', 22, 11, 2101),
(8826, '9', 1, 1, 2101),
(8827, '9', 5, 1, 2101),
(8828, '9', 19, 1, 2101),
(8829, '9', 22, 2, 2101),
(8830, '1', 15, 1, 2102),
(8831, '10', 1, 2, 2102),
(8832, '10', 14, 1, 2102),
(8833, '10', 15, 2, 2102),
(8834, '10', 24, 2, 2102),
(8835, '2', 19, 1, 2102),
(8836, '2', 24, 1, 2102),
(8837, '3', 1, 1, 2102),
(8838, '3', 5, 3, 2102),
(8839, '4', 15, 3, 2102),
(8840, '5', 1, 1, 2102),
(8841, '5', 14, 1, 2102),
(8842, '5', 15, 1, 2102),
(8843, '5', 19, 1, 2102),
(8844, '5', 25, 1, 2102),
(8845, '6', 7, 1, 2102),
(8846, '6', 15, 8, 2102),
(8847, '7', 15, 2, 2102),
(8848, '7', 22, 1, 2102),
(8849, '8', 22, 4, 2102),
(8850, '1', 22, 10, 2103),
(8851, '1', 35, 1, 2103),
(8852, '10', 5, 10, 2103),
(8853, '10', 14, 3, 2103),
(8854, '10', 15, 1, 2103),
(8855, '10', 19, 1, 2103),
(8856, '10', 22, 51, 2103),
(8857, '10', 54, 3, 2103),
(8858, '2', 22, 71, 2103),
(8859, '3', 22, 3, 2103),
(8860, '4', 26, 1, 2103),
(8861, '5', 22, 2, 2103),
(8862, '6', 7, 1, 2103),
(8863, '6', 22, 5, 2103),
(8864, '6', 49, 1, 2103),
(8865, '7', 5, 35, 2103),
(8866, '7', 14, 1, 2103),
(8867, '7', 22, 41, 2103),
(8868, '7', 25, 1, 2103),
(8869, '8', 14, 1, 2103),
(8870, '8', 22, 4, 2103),
(8871, '8', 35, 1, 2103),
(8872, '9', 22, 8, 2103),
(8873, '9', 49, 1, 2103),
(8874, '10', 1, 9, 2104),
(8875, '10', 14, 1, 2104),
(8876, '10', 22, 33, 2104),
(8877, '10', 35, 1, 2104),
(8878, '3', 4, 1, 2104),
(8879, '3', 14, 2, 2104),
(8880, '3', 19, 1, 2104),
(8881, '3', 22, 23, 2104),
(8882, '3', 24, 1, 2104),
(8883, '3', 35, 2, 2104),
(8884, '4', 5, 2, 2104),
(8885, '4', 22, 8, 2104),
(8886, '4', 35, 1, 2104),
(8887, '5', 22, 7, 2104),
(8888, '5', 24, 2, 2104),
(8889, '5', 35, 8, 2104),
(8890, '7', 1, 1, 2104),
(8891, '7', 5, 2, 2104),
(8892, '7', 14, 1, 2104),
(8893, '7', 22, 41, 2104),
(8894, '7', 35, 2, 2104),
(8895, '8', 5, 2, 2104),
(8896, '8', 22, 14, 2104),
(8897, '8', 24, 2, 2104),
(8898, '1', 5, 1, 2105),
(8899, '1', 7, 1, 2105),
(8900, '1', 14, 1, 2105),
(8901, '1', 22, 61, 2105),
(8902, '1', 24, 3, 2105),
(8903, '1', 25, 1, 2105),
(8904, '1', 35, 2, 2105),
(8905, '2', 1, 4, 2105),
(8906, '2', 5, 3, 2105),
(8907, '2', 14, 13, 2105),
(8908, '2', 15, 9, 2105),
(8909, '2', 19, 1, 2105),
(8910, '2', 22, 33, 2105),
(8911, '6', 14, 1, 2105),
(8912, '6', 19, 1, 2105),
(8913, '6', 22, 29, 2105),
(8914, '7', 54, 2, 2105),
(8915, '9', 14, 2, 2105),
(8916, '9', 15, 3, 2105),
(8917, '9', 22, 82, 2105),
(8918, '9', 24, 3, 2105),
(8919, '9', 25, 3, 2105),
(8920, '1', 15, 1, 2106),
(8921, '1', 22, 13, 2106),
(8922, '2', 15, 1, 2106),
(8923, '2', 22, 11, 2106),
(8924, '3', 7, 1, 2106),
(8925, '3', 14, 3, 2106),
(8926, '3', 15, 1, 2106),
(8927, '3', 22, 86, 2106),
(8928, '4', 5, 1, 2106),
(8929, '4', 7, 1, 2106),
(8930, '4', 14, 13, 2106),
(8931, '4', 22, 5, 2106),
(8932, '5', 7, 1, 2106),
(8933, '5', 14, 5, 2106),
(8934, '5', 22, 10, 2106),
(8935, '6', 14, 16, 2106),
(8936, '6', 15, 1, 2106),
(8937, '6', 22, 12, 2106),
(8938, '7', 5, 2, 2106),
(8939, '7', 22, 20, 2106),
(8940, '8', 5, 1, 2106),
(8941, '8', 15, 5, 2106),
(8942, '8', 22, 6, 2106),
(8943, '8', 24, 1, 2106),
(8944, '10', 15, 2, 2107),
(8945, '10', 22, 13, 2107),
(8946, '9', 1, 1, 2107),
(8947, '9', 5, 2, 2107),
(8948, '9', 14, 2, 2107),
(8949, '9', 16, 6, 2107),
(8950, '1', 15, 5, 2108),
(8951, '1', 22, 3, 2108),
(8952, '1', 23, 2, 2108),
(8953, '10', 22, 18, 2108),
(8954, '2', 14, 2, 2108),
(8955, '2', 22, 4, 2108),
(8956, '3', 22, 6, 2108),
(8957, '3', 44, 4, 2108),
(8958, '4', 15, 27, 2108),
(8959, '4', 22, 23, 2108),
(8960, '5', 22, 11, 2108),
(8961, '6', 1, 2, 2108),
(8962, '6', 15, 24, 2108),
(8963, '6', 22, 10, 2108),
(8964, '6', 44, 1, 2108),
(8965, '7', 5, 1, 2108),
(8966, '7', 15, 4, 2108),
(8967, '7', 22, 3, 2108),
(8968, '7', 26, 1, 2108),
(8969, '8', 1, 2, 2108),
(8970, '8', 7, 1, 2108),
(8971, '8', 22, 7, 2108),
(8972, '9', 1, 1, 2108),
(8973, '9', 22, 5, 2108),
(8974, '10', 1, 1, 2109),
(8975, '10', 34, 1, 2109),
(8976, '1', 5, 2, 2110),
(8977, '1', 15, 7, 2110),
(8978, '1', 22, 16, 2110),
(8979, '2', 7, 2, 2110),
(8980, '2', 22, 5, 2110),
(8981, '3', 1, 2, 2110),
(8982, '3', 5, 1, 2110),
(8983, '3', 7, 1, 2110),
(8984, '3', 15, 17, 2110),
(8985, '3', 22, 8, 2110),
(8986, '4', 1, 2, 2110),
(8987, '4', 5, 2, 2110),
(8988, '4', 7, 1, 2110),
(8989, '4', 22, 10, 2110),
(8990, '5', 7, 2, 2110),
(8991, '5', 15, 4, 2110),
(8992, '5', 22, 9, 2110),
(8993, '5', 53, 7, 2110),
(8994, '6', 1, 3, 2110),
(8995, '6', 14, 1, 2110),
(8996, '6', 15, 1, 2110),
(8997, '6', 22, 2, 2110),
(8998, '7', 7, 1, 2110),
(8999, '7', 22, 19, 2110),
(9000, '10', 7, 2, 2111),
(9001, '10', 22, 93, 2111),
(9002, '7', 5, 1, 2111),
(9003, '7', 26, 1, 2111),
(9004, '8', 1, 2, 2111),
(9005, '8', 22, 33, 2111),
(9006, '9', 15, 1, 2111),
(9007, '9', 22, 26, 2111),
(9008, '1', 15, 3, 2112),
(9009, '1', 22, 1, 2112),
(9010, '2', 14, 1, 2112),
(9011, '2', 21, 1, 2112),
(9012, '2', 34, 3, 2112),
(9013, '3', 1, 6, 2112),
(9014, '3', 15, 4, 2112),
(9015, '3', 22, 5, 2112),
(9016, '4', 2, 2, 2112),
(9017, '4', 15, 30, 2112),
(9018, '4', 22, 1, 2112),
(9019, '5', 1, 2, 2112),
(9020, '5', 14, 1, 2112),
(9021, '5', 15, 6, 2112),
(9022, '5', 22, 3, 2112),
(9023, '5', 24, 1, 2112),
(9024, '6', 1, 5, 2112),
(9025, '6', 15, 46, 2112),
(9026, '6', 22, 3, 2112),
(9027, '6', 44, 1, 2112),
(9028, '7', 1, 2, 2112),
(9029, '7', 15, 4, 2112),
(9030, '7', 22, 1, 2112),
(9031, '8', 22, 2, 2112),
(9032, '10', 1, 1, 2113),
(9033, '10', 15, 1, 2113),
(9034, '10', 34, 1, 2113),
(9035, '8', 1, 1, 2113),
(9036, '8', 5, 1, 2113),
(9037, '8', 15, 16, 2113),
(9038, '8', 34, 1, 2113),
(9039, '9', 5, 1, 2113),
(9040, '9', 15, 10, 2113),
(9041, '9', 22, 2, 2113),
(9042, '9', 34, 1, 2113),
(9043, '1', 1, 2, 2114),
(9044, '1', 15, 10, 2114),
(9045, '1', 22, 2, 2114),
(9046, '2', 1, 11, 2114),
(9047, '2', 5, 1, 2114),
(9048, '2', 15, 10, 2114),
(9049, '2', 22, 4, 2114),
(9050, '3', 1, 5, 2114),
(9051, '3', 15, 21, 2114),
(9052, '3', 17, 1, 2114),
(9053, '3', 22, 8, 2114),
(9054, '4', 15, 13, 2114),
(9055, '4', 22, 3, 2114),
(9056, '4', 34, 1, 2114),
(9057, '5', 15, 5, 2114),
(9058, '5', 22, 4, 2114),
(9059, '5', 44, 2, 2114),
(9060, '5', 55, 1, 2114),
(9061, '6', 15, 3, 2114),
(9062, '6', 22, 1, 2114),
(9063, '7', 5, 2, 2114),
(9064, '7', 15, 18, 2114),
(9065, '7', 22, 2, 2114),
(9066, '8', 22, 3, 2114),
(9067, '10', 1, 2, 2115),
(9068, '10', 5, 1, 2115),
(9069, '10', 15, 9, 2115),
(9070, '8', 1, 2, 2115),
(9071, '8', 14, 1, 2115),
(9072, '8', 15, 6, 2115),
(9073, '9', 1, 1, 2115),
(9074, '9', 15, 5, 2115),
(9075, '9', 22, 1, 2115),
(9076, '10', 15, 1, 2116),
(9077, '10', 19, 1, 2116),
(9078, '10', 25, 2, 2116),
(9079, '6', 9, 1, 2116),
(9080, '6', 14, 1, 2116),
(9081, '6', 22, 59, 2116),
(9082, '7', 14, 6, 2116),
(9083, '7', 15, 4, 2116),
(9084, '7', 22, 4, 2116),
(9085, '7', 52, 5, 2116),
(9086, '8', 1, 1, 2116),
(9087, '8', 15, 9, 2116),
(9088, '8', 22, 5, 2116),
(9089, '9', 15, 1, 2116),
(9090, '9', 22, 10, 2116),
(9091, '10', 14, 6, 2117),
(9092, '10', 15, 2, 2117),
(9093, '10', 22, 1, 2117),
(9094, '7', 14, 2, 2117),
(9095, '7', 15, 2, 2117),
(9096, '8', 1, 6, 2117),
(9097, '8', 5, 1, 2117),
(9098, '8', 15, 2, 2117),
(9099, '8', 22, 4, 2117),
(9100, '9', 1, 3, 2117),
(9101, '9', 14, 1, 2117),
(9102, '9', 22, 12, 2117),
(9103, '10', 14, 1, 2118),
(9104, '10', 15, 13, 2118),
(9105, '10', 19, 1, 2118),
(9106, '10', 22, 7, 2118),
(9107, '10', 26, 1, 2118),
(9108, '10', 55, 1, 2118),
(9109, '6', 5, 1, 2118),
(9110, '6', 22, 2, 2118),
(9111, '6', 23, 4, 2118),
(9112, '7', 14, 1, 2118),
(9113, '7', 22, 1, 2118),
(9114, '7', 26, 1, 2118),
(9115, '8', 1, 1, 2118),
(9116, '8', 15, 5, 2118),
(9117, '8', 22, 2, 2118),
(9118, '8', 53, 1, 2118),
(9119, '9', 15, 3, 2118),
(9120, '9', 24, 1, 2118),
(9121, '2', 1, 2, 2119),
(9122, '2', 14, 1, 2119),
(9123, '2', 19, 2, 2119),
(9124, '2', 22, 55, 2119),
(9125, '3', 1, 8, 2119),
(9126, '3', 15, 16, 2119),
(9127, '3', 22, 14, 2119),
(9128, '3', 23, 1, 2119),
(9129, '4', 1, 1, 2119),
(9130, '4', 15, 2, 2119),
(9131, '4', 22, 21, 2119),
(9132, '4', 53, 6, 2119),
(9133, '5', 5, 3, 2119),
(9134, '5', 15, 2, 2119),
(9135, '5', 24, 2, 2119),
(9136, '5', 26, 39, 2119),
(9137, '6', 1, 3, 2119),
(9138, '6', 5, 1, 2119),
(9139, '6', 15, 13, 2119),
(9140, '6', 22, 1, 2119),
(9141, '6', 34, 1, 2119),
(9142, '6', 53, 1, 2119),
(9143, '7', 15, 22, 2119),
(9144, '7', 22, 3, 2119),
(9145, '10', 15, 117, 2120),
(9146, '10', 22, 8, 2120),
(9147, '10', 53, 1, 2120),
(9148, '7', 1, 5, 2120),
(9149, '8', 1, 6, 2120),
(9150, '8', 15, 35, 2120),
(9151, '8', 22, 5, 2120),
(9152, '8', 53, 1, 2120),
(9153, '9', 15, 10, 2120),
(9154, '9', 22, 8, 2120),
(9155, '9', 24, 3, 2120),
(9156, '9', 44, 2, 2120),
(9157, '10', 1, 1, 2121),
(9158, '10', 14, 2, 2121),
(9159, '10', 15, 3, 2121),
(9160, '10', 22, 2, 2121),
(9161, '9', 5, 1, 2121),
(9162, '9', 14, 1, 2121),
(9163, '9', 22, 16, 2121),
(9164, '1', 1, 6, 2122),
(9165, '1', 14, 5, 2122),
(9166, '1', 18, 1, 2122),
(9167, '1', 22, 75, 2122),
(9168, '1', 24, 1, 2122),
(9169, '1', 25, 6, 2122),
(9170, '1', 26, 1, 2122),
(9171, '1', 34, 1, 2122),
(9172, '1', 44, 1, 2122),
(9173, '1', 52, 1, 2122),
(9174, '1', 14, 3, 2123),
(9175, '1', 15, 1, 2123),
(9176, '1', 22, 75, 2123),
(9177, '1', 25, 3, 2123),
(9178, '1', 26, 2, 2123),
(9179, '1', 45, 1, 2123),
(9180, '1', 52, 1, 2123),
(9181, '1', 1, 2, 2124),
(9182, '1', 5, 2, 2124),
(9183, '1', 7, 10, 2124),
(9184, '1', 15, 2, 2124),
(9185, '1', 22, 126, 2124),
(9186, '1', 25, 1, 2124),
(9187, '1', 26, 11, 2124),
(9188, '1', 34, 4, 2124),
(9189, '1', 1, 1, 2125),
(9190, '1', 5, 12, 2125),
(9191, '1', 14, 11, 2125),
(9192, '1', 19, 2, 2125),
(9193, '1', 22, 57, 2125),
(9194, '1', 25, 7, 2125),
(9195, '1', 26, 1, 2125),
(9196, '1', 53, 1, 2125),
(9197, '1', 1, 66, 2126),
(9198, '1', 5, 8, 2126),
(9199, '1', 15, 5, 2126),
(9200, '1', 17, 4, 2126),
(9201, '1', 22, 2, 2126),
(9202, '1', 26, 1, 2126),
(9203, '2', 1, 1, 2126),
(9204, '2', 14, 2, 2126),
(9205, '2', 22, 1, 2126),
(9206, '2', 23, 2, 2126),
(9207, '3', 22, 5, 2126),
(9208, '3', 23, 4, 2126),
(9209, '4', 1, 15, 2126),
(9210, '4', 15, 2, 2126),
(9211, '4', 17, 1, 2126),
(9212, '4', 22, 17, 2126),
(9213, '4', 23, 1, 2126),
(9214, '4', 26, 2, 2126),
(9215, '4', 44, 2, 2126),
(9216, '5', 1, 12, 2126),
(9217, '5', 5, 2, 2126),
(9218, '5', 15, 17, 2126),
(9219, '5', 25, 3, 2126),
(9220, '5', 26, 1, 2126),
(9221, '10', 15, 3, 2127),
(9222, '10', 17, 1, 2127),
(9223, '10', 19, 2, 2127),
(9224, '10', 23, 1, 2127),
(9225, '5', 14, 3, 2127),
(9226, '5', 15, 40, 2127),
(9227, '6', 1, 5, 2127),
(9228, '6', 5, 2, 2127),
(9229, '6', 17, 2, 2127),
(9230, '6', 22, 4, 2127),
(9231, '6', 44, 4, 2127),
(9232, '6', 54, 2, 2127),
(9233, '7', 22, 1, 2127),
(9234, '8', 23, 3, 2127),
(9235, '9', 1, 2, 2127),
(9236, '9', 14, 1, 2127),
(9237, '9', 15, 2, 2127),
(9238, '9', 23, 5, 2127),
(9239, '1', 22, 2, 2128),
(9240, '2', 5, 3, 2129),
(9241, '2', 22, 3, 2129),
(9242, '3', 25, 1, 2130),
(9243, '4', 5, 1, 2131),
(9244, '4', 14, 1, 2131),
(9245, '4', 22, 4, 2131),
(9246, '5', 22, 1, 2132),
(9247, '5', 25, 1, 2132),
(9248, '6', 5, 1, 2133),
(9249, '6', 22, 2, 2133),
(9250, '8', 5, 3, 2134),
(9251, '8', 22, 10, 2134),
(9252, '10', 7, 3, 2135),
(9253, '10', 14, 36, 2135),
(9254, '10', 22, 81, 2135),
(9255, '10', 25, 2, 2135),
(9256, '10', 26, 5, 2135),
(9257, '10', 45, 1, 2135),
(9258, '10', 7, 4, 2136),
(9259, '10', 14, 46, 2136),
(9260, '10', 15, 3, 2136),
(9261, '10', 19, 1, 2136),
(9262, '10', 22, 138, 2136),
(9263, '10', 25, 2, 2136),
(9264, '10', 26, 3, 2136),
(9265, '10', 34, 5, 2136),
(9266, '10', 44, 1, 2136),
(9267, '10', 54, 1, 2136),
(9268, '4', 1, 1, 2137),
(9269, '4', 7, 15, 2137),
(9270, '4', 14, 65, 2137),
(9271, '4', 22, 647, 2137),
(9272, '4', 25, 1, 2137),
(9273, '4', 34, 7, 2137),
(9274, '6', 1, 2, 2138),
(9275, '6', 7, 2, 2138),
(9276, '6', 14, 8, 2138),
(9277, '6', 22, 673, 2138),
(9278, '6', 23, 2, 2138),
(9279, '6', 24, 1, 2138),
(9280, '6', 25, 2, 2138),
(9281, '6', 26, 1, 2138),
(9282, '6', 34, 1, 2138),
(9283, '6', 44, 1, 2138),
(9284, '6', 45, 2, 2138),
(9285, '1', 5, 1, 2139),
(9286, '1', 15, 6, 2139),
(9287, '1', 22, 42, 2139),
(9288, '1', 24, 5, 2139),
(9289, '1', 52, 16, 2139),
(9290, '1', 53, 3, 2139),
(9291, '2', 15, 60, 2140),
(9292, '2', 22, 55, 2140),
(9293, '3', 1, 1, 2140),
(9294, '3', 14, 1, 2140),
(9295, '3', 15, 5, 2140),
(9296, '3', 19, 1, 2140),
(9297, '3', 22, 70, 2140),
(9298, '3', 24, 2, 2140),
(9299, '4', 1, 1, 2140),
(9300, '4', 14, 1, 2140),
(9301, '4', 15, 237, 2140),
(9302, '4', 22, 38, 2140),
(9303, '5', 6, 4, 2140),
(9304, '5', 15, 1, 2140),
(9305, '5', 22, 35, 2140),
(9306, '5', 24, 1, 2140),
(9307, '6', 15, 1, 2140),
(9308, '6', 22, 7, 2140),
(9309, '6', 25, 1, 2140),
(9310, '6', 26, 1, 2140),
(9311, '7', 5, 1, 2140),
(9312, '7', 15, 17, 2140),
(9313, '7', 22, 6, 2140),
(9314, '7', 34, 1, 2140),
(9315, '10', 15, 41, 2141),
(9316, '10', 22, 126, 2141),
(9317, '10', 34, 1, 2141),
(9318, '8', 1, 1, 2141),
(9319, '8', 15, 9, 2141),
(9320, '8', 22, 8, 2141),
(9321, '9', 14, 2, 2141),
(9322, '9', 15, 23, 2141),
(9323, '9', 22, 18, 2141),
(9324, '9', 24, 3, 2141),
(9325, '1', 15, 265, 2142),
(9326, '1', 22, 20, 2142),
(9327, '2', 5, 8, 2142),
(9328, '2', 15, 70, 2142),
(9329, '2', 22, 73, 2142),
(9330, '2', 26, 2, 2142),
(9331, '3', 7, 2, 2142),
(9332, '3', 15, 7, 2142),
(9333, '3', 22, 74, 2142),
(9334, '3', 24, 2, 2142),
(9335, '4', 15, 21, 2142),
(9336, '4', 22, 8, 2142),
(9337, '5', 5, 2, 2142),
(9338, '5', 15, 40, 2142),
(9339, '5', 22, 22, 2142),
(9340, '6', 1, 1, 2142),
(9341, '6', 15, 1, 2142),
(9342, '6', 22, 12, 2142),
(9343, '6', 24, 2, 2142),
(9344, '6', 34, 1, 2142),
(9345, '6', 39, 27, 2142),
(9346, '7', 15, 5, 2142),
(9347, '7', 25, 1, 2142),
(9348, '7', 53, 1, 2142),
(9349, '1', 5, 1, 2143),
(9350, '1', 15, 8, 2143),
(9351, '1', 22, 11, 2143),
(9352, '2', 15, 2, 2143),
(9353, '2', 22, 13, 2143),
(9354, '3', 14, 2, 2143),
(9355, '3', 15, 974, 2143),
(9356, '3', 22, 78, 2143),
(9357, '3', 26, 1, 2143),
(9358, '4', 1, 1, 2143),
(9359, '4', 14, 1, 2143),
(9360, '4', 15, 3, 2143),
(9361, '4', 22, 103, 2143),
(9362, '5', 1, 1, 2143),
(9363, '5', 15, 920, 2143),
(9364, '5', 22, 28, 2143),
(9365, '6', 1, 3, 2143),
(9366, '6', 15, 81, 2143),
(9367, '6', 22, 42, 2143),
(9368, '7', 1, 1, 2143),
(9369, '7', 14, 1, 2143),
(9370, '7', 15, 35, 2143),
(9371, '7', 22, 6, 2143),
(9372, '8', 22, 13, 2143),
(9373, '1', 1, 1, 2144),
(9374, '1', 15, 35, 2144),
(9375, '1', 22, 21, 2144),
(9376, '1', 26, 1, 2144),
(9377, '2', 5, 3, 2144),
(9378, '2', 15, 40, 2144),
(9379, '2', 19, 3, 2144),
(9380, '2', 22, 32, 2144),
(9381, '2', 24, 1, 2144),
(9382, '2', 26, 1, 2144),
(9383, '3', 5, 1, 2144),
(9384, '3', 14, 1, 2144),
(9385, '3', 15, 56, 2144),
(9386, '3', 22, 3, 2144),
(9387, '4', 1, 11, 2144),
(9388, '4', 9, 2, 2144),
(9389, '4', 15, 5, 2144),
(9390, '4', 22, 6, 2144),
(9391, '5', 5, 1, 2144),
(9392, '5', 14, 1, 2144),
(9393, '5', 22, 52, 2144),
(9394, '5', 24, 1, 2144),
(9395, '6', 15, 2, 2144),
(9396, '6', 22, 45, 2144),
(9397, '10', 1, 1, 2145),
(9398, '10', 14, 1, 2145),
(9399, '10', 22, 21, 2145),
(9400, '6', 1, 2, 2145),
(9401, '6', 53, 3, 2145),
(9402, '7', 1, 2, 2145),
(9403, '7', 15, 1, 2145),
(9404, '7', 22, 20, 2145),
(9405, '7', 24, 1, 2145),
(9406, '8', 1, 7, 2145),
(9407, '8', 22, 12, 2145),
(9408, '8', 45, 1, 2145),
(9409, '9', 1, 1, 2145),
(9410, '9', 5, 1, 2145),
(9411, '9', 15, 5, 2145),
(9412, '9', 22, 30, 2145),
(9413, '1', 15, 5, 2146),
(9414, '1', 22, 3, 2146),
(9415, '2', 15, 3, 2146),
(9416, '2', 22, 15, 2146),
(9417, '2', 44, 1, 2146),
(9418, '3', 7, 1, 2146),
(9419, '3', 15, 1, 2146),
(9420, '3', 22, 24, 2146),
(9421, '4', 1, 1, 2146),
(9422, '4', 14, 1, 2146),
(9423, '4', 15, 410, 2146),
(9424, '4', 19, 2, 2146),
(9425, '4', 22, 5, 2146),
(9426, '5', 1, 2, 2146),
(9427, '5', 15, 77, 2146),
(9428, '5', 19, 1, 2146),
(9429, '5', 22, 8, 2146),
(9430, '5', 24, 2, 2146),
(9431, '6', 1, 1, 2146),
(9432, '6', 15, 3, 2146),
(9433, '6', 17, 1, 2146),
(9434, '6', 19, 1, 2146),
(9435, '6', 22, 3, 2146),
(9436, '6', 54, 1, 2146),
(9437, '10', 1, 1, 2147),
(9438, '10', 15, 19, 2147),
(9439, '10', 22, 2, 2147),
(9440, '10', 24, 2, 2147),
(9441, '10', 54, 1, 2147),
(9442, '7', 1, 1, 2147),
(9443, '7', 15, 1, 2147),
(9444, '7', 22, 1, 2147),
(9445, '7', 36, 1, 2147),
(9446, '8', 1, 4, 2147),
(9447, '8', 7, 1, 2147),
(9448, '8', 15, 9, 2147),
(9449, '8', 22, 2, 2147),
(9450, '9', 1, 2, 2147),
(9451, '9', 5, 2, 2147),
(9452, '9', 14, 1, 2147),
(9453, '9', 22, 1, 2147),
(9454, '9', 23, 1, 2147),
(9455, '9', 45, 1, 2147),
(9456, '9', 52, 1, 2147),
(9457, '9', 54, 1, 2147),
(9458, '10', 15, 37, 2148),
(9459, '10', 22, 14, 2148),
(9460, '10', 25, 1, 2148),
(9461, '10', 44, 1, 2148),
(9462, '7', 5, 1, 2148),
(9463, '7', 22, 16, 2148),
(9464, '7', 34, 1, 2148),
(9465, '8', 14, 1, 2148),
(9466, '8', 15, 3, 2148),
(9467, '8', 34, 1, 2148),
(9468, '9', 14, 1, 2148),
(9469, '9', 15, 1, 2148),
(9470, '9', 22, 11, 2148),
(9471, '9', 24, 1, 2148),
(9472, '9', 44, 1, 2148),
(9473, '10', 1, 1, 2149),
(9474, '10', 14, 1, 2149),
(9475, '10', 15, 12, 2149),
(9476, '10', 22, 1, 2149),
(9477, '8', 15, 59, 2149),
(9478, '8', 45, 1, 2149),
(9479, '9', 1, 1, 2149),
(9480, '9', 17, 14, 2149),
(9481, '9', 19, 10, 2149),
(9482, '9', 22, 14, 2149),
(9483, '9', 25, 1, 2149),
(9484, '9', 26, 1, 2149),
(9485, '9', 44, 1, 2149),
(9486, '1', 14, 13, 2150),
(9487, '1', 39, 1, 2150),
(9488, '10', 16, 1, 2150),
(9489, '11', 44, 5, 2150),
(9490, '12', 14, 2, 2150),
(9491, '2', 14, 1, 2150),
(9492, '3', 44, 4, 2150),
(9493, '4', 14, 5, 2150),
(9494, '5', 34, 7, 2150),
(9495, '5', 44, 2, 2150),
(9496, '6', 5, 1, 2150),
(9497, '6', 14, 2, 2150),
(9498, '7', 5, 2, 2150),
(9499, '7', 14, 1, 2150),
(9500, '7', 22, 2, 2150),
(9501, '7', 34, 1, 2150),
(9502, '8', 16, 2, 2150),
(9503, '8', 22, 1, 2150),
(9504, '9', 26, 1, 2150);

-- --------------------------------------------------------

--
-- Table structure for table `arthro_taxon`
--

CREATE TABLE `arthro_taxon` (
  `id` int(11) NOT NULL AUTO_INCREMENT,
  `taxon` varchar(6) NOT NULL,
  `taxon_name` varchar(50) DEFAULT NULL,
  `date_entered` datetime DEFAULT NULL,
  PRIMARY KEY (`id`),
  UNIQUE KEY `taxon` (`taxon`)
) ENGINE=InnoDB  DEFAULT CHARSET=latin1 AUTO_INCREMENT=58 ;

--
-- Dumping data for table `arthro_taxon`
--

INSERT INTO `arthro_taxon` (`id`, `taxon`, `taxon_name`, `date_entered`) VALUES
(1, 'ACARI', 'Acari', '2000-06-05 11:13:09'),
(2, 'AERID', 'Aerididae', '2000-06-05 11:13:09'),
(3, 'APHID', 'Aphididae', '2000-06-05 11:13:09'),
(4, 'APIDAE', 'Apidae', '2000-06-05 11:13:09'),
(5, 'ARAE', 'Araneae', '2001-11-30 15:08:54'),
(6, 'ARANEI', 'Araneida', '2000-06-05 11:13:09'),
(7, 'BLATT', 'Blattidae', '2000-06-05 11:13:09'),
(8, 'BLATTA', 'Blattaria', '2000-06-05 11:13:09'),
(9, 'BLATTE', 'Blattellidae', '2000-06-05 11:13:09'),
(10, 'CAPONI', 'Caponiidae', '2000-06-05 11:13:09'),
(11, 'CARAB', 'Carabidae', '2000-06-05 11:13:09'),
(12, 'CHILOP', 'Chilopoda (centipede)', '2000-06-05 11:13:09'),
(13, 'CICAD', 'Cicadellidae', '2000-06-05 11:13:09'),
(14, 'COLEOP', 'Coleoptera', '2000-06-05 11:13:09'),
(15, 'COLLEM', 'Collembola', '2000-06-05 11:13:09'),
(16, 'COPEP', 'Copepoda', '2000-06-05 11:13:09'),
(17, 'DERMA', 'Dermaptera', '2000-06-05 11:13:09'),
(18, 'DERMIM', 'Scorpiones', '2001-11-30 15:07:36'),
(19, 'DIPTER', 'Diptera', '2000-06-05 11:13:09'),
(20, 'ELATER', 'Elateridae', '2000-06-05 11:13:09'),
(21, 'EPHEME', 'Ephemeroptera', '2000-06-05 11:13:09'),
(22, 'FORMIC', 'Formicidae', '2000-06-05 11:13:09'),
(23, 'HEMIPT', 'Hemiptera', '2000-06-05 11:13:09'),
(24, 'HOMOPT', 'Homoptera', '2000-06-05 11:13:09'),
(25, 'HYMENO', 'Hymenoptera', '2000-06-05 11:13:09'),
(26, 'ISOPOD', 'Isopoda', '2000-06-05 11:13:09'),
(27, 'LEPIDO', 'Lepidoptera', '2000-06-05 11:13:09'),
(28, 'LEPISM', 'Lepismatidae', '2000-06-05 11:13:09'),
(29, 'MUTILL', 'Mutillidae', '2000-06-05 11:13:09'),
(30, 'MYRMEL', 'Myrmeleontidae', '2000-06-05 11:13:09'),
(31, 'MYRMI', 'Myrmicinae', '2000-06-05 11:13:09'),
(32, 'NABID', 'Nabidae', '2000-06-05 11:13:09'),
(33, 'NEUROP', 'Neuroptera', '2000-06-05 11:13:09'),
(34, 'ORTHO', 'Orthoptera', '2000-06-05 11:13:09'),
(35, 'OXAEI', 'Curculionidae', '2001-12-12 10:22:29'),
(36, 'PROTUR', 'Protura', '2000-06-05 11:13:09'),
(37, 'PSESCO', 'Pseudoscorpion', '2000-06-05 11:13:09'),
(38, 'PSOCOP', 'Psocoptera', '2000-06-05 11:13:09'),
(39, 'PSOCP', 'Diplopoda', '2001-11-30 14:54:00'),
(40, 'PTEROM', 'Pteromalidae', '2001-11-30 14:52:49'),
(41, 'REDUVI', 'Reduviidae', '2000-06-05 11:13:09'),
(42, 'SALTIC', 'Salticidae', '2000-06-05 11:13:09'),
(43, 'SCARAB', 'Scarabaeidae', '2000-06-05 11:13:09'),
(44, 'SCOLY', 'Isoptera', '2001-11-30 15:09:10'),
(45, 'SOLIF', 'Solifugae', '2001-11-30 15:08:38'),
(46, 'SPHEC', 'Sphecidae', '2000-06-05 11:13:09'),
(47, 'STAPHY', 'Staphylinidae', '2000-06-05 11:13:09'),
(48, 'STREPS', 'Strepsiptera', '2000-06-05 11:13:09'),
(49, 'TENEB', 'Tenebrionidae', '2000-06-05 11:13:09'),
(50, 'THERA', 'Theraphosidae', '2000-06-05 11:13:09'),
(51, 'THOMI', 'Thomisidae', '2000-06-05 11:13:09'),
(52, 'THURA', 'Thysanura', '2000-06-05 11:13:09'),
(53, 'THYSAN', 'Thysanoptera', '2000-06-05 11:13:09'),
(54, 'UNKNOW', 'Unknown', '2000-06-05 11:13:09'),
(55, 'UROP', 'Uropygi', '2001-11-30 15:08:20'),
(56, 'VESPI', 'Vespidae', '2000-06-05 11:13:09'),
(57, 'WINFOR', 'winged Formicidae', '2000-06-05 11:13:09');

-- --------------------------------------------------------

--
-- Table structure for table `bird_samples`
--

CREATE TABLE `bird_samples` (
  `id` int(11) NOT NULL AUTO_INCREMENT,
  `site_id` int(11) NOT NULL,
  `habitat_id` int(11) NOT NULL,
  `teachers_class_id` int(11) NOT NULL,
  `observer` varchar(255) DEFAULT NULL,
  `collection_date` date DEFAULT NULL,
  `time_start` time DEFAULT NULL,
  `time_end` time DEFAULT NULL,
  `air_temp` int(4) DEFAULT NULL,
  `cloud_cover_id` int(11) DEFAULT NULL,
  `comments` varchar(250) DEFAULT NULL,
  `date_entered` datetime DEFAULT NULL,
  PRIMARY KEY (`id`),
  KEY `site_id` (`site_id`),
  KEY `habitat_id` (`habitat_id`),
  KEY `teachers_class_id` (`teachers_class_id`),
  KEY `cloud_cover_id` (`cloud_cover_id`)
) ENGINE=InnoDB  DEFAULT CHARSET=latin1 AUTO_INCREMENT=2531 ;

--
-- Dumping data for table `bird_samples`
--

INSERT INTO `bird_samples` (`id`, `site_id`, `habitat_id`, `teachers_class_id`, `observer`, `collection_date`, `time_start`, `time_end`, `air_temp`, `cloud_cover_id`, `comments`, `date_entered`) VALUES
(1, 207, 300, 9, 'ReneeB', '2001-02-09', '09:05:00', '09:15:00', 48, 1, ' ', '2000-06-05 11:08:18'),
(2, 139, 252, 10, 'bmusheno', '2000-03-03', '12:38:00', '12:48:00', 75, 2, 'cool', '2000-06-05 11:08:18'),
(3, 122, 236, 4, 'sbowling', '1998-10-20', NULL, NULL, NULL, 2, ' ', '2000-06-05 11:08:18'),
(4, 122, 236, 4, 'sbowling', '1998-10-20', NULL, NULL, NULL, 1, ' ', '2000-06-05 11:08:18'),
(5, 122, 236, 4, 'sbowling', '1998-10-20', '08:40:00', '09:40:00', 78, 1, ' ', '2000-06-05 11:08:18'),
(6, 122, 236, 4, 'sbowling', '1998-10-20', '08:45:00', '09:45:00', NULL, 1, 'No winds.', '2000-06-05 11:08:18'),
(7, 122, 236, 4, 'sbowling', '1998-10-20', '08:45:00', '09:45:00', NULL, 1, 'No winds', '2000-06-05 11:08:18'),
(8, 122, 236, 4, 'sbowling', '1998-10-20', '08:45:00', '08:55:00', 70, 1, 'Trees, bushes and no water', '2000-06-05 11:08:18'),
(9, 122, 236, 4, 'sbowling', '1998-10-20', '08:45:00', '08:55:00', 76, 1, 'No wind; trees at a parking lot.', '2000-06-05 11:08:18'),
(10, 123, 237, 4, 'sbowling', '1998-10-23', '08:45:00', '20:55:00', NULL, 1, 'windy; dirt, sidewalk and trees', '2000-06-05 11:08:18'),
(11, 123, 237, 4, 'sbowling', '1998-10-23', '08:46:00', '08:55:00', 72, 2, ' ', '2000-06-05 11:08:18'),
(12, 123, 237, 4, 'sbowling', '1998-10-23', '08:40:00', '08:50:00', 72, 2, 'breeze to east;open field; canal, no water', '2000-06-05 11:08:18'),
(13, 123, 237, 4, 'sbowling', '1998-10-23', '08:40:00', '08:55:00', 72, 2, 'wind west; grass open field', '2000-06-05 11:08:18'),
(14, 123, 237, 4, 'sbowling', '1998-10-23', '08:45:00', '08:55:00', NULL, 2, 'breezy, blowing to the east; trees and canal', '2000-06-05 11:08:18'),
(15, 124, 238, 4, 'sbowling', '1998-10-27', '08:47:00', '08:57:00', 62, 1, 'No wind; sunny;Open field Canal no water', '2000-06-05 11:08:18'),
(16, 124, 238, 4, 'sbowling', '1998-10-27', '08:40:00', '08:50:00', 62, 3, 'It rained a lot.;Canal water park ina lot of tree', '2000-06-05 11:08:18'),
(17, 124, 238, 4, 'sbowling', '1998-10-27', '08:45:00', '08:55:00', 62, 1, ' ', '2000-06-05 11:08:18'),
(18, 124, 238, 4, 'sbowling', '1998-10-27', '08:39:00', '08:49:00', 62, 1, 'Ground wet from rain. no wind;Trees lot', '2000-06-05 11:08:18'),
(19, 124, 238, 4, 'sbowling', '1998-10-27', '08:38:00', '09:00:00', 62, 1, 'Ground is wet Cool;Trees, grass, bushes, and bus', '2000-06-05 11:08:18'),
(20, 124, 238, 4, 'sbowling', '1998-10-27', '08:39:00', '08:50:00', 62, 1, 'Rained, muddy; cool;Trees, grass, street', '2000-06-05 11:08:18'),
(21, 124, 238, 4, 'sbowling', '1998-10-27', '08:41:00', '08:51:00', 62, 1, 'Breezy', '2000-06-05 11:08:18'),
(22, 125, 239, 4, 'sbowling', '1998-11-05', '08:46:00', '08:56:00', 71, 1, 'tree, grass, street', '2000-06-05 11:08:18'),
(23, 125, 239, 4, 'BillyH', '1998-11-05', '08:46:00', '08:56:00', 71, 1, 'grassy, cananl', '2000-06-05 11:08:18'),
(24, 123, 237, 4, 'TonyaD', '1998-11-05', '08:50:00', '09:00:00', 71, 1, ' ', '2000-06-05 11:08:18'),
(25, 127, 241, 4, 'JoseC', '1998-11-05', '08:45:00', '08:55:00', 71, 1, 'Parking lot, trees, canal water', '2000-06-05 11:08:18'),
(26, 122, 236, 4, 'VictorD', '1998-11-05', '08:52:00', '21:02:00', 71, 1, 'Sidewalk, trees', '2000-06-05 11:08:18'),
(27, 129, 243, 4, 'MiriamR', '1998-11-05', '08:45:00', '08:55:00', 71, 1, 'Trees, parking lot', '2000-06-05 11:08:18'),
(28, 128, 242, 4, 'GuillermoG', '1998-11-05', '08:55:00', '09:05:00', 71, 1, ' ', '2000-06-05 11:08:18'),
(29, 124, 238, 4, 'CrystalY', '1998-11-05', '08:40:00', '20:50:00', 71, 1, ' ', '2000-06-05 11:08:18'),
(30, 126, 240, 4, 'MiriamR', '1998-11-10', '08:31:00', '08:41:00', 55, 1, ' ', '2000-06-05 11:08:18'),
(31, 123, 237, 4, 'StephanyS', '1998-11-10', '08:30:00', '08:40:00', 55, 1, 'Wind to the east', '2000-06-05 11:08:18'),
(32, 122, 236, 4, 'GuillermoG', '1998-11-10', '08:30:00', '08:40:00', 55, 1, 'Little wind', '2000-06-05 11:08:18'),
(33, 129, 243, 4, 'JaimeR', '1998-11-10', '08:42:00', '08:52:00', 55, 1, ' ', '2000-06-05 11:08:18'),
(34, 124, 238, 4, 'PatrickB', '1998-11-10', '08:30:00', '08:40:00', 55, 1, 'A little bit of wind', '2000-06-05 11:08:18'),
(35, 126, 240, 4, 'AndrewG', '1998-11-10', '08:30:00', '08:40:00', 55, 1, 'East Wind', '2000-06-05 11:08:18'),
(36, 127, 241, 4, 'VictorD', '1998-11-10', '08:31:00', '08:41:00', 55, 1, ' ', '2000-06-05 11:08:18'),
(37, 128, 242, 4, 'AlyssaA', '1998-11-10', '08:32:00', '08:42:00', 55, 1, 'Light wind to the east', '2000-06-05 11:08:18'),
(38, 123, 237, 4, 'BillyH', '1998-11-17', '08:52:00', '09:02:00', 62, 1, 'slightly windy to east', '2000-06-05 11:08:18'),
(39, 122, 236, 4, 'GuillermoG', '1998-11-17', '08:50:00', '09:00:00', 61, 1, 'Breezy to the west', '2000-06-05 11:08:18'),
(40, 124, 238, 4, 'JulioD', '1998-11-17', '08:50:00', '09:00:00', 62, 1, 'Big Trees', '2000-06-05 11:08:18'),
(41, 129, 243, 4, 'AlyssaA', '1998-11-17', '08:51:00', '09:01:00', 62, 1, ' ', '2000-06-05 11:08:18'),
(42, 126, 240, 4, 'VictorD', '1998-11-17', '08:40:00', '08:50:00', 62, 1, ' ', '2000-06-05 11:08:18'),
(43, 125, 239, 4, 'JoseC', '1998-11-17', '08:50:00', '09:00:00', 62, 1, ' ', '2000-06-05 11:08:18'),
(44, 128, 242, 4, 'StephanyS', '1998-11-17', '08:50:00', '09:00:00', 62, 1, 'Breezy to the east', '2000-06-05 11:08:18'),
(45, 127, 241, 4, 'PriscillaS', '1998-11-17', '08:49:00', '08:59:00', 62, 1, ' ', '2000-06-05 11:08:18'),
(46, 129, 243, 4, 'PatrickB', '1998-11-24', '08:40:00', '08:50:00', 52, 1, 'slightly breezy to the west', '2000-06-05 11:08:18'),
(47, 124, 238, 4, 'AndrewG', '1998-11-24', '08:40:00', '08:50:00', 52, 1, 'Wind from the west', '2000-06-05 11:08:18'),
(48, 125, 239, 4, 'VictorD', '1998-11-24', '08:43:00', '08:53:00', 52, 1, ' ', '2000-06-05 11:08:18'),
(49, 127, 241, 4, 'GuillermoG', '1998-11-24', '08:40:00', '08:50:00', 52, 1, ' ', '2000-06-05 11:08:18'),
(50, 126, 240, 4, 'JessicaL', '1998-11-24', '08:38:00', '08:48:00', 52, 1, ' ', '2000-06-05 11:08:18'),
(51, 123, 237, 4, 'JaimeR', '1998-11-24', '08:39:00', '08:49:00', 52, 1, 'Breezy to the west', '2000-06-05 11:08:18'),
(52, 128, 242, 4, 'CrystalY', '1998-11-24', '08:30:00', '08:40:00', 52, 1, ' ', '2000-06-05 11:08:18'),
(53, 122, 236, 4, 'TonyaD', '1998-11-24', '08:40:00', '08:50:00', 52, 1, 'Slightly breezy to the west.', '2000-06-05 11:08:18'),
(54, 129, 243, 4, 'PatrickB', '1998-12-05', '08:40:00', '08:50:00', 52, 1, ' ', '2000-06-05 11:08:18'),
(55, 122, 236, 4, 'BiancaC', '1998-12-05', '08:40:00', '08:50:00', 52, 1, ' ', '2000-06-05 11:08:18'),
(56, 123, 237, 4, 'jasonT', '1998-12-04', '08:40:00', '08:50:00', 52, 1, ' ', '2000-06-05 11:08:18'),
(57, 125, 239, 4, 'BobbyT', '1998-12-04', '08:40:00', '08:50:00', 52, 1, ' ', '2000-06-05 11:08:18'),
(58, 126, 240, 4, 'GuillermoG', '1998-12-04', '08:38:00', '08:48:00', 52, 1, ' ', '2000-06-05 11:08:18'),
(59, 127, 241, 4, 'TonyaD', '1998-12-04', '08:41:00', '08:51:00', 52, 1, ' ', '2000-06-05 11:08:18'),
(60, 128, 242, 4, 'LuisS', '1998-12-04', '08:40:00', '08:50:00', 52, 1, ' ', '2000-06-05 11:08:18'),
(61, 207, 300, 4, 'ReneeB', '2001-01-29', '09:05:00', '09:15:00', 48, 1, ' ', '2000-06-05 11:08:18'),
(62, 123, 237, 4, 'sbowling', '1999-11-18', '08:40:00', '08:50:00', 62, 2, ' ', '2000-06-05 11:08:18'),
(63, 122, 236, 4, 'sbowling', '1999-11-18', '08:40:00', '08:50:00', 62, 2, ' ', '2000-06-05 11:08:18'),
(64, 128, 242, 4, 'BrendaM', '1999-11-18', '08:40:00', '08:50:00', 62, 2, ' ', '2000-06-05 11:08:18'),
(65, 125, 239, 4, 'JarydP', '1999-11-18', '08:40:00', '08:50:00', 62, 2, ' ', '2000-06-05 11:08:18'),
(66, 129, 243, 4, 'FlorG', '1999-11-18', '08:40:00', '08:50:00', 62, 2, ' ', '2000-06-05 11:08:18'),
(67, 122, 236, 4, 'LisaT', '1999-11-18', '08:40:00', '08:50:00', NULL, 1, ' ', '2000-06-05 11:08:18'),
(68, 122, 236, 4, 'sbowling', '1999-11-18', '08:40:00', '08:50:00', NULL, 1, ' ', '2000-06-05 11:08:18'),
(69, 127, 241, 4, 'LisaT', '1999-11-18', '08:40:00', '08:50:00', NULL, 1, ' ', '2000-06-05 11:08:18'),
(70, 127, 241, 4, 'LisaT', '1999-11-18', '08:40:00', '08:50:00', NULL, 1, ' ', '2000-06-05 11:08:18'),
(71, 130, 244, 4, 'SalinaR', '1999-11-18', '08:40:00', '08:50:00', NULL, 1, ' ', '2000-06-05 11:08:18'),
(72, 122, 236, 4, 'PeterS', '1999-11-18', '08:40:00', '08:50:00', NULL, 1, ' ', '2000-06-05 11:08:18'),
(73, 122, 236, 4, 'MegH', '1999-11-10', '08:40:00', '08:50:00', NULL, 1, ' ', '2000-06-05 11:08:18'),
(74, 122, 236, 4, 'TimW', '1999-11-10', '08:40:00', '08:50:00', NULL, 1, ' ', '2000-06-05 11:08:18'),
(75, 122, 236, 4, 'TimW', '1999-11-10', '08:40:00', '08:50:00', NULL, 1, ' ', '2000-06-05 11:08:18'),
(76, 122, 236, 4, 'TimW', '1999-11-10', '08:40:00', '08:50:00', NULL, 1, ' ', '2000-06-05 11:08:18'),
(77, 122, 236, 4, 'EugeniaP', '1999-11-10', '08:40:00', '08:50:00', NULL, 1, ' ', '2000-06-05 11:08:18'),
(78, 122, 236, 4, 'sbowling', '1999-11-10', '08:40:00', '08:50:00', 60, 1, ' ', '2000-06-05 11:08:18'),
(79, 122, 236, 4, 'sbowling', '1999-11-10', '08:40:00', '08:50:00', 60, 1, ' ', '2000-06-05 11:08:18'),
(80, 122, 236, 4, 'sbowling', '1999-11-10', '08:40:00', '08:50:00', 60, 1, ' ', '2000-06-05 11:08:18'),
(81, 129, 243, 4, 'JacobL', '1999-10-18', '08:40:00', '08:50:00', 63, 1, ' ', '2000-06-05 11:08:18'),
(82, 127, 241, 4, 'SalinaR', '1999-10-18', '08:40:00', '08:50:00', 60, 1, ' ', '2000-06-05 11:08:18'),
(83, 128, 242, 4, 'BlaineS', '1999-10-18', '08:40:00', '08:50:00', 63, 1, ' ', '2000-06-05 11:08:18'),
(84, 124, 238, 4, 'DesireeC', '1999-10-18', '08:40:00', '08:50:00', 63, 1, ' ', '2000-06-05 11:08:18'),
(85, 125, 239, 4, 'sbowling', '1999-10-18', '08:40:00', '08:50:00', 63, 1, ' ', '2000-06-05 11:08:18'),
(86, 122, 236, 4, 'SeanH', '1999-10-18', '08:40:00', '08:50:00', 63, 1, ' ', '2000-06-05 11:08:18'),
(87, 123, 237, 4, 'ChrisB', '1999-10-18', '08:40:00', '08:50:00', 63, 1, ' ', '2000-06-05 11:08:18'),
(88, 130, 244, 4, 'JosephM', '1999-10-18', '08:40:00', '08:50:00', 63, 1, ' ', '2000-06-05 11:08:18'),
(89, 126, 240, 4, 'ElsaF', '1999-10-18', '08:40:00', '08:50:00', NULL, 1, ' ', '2000-06-05 11:08:18'),
(90, 130, 244, 4, 'JacobL', '1999-11-04', '08:40:00', '08:50:00', 80, 1, ' ', '2000-06-05 11:08:18'),
(91, 129, 243, 4, 'BlaineS', '1999-11-04', '08:40:00', '08:50:00', 80, 1, ' ', '2000-06-05 11:08:18'),
(92, 126, 240, 4, 'TerryW', '1999-11-04', '08:40:00', '08:50:00', 80, 1, ' ', '2000-06-05 11:08:18'),
(93, 123, 237, 4, 'JarydP', '1999-11-04', '08:40:00', '08:50:00', 80, 1, ' ', '2000-06-05 11:08:18'),
(94, 122, 236, 4, 'FlorG', '1999-11-04', '08:40:00', '08:50:00', 80, 1, ' ', '2000-06-05 11:08:18'),
(95, 128, 242, 4, 'SalinaR', '1999-11-04', '08:40:00', '08:50:00', 80, 1, ' ', '2000-06-05 11:08:18'),
(96, 127, 241, 4, 'PetraC', '1999-11-04', '08:40:00', '08:40:00', 80, 1, ' ', '2000-06-05 11:08:18'),
(97, 124, 238, 4, 'ChrisB', '1999-11-04', '08:40:00', '08:50:00', 80, 1, ' ', '2000-06-05 11:08:18'),
(98, 205, 75, 9, 'ReneeB', '1999-11-16', '08:55:00', '09:05:00', 85, 1, '1st survey', '2000-06-05 11:08:18'),
(99, 125, 239, 4, 'JoseA', '1999-12-06', '09:45:00', '09:55:00', 64, 2, ' ', '2000-06-05 11:08:18'),
(100, 130, 244, 4, 'MegH', '1999-12-06', '09:45:00', '09:55:00', 64, 2, ' ', '2000-06-05 11:08:18'),
(101, 127, 241, 4, 'JosephM', '1999-12-06', '09:45:00', '09:55:00', 64, 2, 'no birds seen', '2000-06-05 11:08:18'),
(102, 123, 237, 4, 'ElsaF', '1999-12-06', '09:45:00', '09:55:00', 64, 2, ' ', '2000-06-05 11:08:18'),
(103, 128, 242, 4, 'AdrianG', '1999-12-06', '09:45:00', '09:55:00', 64, 2, ' ', '2000-06-05 11:08:18'),
(104, 124, 238, 4, 'SalinaR', '1999-12-06', '09:45:00', '09:45:00', 64, 2, ' ', '2000-06-05 11:08:18'),
(105, 122, 236, 4, 'MoisesF', '1999-11-04', '08:40:00', '08:50:00', 80, 1, ' ', '2000-06-05 11:08:18'),
(106, 129, 243, 4, 'SalinaR', '1999-11-10', '08:40:00', '08:50:00', 60, 1, ' ', '2000-06-05 11:08:18'),
(107, 128, 242, 4, 'ElsaF', '1999-11-10', '08:40:00', '08:50:00', NULL, 1, ' ', '2000-06-05 11:08:18'),
(108, 123, 237, 4, 'sbowling', '1999-11-10', '08:40:00', '08:50:00', 60, 1, ' ', '2000-06-05 11:08:18'),
(109, 205, 75, 9, 'ReneeB', '1999-12-06', '08:55:00', '09:05:00', 85, 1, '3 mph wind', '2000-06-05 11:08:18'),
(110, 207, 300, 9, 'ReneeB', '1999-12-01', '08:55:00', '09:05:00', NULL, 1, ' ', '2000-06-05 11:08:18'),
(111, 207, 300, 9, 'ReneeB', '1999-12-01', '08:55:00', '09:05:00', NULL, 1, ' ', '2000-06-05 11:08:18'),
(112, 208, 303, 9, 'ReneeB', '1999-12-07', '09:02:00', '09:12:00', NULL, 2, ' ', '2000-06-05 11:08:18'),
(113, 208, 303, 9, 'ReneeB', '1999-12-01', '08:55:00', '09:05:00', NULL, 1, ' ', '2000-06-05 11:08:18'),
(114, 208, 303, 9, 'ReneeB', '1999-12-01', '08:55:00', '09:05:00', NULL, 1, ' ', '2000-06-05 11:08:18'),
(115, 208, 303, 9, 'ReneeB', '1999-12-01', '08:55:00', '09:05:00', NULL, 1, ' ', '2000-06-05 11:08:18'),
(116, 211, 308, 9, 'ReneeB', '1999-12-06', '08:50:00', '09:00:00', NULL, 1, ' ', '2000-06-05 11:08:18'),
(117, 209, 305, 9, 'ReneeB', '1999-12-02', '09:07:00', '09:17:00', NULL, 1, ' ', '2000-06-05 11:08:18'),
(118, 212, 309, 9, 'ReneeB', '1999-12-01', '08:55:00', '09:05:00', NULL, 3, ' ', '2000-06-05 11:08:18'),
(119, 212, 309, 9, 'ReneeB', '1999-12-01', '08:55:00', '09:05:00', NULL, 3, ' ', '2000-06-05 11:08:18'),
(120, 212, 309, 9, 'ReneeB', '1999-12-01', '08:55:00', '09:05:00', NULL, 3, ' ', '2000-06-05 11:08:18'),
(121, 212, 309, 9, 'ReneeB', '1999-12-01', '08:55:00', '09:05:00', NULL, 3, ' ', '2000-06-05 11:08:18'),
(122, 212, 309, 9, 'ReneeB', '1999-12-01', '08:55:00', '09:05:00', 12, 3, ' ', '2000-06-05 11:08:18'),
(123, 212, 309, 9, 'ReneeB', '1999-12-01', '08:55:00', '09:05:00', NULL, 3, ' ', '2000-06-05 11:08:18'),
(124, 207, 300, 9, 'ReneeB', '1999-12-06', '08:49:00', '08:59:00', NULL, 1, ' ', '2000-06-05 11:08:18'),
(125, 212, 309, 9, 'ReneeB', '1999-12-01', '08:55:00', '09:05:00', NULL, 3, ' ', '2000-06-05 11:08:18'),
(126, 205, 75, 9, 'ReneeB', '1999-12-01', '08:55:00', '09:05:00', NULL, 3, ' ', '2000-06-05 11:08:18'),
(127, 212, 309, 9, 'ReneeB', '1999-12-01', '08:55:00', '09:05:00', NULL, 3, ' ', '2000-06-05 11:08:18'),
(128, 212, 309, 9, 'ReneeB', '1999-12-01', '08:55:00', '09:05:00', NULL, 3, ' ', '2000-06-05 11:08:18'),
(129, 208, 303, 9, 'ReneeB', '1999-12-01', '08:55:00', '09:05:00', NULL, 1, ' ', '2000-06-05 11:08:18'),
(130, 211, 308, 9, 'ReneeB', '1999-11-29', '09:30:00', '09:40:00', NULL, 2, ' ', '2000-06-05 11:08:18'),
(131, 208, 303, 9, 'ReneeB', '1999-12-02', '09:07:00', '09:17:00', 0, 2, ' ', '2000-06-05 11:08:18'),
(132, 212, 309, 9, 'ReneeB', '1999-12-01', '08:55:00', '09:05:00', NULL, 3, 'it was cold.', '2000-06-05 11:08:18'),
(133, 211, 308, 9, 'ReneeB', '1999-11-29', '09:30:00', '09:40:00', NULL, 2, ' ', '2000-06-05 11:08:18'),
(134, 212, 309, 9, 'ReneeB', '1999-12-01', '08:55:00', '09:05:00', NULL, 3, 'it was cold.', '2000-06-05 11:08:18'),
(135, 212, 309, 9, 'ReneeB', '1999-12-01', '08:55:00', '09:05:00', NULL, 3, 'it was cold.', '2000-06-05 11:08:18'),
(136, 209, 305, 9, 'ReneeB', '1999-12-01', '08:55:00', '09:05:00', NULL, 3, ' ', '2000-06-05 11:08:18'),
(137, 212, 309, 9, 'ReneeB', '1999-12-01', '08:55:00', '09:05:00', NULL, 3, 'it was cold.', '2000-06-05 11:08:18'),
(138, 212, 309, 9, 'ReneeB', '1999-12-01', '08:55:00', '09:05:00', NULL, 3, 'it was cold.', '2000-06-05 11:08:18'),
(139, 212, 309, 9, 'ReneeB', '1999-12-01', '08:55:00', '09:05:00', NULL, 3, 'it was cold.', '2000-06-05 11:08:18'),
(140, 212, 309, 9, 'ReneeB', '1999-12-01', '08:55:00', '09:05:00', NULL, 3, 'it was cold.', '2000-06-05 11:08:18'),
(141, 209, 305, 9, 'ReneeB', '1999-11-29', '09:30:00', '09:40:00', 0, 3, ' ', '2000-06-05 11:08:18'),
(142, 205, 75, 9, 'ReneeB', '1999-12-01', '08:53:00', '09:03:00', NULL, 2, ' ', '2000-06-05 11:08:18'),
(143, 212, 309, 9, 'ReneeB', '1999-12-01', '08:55:00', '09:05:00', NULL, 3, 'it was cold.', '2000-06-05 11:08:18'),
(144, 212, 309, 9, 'ReneeB', '1999-12-01', '08:55:00', '09:05:00', NULL, 3, 'it was cold.', '2000-06-05 11:08:18'),
(145, 212, 309, 9, 'ReneeB', '1999-12-01', '08:55:00', '09:05:00', NULL, 3, 'it was cold.', '2000-06-05 11:08:18'),
(146, 211, 308, 9, 'ReneeB', '1999-12-01', '08:55:00', '09:05:00', 75, 1, ' ', '2000-06-05 11:08:18'),
(147, 208, 303, 9, 'ReneeB', '1999-12-06', '08:55:00', '09:05:00', NULL, 1, ' ', '2000-06-05 11:08:18'),
(148, 208, 303, 9, 'ReneeB', '1999-12-06', '08:55:00', '09:05:00', NULL, 1, ' ', '2000-06-05 11:08:18'),
(149, 207, 300, 9, 'ReneeB', '1999-11-29', '09:30:00', '09:40:00', NULL, 1, ' ', '2000-06-05 11:08:18'),
(150, 211, 308, 9, 'ReneeB', '1999-12-01', '08:55:00', '09:05:00', 75, 1, ' ', '2000-06-05 11:08:18'),
(151, 207, 300, 9, 'ReneeB', '1999-12-02', '09:07:00', '09:17:00', NULL, 2, ' ', '2000-06-05 11:08:18'),
(152, 211, 308, 9, 'ReneeB', '1999-12-01', '08:55:00', '09:05:00', 75, 1, ' ', '2000-06-05 11:08:18'),
(153, 211, 308, 9, 'ReneeB', '1999-12-01', '08:55:00', '09:05:00', 75, 1, ' ', '2000-06-05 11:08:18'),
(154, 208, 303, 9, 'ReneeB', '1999-12-13', '08:55:00', '09:05:00', NULL, 2, ' ', '2000-06-05 11:08:18'),
(155, 207, 300, 9, 'ReneeB', '1999-12-02', '09:07:00', '09:17:00', NULL, 2, ' ', '2000-06-05 11:08:18'),
(156, 207, 300, 9, 'ReneeB', '1999-12-02', '09:07:00', '09:17:00', NULL, 2, ' ', '2000-06-05 11:08:18'),
(157, 208, 303, 9, 'ReneeB', '1999-12-01', '08:55:00', '09:05:00', NULL, 1, ' ', '2000-06-05 11:08:18'),
(158, 213, 310, 9, 'ReneeB', '1999-12-01', '08:55:00', '09:05:00', 75, 1, ' ', '2000-06-05 11:08:18'),
(159, 210, 307, 9, 'ReneeB', '1999-12-06', '08:50:00', '09:00:00', NULL, 1, ' ', '2000-06-05 11:08:18'),
(160, 213, 310, 9, 'ReneeB', '1999-12-01', '08:55:00', '09:05:00', 75, 1, 'very cloudy', '2000-06-05 11:08:18'),
(161, 213, 310, 9, 'ReneeB', '1999-12-01', '08:55:00', '09:05:00', 75, 1, ' ', '2000-06-05 11:08:18'),
(162, 209, 305, 9, 'ReneeB', '1999-12-06', '08:55:00', '09:05:00', NULL, 1, ' ', '2000-06-05 11:08:18'),
(163, 211, 308, 9, 'ReneeB', '1999-12-13', '08:55:00', '09:05:00', NULL, 2, ' ', '2000-06-05 11:08:18'),
(164, 209, 305, 9, 'ReneeB', '1999-12-13', '08:55:00', '09:05:00', NULL, 2, ' ', '2000-06-05 11:08:18'),
(165, 210, 307, 9, 'ReneeB', '1999-12-06', '08:55:00', '09:05:00', 0, 1, 'Blue sky', '2000-06-05 11:08:18'),
(166, 210, 307, 9, 'ReneeB', '1999-12-06', '08:55:00', '09:05:00', 0, 1, 'Blue sky', '2000-06-05 11:08:18'),
(167, 212, 309, 9, 'ReneeB', '1999-12-17', '09:30:00', '09:40:00', NULL, 1, ' ', '2000-06-05 11:08:18'),
(168, 213, 310, 9, 'ReneeB', '2000-01-14', '09:05:00', '09:15:00', NULL, 2, ' ', '2000-06-05 11:08:18'),
(169, 207, 300, 9, 'ReneeB', '2000-01-20', '09:00:00', '09:10:00', NULL, 2, ' ', '2000-06-05 11:08:18'),
(170, 211, 308, 9, 'ReneeB', '2000-01-20', '09:00:00', '09:10:00', NULL, 2, ' ', '2000-06-05 11:08:18'),
(171, 205, 75, 9, 'ReneeB', '0000-00-00', '09:00:00', '09:10:00', NULL, 3, ' ', '2000-06-05 11:08:18'),
(172, 207, 300, 9, 'ReneeB', '2000-01-22', '09:00:00', '09:10:00', NULL, 2, ' ', '2000-06-05 11:08:18'),
(173, 209, 305, 9, 'ReneeB', '2000-01-25', '09:00:00', '09:10:00', NULL, 3, ' ', '2000-06-05 11:08:18'),
(174, 213, 310, 9, 'ReneeB', '2000-01-25', '09:00:00', '09:10:00', NULL, 3, ' ', '2000-06-05 11:08:18'),
(175, 205, 75, 9, 'ReneeB', '2000-01-25', '09:00:00', '09:10:00', NULL, 2, ' ', '2000-06-05 11:08:18'),
(176, 210, 307, 9, 'ReneeB', '2000-01-25', '09:00:00', '09:10:00', NULL, 2, ' ', '2000-06-05 11:08:18'),
(177, 208, 303, 9, 'ReneeB', '2000-01-25', '09:00:00', '09:10:00', NULL, 3, ' ', '2000-06-05 11:08:18'),
(178, 210, 307, 9, 'ReneeB', '1999-12-14', '09:05:00', '09:15:00', NULL, 3, ' ', '2000-06-05 11:08:18'),
(179, 209, 305, 9, 'ReneeB', '2000-01-14', '09:05:00', '09:15:00', NULL, 1, ' ', '2000-06-05 11:08:18'),
(180, 209, 305, 9, 'ReneeB', '1999-12-03', '09:10:00', '09:20:00', NULL, 1, ' ', '2000-06-05 11:08:18'),
(181, 208, 303, 9, 'ReneeB', '1999-12-14', '09:05:00', '09:15:00', NULL, 3, ' ', '2000-06-05 11:08:18'),
(182, 210, 307, 9, 'ReneeB', '1999-12-03', '09:10:00', '09:20:00', NULL, 1, ' ', '2000-06-05 11:08:18'),
(183, 210, 307, 9, 'ReneeB', '1999-11-30', '09:30:00', '09:40:00', NULL, 3, ' ', '2000-06-05 11:08:18'),
(184, 209, 305, 9, 'ReneeB', '1999-11-30', '09:30:00', '09:40:00', NULL, 2, ' ', '2000-06-05 11:08:18'),
(185, 209, 305, 9, 'ReneeB', '1999-11-30', '09:30:00', '09:40:00', NULL, 2, ' ', '2000-06-05 11:08:18'),
(186, 210, 307, 9, 'ReneeB', '1999-12-08', '08:55:00', '09:05:00', NULL, 2, ' ', '2000-06-05 11:08:18'),
(187, 208, 303, 9, 'ReneeB', '1999-12-16', '08:45:00', '08:55:00', NULL, 2, ' ', '2000-06-05 11:08:18'),
(188, 212, 309, 9, 'ReneeB', '2000-01-13', '08:45:00', '08:55:00', NULL, 1, ' ', '2000-06-05 11:08:18'),
(189, 210, 307, 9, 'ReneeB', '1999-12-08', '08:55:00', '09:05:00', NULL, 2, ' ', '2000-06-05 11:08:18'),
(190, 212, 309, 9, 'ReneeB', '1999-11-29', '09:30:00', '09:40:00', NULL, 2, ' ', '2000-06-05 11:08:18'),
(191, 212, 309, 9, 'ReneeB', '1999-11-30', '09:30:00', '09:45:00', NULL, 3, ' ', '2000-06-05 11:08:18'),
(192, 212, 309, 9, 'ReneeB', '1999-12-06', '08:50:00', '09:00:00', NULL, 1, ' ', '2000-06-05 11:08:18'),
(193, 212, 309, 9, 'ReneeB', '1999-12-02', '09:07:00', '09:17:00', NULL, 1, ' ', '2000-06-05 11:08:18'),
(194, 212, 309, 9, 'ReneeB', '1999-12-03', '09:10:00', '09:20:00', NULL, 1, ' ', '2000-06-05 11:08:18'),
(195, 212, 309, 9, 'ReneeB', '1999-12-14', '09:05:00', '09:05:00', NULL, 3, ' ', '2000-06-05 11:08:18'),
(196, 212, 309, 9, 'ReneeB', '2000-01-10', '08:50:00', '09:00:00', NULL, 2, ' ', '2000-06-05 11:08:18'),
(197, 212, 309, 9, 'ReneeB', '1999-12-03', '09:10:00', '09:20:00', NULL, 1, ' ', '2000-06-05 11:08:18'),
(198, 212, 309, 9, 'ReneeB', '1999-12-16', '08:45:00', '08:55:00', NULL, 3, ' ', '2000-06-05 11:08:18'),
(199, 210, 307, 9, 'ReneeB', '1999-12-16', '08:45:00', '08:55:00', NULL, 3, ' ', '2000-06-05 11:08:18'),
(200, 205, 75, 9, 'ReneeB', '2000-01-14', '09:05:00', '09:15:00', NULL, 2, ' ', '2000-06-05 11:08:18'),
(201, 210, 307, 9, 'ReneeB', '2000-01-18', '08:45:00', '08:55:00', NULL, 3, ' ', '2000-06-05 11:08:18'),
(202, 208, 303, 9, 'ReneeB', '2000-01-14', '08:45:00', '08:55:00', NULL, 3, ' ', '2000-06-05 11:08:18'),
(203, 213, 310, 9, 'ReneeB', '2000-01-21', '08:50:00', '09:00:00', NULL, 3, ' ', '2000-06-05 11:08:18'),
(204, 213, 310, 9, 'ReneeB', '2000-01-18', '08:45:00', '08:45:00', NULL, 3, ' ', '2000-06-05 11:08:18'),
(205, 205, 75, 9, 'ReneeB', '2000-01-19', '08:45:00', '08:55:00', NULL, 3, ' ', '2000-06-05 11:08:18'),
(206, 212, 309, 9, 'ReneeB', '2000-01-20', '09:00:00', '09:10:00', NULL, 3, ' ', '2000-06-05 11:08:18'),
(207, 207, 300, 9, 'ReneeB', '2000-01-18', '08:45:00', '08:55:00', NULL, 3, ' ', '2000-06-05 11:08:18'),
(208, 205, 75, 9, 'ReneeB', '1999-12-17', '09:35:00', '09:45:00', NULL, 2, ' ', '2000-06-05 11:08:18'),
(209, 207, 300, 9, 'ReneeB', '2000-01-21', '08:50:00', '09:00:00', NULL, 3, ' ', '2000-06-05 11:08:18'),
(210, 205, 75, 9, 'ReneeB', '2000-01-21', '08:52:00', '09:02:00', NULL, 3, ' ', '2000-06-05 11:08:18'),
(211, 209, 305, 9, 'ReneeB', '2000-01-24', '08:50:00', '09:00:00', NULL, 3, ' ', '2000-06-05 11:08:18'),
(212, 208, 303, 9, 'ReneeB', '2000-01-24', '08:50:00', '09:00:00', NULL, 3, ' ', '2000-06-05 11:08:18'),
(213, 209, 305, 9, 'ReneeB', '2000-01-24', '08:50:00', '09:00:00', NULL, 3, ' ', '2000-06-05 11:08:18'),
(214, 213, 310, 9, 'ReneeB', '2000-01-24', '08:45:00', '08:55:00', NULL, 2, ' ', '2000-06-05 11:08:18'),
(215, 209, 305, 9, 'ReneeB', '2000-01-24', '08:50:00', '09:00:00', NULL, 3, ' ', '2000-06-05 11:08:18'),
(216, 205, 75, 9, 'ReneeB', '2000-01-20', '09:00:00', '09:10:00', NULL, 3, ' ', '2000-06-05 11:08:18'),
(217, 210, 307, 9, 'ReneeB', '2000-01-21', '08:50:00', '09:00:00', NULL, 3, ' ', '2000-06-05 11:08:18'),
(218, 212, 309, 9, 'ReneeB', '2000-01-24', '08:50:00', '09:00:00', NULL, 2, ' ', '2000-06-05 11:08:18'),
(219, 205, 75, 9, 'ReneeB', '2000-01-24', '08:47:00', '08:57:00', NULL, 2, ' ', '2000-06-05 11:08:18'),
(220, 209, 305, 9, 'ReneeB', '2000-01-21', '08:50:00', '09:00:00', NULL, 3, ' ', '2000-06-05 11:08:18'),
(221, 205, 75, 9, 'ReneeB', '1999-12-07', '08:55:00', '09:05:00', NULL, 3, ' ', '2000-06-05 11:08:18'),
(222, 207, 300, 9, 'ReneeB', '1999-11-30', '09:30:00', '09:40:00', NULL, 3, ' ', '2000-06-05 11:08:18'),
(223, 207, 300, 9, 'ReneeB', '2000-01-24', '08:45:00', '08:55:00', NULL, 3, ' ', '2000-06-05 11:08:18'),
(224, 212, 309, 9, 'ReneeB', '1999-12-10', '09:00:00', '09:10:00', NULL, 2, ' ', '2000-06-05 11:08:18'),
(225, 209, 305, 9, 'ReneeB', '2000-01-20', '09:00:00', '09:10:00', NULL, 3, ' ', '2000-06-05 11:08:18'),
(226, 212, 309, 9, 'ReneeB', '2000-01-18', '08:45:00', '08:55:00', NULL, 3, ' ', '2000-06-05 11:08:18'),
(227, 205, 75, 9, 'ReneeB', '1999-12-10', '09:00:00', '09:00:00', NULL, 3, ' ', '2000-06-05 11:08:18'),
(228, 205, 75, 9, 'ReneeB', '1999-12-10', '09:00:00', '09:00:00', NULL, 3, ' ', '2000-06-05 11:08:18'),
(229, 205, 75, 9, 'ReneeB', '1999-12-10', '09:00:00', '09:00:00', NULL, 3, ' ', '2000-06-05 11:08:18'),
(230, 210, 307, 9, 'ReneeB', '2000-01-24', '08:45:00', '08:55:00', NULL, 3, ' ', '2000-06-05 11:08:18'),
(231, 212, 309, 9, 'ReneeB', '2000-01-20', '08:50:00', '09:00:00', NULL, 3, ' ', '2000-06-05 11:08:18'),
(232, 212, 309, 9, 'ReneeB', '1999-12-09', '09:00:00', '09:10:00', NULL, 1, ' ', '2000-06-05 11:08:18'),
(233, 205, 75, 9, 'ReneeB', '1999-11-30', '09:30:00', '09:40:00', NULL, 3, ' ', '2000-06-05 11:08:18'),
(234, 205, 75, 9, 'ReneeB', '1999-12-01', '08:53:00', '09:03:00', NULL, 2, ' ', '2000-06-05 11:08:18'),
(235, 205, 75, 9, 'ReneeB', '1999-12-03', '09:10:00', '09:20:00', NULL, 1, ' ', '2000-06-05 11:08:18'),
(236, 205, 75, 9, 'ReneeB', '1999-12-13', '08:55:00', '09:05:00', NULL, 2, ' ', '2000-06-05 11:08:18'),
(237, 213, 310, 9, 'ReneeB', '2000-01-13', '08:45:00', '08:55:00', NULL, 1, ' ', '2000-06-05 11:08:18'),
(238, 209, 305, 9, 'ReneeB', '1999-12-10', '09:00:00', '09:10:00', NULL, 3, ' ', '2000-06-05 11:08:18'),
(239, 205, 75, 9, 'ReneeB', '2000-01-10', '08:50:00', '09:00:00', NULL, 1, ' ', '2000-06-05 11:08:18'),
(240, 211, 308, 9, 'ReneeB', '2000-01-18', '08:45:00', '08:55:00', NULL, 3, ' ', '2000-06-05 11:08:18'),
(241, 205, 75, 9, 'ReneeB', '2000-01-10', '08:50:00', '09:00:00', NULL, 1, ' ', '2000-06-05 11:08:18'),
(242, 207, 300, 9, 'ReneeB', '1999-12-03', '09:10:00', '09:50:00', NULL, 1, ' ', '2000-06-05 11:08:18'),
(243, 205, 75, 9, 'ReneeB', '1999-12-02', '09:07:00', '09:18:00', NULL, 1, ' ', '2000-06-05 11:08:18'),
(244, 207, 300, 9, 'ReneeB', '1999-12-17', '08:55:00', '09:05:00', NULL, 3, ' ', '2000-06-05 11:08:18'),
(245, 208, 303, 9, 'ReneeB', '1999-12-08', '09:10:00', '09:20:00', NULL, 1, ' ', '2000-06-05 11:08:18'),
(246, 213, 310, 9, 'ReneeB', '2000-01-10', '08:50:00', '09:00:00', NULL, 1, ' ', '2000-06-05 11:08:18'),
(247, 211, 308, 9, 'ReneeB', '1999-11-30', '09:30:00', '09:40:00', NULL, 3, ' ', '2000-06-05 11:08:18'),
(248, 211, 308, 9, 'ReneeB', '1999-12-16', '09:00:00', '09:10:00', NULL, 3, ' ', '2000-06-05 11:08:18'),
(249, 211, 308, 9, 'ReneeB', '1999-11-30', '09:30:00', '09:40:00', NULL, 3, ' ', '2000-06-05 11:08:18'),
(250, 205, 75, 9, 'ReneeB', '2000-01-10', '08:50:00', '09:00:00', NULL, 1, ' ', '2000-06-05 11:08:18'),
(251, 205, 75, 9, 'ReneeB', '1999-12-02', '09:07:00', '09:18:00', NULL, 1, ' ', '2000-06-05 11:08:18'),
(252, 208, 303, 9, 'ReneeB', '1999-12-08', '09:10:00', '09:20:00', NULL, 1, ' ', '2000-06-05 11:08:18'),
(253, 207, 300, 9, 'ReneeB', '1999-12-13', '08:55:00', '09:05:00', NULL, 2, ' ', '2000-06-05 11:08:18'),
(254, 205, 75, 9, 'ReneeB', '0000-00-00', '09:05:00', '09:15:00', NULL, 2, ' ', '2000-06-05 11:08:18'),
(255, 213, 310, 9, 'ReneeB', '2000-01-20', '09:00:00', '09:10:00', NULL, 2, ' ', '2000-06-05 11:08:18'),
(256, 205, 75, 9, 'ReneeB', '2000-01-14', '09:05:00', '09:15:00', NULL, 2, ' ', '2000-06-05 11:08:18'),
(257, 213, 310, 9, 'ReneeB', '1999-12-09', '08:50:00', '09:00:00', NULL, 1, ' ', '2000-06-05 11:08:18'),
(258, 208, 303, 9, 'ReneeB', '1999-12-10', '09:00:00', '09:10:00', NULL, 3, ' ', '2000-06-05 11:08:18'),
(259, 205, 75, 9, 'ReneeB', '1999-12-02', '09:07:00', '09:18:00', NULL, 1, ' ', '2000-06-05 11:08:18'),
(260, 205, 75, 9, 'ReneeB', '1999-12-02', '09:07:00', '09:17:00', NULL, 1, ' ', '2000-06-05 11:08:18'),
(261, 211, 308, 9, 'ReneeB', '1999-12-14', '09:05:00', '09:15:00', NULL, 3, ' ', '2000-06-05 11:08:18'),
(262, 205, 75, 9, 'ReneeB', '1999-12-02', '09:07:00', '09:17:00', NULL, 1, ' ', '2000-06-05 11:08:18'),
(263, 209, 305, 9, 'ReneeB', '1999-12-07', '08:55:00', '09:05:00', NULL, 1, ' ', '2000-06-05 11:08:18'),
(264, 213, 310, 9, 'ReneeB', '1999-11-29', '09:30:00', '09:40:00', NULL, 3, ' ', '2000-06-05 11:08:18'),
(265, 213, 310, 9, 'ReneeB', '1999-12-07', '08:55:00', '09:05:00', NULL, 3, ' ', '2000-06-05 11:08:18'),
(266, 205, 75, 9, 'ReneeB', '1999-11-29', '09:40:00', '09:50:00', NULL, 2, ' ', '2000-06-05 11:08:18'),
(267, 210, 307, 9, 'ReneeB', '2000-01-10', '08:50:00', '09:00:00', NULL, 2, ' ', '2000-06-05 11:08:18'),
(268, 209, 305, 9, 'ReneeB', '1999-12-07', '08:55:00', '09:05:00', NULL, 3, ' ', '2000-06-05 11:08:18'),
(269, 208, 303, 9, 'ReneeB', '2000-01-27', '08:00:00', '09:00:00', NULL, 2, ' ', '2000-06-05 11:08:18'),
(270, 208, 303, 9, 'ReneeB', '2000-01-10', '08:50:00', '09:00:00', NULL, 1, ' ', '2000-06-05 11:08:18'),
(271, 213, 310, 9, 'ReneeB', '2000-01-26', '08:50:00', '09:00:00', NULL, 1, ' ', '2000-06-05 11:08:18'),
(272, 205, 75, 9, 'ReneeB', '1999-12-14', '09:05:00', '09:15:00', NULL, 3, ' ', '2000-06-05 11:08:18'),
(273, 205, 75, 9, 'ReneeB', '1999-12-16', '09:45:00', '09:55:00', NULL, 2, ' ', '2000-06-05 11:08:18'),
(274, 205, 75, 9, 'ReneeB', '2000-01-27', '08:50:00', '09:00:00', NULL, 1, ' ', '2000-06-05 11:08:18'),
(275, 211, 308, 9, 'ReneeB', '1999-12-08', '09:00:00', '09:10:00', NULL, 3, ' ', '2000-06-05 11:08:18'),
(276, 211, 308, 9, 'ReneeB', '1999-12-08', '09:00:00', '09:10:00', NULL, 3, ' ', '2000-06-05 11:08:18'),
(277, 211, 308, 9, 'ReneeB', '1999-12-08', '09:00:00', '09:10:00', NULL, 3, ' ', '2000-06-05 11:08:18'),
(278, 205, 75, 9, 'ReneeB', '1999-11-17', '08:56:00', '09:06:00', NULL, 1, ' ', '2000-06-05 11:08:18'),
(279, 208, 303, 9, 'ReneeB', '2000-01-14', '09:05:00', '09:15:00', NULL, 1, ' ', '2000-06-05 11:08:18'),
(280, 212, 309, 9, 'ReneeB', '2000-01-27', '08:50:00', '09:00:00', NULL, 1, ' ', '2000-06-05 11:08:18'),
(281, 211, 308, 9, 'ReneeB', '2000-01-21', '08:50:00', '09:00:00', NULL, 3, ' ', '2000-06-05 11:08:18'),
(282, 212, 309, 9, 'ReneeB', '2000-01-27', '08:50:00', '09:00:00', NULL, 1, ' ', '2000-06-05 11:08:18'),
(283, 212, 309, 9, 'ReneeB', '2000-01-27', '08:50:00', '09:00:00', NULL, 1, ' ', '2000-06-05 11:08:18'),
(284, 210, 307, 9, 'ReneeB', '2000-01-27', '08:50:00', '09:00:00', NULL, 2, ' ', '2000-06-05 11:08:18'),
(285, 207, 300, 9, 'ReneeB', '2000-01-27', '08:50:00', '09:00:00', NULL, 1, ' ', '2000-06-05 11:08:18'),
(286, 205, 75, 9, 'ReneeB', '0000-00-00', NULL, NULL, NULL, 2, ' ', '2000-06-05 11:08:18'),
(287, 205, 75, 9, 'ReneeB', '1999-12-16', '09:45:00', '09:55:00', NULL, 2, ' ', '2000-06-05 11:08:18'),
(288, 208, 303, 9, 'ReneeB', '2000-01-27', '08:50:00', '09:00:00', NULL, 2, ' ', '2000-06-05 11:08:18'),
(289, 205, 75, 9, 'ReneeB', '2000-01-11', '08:50:00', '09:00:00', NULL, 1, ' ', '2000-06-05 11:08:18'),
(290, 207, 300, 9, 'ReneeB', '1999-11-29', '09:30:00', '09:40:00', NULL, 2, ' ', '2000-06-05 11:08:18'),
(291, 205, 75, 9, 'ReneeB', '2000-01-13', '08:45:00', '08:55:00', NULL, 1, ' ', '2000-06-05 11:08:18'),
(292, 205, 75, 9, 'ReneeB', '2000-01-13', '08:45:00', '08:55:00', NULL, 1, ' ', '2000-06-05 11:08:18'),
(293, 211, 308, 9, 'ReneeB', '2000-02-01', '09:05:00', '09:15:00', NULL, 1, ' ', '2000-06-05 11:08:18'),
(294, 209, 305, 9, 'ReneeB', '2000-02-01', '09:05:00', '09:15:00', NULL, 1, ' ', '2000-06-05 11:08:18'),
(295, 212, 309, 9, 'ReneeB', '2000-01-14', '09:05:00', '09:15:00', NULL, 2, ' ', '2000-06-05 11:08:18'),
(296, 212, 309, 9, 'ReneeB', '1999-12-13', '08:55:00', '09:05:00', NULL, 2, ' ', '2000-06-05 11:08:18'),
(297, 212, 309, 9, 'ReneeB', '2000-02-01', '09:05:00', '09:15:00', NULL, 1, ' ', '2000-06-05 11:08:18'),
(298, 212, 309, 9, 'ReneeB', '2000-02-01', '09:05:00', '09:15:00', NULL, 1, ' ', '2000-06-05 11:08:18'),
(299, 213, 310, 9, 'ReneeB', '2000-01-26', '08:50:00', '09:00:00', NULL, 1, ' ', '2000-06-05 11:08:18'),
(300, 205, 75, 9, 'ReneeB', '1999-12-10', '09:00:00', '09:10:00', NULL, 2, ' ', '2000-06-05 11:08:18'),
(301, 205, 75, 9, 'ReneeB', '2000-02-01', '09:05:00', '09:15:00', NULL, 1, ' ', '2000-06-05 11:08:18'),
(302, 208, 303, 9, 'ReneeB', '2000-02-01', '09:05:00', '09:15:00', NULL, 1, ' ', '2000-06-05 11:08:18'),
(303, 207, 300, 9, 'ReneeB', '1999-12-06', '08:49:00', '08:59:00', NULL, 1, ' ', '2000-06-05 11:08:18'),
(304, 207, 300, 9, 'ReneeB', '1999-12-06', '08:49:00', '08:59:00', NULL, 1, ' ', '2000-06-05 11:08:18'),
(305, 212, 309, 9, 'ReneeB', '2000-02-01', '09:05:00', '09:15:00', NULL, 1, ' ', '2000-06-05 11:08:18'),
(306, 210, 307, 9, 'ReneeB', '1999-12-02', '09:07:00', '09:17:00', NULL, 2, ' ', '2000-06-05 11:08:18'),
(307, 210, 307, 9, 'ReneeB', '1999-12-02', '09:07:00', '09:17:00', NULL, 2, ' ', '2000-06-05 11:08:18'),
(308, 210, 307, 9, 'ReneeB', '1999-12-09', '09:01:00', '09:11:00', NULL, 2, ' ', '2000-06-05 11:08:18'),
(309, 208, 303, 9, 'ReneeB', '2000-02-01', '09:05:00', '09:15:00', NULL, 1, ' ', '2000-06-05 11:08:18'),
(310, 213, 310, 9, 'ReneeB', '2000-01-31', '09:00:00', '09:10:00', NULL, 3, ' ', '2000-06-05 11:08:18'),
(311, 207, 300, 9, 'ReneeB', '2000-01-13', '08:45:00', '08:55:00', NULL, 2, ' ', '2000-06-05 11:08:18'),
(312, 212, 309, 9, 'ReneeB', '1999-12-17', '09:30:00', '09:40:00', NULL, 3, ' ', '2000-06-05 11:08:18'),
(313, 212, 309, 9, 'ReneeB', '2000-01-11', '08:50:00', '09:00:00', NULL, 3, ' ', '2000-06-05 11:08:18'),
(314, 210, 307, 9, 'ReneeB', '2000-01-14', '09:05:00', '09:15:00', NULL, 1, ' ', '2000-06-05 11:08:18'),
(315, 205, 75, 9, 'ReneeB', '2000-01-31', '09:00:00', '09:00:00', NULL, 3, ' ', '2000-06-05 11:08:18'),
(316, 211, 308, 9, 'ReneeB', '2000-01-31', '09:00:00', '09:10:00', NULL, 3, ' ', '2000-06-05 11:08:18'),
(317, 211, 308, 9, 'ReneeB', '2000-01-13', '08:45:00', '08:55:00', NULL, 1, ' ', '2000-06-05 11:08:18'),
(318, 208, 303, 9, 'ReneeB', '2000-01-31', '09:00:00', '09:10:00', NULL, 3, ' ', '2000-06-05 11:08:18'),
(319, 205, 75, 9, 'ReneeB', '2000-01-31', '09:00:00', '09:10:00', NULL, 3, ' ', '2000-06-05 11:08:18'),
(320, 207, 300, 9, 'ReneeB', '2000-02-01', '09:05:00', '09:15:00', NULL, 1, ' ', '2000-06-05 11:08:18'),
(321, 205, 75, 9, 'ReneeB', '2000-02-01', '09:05:00', '09:15:00', NULL, 1, ' ', '2000-06-05 11:08:18'),
(322, 207, 300, 9, 'ReneeB', '2000-02-01', '09:05:00', '09:15:00', NULL, 1, ' ', '2000-06-05 11:08:18'),
(323, 209, 305, 9, 'ReneeB', '2000-01-30', '09:00:00', '09:00:00', NULL, 3, ' ', '2000-06-05 11:08:18'),
(324, 207, 300, 9, 'ReneeB', '2000-02-01', '09:05:00', '09:15:00', NULL, 1, ' ', '2000-06-05 11:08:18'),
(325, 210, 307, 9, 'ReneeB', '2000-01-11', '08:50:00', '09:00:00', NULL, 3, ' ', '2000-06-05 11:08:18'),
(326, 209, 305, 9, 'ReneeB', '2000-01-11', '09:10:00', '09:20:00', NULL, 2, ' ', '2000-06-05 11:08:18'),
(327, 209, 305, 9, 'ReneeB', '1999-12-09', '09:00:00', '09:10:00', NULL, 3, ' ', '2000-06-05 11:08:18'),
(328, 209, 305, 9, 'ReneeB', '2000-01-13', '08:45:00', '08:55:00', NULL, 1, ' ', '2000-06-05 11:08:18'),
(329, 208, 303, 9, 'ReneeB', '2000-01-13', '08:45:00', '08:55:00', NULL, 1, ' ', '2000-06-05 11:08:18'),
(330, 209, 305, 9, 'ReneeB', '1999-12-14', '09:07:00', '09:17:00', NULL, 3, ' ', '2000-06-05 11:08:18'),
(331, 207, 300, 9, 'ReneeB', '2000-01-11', '08:50:00', '09:00:00', NULL, 1, ' ', '2000-06-05 11:08:18'),
(332, 207, 300, 9, 'ReneeB', '1999-12-14', '09:07:00', '09:17:00', NULL, 3, ' ', '2000-06-05 11:08:18'),
(333, 213, 310, 9, 'ReneeB', '1999-12-16', '08:45:00', '08:55:00', NULL, 1, ' ', '2000-06-05 11:08:18'),
(334, 205, 75, 9, 'ReneeB', '2000-01-11', '08:50:00', '09:00:00', NULL, 1, ' ', '2000-06-05 11:08:18'),
(335, 211, 308, 9, 'ReneeB', '2000-01-10', '08:50:00', '09:00:00', NULL, 2, ' ', '2000-06-05 11:08:18'),
(336, 208, 303, 9, 'ReneeB', '1999-12-13', '08:55:00', '09:05:00', NULL, 1, ' ', '2000-06-05 11:08:18'),
(337, 211, 308, 9, 'ReneeB', '2000-01-11', '08:50:00', '09:00:00', NULL, 1, ' ', '2000-06-05 11:08:18'),
(338, 211, 308, 9, 'ReneeB', '1999-12-02', '09:17:00', '09:30:00', NULL, 2, ' ', '2000-06-05 11:08:18'),
(339, 211, 308, 9, 'ReneeB', '2000-01-11', '08:50:00', '09:00:00', NULL, 1, ' ', '2000-06-05 11:08:18'),
(340, 211, 308, 9, 'ReneeB', '1999-12-02', '09:17:00', '09:30:00', NULL, 2, ' ', '2000-06-05 11:08:18'),
(341, 211, 308, 9, 'ReneeB', '2000-01-11', '08:50:00', '09:00:00', NULL, 1, ' ', '2000-06-05 11:08:18'),
(342, 211, 308, 9, 'ReneeB', '1999-12-02', '09:17:00', '09:30:00', NULL, 2, ' ', '2000-06-05 11:08:18'),
(343, 211, 308, 9, 'ReneeB', '2000-01-11', '08:50:00', '09:00:00', NULL, 1, ' ', '2000-06-05 11:08:18'),
(344, 211, 308, 9, 'ReneeB', '1999-12-02', '09:17:00', '09:30:00', NULL, 2, ' ', '2000-06-05 11:08:18'),
(345, 211, 308, 9, 'ReneeB', '2000-01-11', '08:50:00', '09:00:00', NULL, 1, ' ', '2000-06-05 11:08:18'),
(346, 211, 308, 9, 'ReneeB', '1999-12-02', '09:17:00', '09:30:00', NULL, 2, ' ', '2000-06-05 11:08:18'),
(347, 211, 308, 9, 'ReneeB', '2000-01-11', '08:50:00', '09:00:00', NULL, 1, ' ', '2000-06-05 11:08:18'),
(348, 211, 308, 9, 'ReneeB', '2000-01-11', '08:50:00', '09:00:00', NULL, 1, ' ', '2000-06-05 11:08:18'),
(349, 211, 308, 9, 'ReneeB', '2000-01-11', '08:50:00', '09:00:00', NULL, 1, ' ', '2000-06-05 11:08:18'),
(350, 211, 308, 9, 'ReneeB', '2000-01-11', '08:50:00', '09:00:00', NULL, 1, ' ', '2000-06-05 11:08:18'),
(351, 211, 308, 9, 'ReneeB', '2000-01-11', '08:50:00', '09:00:00', NULL, 1, ' ', '2000-06-05 11:08:18'),
(352, 211, 308, 9, 'ReneeB', '2000-01-11', '08:50:00', '09:00:00', NULL, 1, ' ', '2000-06-05 11:08:18'),
(353, 211, 308, 9, 'ReneeB', '1999-12-02', '09:17:00', '09:30:00', NULL, 2, ' ', '2000-06-05 11:08:18'),
(354, 124, 238, 4, 'FlorG', '1999-12-08', '08:45:00', '08:55:00', 40, 1, ' ', '2000-06-05 11:08:18'),
(355, 213, 310, 9, 'ReneeB', '2000-02-03', '09:10:00', '09:20:00', NULL, 1, ' ', '2000-06-05 11:08:18'),
(356, 209, 305, 9, 'ReneeB', '2000-02-03', '09:10:00', '09:20:00', NULL, 1, ' ', '2000-06-05 11:08:18'),
(357, 205, 75, 9, 'ReneeB', '2000-02-03', '09:10:00', '09:20:00', NULL, 1, 'kids in the garden.', '2000-06-05 11:08:18'),
(358, 208, 303, 9, 'ReneeB', '2000-02-08', '09:15:00', '09:25:00', NULL, 3, ' ', '2000-06-05 11:08:18'),
(359, 205, 75, 9, 'ReneeB', '2000-01-13', '08:45:00', '08:55:00', NULL, 1, ' ', '2000-06-05 11:08:18'),
(360, 205, 75, 9, 'ReneeB', '2000-02-03', '09:10:00', '09:20:00', NULL, 1, 'Kids in the garden.', '2000-06-05 11:08:18'),
(361, 207, 300, 9, 'ReneeB', '1999-12-10', '09:00:00', '09:10:00', NULL, 3, ' ', '2000-06-05 11:08:18'),
(362, 213, 310, 9, 'ReneeB', '1999-12-01', '08:55:00', '09:05:00', NULL, 2, ' ', '2000-06-05 11:08:18'),
(363, 210, 307, 9, 'ReneeB', '2000-02-04', '08:50:00', '09:00:00', NULL, 2, ' ', '2000-06-05 11:08:18'),
(364, 207, 300, 9, 'ReneeB', '0000-00-00', '09:10:00', '09:20:00', NULL, 3, ' ', '2000-06-05 11:08:18'),
(365, 205, 75, 9, 'ReneeB', '2000-02-04', '08:50:00', '09:00:00', NULL, 1, ' ', '2000-06-05 11:08:18'),
(366, 213, 310, 9, 'ReneeB', '2000-02-03', '09:10:00', '09:20:00', NULL, 1, ' ', '2000-06-05 11:08:18'),
(367, 205, 75, 9, 'ReneeB', '2000-02-04', '08:55:00', '09:05:00', NULL, 1, ' ', '2000-06-05 11:08:18'),
(368, 207, 300, 9, 'ReneeB', '2000-02-03', '09:10:00', '09:20:00', NULL, 1, ' ', '2000-06-05 11:08:18'),
(369, 211, 308, 9, 'ReneeB', '2000-02-03', '09:10:00', '09:20:00', NULL, 1, ' ', '2000-06-05 11:08:18'),
(370, 207, 300, 9, 'ReneeB', '2000-02-03', '09:10:00', '09:20:00', NULL, 1, ' ', '2000-06-05 11:08:18'),
(371, 208, 303, 9, 'ReneeB', '2000-02-03', '09:10:00', '09:20:00', NULL, 1, ' ', '2000-06-05 11:08:18'),
(372, 207, 300, 9, 'ReneeB', '1999-12-16', '08:45:00', '08:55:00', NULL, 2, ' ', '2000-06-05 11:08:18'),
(373, 209, 305, 9, 'ReneeB', '2000-02-04', '08:55:00', '09:05:00', NULL, 2, ' ', '2000-06-05 11:08:18'),
(374, 207, 300, 9, 'ReneeB', '2000-02-03', '09:10:00', '09:20:00', NULL, 1, ' ', '2000-06-05 11:08:18'),
(375, 209, 305, 9, 'ReneeB', '2000-02-04', '08:55:00', '09:05:00', NULL, 2, ' ', '2000-06-05 11:08:18'),
(376, 209, 305, 9, 'ReneeB', '2000-02-08', '09:15:00', '09:25:00', NULL, 3, ' ', '2000-06-05 11:08:18'),
(377, 211, 308, 9, 'ReneeB', '2000-02-04', '08:50:00', '09:00:00', NULL, 1, ' ', '2000-06-05 11:08:18'),
(378, 209, 305, 9, 'ReneeB', '2000-02-08', '09:15:00', '09:25:00', NULL, 3, ' ', '2000-06-05 11:08:18'),
(379, 211, 308, 9, 'ReneeB', '2000-02-04', '08:50:00', '09:00:00', NULL, 1, ' ', '2000-06-05 11:08:18'),
(380, 209, 305, 9, 'ReneeB', '2000-02-08', '09:15:00', '09:25:00', NULL, 3, ' ', '2000-06-05 11:08:18'),
(381, 205, 75, 9, 'ReneeB', '2000-02-03', '09:10:00', '09:20:00', NULL, 1, 'kids in the garden', '2000-06-05 11:08:18'),
(382, 207, 300, 9, 'ReneeB', '2000-02-07', '09:10:00', '09:20:00', NULL, 2, ' ', '2000-06-05 11:08:18'),
(383, 205, 75, 9, 'ReneeB', '2000-02-03', '09:10:00', '09:20:00', NULL, 1, 'kids in the garden', '2000-06-05 11:08:18'),
(384, 209, 305, 9, 'ReneeB', '2000-02-08', '09:15:00', '09:25:00', NULL, 3, ' ', '2000-06-05 11:08:18'),
(385, 205, 75, 9, 'ReneeB', '2000-02-03', '09:10:00', '09:20:00', NULL, 1, ' ', '2000-06-05 11:08:18'),
(386, 213, 310, 9, 'ReneeB', '1999-11-30', '09:30:00', '09:45:00', NULL, 2, ' ', '2000-06-05 11:08:18'),
(387, 205, 75, 9, 'ReneeB', '2000-02-07', '09:15:00', '09:25:00', NULL, 1, ' ', '2000-06-05 11:08:18'),
(388, 208, 303, 9, 'ReneeB', '2000-02-07', '09:05:00', '09:15:00', NULL, 3, ' ', '2000-06-05 11:08:18'),
(389, 211, 308, 9, 'ReneeB', '1999-12-03', '09:10:00', '09:20:00', NULL, 1, ' ', '2000-06-05 11:08:18'),
(390, 211, 308, 9, 'ReneeB', '2000-02-07', '09:15:00', '09:25:00', NULL, 2, ' ', '2000-06-05 11:08:18'),
(391, 213, 310, 9, 'ReneeB', '1999-11-30', '09:30:00', '09:45:00', NULL, 2, ' ', '2000-06-05 11:08:18'),
(392, 211, 308, 9, 'ReneeB', '2000-02-07', '09:15:00', '09:25:00', NULL, 2, ' ', '2000-06-05 11:08:18'),
(393, 211, 308, 9, 'ReneeB', '2000-02-07', '09:15:00', '09:25:00', NULL, 2, ' ', '2000-06-05 11:08:18'),
(394, 205, 75, 9, 'ReneeB', '2000-02-04', '08:50:00', '09:00:00', NULL, 2, ' ', '2000-06-05 11:08:18'),
(395, 212, 309, 9, 'ReneeB', '2000-02-07', '09:12:00', '09:22:00', NULL, 2, ' ', '2000-06-05 11:08:18'),
(396, 205, 75, 9, 'ReneeB', '2000-02-07', '09:15:00', '09:25:00', NULL, 1, ' ', '2000-06-05 11:08:18'),
(397, 212, 309, 9, 'ReneeB', '2000-02-08', '09:10:00', '09:20:00', NULL, 3, ' ', '2000-06-05 11:08:18'),
(398, 212, 309, 9, 'ReneeB', '2000-02-08', '09:10:00', '09:20:00', NULL, 3, ' ', '2000-06-05 11:08:18'),
(399, 205, 75, 9, 'ReneeB', '2000-02-04', '08:50:00', '09:00:00', NULL, 1, ' ', '2000-06-05 11:08:18'),
(400, 213, 310, 9, 'ReneeB', '1999-11-30', '09:30:00', '09:45:00', NULL, 2, ' ', '2000-06-05 11:08:18'),
(401, 205, 75, 9, 'ReneeB', '2000-02-07', '09:15:00', '09:25:00', NULL, 1, ' ', '2000-06-05 11:08:18'),
(402, 205, 75, 9, 'ReneeB', '2000-02-07', '09:15:00', '09:25:00', NULL, 1, ' ', '2000-06-05 11:08:18'),
(403, 205, 75, 9, 'ReneeB', '2000-02-07', '09:15:00', '09:25:00', NULL, 1, ' ', '2000-06-05 11:08:18'),
(404, 213, 310, 9, 'ReneeB', '1999-11-30', '09:30:00', '09:40:00', NULL, 2, ' ', '2000-06-05 11:08:18'),
(405, 211, 308, 9, 'ReneeB', '2000-01-11', '08:50:00', '09:00:00', NULL, 2, ' ', '2000-06-05 11:08:18'),
(406, 205, 75, 9, 'ReneeB', '2000-02-07', '09:15:00', '09:25:00', NULL, 2, ' ', '2000-06-05 11:08:18'),
(407, 205, 75, 9, 'ReneeB', '2000-02-07', '09:15:00', '09:25:00', NULL, 2, ' ', '2000-06-05 11:08:18'),
(408, 209, 305, 9, 'ReneeB', '2000-02-07', '09:15:00', '09:25:00', NULL, 2, ' ', '2000-06-05 11:08:18'),
(409, 211, 308, 9, 'ReneeB', '2000-02-04', '08:50:00', '09:00:00', NULL, 1, ' ', '2000-06-05 11:08:18'),
(410, 205, 75, 9, 'ReneeB', '2000-02-04', '08:50:00', '09:00:00', NULL, 1, ' ', '2000-06-05 11:08:18'),
(411, 2, 129, 7, 'Langstaff', '2000-02-04', '11:10:00', '23:20:00', 70, 2, 'NearHODSA', '2000-06-05 11:08:18'),
(412, 207, 300, 9, 'ReneeB', '0000-00-00', '08:55:00', '09:05:00', NULL, 2, ' ', '2000-09-07 16:15:12'),
(413, 205, 75, 9, 'ReneeB', '2000-03-08', '09:15:00', '09:25:00', NULL, 3, ' ', '2000-09-07 16:21:16'),
(414, 212, 309, 9, 'ReneeB', '2000-03-14', '09:00:00', '09:10:00', NULL, 2, ' ', '2000-09-07 16:25:45'),
(415, 210, 307, 9, 'ReneeB', '2000-04-13', '09:00:00', '09:10:00', NULL, 3, ' ', '2000-09-07 16:27:44'),
(416, 213, 310, 9, 'ReneeB', '2000-04-13', '09:02:00', '09:12:00', NULL, 3, ' ', '2000-09-07 16:29:05'),
(417, 212, 309, 9, 'ReneeB', '0000-00-00', '08:50:00', '09:00:00', NULL, 1, ' ', '2000-09-07 16:31:03'),
(418, 205, 75, 9, 'ReneeB', '2000-04-13', '08:55:00', '09:05:00', NULL, 3, ' ', '2000-09-07 16:35:36'),
(419, 211, 308, 9, 'ReneeB', '2000-04-13', '09:05:00', '09:15:00', NULL, 3, ' ', '2000-09-07 16:38:56'),
(420, 205, 75, 9, 'ReneeB', '2000-03-25', '09:00:00', '09:10:00', NULL, 3, ' ', '2000-09-08 15:51:19'),
(421, 205, 75, 9, 'ReneeB', '2000-03-25', '09:00:00', '09:10:00', NULL, 3, ' ', '2000-09-08 15:57:45'),
(422, 205, 75, 9, 'ReneeB', '2000-03-28', '08:50:00', '09:00:00', NULL, 1, ' ', '2000-09-08 16:01:41'),
(423, 212, 309, 9, 'ReneeB', '2000-04-13', '09:05:00', '09:15:00', NULL, 3, ' ', '2000-09-08 16:05:35'),
(424, 211, 308, 9, 'ReneeB', '2000-03-29', '08:50:00', '09:00:00', NULL, 1, ' ', '2000-09-08 16:07:09'),
(425, 207, 300, 9, 'ReneeB', '2000-03-29', '09:50:00', '10:00:00', NULL, NULL, ' ', '2000-09-08 16:08:38'),
(426, 208, 303, 9, 'ReneeB', '2000-03-28', '08:50:00', '09:00:00', NULL, 1, 'Windy', '2000-09-08 16:11:55'),
(427, 213, 310, 9, 'ReneeB', '2000-03-28', '08:50:00', '09:00:00', NULL, 1, ' ', '2000-09-08 16:13:13'),
(428, 209, 305, 9, 'ReneeB', '2000-03-28', '08:50:00', '09:00:00', NULL, 1, ' ', '2000-09-08 16:15:37'),
(429, 207, 300, 9, 'ReneeB', '2000-03-28', '08:50:00', '09:00:00', NULL, 1, 'Windy', '2000-09-08 16:16:57'),
(430, 210, 307, 9, 'ReneeB', '2000-03-28', '08:50:00', '09:00:00', NULL, 1, 'Windy', '2000-09-08 16:18:13'),
(431, 210, 307, 9, 'ReneeB', '2000-03-28', '09:50:00', '10:00:00', NULL, 1, ' ', '2000-09-08 16:19:19'),
(432, 207, 300, 9, 'ReneeB', '2000-03-25', '09:05:00', '09:10:00', NULL, 3, ' ', '2000-09-08 16:20:13'),
(433, 209, 305, 9, 'ReneeB', '2000-03-25', '09:00:00', '09:10:00', NULL, 3, ' ', '2000-09-08 16:22:35'),
(434, 212, 309, 9, 'ReneeB', '2000-03-25', '09:00:00', '09:10:00', NULL, 3, ' ', '2000-09-08 16:23:46'),
(435, 208, 303, 9, 'ReneeB', '2000-03-25', '09:00:00', '09:10:00', NULL, 3, ' ', '2000-09-08 16:25:13'),
(436, 213, 310, 9, 'ReneeB', '2000-03-25', '09:00:00', '09:10:00', NULL, 3, ' ', '2000-09-08 16:29:13'),
(437, 211, 308, 9, 'ReneeB', '2000-03-25', '09:00:00', '09:10:00', NULL, 3, ' ', '2000-09-08 16:31:58'),
(438, 210, 307, 9, 'ReneeB', '2000-03-18', '08:45:00', '08:55:00', NULL, 1, ' ', '2000-09-08 16:33:29'),
(439, 211, 308, 9, 'ReneeB', '2000-03-18', '08:45:00', '08:55:00', NULL, 1, ' ', '2000-09-08 16:34:56'),
(440, 208, 303, 9, 'ReneeB', '2000-03-29', '08:50:00', '09:00:00', NULL, 1, ' ', '2000-09-08 16:35:54'),
(441, 212, 309, 9, 'ReneeB', '2000-03-18', '08:45:00', '08:55:00', NULL, 1, ' ', '2000-09-08 16:37:10'),
(442, 208, 303, 9, 'ReneeB', '2000-03-18', '08:45:00', '08:55:00', NULL, 1, ' ', '2000-09-08 16:38:29'),
(443, 207, 300, 9, 'ReneeB', '2000-03-18', '08:45:00', '08:55:00', NULL, 1, ' ', '2000-09-08 16:39:37'),
(444, 209, 305, 9, 'ReneeB', '2000-03-18', '08:45:00', '08:55:00', NULL, 1, ' ', '2000-09-08 16:44:18'),
(445, 212, 309, 9, 'cboling', '2000-01-17', '09:30:00', '09:40:00', NULL, 2, ' ', '2000-09-08 16:45:52'),
(446, 211, 308, 9, 'ReneeB', '2000-03-15', '08:55:00', '09:05:00', NULL, 2, ' ', '2000-09-08 16:47:12'),
(447, 212, 309, 9, 'ReneeB', '2000-03-15', '08:55:00', '09:05:00', NULL, 2, ' ', '2000-09-08 16:47:54'),
(448, 209, 305, 9, 'ReneeB', '2000-03-15', '08:50:00', '09:00:00', NULL, 2, ' ', '2000-09-08 16:49:24'),
(449, 210, 307, 9, 'ReneeB', '2000-03-07', '09:15:00', '09:25:00', NULL, 1, ' ', '2000-09-11 15:55:22'),
(450, 212, 309, 9, 'ReneeB', '2000-03-04', '08:55:00', '09:05:00', NULL, 1, ' ', '2000-09-11 16:11:22'),
(451, 212, 309, 9, 'ReneeB', '2000-03-04', '08:55:00', '09:05:00', NULL, 1, ' ', '2000-09-11 16:13:28'),
(452, 213, 310, 9, 'ReneeB', '2000-03-04', '08:55:00', '09:05:00', NULL, 1, ' ', '2000-09-11 16:14:33'),
(453, 207, 300, 9, 'ReneeB', '2000-03-08', '09:10:00', '09:20:00', NULL, 3, ' ', '2000-09-11 16:16:03'),
(454, 205, 75, 9, 'ReneeB', '1999-12-16', '10:07:00', '10:17:00', NULL, 1, ' ', '2000-09-11 16:17:58'),
(455, 205, 75, 9, 'ReneeB', '1999-12-17', '08:56:00', '09:06:00', NULL, 1, ' ', '2000-09-11 16:20:55'),
(456, 205, 75, 9, 'ReneeB', '2000-03-18', '08:45:00', '08:55:00', NULL, 1, ' ', '2000-09-11 16:22:46'),
(457, 208, 303, 9, 'ReneeB', '2000-01-03', '09:10:00', '09:20:00', NULL, 1, ' ', '2000-09-13 15:03:34'),
(458, 210, 307, 9, 'ReneeB', '2000-03-15', '08:55:00', '09:05:00', NULL, 2, ' ', '2000-09-13 15:21:16'),
(459, 205, 75, 9, 'ReneeB', '2000-03-15', '08:55:00', '09:05:00', NULL, 2, ' ', '2000-09-13 15:22:29'),
(460, 213, 310, 9, 'ReneeB', '2000-03-15', '08:55:00', '09:05:00', NULL, 2, ' ', '2000-09-13 15:24:49'),
(461, 208, 303, 9, 'ReneeB', '2000-03-15', '08:55:00', '09:05:00', NULL, 2, ' ', '2000-09-13 15:25:56'),
(462, 208, 303, 9, 'ReneeB', '2000-03-14', '09:00:00', '09:10:00', NULL, 1, ' ', '2000-09-13 15:26:51'),
(463, 211, 308, 9, 'ReneeB', '2000-03-14', '09:00:00', '09:10:00', NULL, 2, ' ', '2000-09-13 15:28:14'),
(464, 212, 309, 9, 'ReneeB', '2000-03-14', '09:00:00', '09:10:00', NULL, 2, ' ', '2000-09-13 15:31:29'),
(465, 210, 307, 9, 'ReneeB', '2000-03-14', '09:00:00', '09:10:00', NULL, 2, ' ', '2000-09-13 15:33:38'),
(466, 209, 305, 9, 'ReneeB', '2000-03-15', '09:00:00', '09:10:00', NULL, 2, ' ', '2000-09-13 15:35:14'),
(467, 207, 300, 9, 'ReneeB', '2000-03-14', '09:00:00', '09:10:00', NULL, 2, ' ', '2000-09-13 15:36:20'),
(468, 205, 75, 9, 'ReneeB', '2000-03-14', '09:06:00', '09:16:00', NULL, 2, ' ', '2000-09-13 15:38:16'),
(469, 210, 307, 9, 'ReneeB', '2000-03-11', '09:00:00', '09:10:00', NULL, 1, ' ', '2000-09-13 15:40:49'),
(470, 205, 75, 9, 'ReneeB', '2000-03-10', '08:55:00', '09:05:00', NULL, 1, ' ', '2000-09-13 15:41:56'),
(471, 207, 300, 9, 'ReneeB', '2000-03-10', '08:55:00', '09:05:00', NULL, 1, ' ', '2000-09-13 15:44:32'),
(472, 212, 309, 9, 'ReneeB', '2000-03-10', '08:55:00', '09:05:00', NULL, 1, ' ', '2000-09-13 15:45:48'),
(473, 209, 305, 9, 'ReneeB', '2000-03-10', '08:55:00', '09:05:00', NULL, 1, ' ', '2000-09-13 15:47:48'),
(474, 208, 303, 9, 'ReneeB', '2000-03-10', '08:55:00', '09:05:00', NULL, 2, ' ', '2000-09-13 15:49:12'),
(475, 210, 307, 9, 'ReneeB', '2000-03-10', '08:55:00', '09:05:00', NULL, 1, ' ', '2000-09-13 15:51:07'),
(476, 211, 308, 9, 'ReneeB', '2000-03-04', '08:50:00', '09:00:00', NULL, 1, ' ', '2000-09-13 15:52:49');
INSERT INTO `bird_samples` (`id`, `site_id`, `habitat_id`, `teachers_class_id`, `observer`, `collection_date`, `time_start`, `time_end`, `air_temp`, `cloud_cover_id`, `comments`, `date_entered`) VALUES
(477, 213, 310, 9, 'ReneeB', '1999-12-30', '09:30:00', '09:45:00', NULL, 2, ' ', '2000-09-13 15:54:26'),
(478, 211, 308, 9, 'ReneeB', '2000-02-10', '08:50:00', '09:00:00', NULL, 1, ' ', '2000-09-13 15:56:30'),
(479, 209, 305, 9, 'ReneeB', '2000-03-11', '09:00:00', '09:10:00', NULL, 1, ' ', '2000-09-13 15:58:43'),
(480, 211, 308, 9, 'ReneeB', '2000-03-11', '09:00:00', '09:10:00', NULL, 1, ' ', '2000-09-13 16:00:09'),
(481, 207, 300, 9, 'ReneeB', '2000-03-11', '09:00:00', '09:10:00', NULL, 1, ' ', '2000-09-13 16:00:58'),
(482, 213, 310, 9, 'ReneeB', '2000-03-11', '09:00:00', '09:10:00', NULL, NULL, ' ', '2000-09-13 16:22:55'),
(483, 205, 75, 9, 'ReneeB', '2000-03-11', '09:09:00', '09:19:00', NULL, NULL, ' ', '2000-09-13 16:24:22'),
(484, 212, 309, 9, 'ReneeB', '2000-03-11', '09:00:00', '09:10:00', NULL, 1, ' ', '2000-09-13 16:26:45'),
(485, 209, 305, 9, 'ReneeB', '2000-04-14', '08:55:00', '09:05:00', NULL, 1, ' ', '2000-09-13 16:32:04'),
(486, 207, 300, 9, 'ReneeB', '2000-04-14', '08:55:00', '09:05:00', NULL, 1, ' ', '2000-09-13 16:32:53'),
(487, 211, 308, 9, 'ReneeB', '2000-04-14', '09:05:00', '09:15:00', NULL, 1, ' ', '2000-09-13 16:34:33'),
(488, 209, 305, 9, 'ReneeB', '2000-04-13', '09:02:00', '09:12:00', NULL, 3, ' ', '2000-09-13 16:35:21'),
(489, 213, 310, 9, 'ReneeB', '2000-03-29', '09:50:00', '10:00:00', NULL, 1, ' ', '2000-09-13 16:36:21'),
(490, 205, 75, 9, 'ReneeB', '2000-03-29', '08:50:00', '09:00:00', NULL, 1, ' ', '2000-09-13 16:37:25'),
(491, 208, 303, 9, 'ReneeB', '2000-04-13', '09:02:00', '09:12:00', NULL, 3, ' ', '2000-09-13 16:40:01'),
(492, 76, 205, 7, 'coryp', '2001-01-01', '11:15:00', '11:25:00', 68, 2, ' ', '2000-12-01 12:04:44'),
(493, 2, 129, 7, 'coryp', '2000-12-22', '11:30:00', '11:40:00', 66, 1, ' ', '2000-12-03 17:08:37'),
(494, 6, 3, 7, 'Langstaff', '2001-01-01', '11:15:00', '11:25:00', 70, 2, ' ', '2000-12-03 17:37:09'),
(495, 76, 205, 7, 'coryp', '2001-01-05', '11:05:00', '11:15:00', 74, 1, ' ', '2000-12-05 12:02:46'),
(496, 6, 3, 7, 'coryp', '2000-12-20', '11:30:00', '11:40:00', 65, 1, ' ', '2000-12-05 12:10:57'),
(497, 2, 129, 7, 'Langstaff', '2000-12-27', '11:22:00', '11:32:00', 65, 1, ' ', '2000-12-05 12:13:52'),
(498, 2, 129, 7, 'coryp', '2001-01-05', '11:05:00', '11:15:00', 74, 1, ' ', '2000-12-05 12:24:58'),
(499, 6, 3, 7, 'coryp', '2001-01-07', '11:00:00', '11:10:00', 71, 2, ' ', '2000-12-07 12:05:39'),
(500, 69, 198, 7, 'Langstaff', '2000-12-20', '11:30:00', '11:40:00', 70, 1, ' ', '2000-12-11 19:05:31'),
(501, 13, 141, 7, 'coryp', '2000-12-21', '11:25:00', '11:35:00', 66, 2, ' ', '2000-12-12 05:28:53'),
(502, 13, 141, 7, 'Langstaff', '2001-01-05', '11:10:00', '11:20:00', 65, 2, ' ', '2000-12-12 05:35:01'),
(503, 13, 141, 7, 'coryp', '2000-12-27', '11:15:00', '11:25:00', 70, 2, ' ', '2000-12-12 05:37:34'),
(504, 185, 279, 7, 'Langstaff', '2000-12-22', '11:30:00', '11:40:00', 68, 2, ' ', '2000-12-12 05:45:51'),
(505, 185, 279, 7, 'Langstaff', '2000-12-27', '11:23:00', '11:33:00', 70, 2, ' ', '2000-12-12 05:48:33'),
(506, 185, 279, 7, 'Langstaff', '2001-01-07', '11:12:00', '11:22:00', 70, 2, ' ', '2000-12-12 05:50:58'),
(507, 185, 279, 7, 'Langstaff', '2001-01-05', '11:10:00', '11:20:00', 69, 2, ' ', '2000-12-12 05:54:02'),
(508, 74, 203, 7, 'coryp', '2000-12-20', '11:30:00', '11:40:00', 70, 2, ' ', '2000-12-12 05:58:42'),
(509, 74, 203, 7, 'coryp', '2000-12-22', '11:30:00', '11:40:00', 68, 2, ' ', '2000-12-12 06:01:07'),
(510, 74, 203, 7, 'coryp', '2000-12-27', '11:20:00', '11:30:00', 67, 2, ' ', '2000-12-12 06:03:21'),
(511, 74, 203, 7, 'coryp', '2001-01-01', '11:10:00', '11:20:00', 70, 2, ' ', '2000-12-12 06:07:20'),
(512, 74, 203, 7, 'coryp', '2001-01-05', '11:08:00', '11:18:00', 70, 2, ' ', '2000-12-12 06:10:12'),
(513, 74, 203, 7, 'coryp', '2001-01-07', '11:06:00', '11:16:00', 71, 2, ' ', '2000-12-12 06:12:20'),
(514, 2, 129, 7, 'Langstaff', '2001-01-01', '11:18:00', '11:28:00', 68, 1, ' ', '2000-12-12 06:15:12'),
(515, 2, 129, 7, 'Langstaff', '2001-01-07', '11:15:00', '11:25:00', 71, 2, ' ', '2000-12-12 06:17:28'),
(516, 77, 206, 7, 'Langstaff', '2000-12-27', '11:15:00', '11:25:00', 68, 2, ' ', '2000-12-12 06:25:38'),
(517, 77, 206, 7, 'Langstaff', '2001-01-01', '11:15:00', '11:25:00', 70, 2, ' ', '2000-12-12 06:28:45'),
(518, 77, 206, 7, 'Langstaff', '2001-01-05', '11:15:00', '11:25:00', 68, 1, ' ', '2000-12-12 06:30:54'),
(519, 77, 206, 7, 'Langstaff', '2001-01-07', '11:15:00', '11:25:00', 71, 2, ' ', '2000-12-12 06:35:45'),
(520, 6, 3, 7, 'Langstaff', '2000-12-22', '11:20:00', '11:30:00', 70, 2, ' ', '2000-12-12 06:38:22'),
(521, 6, 3, 7, 'Langstaff', '2001-01-05', '11:00:00', '11:10:00', 68, 1, ' ', '2000-12-12 06:42:44'),
(522, 76, 205, 7, 'Langstaff', '2001-01-07', '11:10:00', '11:20:00', 71, 2, ' ', '2000-12-12 06:49:38'),
(523, 139, 252, 10, 'phil', '2000-04-03', '12:38:00', '12:48:00', 75, 2, ' ', '2001-01-11 14:09:32'),
(524, 139, 252, 10, 'bmusheno', '2001-02-01', '10:00:00', '10:30:00', 55, 2, 'test', '2001-01-23 13:05:04'),
(525, 123, 237, 4, 'MichaelJ', '2001-02-28', '08:40:00', '08:50:00', 43, 2, 'rained last night', '2001-01-31 16:50:25'),
(526, 139, 252, 10, 'bmusheno', '2000-04-03', '08:50:00', '09:00:00', 80, 1, ' ', '2001-02-01 14:42:36'),
(527, 207, 300, 9, 'ReneeB', '2001-02-28', '09:05:00', '09:15:00', 48, 1, ' ', '2001-04-09 08:30:31'),
(528, 207, 300, 9, 'ReneeB', '2001-02-28', '09:05:00', '09:15:00', 48, 1, 'none', '2001-04-09 08:33:42'),
(529, 207, 300, 9, 'cboling', '2001-02-28', '09:05:00', '09:15:00', 48, 1, ' ', '2001-04-17 10:58:03'),
(530, 207, 300, 9, 'ReneeB', '2001-02-28', '09:05:00', '09:15:00', 48, 1, 'none', '2001-04-17 11:00:40'),
(531, 207, 300, 9, 'ReneeB', '2001-02-28', '09:05:00', '09:15:00', 48, 1, ' ', '2001-04-23 07:46:50'),
(532, 205, 75, 9, 'ReneeB', '2001-02-26', '09:05:00', '09:15:00', 48, 3, ' ', '2001-04-30 15:15:02'),
(533, 207, 300, 9, 'ReneeB', '2001-02-26', '09:05:00', '09:15:00', 48, 3, 'none', '2001-04-30 15:16:52'),
(534, 207, 300, 9, 'ReneeB', '2001-02-26', '09:05:00', '09:15:00', 48, 3, 'none', '2001-04-30 15:19:29'),
(535, 207, 300, 9, 'ReneeB', '2001-03-09', '09:05:00', '09:15:00', 48, 1, ' ', '2001-05-01 14:52:09'),
(536, 207, 300, 9, 'ReneeB', '2001-02-26', '09:05:00', '09:15:00', 48, 3, 'All the birds fly over. Didn''t stop.', '2001-05-01 14:56:54'),
(537, 207, 300, 9, 'ReneeB', '2001-02-22', '09:05:00', '09:15:00', 59, 3, ' ', '2001-05-01 14:59:32'),
(538, 207, 300, 9, 'ReneeB', '2001-02-19', '09:20:00', '09:30:00', NULL, 1, ' ', '2001-05-01 15:02:18'),
(539, 207, 300, 9, 'ReneeB', '2001-03-02', '09:05:00', '09:15:00', 56, 1, ' ', '2001-05-02 09:22:11'),
(540, 207, 300, 9, 'ReneeB', '2001-03-05', '09:10:00', '09:20:00', 60, 1, ' ', '2001-05-02 09:35:41'),
(541, 209, 305, 9, 'ReneeB', '2001-03-02', '09:05:00', '09:15:00', 56, 1, ' ', '2001-05-02 09:38:08'),
(542, 209, 305, 9, 'ReneeB', '2001-03-05', '09:10:00', '09:20:00', 60, 1, 'Their was almost no birds, just Rock Doves', '2001-05-02 09:39:54'),
(543, 209, 305, 9, 'ReneeB', '2001-02-28', '09:05:00', '09:10:00', 48, 1, ' ', '2001-05-02 09:41:39'),
(544, 209, 305, 9, 'ReneeB', '2001-02-26', '09:05:00', '09:15:00', 48, 3, ' ', '2001-05-02 09:43:07'),
(545, 209, 305, 9, 'ReneeB', '2001-03-09', '09:00:00', '09:15:00', 48, 1, ' ', '2001-05-02 09:44:40'),
(546, 209, 305, 9, 'ReneeB', '2001-02-19', '09:20:00', '09:30:00', NULL, 1, ' ', '2001-05-02 09:47:17'),
(547, 209, 305, 9, 'ReneeB', '2001-02-22', '09:05:00', '09:15:00', 59, 3, ' ', '2001-05-02 09:49:38'),
(548, 213, 310, 9, 'ReneeB', '2001-02-28', '09:05:00', '09:15:00', 48, 1, ' ', '2001-05-02 10:02:50'),
(549, 213, 310, 9, 'ReneeB', '2001-02-26', '09:05:00', '09:15:00', 48, 3, ' ', '2001-05-02 10:04:00'),
(550, 213, 310, 9, 'ReneeB', '2001-03-05', '09:05:00', '09:15:00', 60, 1, ' ', '2001-05-02 10:05:35'),
(551, 213, 310, 9, 'ReneeB', '2001-03-02', '09:00:00', '09:15:00', 56, 1, ' ', '2001-05-02 10:06:42'),
(552, 213, 310, 9, 'ReneeB', '2001-03-09', '09:05:00', '09:15:00', 48, NULL, ' ', '2001-05-02 10:08:33'),
(553, 213, 310, 9, 'ReneeB', '2001-02-19', '09:20:00', '09:30:00', NULL, 1, ' ', '2001-05-02 10:11:18'),
(554, 213, 310, 9, 'ReneeB', '2001-02-22', '09:05:00', '09:15:00', 59, 3, ' ', '2001-05-02 10:12:52'),
(555, 205, 75, 9, 'ReneeB', '2001-02-19', '09:20:00', '09:30:00', NULL, 1, ' ', '2001-05-02 10:15:05'),
(556, 205, 75, 9, 'ReneeB', '2001-03-09', '09:00:00', '09:15:00', 48, 1, ' ', '2001-05-02 10:17:58'),
(557, 205, 75, 9, 'ReneeB', '2001-02-28', '09:05:00', '09:15:00', 48, 1, ' ', '2001-05-02 10:19:07'),
(558, 205, 75, 9, 'ReneeB', '2001-03-02', '09:05:00', '09:15:00', 56, 1, ' ', '2001-05-02 11:37:09'),
(559, 205, 75, 9, 'ReneeB', '2001-02-26', '09:05:00', '09:15:00', 48, 3, ' ', '2001-05-02 11:40:56'),
(560, 205, 75, 9, 'ReneeB', '2001-03-05', '09:05:00', '09:15:00', 60, 1, ' ', '2001-05-02 11:42:53'),
(561, 205, 75, 9, 'ReneeB', '2001-02-22', '09:05:00', '09:15:00', 59, 3, ' ', '2001-05-02 11:44:44'),
(562, 208, 303, 9, 'ReneeB', '2001-02-19', '09:20:00', '09:30:00', NULL, 1, ' ', '2001-05-02 11:47:24'),
(563, 208, 303, 9, 'ReneeB', '2001-03-09', '09:05:00', '09:15:00', 48, 1, ' ', '2001-05-03 13:56:39'),
(564, 208, 303, 9, 'ReneeB', '2001-02-28', '09:00:00', '09:10:00', 118, 1, ' ', '2001-05-03 13:57:52'),
(565, 208, 303, 9, 'ReneeB', '2001-03-02', '09:05:00', '09:15:00', 56, 1, ' ', '2001-05-03 14:00:11'),
(566, 208, 303, 9, 'ReneeB', '2001-02-22', '09:05:00', '09:15:00', 59, 3, ' ', '2001-05-03 14:01:07'),
(567, 208, 303, 9, 'ReneeB', '2001-02-26', '09:05:00', '09:15:00', 48, 3, ' ', '2001-05-03 14:02:40'),
(568, 208, 303, 9, 'ReneeB', '2001-03-05', '09:10:00', '09:15:00', 60, 1, ' ', '2001-05-03 14:03:51'),
(569, 210, 307, 9, 'ReneeB', '2001-03-02', '09:00:00', '09:15:00', 56, NULL, 'son muchos es color azul bajo es divertido es muy', '2001-05-03 14:05:51'),
(570, 210, 307, 9, 'ReneeB', '2001-03-09', '09:05:00', '09:15:00', 48, 1, ' ', '2001-05-03 14:06:57'),
(571, 210, 307, 9, 'ReneeB', '2001-03-05', '09:05:00', '09:15:00', 60, 1, ' ', '2001-05-03 14:08:09'),
(572, 210, 307, 9, 'ReneeB', '2001-02-26', '09:05:00', '09:15:00', 48, 3, ' ', '2001-05-03 14:09:21'),
(573, 210, 307, 9, 'ReneeB', '2001-02-28', '09:05:00', '09:15:00', 48, 1, ' ', '2001-05-03 14:10:28'),
(574, 210, 307, 9, 'ReneeB', '2001-02-19', '09:20:00', '09:30:00', NULL, 1, ' ', '2001-05-03 14:11:43'),
(575, 210, 307, 9, 'ReneeB', '2001-02-22', '09:05:00', '09:15:00', 59, 3, ' ', '2001-05-03 14:12:43'),
(576, 207, 300, 9, 'ReneeB', '2001-03-05', '11:10:00', '11:20:00', 72, 1, ' ', '2001-05-03 14:15:11'),
(577, 207, 300, 9, 'ReneeB', '2001-02-22', '11:10:00', '11:25:00', 66, 3, ' ', '2001-05-03 14:16:12'),
(578, 207, 300, 9, 'ReneeB', '2001-03-09', '11:05:00', '11:15:00', 60, 1, ' ', '2001-05-03 14:17:20'),
(579, 207, 300, 9, 'ReneeB', '2001-02-28', '10:35:00', '10:45:00', 50, 2, ' ', '2001-05-03 14:18:24'),
(580, 207, 300, 9, 'ReneeB', '2001-02-26', '11:15:00', '11:25:00', 60, 2, ' ', '2001-05-03 14:19:27'),
(581, 207, 300, 9, 'ReneeB', '2001-03-02', '11:05:00', '11:15:00', 63, 1, ' ', '2001-05-03 14:20:27'),
(582, 207, 300, 9, 'ReneeB', '2001-02-19', NULL, '10:55:00', NULL, 1, ' ', '2001-05-03 14:21:30'),
(583, 209, 305, 9, 'ReneeB', '2001-02-22', '11:05:00', '11:20:00', 66, 3, ' ', '2001-05-03 14:22:45'),
(584, 209, 305, 9, 'ReneeB', '2001-02-26', '11:15:00', '11:25:00', 60, 2, ' ', '2001-05-03 14:24:07'),
(585, 209, 305, 9, 'ReneeB', '2001-02-19', '10:45:00', '10:55:00', NULL, 1, ' ', '2001-05-03 14:25:46'),
(586, 209, 305, 9, 'ReneeB', '2001-03-02', NULL, '11:20:00', 63, 1, ' ', '2001-05-03 14:26:45'),
(587, 209, 305, 9, 'ReneeB', '2001-02-28', NULL, '10:00:00', 50, 2, ' ', '2001-05-03 14:27:43'),
(588, 209, 305, 9, 'ReneeB', '2001-03-09', '11:00:00', '11:10:00', 60, 3, ' ', '2001-05-03 14:29:06'),
(589, 209, 305, 9, 'ReneeB', '2001-03-05', '11:45:00', '11:55:00', 72, 1, ' ', '2001-05-03 14:30:21'),
(590, 213, 310, 9, 'ReneeB', '2001-02-26', '11:15:00', '11:25:00', 60, 2, ' ', '2001-05-03 14:31:22'),
(591, 213, 310, 9, 'ReneeB', '2001-02-19', '10:45:00', '10:55:00', NULL, 1, ' ', '2001-05-03 14:32:57'),
(592, 213, 310, 9, 'ReneeB', '2001-02-22', '11:10:00', '11:20:00', 66, 3, ' ', '2001-05-03 14:35:29'),
(593, 213, 310, 9, 'ReneeB', '2001-03-02', '11:00:00', '11:10:00', 63, 1, ' ', '2001-05-03 14:36:31'),
(594, 213, 310, 9, 'ReneeB', '2001-02-28', '10:35:00', '10:45:00', 50, 2, ' ', '2001-05-03 14:37:52'),
(595, 213, 310, 9, 'ReneeB', '2001-10-02', '11:10:00', '11:20:00', 60, 3, ' ', '2001-05-03 14:39:06'),
(596, 213, 310, 9, 'ReneeB', '2001-03-05', '11:10:00', '11:20:00', 72, 1, ' ', '2001-05-03 14:42:05'),
(597, 210, 307, 9, 'ReneeB', '2001-02-19', '10:45:00', '10:55:00', NULL, 1, ' ', '2001-05-03 14:42:54'),
(598, 210, 307, 9, 'ReneeB', '2001-02-28', '10:35:00', '10:45:00', 50, 2, ' ', '2001-05-03 14:43:55'),
(599, 210, 307, 9, 'ReneeB', '2001-03-02', '11:00:00', '11:10:00', 63, NULL, ' ', '2001-05-03 14:44:44'),
(600, 210, 307, 9, 'ReneeB', '2001-03-05', '11:45:00', '11:55:00', 72, 1, ' ', '2001-05-03 14:46:07'),
(601, 210, 307, 9, 'ReneeB', '2001-03-09', '11:00:00', '11:10:00', 60, NULL, ' ', '2001-05-03 14:47:13'),
(602, 210, 307, 9, 'ReneeB', '2001-02-22', '11:10:00', '11:20:00', 66, 3, ' ', '2001-05-03 14:48:09'),
(603, 210, 307, 9, 'ReneeB', '2001-02-25', '11:15:00', '11:25:00', 60, 2, ' ', '2001-05-07 15:28:04'),
(604, 205, 75, 9, 'ReneeB', '2001-02-26', '11:15:00', '11:25:00', NULL, 2, ' ', '2001-05-07 16:02:27'),
(605, 205, 75, 9, 'ReneeB', '2001-03-02', '11:05:00', '11:15:00', 63, 1, ' ', '2001-05-07 16:05:26'),
(606, 205, 75, 9, 'ReneeB', '2001-02-28', '10:30:00', '10:40:00', 50, 2, ' ', '2001-05-07 16:09:19'),
(607, 205, 75, 9, 'ReneeB', '2001-02-22', '11:10:00', '11:20:00', 66, 3, ' ', '2001-05-07 16:18:19'),
(608, 205, 75, 9, 'ReneeB', '2001-03-09', '11:05:00', '11:15:00', 60, 1, ' ', '2001-05-07 16:29:43'),
(609, 205, 75, 9, 'ReneeB', '2001-02-19', '10:45:00', '10:55:00', NULL, 1, ' ', '2001-05-07 16:31:57'),
(610, 205, 75, 9, 'ReneeB', '2001-03-05', '11:15:00', '11:25:00', 72, 1, ' ', '2001-05-07 16:34:11'),
(611, 208, 303, 9, 'ReneeB', '2001-02-28', '10:35:00', '10:45:00', 50, 2, ' ', '2001-05-08 08:49:15'),
(612, 208, 303, 9, 'ReneeB', '2001-02-26', '11:15:00', '11:25:00', 60, 2, ' ', '2001-05-08 08:51:08'),
(613, 208, 303, 9, 'ReneeB', '2001-02-22', '11:10:00', '11:20:00', 66, 3, ' ', '2001-05-08 08:53:04'),
(614, 208, 303, 9, 'ReneeB', '2001-02-19', '10:45:00', '10:55:00', NULL, 1, ' ', '2001-05-08 08:54:28'),
(615, 208, 303, 9, 'ReneeB', '2001-10-02', '11:10:00', '11:20:00', 60, 3, ' ', '2001-05-08 08:55:52'),
(616, 208, 303, 9, 'ReneeB', '2001-03-05', '11:10:00', '11:20:00', 72, 1, ' ', '2001-05-08 09:20:21'),
(617, 208, 303, 9, 'ReneeB', '2001-03-02', '11:00:00', '11:10:00', 63, 1, ' ', '2001-05-08 09:55:10'),
(618, 207, 300, 9, 'ReneeB', '2001-02-28', '12:45:00', '12:55:00', 56, 3, ' ', '2001-05-08 09:57:39'),
(619, 207, 300, 9, 'ReneeB', '2001-03-09', '12:45:00', '12:55:00', 71, 2, ' ', '2001-05-08 09:59:40'),
(620, 207, 300, 9, 'ReneeB', '2001-02-26', '13:05:00', '13:15:00', 60, 3, ' ', '2001-05-08 10:02:02'),
(621, 207, 300, 9, 'ReneeB', '2001-02-19', '12:55:00', '13:05:00', NULL, 1, ' ', '2001-05-08 10:03:26'),
(622, 207, 300, 9, 'ReneeB', '2001-02-22', '12:40:00', '12:50:00', 71, 2, ' ', '2001-05-08 10:05:04'),
(623, 207, 300, 9, 'ReneeB', '2001-03-02', '13:00:00', '13:10:00', 64, 1, ' ', '2001-05-08 10:06:18'),
(624, 207, 300, 9, 'ReneeB', '2001-03-05', '12:50:00', '13:00:00', 78, 1, ' ', '2001-05-08 10:07:43'),
(625, 208, 303, 9, 'ReneeB', '2001-02-28', '12:45:00', '12:55:00', 56, 3, ' ', '2001-05-08 10:08:53'),
(626, 208, 303, 9, 'ReneeB', '2001-03-08', '14:00:00', '14:10:00', 71, 1, ' ', '2001-05-08 10:11:53'),
(627, 208, 303, 9, 'ReneeB', '2001-03-02', '13:07:00', '13:17:00', 64, 1, ' ', '2001-05-08 10:13:27'),
(628, 208, 303, 9, 'ReneeB', '2001-03-05', '12:50:00', '13:00:00', 78, 1, ' ', '2001-05-08 10:14:53'),
(629, 208, 303, 9, 'ReneeB', '2001-02-26', '13:00:00', '13:15:00', 60, 3, ' ', '2001-05-08 10:16:04'),
(630, 208, 303, 9, 'ReneeB', '2001-02-22', '14:40:00', '14:50:00', 71, 2, ' ', '2001-05-08 10:17:34'),
(631, 208, 303, 9, 'ReneeB', '2001-02-19', '12:55:00', '13:05:00', NULL, 1, ' ', '2001-05-08 10:19:40'),
(632, 210, 307, 9, 'ReneeB', '2001-03-02', '13:00:00', '13:10:00', 64, 1, ' ', '2001-05-08 10:21:21'),
(633, 210, 307, 9, 'ReneeB', '2001-02-28', '12:45:00', '13:05:00', 56, 3, ' ', '2001-05-08 10:22:24'),
(634, 210, 307, 9, 'ReneeB', '2001-02-26', '13:05:00', '13:15:00', 60, 3, ' ', '2001-05-08 10:23:52'),
(635, 210, 307, 9, 'ReneeB', '2001-02-22', '12:40:00', '12:50:00', 71, 2, ' ', '2001-05-08 10:25:03'),
(636, 210, 307, 9, 'ReneeB', '2001-02-19', '12:55:00', '13:05:00', NULL, 1, ' ', '2001-05-08 10:26:42'),
(637, 210, 307, 9, 'ReneeB', '2001-03-05', '12:50:00', '13:00:00', 78, 1, ' ', '2001-05-08 10:28:21'),
(638, 210, 307, 9, 'ReneeB', '2001-03-09', '12:55:00', '13:05:00', 71, 2, ' ', '2001-05-08 10:29:48'),
(639, 213, 310, 9, 'ReneeB', '2001-02-19', '12:55:00', '13:05:00', NULL, 1, ' ', '2001-05-08 10:47:44'),
(640, 213, 310, 9, 'ReneeB', '2001-03-09', '12:30:00', '12:40:00', NULL, 1, ' ', '2001-05-08 10:50:24'),
(641, 213, 310, 9, 'ReneeB', '2001-03-02', '13:05:00', '13:15:00', 64, 1, ' ', '2001-05-08 10:51:46'),
(642, 213, 310, 9, 'ReneeB', '2001-02-22', '12:40:00', '12:50:00', 71, 2, ' ', '2001-05-08 10:53:21'),
(643, 213, 310, 9, 'ReneeB', '2001-03-05', '12:50:00', '13:00:00', 78, 1, ' ', '2001-05-08 11:02:37'),
(644, 213, 310, 9, 'ReneeB', '2001-02-26', '13:05:00', '13:15:00', 60, NULL, ' ', '2001-05-08 11:04:19'),
(645, 213, 310, 9, 'ReneeB', '2001-02-28', '12:45:00', '13:00:00', 56, 3, ' ', '2001-05-08 11:05:52'),
(646, 209, 305, 9, 'ReneeB', '2001-02-26', '13:00:00', '13:10:00', 60, 3, ' ', '2001-05-08 11:29:46'),
(647, 209, 305, 9, 'ReneeB', '2001-02-28', '12:45:00', '12:55:00', 56, 3, ' ', '2001-05-08 11:30:58'),
(648, 209, 305, 9, 'ReneeB', '2001-03-02', '13:05:00', '13:15:00', 64, 1, ' ', '2001-05-08 11:32:17'),
(649, 209, 305, 9, 'ReneeB', '2001-03-05', '12:50:00', '13:00:00', 78, 1, ' ', '2001-05-08 11:33:48'),
(650, 209, 305, 9, 'ReneeB', '2001-03-09', '12:45:00', '13:05:00', NULL, 2, ' ', '2001-05-08 11:35:16'),
(651, 209, 305, 9, 'ReneeB', '2001-02-19', '12:55:00', '13:05:00', NULL, 1, ' ', '2001-05-08 11:36:20'),
(652, 209, 305, 9, 'ReneeB', '2001-02-22', '12:40:00', '12:50:00', 71, 2, ' ', '2001-05-08 11:37:47'),
(653, 205, 75, 9, 'ReneeB', '2001-03-02', '13:00:00', '13:10:00', 64, 1, ' ', '2001-05-08 11:38:49'),
(654, 205, 75, 9, 'ReneeB', '2001-02-28', '12:50:00', '13:00:00', 56, 3, ' ', '2001-05-08 11:42:32'),
(655, 205, 75, 9, 'ReneeB', '2001-02-26', '13:05:00', '13:15:00', 60, 3, ' ', '2001-05-08 15:11:34'),
(656, 205, 75, 9, 'ReneeB', '2001-02-22', '12:40:00', '12:50:00', 71, 2, ' ', '2001-05-08 15:13:14'),
(657, 205, 75, 9, 'ReneeB', '0000-00-00', '12:55:00', '13:05:00', NULL, 1, ' ', '2001-05-08 15:15:10'),
(658, 205, 75, 9, 'ReneeB', '2001-03-09', '13:00:00', '13:10:00', 71, 1, ' ', '2001-05-08 15:16:26'),
(659, 205, 75, 9, 'ReneeB', '2001-03-05', '12:50:00', '13:00:00', 78, 1, ' ', '2001-05-08 15:17:19'),
(660, 123, 237, 4, 'MichaelG', '2001-02-28', '08:40:00', '08:50:00', 43, 2, ' ', '2001-05-21 14:25:50'),
(661, 122, 236, 4, 'CarlosV', '2001-02-28', '08:40:00', '08:50:00', 43, 2, 'Very Wet', '2001-05-21 14:27:05'),
(662, 122, 236, 4, 'JordanG', '2001-02-28', '08:40:00', '08:50:00', 43, 2, ' ', '2001-05-21 14:29:38'),
(663, 129, 243, 4, 'BryanC', '2001-02-28', '08:40:00', '08:50:00', 48, 2, 'It rained last night.', '2001-05-21 14:31:27'),
(664, 130, 244, 4, 'MonikaR', '2001-02-28', '08:40:00', '08:50:00', 43, 2, 'Muddy, last night rain', '2001-05-21 14:36:27'),
(665, 127, 241, 4, 'SocorroC', '2001-02-28', '08:40:00', '08:50:00', NULL, 2, ' ', '2001-05-21 14:37:58'),
(666, 124, 238, 4, 'DianeP', '2001-02-28', '08:40:00', '08:50:00', 43, 2, 'It rained last night.', '2001-05-21 14:39:04'),
(667, 125, 239, 4, 'DianaS', '2001-02-28', '08:40:00', '08:50:00', 43, 3, ' ', '2001-05-21 14:40:34'),
(668, 126, 240, 4, 'FernandoB', '2001-02-28', '08:40:00', '08:50:00', 43, 1, ' ', '2001-05-21 14:41:53'),
(669, 123, 237, 4, 'UlissesO', '2001-03-02', '08:45:00', '08:55:00', NULL, 1, ' ', '2001-05-21 15:38:30'),
(670, 128, 242, 4, 'AlexA', '2001-03-02', '08:45:00', '08:55:00', 38, 1, ' ', '2001-05-21 15:40:21'),
(671, 122, 236, 4, 'StephanyS', '2001-03-02', NULL, NULL, NULL, NULL, ' ', '2001-05-21 15:41:20'),
(672, 122, 236, 4, 'MichaelJ', '2001-03-02', '08:45:00', '08:55:00', 38, 1, 'No Wind', '2001-05-21 15:52:19'),
(673, 129, 243, 4, 'SabrinaB', '2001-03-02', '08:45:00', '08:55:00', 100, 1, 'No Wind', '2001-05-21 15:53:27'),
(674, 125, 239, 4, 'JohnC', '2001-03-02', '08:45:00', '08:55:00', 38, 1, 'No Wind', '2001-05-21 15:54:50'),
(675, 122, 236, 4, 'AbrahamG', '2001-03-07', '08:40:00', '08:50:00', 41, 1, 'There were kids coming out of the music room.', '2001-05-22 13:12:29'),
(676, 125, 239, 4, 'OscarO', '2001-03-07', '08:40:00', '08:50:00', 41, 1, ' ', '2001-05-22 13:24:19'),
(677, 128, 242, 4, 'MonikaR', '2001-03-07', '08:40:00', '08:50:00', 41, 1, ' ', '2001-05-22 13:26:21'),
(678, 129, 243, 4, 'CarlosV', '2001-02-06', '08:40:00', '08:50:00', 106, 1, ' ', '2001-05-22 13:30:38'),
(679, 126, 240, 4, 'AlexA', '2001-02-06', '08:40:00', '08:50:00', 34, NULL, ' ', '2001-05-22 13:31:49'),
(680, 122, 236, 4, 'DianaS', '2001-03-12', '08:40:00', '08:50:00', 34, 1, ' ', '2001-05-22 13:33:15'),
(681, 123, 237, 4, 'Nacho', '2001-03-12', '08:40:00', '08:50:00', 34, NULL, ' ', '2001-05-22 13:35:12'),
(682, 130, 244, 4, 'DianeP', '2001-03-12', '08:40:00', '08:50:00', 34, NULL, 'No Wind', '2001-05-22 13:36:24'),
(683, 129, 243, 4, 'SpencerD', '2001-03-12', '08:40:00', '08:50:00', 34, 1, ' ', '2001-05-22 13:37:36'),
(684, 124, 238, 4, 'ErikaH', '2001-03-12', '08:40:00', '08:50:00', 34, 1, ' ', '2001-05-22 13:41:44'),
(685, 127, 241, 4, 'SabrinaB', '2001-03-12', '08:40:00', '08:50:00', 93, 1, ' ', '2001-05-22 13:42:52'),
(686, 125, 239, 4, 'JordanG', '2001-03-12', '08:40:00', '08:50:00', 34, 1, ' ', '2001-05-22 13:44:19'),
(687, 125, 239, 4, 'ErikaH', '2001-03-02', '08:45:00', '08:55:00', 38, 1, 'No wind', '2001-05-22 13:45:21'),
(688, 126, 240, 4, 'MonikaR', '2001-03-16', '08:50:00', '09:00:00', 46, 3, 'Kids coming out of class, talking loud.', '2001-05-22 13:46:56'),
(689, 129, 243, 4, 'UlissesO', '2001-03-16', '08:50:00', '09:00:00', 46, 3, 'Cars were going by.', '2001-05-22 13:48:41'),
(690, 122, 236, 4, 'FernandoB', '2001-03-16', '08:50:00', '09:00:00', 46, 3, ' ', '2001-05-22 13:49:43'),
(691, 125, 239, 4, 'DianaS', '2001-03-16', '08:50:00', '09:00:00', 46, 3, ' ', '2001-05-23 15:41:07'),
(692, 125, 239, 4, 'CarlosG', '2001-03-16', '08:50:00', '09:00:00', 46, 3, ' ', '2001-05-23 15:41:56'),
(693, 128, 242, 4, 'MariaD', '2001-03-16', '08:50:00', '09:00:00', 46, 3, ' ', '2001-05-23 15:44:13'),
(694, 124, 238, 4, 'JordanG', '2001-03-16', '08:50:00', '09:00:00', 46, 3, ' ', '2001-05-23 15:45:42'),
(695, 126, 240, 4, 'CarlosV', '2001-03-26', '08:55:00', '09:05:00', 62, 2, ' ', '2001-05-23 15:49:25'),
(696, 125, 239, 4, 'JonathanS', '2001-03-26', '08:55:00', '09:05:00', NULL, 2, ' ', '2001-05-23 15:50:02'),
(697, 123, 237, 4, 'JordanG', '2001-03-26', '08:55:00', '09:05:00', 62, 2, ' ', '2001-05-23 15:51:23'),
(698, 130, 244, 4, 'Nacho', '2001-03-26', '08:55:00', '09:10:00', 62, 2, ' ', '2001-05-23 15:52:30'),
(699, 127, 241, 4, 'SpencerD', '2001-03-26', '08:55:00', '09:10:00', 62, 2, ' ', '2001-05-23 15:53:30'),
(700, 128, 242, 4, 'AbrahamG', '2001-03-26', '08:55:00', '09:05:00', 62, 2, 'There were cars and the boys were running around.', '2001-05-24 13:51:00'),
(701, 129, 243, 4, 'StephanieH', '2001-03-26', '08:55:00', '09:05:00', 62, 2, ' ', '2001-05-24 13:52:30'),
(702, 127, 241, 4, 'UlissesO', '2001-04-05', '08:50:00', '09:00:00', NULL, 3, ' ', '2001-05-24 13:54:03'),
(703, 122, 236, 4, 'JordanG', '2001-04-05', '08:50:00', '09:00:00', 64, 3, ' ', '2001-05-24 13:57:45'),
(704, 124, 238, 4, 'MonikaR', '2001-04-05', '08:50:00', '09:00:00', 64, 3, ' ', '2001-05-24 14:01:44'),
(705, 130, 244, 4, 'SocorroC', '2001-04-05', '08:50:00', '09:00:00', 64, 3, ' ', '2001-05-24 14:03:28'),
(706, 123, 237, 4, 'AlexA', '2001-04-05', '08:50:00', '09:00:00', 64, 3, ' ', '2001-05-24 14:05:16'),
(707, 125, 239, 4, 'CarlosV', '2001-04-05', '08:50:00', '09:00:00', 64, 3, ' ', '2001-05-24 14:07:16'),
(708, 129, 243, 4, 'JohnC', '2001-04-05', '08:50:00', '09:00:00', 64, 3, ' ', '2001-05-24 14:08:15'),
(709, 126, 240, 4, 'MariaD', '2001-04-05', '08:50:00', '09:05:00', 64, 3, ' ', '2001-05-24 14:10:13'),
(710, 124, 238, 4, 'MariaD', '2001-04-13', '08:35:00', NULL, 62, 1, '3 "American Crows" identified (not on list).', '2001-05-24 14:15:08'),
(711, 130, 244, 4, 'TomasG', '0000-00-00', '08:35:00', '08:45:00', 48, 1, ' ', '2001-05-24 14:19:01'),
(712, 129, 243, 4, 'OscarO', '2001-04-13', '08:35:00', '08:45:00', 62, 1, ' ', '2001-05-24 14:20:26'),
(713, 126, 240, 4, 'UlissesO', '2001-04-13', '08:35:00', '08:45:00', 62, NULL, ' ', '2001-05-24 14:21:24'),
(714, 122, 236, 4, 'BryanC', '2001-04-13', '08:35:00', '08:45:00', 62, 1, ' ', '2001-05-24 14:22:19'),
(715, 123, 237, 4, 'MonikaR', '2001-04-13', '08:35:00', '08:45:00', 62, 1, ' ', '2001-05-24 14:23:11'),
(716, 128, 242, 4, 'FernandoB', '2001-04-13', '08:35:00', '08:45:00', NULL, NULL, ' ', '2001-05-24 14:24:16'),
(717, 128, 242, 4, 'CarlosV', '2001-03-12', '08:40:00', '08:50:00', 34, 1, 'No wind.', '2001-05-24 14:42:44'),
(718, 124, 238, 4, 'sbowling', '2001-03-26', '08:45:00', '08:55:00', 62, NULL, '3 Crows observed (not on list).', '2001-05-24 14:43:42'),
(719, 317, 417, 19, ' matthew ', '2001-12-05', '10:00:00', '10:10:00', 70, 2, ' ', '2002-01-15 11:32:40'),
(720, 382, 466, 19, ' Angel ', '2001-12-05', '10:30:00', '10:40:00', 70, 2, 'it had rained the day before', '2002-01-15 11:45:02'),
(721, 113, 229, 19, ' Alison ', '2001-12-05', '11:40:00', '11:50:00', 70, 1, 'it rained the day before', '2002-01-15 11:52:40'),
(722, 172, 272, 19, ' jacog ', '2001-12-05', '13:40:00', '13:50:00', 70, 1, 'it rained the day before', '2002-01-15 12:00:41'),
(723, 119, 234, 19, ' Robert ', '2001-12-27', '10:30:00', '10:40:00', 70, NULL, ' ', '2002-01-16 10:59:47'),
(724, 317, 417, 19, ' Kyle ', '2002-02-18', '10:40:00', '10:50:00', 60, 1, ' ', '2002-01-18 11:00:15'),
(725, 382, 466, 19, ' Alex ', '2002-02-18', '10:50:00', '11:00:00', 60, 1, ' ', '2002-01-18 11:03:09'),
(726, 113, 229, 19, ' alsion ', '2002-02-20', '11:50:00', '00:00:00', 65, NULL, 'trees are loosing leaves', '2002-01-18 12:49:52'),
(727, 172, 272, 19, ' Michael,Jacob,James,Alan ', '2002-02-28', '14:05:00', '14:15:00', 60, 2, 'no leaves on trees', '2002-01-28 14:10:58'),
(728, 346, 438, 19, ' James ', '2002-03-05', '13:30:00', '13:40:00', 70, NULL, 'very bushy area', '2002-02-26 13:11:07'),
(729, 119, 235, 19, ' all ', '2002-03-05', '13:15:00', '13:25:00', 70, NULL, ' ', '2002-02-26 13:14:07'),
(730, 119, 235, 19, ' Michael,Angel,Maria ', '2002-04-28', '13:17:00', '13:27:00', 75, 1, ' ', '2002-04-19 11:16:31'),
(731, 346, 438, 19, ' Alan,Nickole ', '2002-04-28', '13:32:00', '13:42:00', 77, NULL, ' ', '2002-04-19 11:20:38'),
(732, 346, 438, 19, ' angel,michael,alex ', '2002-06-08', '10:35:00', '10:45:00', 90, NULL, ' ', '2002-05-08 11:38:28'),
(733, 119, 235, 19, ' ashley,nickole,matt,james ', '2002-06-08', '10:20:00', '10:30:00', 90, NULL, ' ', '2002-05-08 11:41:37'),
(734, 285, 383, 38, ' Matt ', '2002-05-18', '08:30:00', '08:40:00', 75, NULL, ' ', '2002-05-15 07:43:03'),
(735, 285, 383, 38, ' Matt ', '2002-05-23', '08:42:00', '08:52:00', 75, 1, ' ', '2002-05-15 08:11:23'),
(736, 285, 383, 38, ' Matt ', '2002-05-26', '08:44:00', '08:54:00', 73, 1, ' ', '2002-05-15 08:14:42'),
(737, 285, 383, 38, ' Matt ', '2001-06-01', '08:37:00', '08:47:00', 72, 2, ' ', '2002-05-15 08:17:25'),
(738, 285, 383, 38, ' Abby ', '2002-06-02', '08:39:00', '08:49:00', 81, NULL, ' ', '2002-05-15 08:22:50'),
(739, 285, 383, 38, ' matt ', '2002-06-07', '08:42:00', '08:52:00', 75, 1, ' ', '2002-05-15 08:32:48'),
(740, 285, 383, 38, ' abby ', '2002-06-09', '08:37:00', '08:47:00', 84, 1, ' ', '2002-05-15 08:47:37'),
(741, 285, 383, 38, ' matt ', '2002-06-14', '08:37:00', '08:47:00', 93, NULL, ' ', '2002-05-15 08:50:48'),
(742, 284, 381, 38, ' Cristina ', '2002-05-18', '08:46:00', '08:56:00', 75, NULL, ' ', '2002-05-16 08:37:56'),
(743, 286, 384, 38, ' Avgi ', '2002-05-18', '08:50:00', '09:00:00', 75, NULL, ' ', '2002-05-16 09:01:00'),
(744, 287, 385, 38, ' Bri ', '2002-05-18', '08:25:00', '08:35:00', 75, NULL, ' ', '2002-05-16 10:30:55'),
(745, 288, 386, 38, ' Nick ', '2002-05-18', '08:34:00', '08:44:00', 75, NULL, ' ', '2002-05-16 10:40:43'),
(746, 305, 408, 38, ' Josh ', '2002-05-18', '08:45:00', '08:55:00', 75, NULL, ' ', '2002-05-16 10:49:08'),
(747, 306, 409, 38, ' Katie ', '2002-05-18', '09:35:00', '09:45:00', 75, NULL, ' ', '2002-05-17 10:30:18'),
(748, 162, 261, 39, ' Lauren ', '2002-05-18', '10:38:00', '10:48:00', 82, NULL, ' ', '2002-05-17 10:39:48'),
(749, 164, 263, 39, ' Jenny ', '2002-05-18', '10:39:00', '10:49:00', 82, NULL, ' ', '2002-05-17 10:47:58'),
(750, 284, 381, 38, ' Christina Akins ', '2002-05-23', '08:26:00', '08:36:00', 75, 1, ' ', '2002-05-20 08:21:37'),
(751, 284, 381, 38, ' Christina Akins ', '2002-05-04', '08:27:00', '08:37:00', 75, 1, ' ', '2002-05-20 08:27:05'),
(752, 284, 381, 38, ' Christina Akins ', '2002-06-01', '08:25:00', '08:35:00', 72, 2, ' ', '2002-05-20 08:32:30'),
(753, 284, 381, 38, ' Kristina Akins ', '2002-06-02', '08:26:00', '08:36:00', 77, NULL, ' ', '2002-05-20 08:40:34'),
(754, 284, 381, 38, ' Kristina Akins ', '2002-06-14', '08:28:00', '08:38:00', 93, NULL, ' ', '2002-05-20 08:45:52'),
(755, 284, 381, 38, ' Christina ', '2002-06-07', '08:25:00', '08:35:00', 82, NULL, ' ', '2002-06-26 13:58:42'),
(756, 284, 381, 38, ' Sarah ', '2002-06-09', '08:26:00', '08:36:00', 84, 1, ' ', '2002-06-26 14:03:09'),
(757, 286, 384, 38, ' Marshall ', '2002-05-23', '08:55:00', '09:05:00', 75, 1, ' ', '2002-06-26 14:05:41'),
(758, 286, 384, 38, ' Marshall ', '2002-05-26', '08:55:00', '09:05:00', 75, 1, ' ', '2002-06-26 14:08:48'),
(759, 286, 384, 38, ' Marshall ', '2002-06-01', '08:55:00', '09:05:00', 72, 2, ' ', '2002-06-26 14:11:18'),
(760, 286, 384, 38, ' Marshall ', '2002-06-02', '08:50:00', '09:00:00', 77, NULL, ' ', '2002-06-26 14:13:33'),
(761, 286, 384, 38, ' Marshall ', '2002-06-07', '08:50:00', '09:00:00', 88, NULL, ' ', '2002-06-26 14:22:34'),
(762, 286, 384, 38, ' Marshall ', '2002-06-09', '08:50:00', '09:00:00', 84, 1, ' ', '2002-06-26 14:25:34'),
(763, 286, 384, 38, ' marshall ', '2002-06-14', '08:50:00', '09:00:00', 93, NULL, ' ', '2002-06-26 14:27:59'),
(764, 288, 386, 38, ' Sarah ', '2002-05-23', '08:32:00', '08:42:00', 75, 1, ' ', '2002-07-02 11:55:11'),
(765, 288, 386, 38, ' Sarah ', '2002-05-26', '08:44:00', '08:54:00', 75, 1, ' ', '2002-07-02 11:58:30'),
(766, 288, 386, 38, ' Sarah ', '2002-06-01', '08:33:00', '08:43:00', 72, 2, ' ', '2002-07-02 12:00:35'),
(767, 288, 386, 38, ' Sarah ', '2002-06-02', '08:30:00', '08:40:00', 77, NULL, ' ', '2002-07-02 12:03:09'),
(768, 288, 386, 38, ' Sarah ', '2002-06-07', '08:36:00', '08:46:00', 88, NULL, ' ', '2002-07-02 12:11:22'),
(769, 288, 386, 38, ' Sarah ', '2002-06-09', '08:37:00', '08:47:00', 84, 1, ' ', '2002-07-02 12:13:15'),
(770, 288, 386, 38, ' Sarah ', '2002-06-14', '08:39:00', '08:49:00', 93, NULL, ' ', '2002-07-02 12:16:23'),
(771, 306, 409, 38, ' Erin ', '2002-05-23', '08:51:00', '09:01:00', 75, NULL, ' ', '2002-07-02 12:21:35'),
(772, 306, 409, 38, ' Erin ', '2002-08-02', '08:51:00', '09:01:00', 75, 1, ' ', '2002-07-02 12:24:30'),
(773, 306, 409, 38, ' Erin ', '2002-06-01', '08:51:00', '09:01:00', 72, 2, ' ', '2002-07-02 12:26:51'),
(774, 306, 409, 38, ' Erin ', '2002-06-02', '08:52:00', '09:02:00', 77, NULL, ' ', '2002-07-02 12:29:08'),
(775, 306, 409, 38, ' Erin ', '2002-06-07', '08:50:00', '09:00:00', 88, NULL, ' ', '2002-07-02 12:32:03'),
(776, 306, 409, 38, ' Erin ', '2002-06-09', '08:50:00', '09:00:00', 84, 1, ' ', '2002-07-02 12:36:04'),
(777, 306, 409, 38, ' Erin ', '2002-06-14', '08:50:00', '09:00:00', 93, NULL, ' ', '2002-07-02 12:38:35'),
(778, 370, 457, 39, ' Frank ', '2002-05-18', '10:32:00', '10:42:00', 82, NULL, ' ', '2002-07-02 12:43:41'),
(779, 370, 457, 39, ' Frank ', '2002-05-23', '10:37:00', '10:47:00', 97, 1, ' ', '2002-07-02 12:46:38'),
(780, 370, 457, 39, ' Frank ', '2002-05-26', '10:35:00', '10:45:00', 84, NULL, ' ', '2002-07-02 12:48:51'),
(781, 370, 457, 39, ' Frank ', '2002-06-01', '11:25:00', '11:35:00', 79, 2, ' ', '2002-07-02 12:51:50'),
(782, 370, 457, 39, ' Frank ', '2002-06-02', '10:30:00', '10:40:00', 77, NULL, ' ', '2002-07-02 12:54:50'),
(783, 370, 457, 39, ' Frank ', '2002-06-07', '10:29:00', '10:39:00', 90, 1, ' ', '2002-07-02 12:57:04'),
(784, 370, 457, 39, ' Frank ', '2002-06-09', '10:30:00', '10:40:00', 93, 1, ' ', '2002-07-02 13:00:04'),
(785, 370, 457, 39, ' Frank ', '2002-06-14', '10:29:00', '10:39:00', 97, 1, ' ', '2002-07-02 13:02:17'),
(786, 162, 261, 39, ' Lauren ', '2002-05-23', '10:34:00', '10:44:00', 97, 1, ' ', '2002-07-02 13:05:48'),
(787, 162, 261, 39, ' Lauren ', '2002-05-26', '10:32:00', '10:42:00', 84, NULL, ' ', '2002-07-02 13:07:34'),
(788, 162, 261, 39, ' Lauren ', '2002-06-01', '10:48:00', '10:58:00', 79, 2, ' ', '2002-07-02 13:09:03'),
(789, 162, 261, 39, ' Lauren ', '2002-06-02', '10:30:00', '10:40:00', 77, NULL, ' ', '2002-07-02 13:10:23'),
(790, 162, 261, 39, ' Lauren ', '2002-06-07', '10:40:00', '10:50:00', 90, 1, ' ', '2002-07-02 13:11:52'),
(791, 162, 261, 39, ' Lauren ', '2002-06-09', '10:29:00', '09:39:00', 90, NULL, ' ', '2002-07-02 13:13:18'),
(792, 162, 261, 39, ' Lauren ', '2002-06-14', '10:30:00', '10:40:00', 97, NULL, ' ', '2002-07-02 13:15:06'),
(793, 189, 282, 36, ' K. Schneider ', '2001-11-30', '09:00:00', '09:10:00', 32, NULL, ' ', '2002-07-10 07:15:04'),
(794, 189, 282, 36, ' M. Teague ', '2002-04-21', '09:10:00', '09:20:00', 74, NULL, ' ', '2002-07-10 07:19:17'),
(795, 189, 282, 36, ' K. Lehman ', '2002-04-21', '09:10:00', '09:20:00', 74, NULL, ' ', '2002-07-10 07:21:35'),
(796, 183, 278, 36, ' A. Austin ', '2002-04-21', '09:10:00', '09:20:00', 79, NULL, ' ', '2002-07-10 07:25:01'),
(797, 183, 278, 36, ' M. Lewis ', '2002-04-21', '09:10:00', '09:20:00', 79, NULL, ' ', '2002-07-10 07:28:42'),
(798, 150, 255, 36, ' T. Abramson ', '2002-04-21', '09:10:00', '09:20:00', 79, NULL, ' ', '2002-07-10 07:30:18'),
(799, 150, 255, 36, ' N. Savoy ', '2002-04-21', '09:10:00', '09:20:00', 79, NULL, ' ', '2002-07-10 07:31:52'),
(800, 183, 278, 36, ' D. Goss ', '2002-04-22', '09:10:00', '09:20:00', 78, NULL, ' ', '2002-07-10 07:35:26'),
(801, 149, 254, 36, ' M. Ayers ', '2002-04-22', '09:10:00', '09:20:00', 78, NULL, ' ', '2002-07-10 07:36:48'),
(802, 189, 282, 36, ' C. Snarr ', '2002-04-22', '09:10:00', '09:20:00', 78, NULL, ' ', '2002-07-10 07:40:22'),
(803, 183, 278, 36, ' C. Willis ', '2001-11-30', '09:40:00', '09:50:00', 32, NULL, ' ', '2002-07-10 07:43:31'),
(804, 189, 282, 36, ' M. Raitt ', '2001-10-30', '10:31:00', '10:41:00', 32, NULL, ' ', '2002-07-10 07:45:30'),
(805, 189, 282, 36, ' M. Teague ', '2001-10-30', '09:31:00', '09:41:00', 32, NULL, ' ', '2002-07-10 07:47:55'),
(806, 221, 316, 42, '  ', '2002-08-12', '08:50:00', '09:01:00', 95, 1, 'Dogs came through during the count.', '2002-07-15 09:22:12'),
(807, 222, 318, 42, '  ', '2002-08-12', '08:50:00', '09:00:00', 95, 1, 'Dogs came through during the count.', '2002-07-15 09:22:26'),
(808, 163, 262, 39, ' Jen ', '2002-05-18', '10:50:00', '11:00:00', 82, NULL, ' ', '2002-07-18 13:13:26'),
(809, 163, 262, 39, ' Jen ', '2002-05-23', '10:50:00', '11:00:00', 93, 1, ' ', '2002-07-18 13:16:40'),
(810, 163, 262, 39, ' Jen ', '2002-08-18', '10:48:00', '10:58:00', 84, NULL, ' ', '2002-07-18 13:19:05'),
(811, 163, 262, 39, ' Jen ', '2002-06-01', '10:52:00', '11:02:00', 79, 2, ' ', '2002-07-18 13:28:50'),
(812, 163, 262, 39, ' Jen ', '2002-06-02', '10:41:00', '10:51:00', 77, NULL, ' ', '2002-07-18 13:31:21'),
(813, 163, 262, 39, ' Jen ', '2002-06-07', '10:41:00', '10:51:00', 90, 1, ' ', '2002-07-18 13:33:06'),
(814, 163, 262, 39, ' Jen ', '2002-06-09', '10:45:00', '10:55:00', 93, 1, ' ', '2002-07-18 13:35:44'),
(815, 163, 262, 39, ' Jen ', '2002-06-14', '10:40:00', '10:50:00', 97, NULL, ' ', '2002-07-18 13:37:52'),
(816, 164, 263, 39, ' Jenny ', '2002-05-23', '10:36:00', '10:46:00', 95, 1, ' ', '2002-07-18 13:41:07'),
(817, 164, 263, 39, ' Jenny ', '2002-05-26', '10:34:00', '10:44:00', 32, NULL, ' ', '2002-07-18 13:44:08'),
(818, 164, 263, 39, ' Jenny ', '2002-06-01', '10:35:00', '10:45:00', 79, 2, ' ', '2002-07-18 13:52:04'),
(819, 164, 263, 39, ' Jenny ', '2002-06-01', '10:35:00', '10:45:00', 79, 2, ' ', '2002-07-18 13:52:40'),
(820, 164, 263, 39, ' Jenny ', '2002-06-02', '10:32:00', '10:42:00', 77, NULL, ' ', '2002-07-18 14:11:31'),
(821, 164, 263, 39, ' Jenny ', '2002-06-07', '10:30:00', '10:40:00', 86, 1, ' ', '2002-07-18 14:13:21'),
(822, 164, 263, 39, ' Jenny ', '2002-06-09', '10:32:00', '10:42:00', 93, 1, ' ', '2002-07-18 14:15:06'),
(823, 164, 263, 39, ' Jenny ', '2002-06-14', '10:31:00', '10:41:00', 97, NULL, ' ', '2002-07-18 14:17:29'),
(824, 287, 385, 38, ' Erin ', '2002-05-26', '08:20:00', '08:30:00', 75, 1, ' ', '2002-07-18 14:19:44'),
(825, 287, 385, 38, ' Erin ', '2002-06-01', '08:27:00', '08:37:00', 72, 2, ' ', '2002-07-18 14:21:23'),
(826, 287, 385, 38, ' Erin ', '2002-06-02', '08:26:00', '08:36:00', 77, NULL, ' ', '2002-07-18 14:23:08'),
(827, 287, 385, 38, ' Erin ', '2002-06-07', '08:24:00', '08:34:00', 88, 1, ' ', '2002-07-18 14:25:18'),
(828, 287, 385, 38, ' Erin ', '2002-06-09', '08:37:00', '08:47:00', 84, 1, ' ', '2002-07-18 14:27:43'),
(829, 287, 385, 38, ' Erin ', '2002-06-09', '08:25:00', '08:35:00', 84, 1, ' ', '2002-07-18 14:30:03'),
(830, 305, 408, 38, ' Josh ', '2002-05-23', '08:30:00', '08:40:00', 75, 1, ' ', '2002-08-08 08:16:10'),
(831, 305, 408, 38, ' Josh ', '2002-05-26', '08:30:00', '08:40:00', 75, 1, ' ', '2002-08-08 08:18:46'),
(832, 305, 408, 38, ' Josh ', '2002-06-01', '08:25:00', '08:35:00', 72, 2, ' ', '2002-08-08 08:20:52'),
(833, 305, 408, 38, ' Josh ', '2002-06-02', '08:26:00', '08:36:00', 77, NULL, ' ', '2002-08-08 08:23:08'),
(834, 305, 408, 38, ' Josh ', '2002-06-07', '08:24:00', '08:34:00', 88, 1, ' ', '2002-08-08 08:27:03'),
(835, 305, 408, 38, ' Josh ', '2002-06-09', '08:25:00', '08:35:00', 84, 1, ' ', '2002-08-08 08:29:01'),
(836, 305, 408, 38, ' Josh ', '2002-06-14', '08:25:00', '08:35:00', 93, NULL, ' ', '2002-08-08 08:31:17'),
(837, 308, 411, 39, ' Ryan ', '2002-05-18', '10:39:00', '10:49:00', 82, NULL, ' ', '2002-08-08 13:17:36'),
(838, 308, 411, 39, ' Ryan ', '2002-05-23', '10:46:00', '10:56:00', 97, 1, ' ', '2002-08-08 13:19:49'),
(839, 308, 411, 39, ' Ryan ', '2002-05-26', '10:34:00', '10:44:00', 84, NULL, ' ', '2002-08-09 10:51:50'),
(840, 308, 411, 39, ' Ryan ', '2002-06-01', '10:40:00', '10:50:00', 79, 2, ' ', '2002-08-09 10:53:52'),
(841, 308, 411, 39, ' Ryan ', '2002-06-02', '10:30:00', '10:40:00', 81, NULL, ' ', '2002-08-09 10:59:02'),
(842, 308, 411, 39, ' Ryan ', '2002-06-07', '10:32:00', '10:42:00', 82, 1, ' ', '2002-08-09 11:00:37'),
(843, 308, 411, 39, ' Ryan ', '2002-06-09', '10:31:00', '10:41:00', 93, 1, ' ', '2002-08-09 11:02:36'),
(844, 308, 411, 39, ' Ryan ', '2002-06-14', '10:30:00', '10:40:00', 97, NULL, ' ', '2002-08-09 11:04:45'),
(845, 205, 298, 9, '  ', '2002-03-21', '15:35:00', '15:45:00', 81, NULL, 'Kids playing nearby. Noisy.', '2002-09-25 10:29:47'),
(846, 205, 298, 9, '  ', '2002-03-04', '15:25:00', '15:35:00', 72, NULL, ' ', '2002-09-25 10:33:05'),
(847, 207, 301, 9, '  ', '2002-03-28', '15:30:00', '15:40:00', 77, NULL, 'Kids playing nearby.', '2002-09-25 10:36:15'),
(848, 208, 304, 9, '  ', '2002-04-07', '15:25:00', '15:35:00', 73, 2, 'It is very quiet.', '2002-09-25 10:38:04'),
(849, 209, 306, 9, '  ', '2002-04-07', '14:32:00', '14:42:00', 73, 2, 'Kids playing nearby.', '2002-09-25 10:40:38'),
(850, 205, 298, 9, '  ', '2002-04-07', '15:20:00', '15:30:00', 73, 2, ' ', '2002-09-25 10:43:36'),
(851, 213, 311, 9, '  ', '2002-04-07', '15:20:00', '15:30:00', 73, 2, 'Kids walking home.\rCars leaving parking lot.\r', '2002-09-25 10:58:34'),
(852, 207, 301, 9, '  ', '2002-04-07', '15:23:00', '03:33:00', 73, 2, ' ', '2002-09-25 11:04:26'),
(853, 209, 306, 9, '  ', '2002-04-03', '15:25:00', '15:35:00', 72, NULL, 'Children at play scaring birds.', '2002-09-25 11:06:23'),
(854, 208, 304, 9, '  ', '2002-04-04', '15:25:00', '15:35:00', 72, NULL, ' ', '2002-09-25 11:08:07'),
(855, 213, 311, 9, '  ', '2002-04-04', '15:25:00', '15:35:00', 72, NULL, ' ', '2002-09-25 11:09:52'),
(856, 207, 301, 9, '  ', '2002-04-04', '15:25:00', '15:35:00', 72, NULL, ' ', '2002-09-25 11:11:47'),
(857, 208, 304, 9, '  ', '2002-03-28', '15:30:00', '15:40:00', 77, NULL, 'Kids playing in playground.', '2002-09-25 11:13:14'),
(858, 205, 298, 9, '  ', '2002-03-28', '15:25:00', '15:45:00', 77, NULL, ' ', '2002-09-25 11:15:41'),
(859, 208, 304, 9, '  ', '2002-03-28', '15:30:00', '15:40:00', 77, NULL, ' ', '2002-09-25 11:17:40'),
(860, 207, 301, 9, '  ', '2002-03-21', '15:30:00', '15:40:00', 81, NULL, ' ', '2002-09-25 11:19:58'),
(861, 207, 301, 9, '  ', '2002-03-25', '15:30:00', '15:40:00', 82, NULL, ' ', '2002-09-25 11:21:34'),
(862, 208, 304, 9, '  ', '2002-03-21', '15:30:00', '15:40:00', 81, NULL, 'Kids playing soccer.', '2002-09-25 11:23:09'),
(863, 208, 304, 9, '  ', '2002-03-25', '15:30:00', '15:40:00', 82, NULL, ' ', '2002-09-25 11:24:22'),
(864, 213, 311, 9, '  ', '2002-03-25', '15:30:00', '15:40:00', 82, NULL, ' ', '2002-09-25 11:27:12'),
(865, 213, 311, 9, '  ', '2002-03-21', '15:30:00', '15:40:00', 81, NULL, ' ', '2002-09-25 11:40:52'),
(866, 209, 306, 9, '  ', '2002-03-21', '15:30:00', '15:40:00', 81, NULL, 'Kids playing in M2 area.', '2002-09-27 08:45:13'),
(867, 209, 306, 9, '  ', '2002-03-25', '15:30:00', '15:40:00', 82, NULL, ' ', '2002-09-27 08:46:34'),
(868, 207, 301, 9, '  ', '2001-03-19', '09:35:00', '09:45:00', 59, NULL, ' ', '2002-09-27 08:48:25'),
(869, 213, 311, 9, '  ', '2002-03-19', '09:35:00', '09:45:00', 59, NULL, ' ', '2002-09-27 08:50:22'),
(870, 213, 311, 9, '  ', '2002-03-15', '11:15:00', '11:25:00', 72, NULL, ' ', '2002-09-27 08:52:02'),
(871, 209, 306, 9, '  ', '2002-03-15', '11:15:00', '11:25:00', 70, NULL, ' ', '2002-09-27 08:53:38'),
(872, 208, 304, 9, '  ', '2002-03-15', '11:15:00', '11:25:00', 72, NULL, ' ', '2002-09-27 08:56:14'),
(873, 207, 301, 9, '  ', '2002-03-15', '11:15:00', '11:25:00', 72, NULL, 'Headstart kids at recess.', '2002-09-27 09:07:09'),
(874, 209, 306, 9, '  ', '2002-03-19', '09:35:00', '09:45:00', 59, NULL, ' ', '2002-09-27 09:14:12'),
(875, 205, 298, 9, '  ', '2002-04-14', '12:27:00', '12:30:00', 63, NULL, ' ', '2002-09-27 09:17:41'),
(876, 208, 304, 9, '  ', '2002-03-19', '00:25:00', '00:35:00', 64, 1, 'Playing kids scaring the birds.', '2002-09-27 09:19:39'),
(877, 205, 298, 9, '  ', '2002-04-07', '12:30:00', '12:40:00', 72, 2, ' ', '2002-09-27 09:22:01'),
(878, 207, 301, 9, '  ', '2002-03-19', '10:21:00', '10:41:00', 66, 1, ' ', '2002-09-27 09:24:21'),
(879, 207, 301, 9, '  ', '2002-03-25', '00:30:00', '00:40:00', 73, NULL, 'Birds eating.', '2002-09-27 09:26:27'),
(880, 207, 301, 9, '  ', '2001-04-04', '12:30:00', '12:40:00', 63, NULL, ' ', '2002-09-27 09:29:09'),
(881, 208, 304, 9, '  ', '2002-04-04', '12:30:00', '12:40:00', 63, NULL, 'Kids playing.', '2002-09-27 09:31:43'),
(882, 207, 301, 9, '  ', '2002-04-17', '12:30:00', '12:40:00', 72, 2, ' ', '2002-09-27 09:33:36'),
(883, 213, 311, 9, '  ', '2002-05-08', '12:30:00', '12:45:00', 72, 2, ' ', '2002-09-27 09:37:14'),
(884, 213, 311, 9, '  ', '2002-07-02', '12:40:00', '12:50:00', 73, NULL, ' ', '2002-09-27 10:21:12'),
(885, 205, 298, 9, '  ', '2002-03-26', '12:40:00', '12:50:00', 73, NULL, ' ', '2002-09-27 10:27:45'),
(886, 205, 298, 9, '  ', '2002-03-28', '12:45:00', '12:55:00', 73, 1, ' ', '2002-09-27 10:30:21'),
(887, 207, 301, 9, '  ', '2002-03-28', '12:45:00', '12:55:00', 73, NULL, ' ', '2002-09-27 10:32:36'),
(888, 208, 304, 9, '  ', '2002-03-28', '12:45:00', '12:55:00', 73, NULL, 'Kids playing nearby.', '2002-09-27 10:34:24'),
(889, 213, 311, 9, '  ', '2002-03-28', '12:45:00', '00:55:00', 73, NULL, ' ', '2002-09-27 10:36:32'),
(890, 209, 306, 9, '  ', '2002-03-28', '12:45:00', '12:55:00', 73, NULL, 'Kids playing in playground. ', '2002-09-27 10:37:56'),
(891, 213, 311, 9, '  ', '2002-04-04', '12:27:00', '12:37:00', 63, NULL, 'Many people passing by.', '2002-09-27 10:39:38'),
(892, 205, 298, 9, '  ', '2002-03-21', '12:35:00', '12:45:00', 73, NULL, ' ', '2002-09-27 10:54:04'),
(893, 208, 304, 9, '  ', '2002-03-25', '12:40:00', '12:50:00', 73, NULL, ' ', '2002-09-27 10:55:20'),
(894, 209, 306, 9, '  ', '2002-03-25', '12:40:00', '12:50:00', 73, NULL, 'Kids playing nearby.', '2002-09-27 10:56:51'),
(895, 209, 306, 9, '  ', '2002-03-19', '12:25:00', '12:35:00', 64, 1, 'Kids playing nearby. ', '2002-09-27 10:58:29'),
(896, 213, 311, 9, '  ', '2002-03-19', '12:25:00', '12:35:00', 64, 1, ' ', '2002-09-27 11:07:18'),
(897, 213, 311, 9, '  ', '2002-03-21', '12:35:00', '12:45:00', 73, NULL, ' ', '2002-09-27 11:08:56'),
(898, 209, 306, 9, '  ', '2002-03-21', '12:35:00', '23:45:00', 73, NULL, ' ', '2002-09-27 11:10:32'),
(899, 208, 304, 9, '  ', '2002-04-21', '12:35:00', '12:45:00', 73, NULL, ' ', '2002-09-27 11:12:09'),
(900, 207, 301, 9, '  ', '2002-03-21', '12:35:00', '00:45:00', 73, NULL, ' ', '2002-09-27 11:13:40'),
(901, 208, 304, 9, '  ', '2002-04-07', '12:30:00', '23:40:00', 72, 2, ' ', '2002-09-27 11:15:12'),
(902, 209, 306, 9, '  ', '2002-04-07', '12:30:00', '12:40:00', 72, 2, ' ', '2002-09-27 11:16:33'),
(903, 205, 298, 9, '  ', '2002-03-21', '14:30:00', '14:40:00', 72, 2, ' ', '2002-09-27 11:26:15'),
(904, 205, 298, 9, '  ', '2002-04-04', '14:40:00', '14:50:00', 68, NULL, ' ', '2002-10-04 08:13:12'),
(905, 205, 298, 9, '  ', '2002-07-07', '14:29:00', '14:45:00', 75, 1, 'Kids playing in yard.', '2002-10-04 08:17:44'),
(906, 205, 298, 9, '  ', '2002-03-28', '14:25:00', '14:35:00', 77, NULL, ' ', '2002-10-04 08:20:02'),
(907, 213, 311, 9, '  ', '2002-03-28', '14:25:00', '14:33:00', 79, NULL, ' ', '2002-10-04 08:22:07'),
(908, 207, 301, 9, '  ', '2002-03-28', '14:30:00', '14:45:00', 79, NULL, ' ', '2002-10-04 08:31:06'),
(909, 208, 304, 9, '  ', '2002-04-04', '14:30:00', '14:40:00', 72, NULL, 'Activity scaring birds away.', '2002-10-04 08:33:02'),
(910, 213, 311, 9, '  ', '2002-04-04', '14:30:00', '14:40:00', 72, NULL, ' ', '2002-10-04 08:34:56'),
(911, 213, 311, 9, '  ', '2002-03-19', '14:20:00', '14:30:00', 77, NULL, ' ', '2002-10-04 08:46:21'),
(912, 209, 306, 9, '  ', '2002-03-28', '14:25:00', '14:35:00', 79, NULL, ' ', '2002-10-04 08:52:51'),
(913, 213, 311, 9, '  ', '2002-03-25', '14:20:00', '14:40:00', 77, NULL, ' ', '2002-10-04 08:55:17'),
(914, 209, 306, 9, '  ', '2002-03-22', '10:00:00', '10:25:00', 77, NULL, ' ', '2002-10-04 08:57:05'),
(915, 209, 306, 9, '  ', '2002-04-19', '14:19:00', '14:31:00', 77, NULL, ' ', '2002-10-04 08:58:31'),
(916, 205, 298, 9, '  ', '2002-03-19', '14:20:00', '14:30:00', 77, NULL, ' ', '2002-10-04 09:00:42'),
(917, 205, 298, 9, '  ', '2002-03-25', '14:30:00', '02:40:00', 77, NULL, ' ', '2002-10-04 09:03:53'),
(918, 207, 301, 9, '  ', '2002-04-02', '14:30:00', '14:40:00', 32, NULL, ' ', '2002-10-04 09:09:06'),
(919, 207, 301, 9, '  ', '2002-03-25', '14:20:00', '15:30:00', 77, NULL, ' ', '2002-10-04 09:11:11'),
(920, 207, 301, 9, '  ', '2002-03-19', '14:20:00', '14:30:00', 77, NULL, ' ', '2002-10-04 09:24:29'),
(921, 207, 301, 9, '  ', '2002-04-07', '14:30:00', '14:40:00', 75, 2, ' ', '2002-10-04 09:26:07'),
(922, 209, 306, 9, '  ', '2002-04-07', '14:30:00', '14:40:00', 75, 2, ' ', '2002-10-04 09:27:58'),
(923, 208, 304, 9, '  ', '2002-03-19', '14:20:00', '14:30:00', 77, NULL, ' ', '2002-10-09 08:27:42'),
(924, 208, 304, 9, '  ', '2002-03-21', '14:30:00', '14:40:00', 75, NULL, ' ', '2002-10-09 08:29:17'),
(925, 208, 304, 9, '  ', '2002-03-25', '14:30:00', '14:40:00', 77, NULL, ' ', '2002-10-09 08:31:31'),
(926, 208, 304, 9, '  ', '2002-04-07', '14:40:00', '14:50:00', 75, 2, ' ', '2002-10-09 08:34:55'),
(927, 207, 301, 9, '  ', '2002-04-05', '14:40:00', '14:50:00', 73, NULL, ' ', '2002-10-09 08:46:03'),
(928, 213, 311, 9, '  ', '2002-04-07', '14:30:00', '14:40:00', 75, 2, ' ', '2002-10-09 08:47:31'),
(929, 69, 198, 8, ' Jimmy Thatcher ', '2002-12-27', '11:15:00', '11:25:00', 70, NULL, 'Clear sunny', '2002-11-27 11:18:56'),
(930, 61, 190, 8, ' Damon Olson ', '2002-12-27', '10:11:00', '11:21:00', 70, NULL, ' ', '2002-11-27 11:21:33'),
(931, 76, 205, 8, ' Joe Heslip ', '2002-12-27', '11:15:00', '11:25:00', 70, NULL, ' ', '2002-11-27 11:41:37'),
(932, 6, 3, 8, ' Vinny Depersio ', '2002-12-27', '11:11:00', '11:21:00', 70, NULL, ' ', '2002-11-27 11:46:29'),
(933, 13, 141, 8, ' Frank Ferrer ', '2002-12-27', '11:15:00', '11:25:00', 70, NULL, ' ', '2002-11-27 11:48:45'),
(934, 13, 141, 8, ' Frank Ferrer ', '2002-12-27', '11:11:00', '11:21:00', 66, NULL, ' ', '2002-11-27 12:09:45'),
(935, 74, 203, 8, ' Ian Marovich ', '2002-12-27', '11:14:00', '11:24:00', 66, NULL, ' ', '2002-11-27 12:11:55'),
(936, 6, 3, 8, ' Edgar Barron ', '2002-12-26', '11:25:00', '11:35:00', 64, 2, ' ', '2002-12-06 06:56:06'),
(937, 61, 190, 8, ' DAMON OLSEN` ', '2003-01-04', '11:14:00', '11:24:00', 62, NULL, ' ', '2002-12-10 12:17:38'),
(938, 77, 206, 8, ' Tanner Farnsworth ', '2003-01-04', '11:15:00', '11:25:00', 62, NULL, ' ', '2002-12-10 12:29:56'),
(939, 76, 205, 8, ' Hannah Hopp ', '2003-01-03', '11:15:00', '11:25:00', 64, NULL, ' ', '2002-12-11 19:45:24'),
(940, 13, 141, 8, ' Frank Ferrer ', '2003-01-03', '11:05:00', '11:15:00', 64, NULL, ' ', '2002-12-11 19:48:25'),
(941, 61, 190, 8, ' Damon Olson ', '2003-01-03', '11:09:00', '11:19:00', 64, NULL, ' ', '2002-12-11 19:50:35'),
(942, 6, 3, 8, ' Mario Campos ', '2003-01-03', '11:12:00', '11:22:00', 64, NULL, ' ', '2002-12-11 19:52:42'),
(943, 69, 198, 8, '  ', '2003-01-03', '11:13:00', '11:23:00', 64, NULL, ' ', '2002-12-11 19:54:28'),
(944, 69, 198, 8, ' Chris Rodriguez ', '2003-01-03', '11:15:00', '11:25:00', 64, NULL, ' ', '2002-12-11 19:58:14'),
(945, 74, 203, 8, ' Amber Kimball ', '2003-01-03', '11:25:00', '11:35:00', 64, NULL, ' ', '2002-12-11 20:01:31'),
(946, 74, 203, 8, ' Amber Kimball ', '2003-01-04', '11:15:00', '11:25:00', 62, NULL, ' ', '2002-12-11 20:03:43'),
(947, 13, 141, 8, ' Josh Norton ', '2003-01-04', '11:15:00', '11:25:00', 62, NULL, ' ', '2002-12-11 22:37:41'),
(948, 76, 205, 8, ' Joe Heslip ', '2003-01-04', '11:20:00', '11:30:00', 62, NULL, ' ', '2002-12-11 22:39:23'),
(949, 69, 198, 8, ' Jimmy Thatcher ', '2003-01-04', '11:15:00', '11:25:00', 62, NULL, ' ', '2002-12-11 22:41:33'),
(950, 6, 3, 8, ' Vinny Dipersio ', '2003-01-04', '11:17:00', '11:27:00', 64, NULL, ' ', '2002-12-11 22:43:18');
INSERT INTO `bird_samples` (`id`, `site_id`, `habitat_id`, `teachers_class_id`, `observer`, `collection_date`, `time_start`, `time_end`, `air_temp`, `cloud_cover_id`, `comments`, `date_entered`) VALUES
(951, 69, 198, 8, ' Jay Timmons ', '2003-01-10', '11:10:00', '11:20:00', 60, NULL, ' ', '2002-12-11 22:45:29'),
(952, 13, 141, 8, ' Jordan Visina ', '2003-01-10', '11:10:00', '11:20:00', 60, NULL, ' ', '2002-12-11 22:47:54'),
(953, 6, 3, 8, ' Nagi Warrayet ', '2003-01-10', '11:15:00', '11:25:00', 61, NULL, ' ', '2002-12-11 22:51:54'),
(954, 77, 206, 8, ' Lyndsey Dodds ', '2003-01-10', '11:10:00', '11:20:00', 60, NULL, ' ', '2002-12-11 22:54:07'),
(955, 61, 190, 8, ' Damon Olson ', '2003-01-10', '11:10:00', '11:20:00', 60, NULL, ' ', '2002-12-11 22:56:09'),
(956, 74, 203, 8, ' Anthony Martin ', '2003-01-10', '11:10:00', '11:20:00', 60, NULL, ' ', '2002-12-11 22:57:46'),
(957, 76, 205, 8, ' Joe Heslip ', '2003-01-10', '11:15:00', '11:25:00', 60, NULL, ' ', '2002-12-11 23:00:38'),
(958, 61, 190, 8, ' Damon Olson ', '2003-01-11', '11:11:00', '11:21:00', 60, NULL, ' ', '2002-12-18 07:10:19'),
(959, 69, 198, 8, ' Chris Rodriguez ', '2003-01-11', '11:20:00', '11:30:00', 60, NULL, ' ', '2002-12-18 07:12:25'),
(960, 6, 3, 8, ' Vinny Dipersio ', '2003-01-11', '11:20:00', '11:30:00', 140, NULL, ' ', '2002-12-18 07:14:03'),
(961, 13, 141, 8, ' Frank Ferrer ', '2003-01-11', '11:19:00', '11:29:00', 60, NULL, 'bird feeder w/seeds', '2002-12-18 07:15:59'),
(962, 77, 206, 8, ' Lyndsey Dodds ', '2003-01-11', '11:20:00', '11:30:00', 60, NULL, ' ', '2002-12-18 07:18:04'),
(963, 74, 203, 8, ' Amber Kimball ', '2003-01-11', '11:19:00', '11:29:00', 60, NULL, ' ', '2002-12-18 07:19:32'),
(964, 74, 203, 8, ' Amber Kimball ', '2003-01-16', '11:00:00', '11:10:00', 58, 2, ' ', '2002-12-18 07:21:17'),
(965, 69, 198, 8, ' Jimmy Thatcher ', '2003-01-16', '11:00:00', '11:10:00', 58, 2, ' ', '2002-12-18 07:22:48'),
(966, 76, 205, 8, ' Hannah Hopp ', '2003-01-16', '11:10:00', '11:20:00', 58, 2, ' ', '2002-12-18 07:24:18'),
(967, 6, 3, 8, ' Naji ', '2003-01-16', '11:10:00', '11:20:00', 58, NULL, ' ', '2002-12-18 09:54:40'),
(968, 306, 409, 38, ' Steve, Jill, Alisha, Melanie ', '2003-05-17', '08:28:00', '08:37:00', 80, NULL, 'Rabbit Gila Woodpecker close but not in zone', '2003-05-22 08:21:40'),
(969, 284, 381, 38, ' Megan ', '2003-04-27', '08:33:00', '08:43:00', 158, 2, ' ', '2003-05-22 08:21:49'),
(970, 284, 381, 38, ' Mike ', '2003-05-01', '08:30:00', '08:40:00', 158, NULL, ' ', '2003-05-22 08:21:59'),
(971, 286, 384, 38, ' Jyll  ', '2003-04-25', '08:39:00', '08:49:00', 68, NULL, 'Very Sunny no cloud cover', '2003-05-22 08:22:20'),
(972, 286, 384, 38, ' Jon Henry ', '2003-05-17', '08:28:00', '08:38:00', 79, NULL, 'Beautiful day for bird watching! Gila Woodpecker!', '2003-05-22 08:22:39'),
(973, 305, 408, 38, ' Kelly ', '2003-04-25', '08:50:00', '09:00:00', 65, NULL, ' ', '2003-05-22 08:23:06'),
(974, 305, 408, 38, ' Eddie ', '2003-04-27', '08:33:00', '08:43:00', 70, 2, ' ', '2003-05-22 08:23:43'),
(975, 286, 384, 38, ' jon ', '2003-05-08', '08:38:00', '08:48:00', 77, NULL, ' ', '2003-05-22 08:23:55'),
(976, 284, 381, 38, ' Mike ', '2003-05-17', '08:42:00', '08:52:00', 163, NULL, 'light winds\rGila Woodpecker\r', '2003-05-22 08:24:48'),
(977, 305, 408, 38, ' Kelly ', '2003-05-03', '08:46:00', '08:56:00', 61, NULL, ' ', '2003-05-22 08:24:54'),
(978, 284, 381, 38, ' Diana ', '2003-05-03', '08:46:00', '08:56:00', 163, NULL, ' ', '2003-05-22 08:25:06'),
(979, 286, 384, 38, ' Jyll Cooperstein ', '2003-05-10', '08:27:00', '08:37:00', 79, 1, 'all the birds were still sleeping on a calm day.', '2003-05-22 08:25:06'),
(980, 306, 409, 38, ' Steve, Jill, Alisha, Melanie ', '2003-05-17', '08:28:00', '08:38:00', 85, 1, 'Harris Hawk circling around zone', '2003-05-22 08:31:33'),
(981, 305, 408, 38, ' Kelsey ', '2003-05-08', '08:25:00', '08:35:00', 70, NULL, 'Windy', '2003-05-22 08:32:06'),
(982, 286, 384, 38, ' jyll ', '2003-05-01', '08:43:00', '08:53:00', 70, NULL, ' ', '2003-05-22 08:32:29'),
(983, 284, 381, 38, ' Mike ', '2003-04-25', '08:50:00', '09:00:00', 149, NULL, ' ', '2003-05-22 08:33:16'),
(984, 305, 408, 38, ' Kelsey ', '2003-05-01', '08:30:00', '08:42:00', 70, NULL, ' ', '2003-05-22 08:33:56'),
(985, 284, 381, 38, ' Mike ', '2003-05-10', '08:40:00', '08:50:00', 160, 1, ' ', '2003-05-22 08:34:10'),
(986, 284, 381, 38, ' Megan ', '2003-05-15', '08:26:00', '08:36:00', 68, NULL, 'windy\rsaw a raven not in zone', '2003-05-22 08:56:55'),
(987, 306, 409, 38, ' Steve, Jill, Alisha, Melanie ', '2003-04-27', '08:45:00', '08:55:00', 70, 2, 'Very nice weather lots of new vegiatation', '2003-05-22 08:57:13'),
(988, 286, 384, 38, ' kelly ', '2003-04-25', '08:39:00', '08:49:00', 65, NULL, ' ', '2003-05-22 08:57:13'),
(989, 305, 408, 38, ' Eddie ', '2003-05-15', '08:26:00', '08:36:00', 72, 1, ' ', '2003-05-22 08:59:00'),
(990, 284, 381, 38, ' Lauren ', '2003-05-08', '08:25:00', '08:35:00', 156, NULL, 'windy', '2003-05-22 08:59:06'),
(991, 286, 384, 38, ' jyll ', '2003-04-03', '08:33:00', '08:43:00', 64, NULL, ' ', '2003-05-22 08:59:45'),
(992, 286, 384, 38, ' jon ', '2003-04-26', '08:45:00', '08:55:00', 65, NULL, ' ', '2003-05-22 09:01:21'),
(993, 372, 459, 49, ' Annie Marcus ', '2003-04-25', '09:50:00', '10:00:00', 70, NULL, 'Not very many birds.', '2003-05-22 09:30:46'),
(994, 370, 457, 49, ' Erika ', '2003-05-25', '09:52:00', '10:02:00', 50, NULL, 'birds liked the shade & the trees', '2003-05-22 09:31:03'),
(995, 371, 458, 49, ' Blake ', '2003-04-25', '09:38:00', '09:48:00', 70, NULL, 'not too many birds seen', '2003-05-22 09:31:27'),
(996, 343, 430, 49, ' Pierce ', '2003-04-25', '09:52:00', '10:02:00', 70, NULL, ' ', '2003-05-22 09:31:52'),
(997, 344, 431, 49, ' Evan ', '2003-05-15', '10:20:00', '10:40:00', 72, 1, 'cold windy with sun disappearing behind the clouds', '2003-05-22 09:32:08'),
(998, 370, 457, 49, ' Erika ', '2003-05-27', '09:30:00', '09:40:00', 167, 1, 'saw a chipmunk', '2003-05-22 09:34:03'),
(999, 306, 409, 38, ' Steve ', '2003-04-25', '08:50:00', '09:00:00', 65, NULL, 'Very few birds today most came in the last 3 mins', '2003-05-23 08:04:11'),
(1000, 306, 409, 38, ' Steve ', '2003-05-01', '08:42:00', '08:52:00', 70, NULL, 'Nice weather High amounts of street traffic', '2003-05-23 08:06:07'),
(1001, 306, 409, 38, ' Steve ', '2003-05-15', '08:40:00', '08:50:00', 68, 1, 'Cool ', '2003-05-23 08:08:50'),
(1002, 306, 409, 38, ' Steve ', '2003-05-08', '08:38:00', '08:48:00', 77, NULL, 'Very windy rabbit', '2003-05-23 08:14:53'),
(1003, 305, 408, 38, ' Cletus ', '2003-05-10', '08:40:00', '08:51:00', 79, 1, ' ', '2003-05-23 08:19:49'),
(1004, 305, 408, 38, ' Sparticus ', '2003-05-18', '08:41:00', '08:52:00', 77, 1, ' ', '2003-05-23 08:23:38'),
(1005, 224, 324, 49, ' Britni ', '2003-04-25', '09:50:00', '10:00:00', 70, NULL, ' ', '2003-05-27 07:12:00'),
(1006, 224, 324, 49, ' Britni ', '2003-04-27', '09:26:00', '09:36:00', 75, 2, ' ', '2003-05-27 07:15:21'),
(1007, 224, 324, 49, ' Britni ', '2003-05-01', '09:53:00', '10:03:00', 73, NULL, ' ', '2003-05-27 07:18:22'),
(1008, 224, 324, 49, ' Britni ', '2003-05-03', '09:32:00', '09:42:00', 70, NULL, ' ', '2003-05-28 07:07:58'),
(1009, 224, 324, 49, ' Britni ', '2003-05-08', '09:31:00', '09:41:00', 86, NULL, ' ', '2003-05-28 07:10:08'),
(1010, 224, 324, 49, ' Britni ', '2003-05-10', '09:23:00', '09:33:00', 90, NULL, ' ', '2003-05-28 07:11:55'),
(1011, 224, 324, 49, ' Britni ', '2003-05-17', '09:29:00', '09:39:00', 79, NULL, ' ', '2003-05-28 07:13:55'),
(1012, 224, 324, 49, ' Britni ', '2003-05-15', '09:58:00', '10:08:00', 72, 1, ' ', '2003-05-28 07:16:10'),
(1013, 306, 409, 38, ' Jill ', '2003-05-03', '08:33:00', '08:43:00', 64, NULL, ' ', '2003-05-28 07:18:25'),
(1014, 344, 431, 49, ' Evan ', '2003-05-01', '10:07:00', '10:17:00', 70, NULL, ' ', '2003-05-28 07:21:54'),
(1015, 344, 431, 49, ' Evan ', '2003-05-03', '09:47:00', '09:57:00', 70, 1, ' ', '2003-05-28 07:23:38'),
(1016, 344, 431, 49, ' Evan ', '2003-05-08', '09:46:00', '09:56:00', 93, NULL, ' ', '2003-05-28 09:12:05'),
(1017, 344, 431, 49, ' Evan ', '2003-05-10', '09:48:00', '09:58:00', 75, 1, ' ', '2003-05-28 09:13:59'),
(1018, 344, 431, 49, ' Evan ', '2002-05-15', '10:20:00', '10:30:00', 72, 1, ' ', '2003-05-28 09:15:48'),
(1019, 344, 431, 49, ' Evan ', '2003-05-17', '09:45:00', '09:55:00', 79, NULL, ' ', '2003-05-28 09:18:03'),
(1020, 371, 458, 49, ' Evan ', '2003-04-25', '09:52:00', '10:02:00', 70, NULL, ' ', '2003-05-28 09:22:47'),
(1021, 344, 431, 49, ' Evan ', '2003-04-27', '09:43:00', '09:53:00', 74, 1, ' ', '2003-05-28 09:24:28'),
(1022, 372, 459, 49, ' Ryan ', '2003-06-28', '09:43:00', '08:53:00', 74, 2, ' ', '2003-05-28 10:32:03'),
(1023, 372, 459, 49, ' Ryan ', '2003-05-01', '10:07:00', '10:17:00', 73, NULL, ' ', '2003-05-28 10:34:16'),
(1024, 372, 459, 49, ' Ryan ', '2003-05-03', '09:47:00', '09:57:00', 70, 1, ' ', '2003-05-28 10:36:05'),
(1025, 372, 459, 49, ' Ryan ', '2003-05-08', '09:46:00', '09:56:00', 93, NULL, ' ', '2003-05-28 10:37:49'),
(1026, 372, 459, 49, ' Ryan ', '2003-05-10', '09:38:00', '09:48:00', 86, NULL, ' ', '2003-05-28 10:44:13'),
(1027, 372, 459, 49, ' Ryan ', '2003-05-14', '10:20:00', '10:30:00', 72, 1, ' ', '2003-05-28 10:46:16'),
(1028, 372, 459, 49, ' Ryan ', '2003-05-17', '09:42:00', '09:52:00', 77, NULL, ' ', '2003-05-28 10:47:55'),
(1029, 370, 457, 49, ' Nate ', '2002-05-01', '09:53:00', '10:03:00', 73, NULL, ' ', '2003-06-17 12:02:09'),
(1030, 370, 457, 49, ' Nate ', '2003-05-03', '09:32:00', '09:42:00', 70, 1, ' ', '2003-06-17 12:04:50'),
(1031, 370, 457, 49, ' Nate ', '2003-05-08', '09:31:00', '09:41:00', 95, NULL, ' ', '2003-06-17 12:06:57'),
(1032, 370, 457, 49, ' Nate ', '2003-05-10', '09:23:00', '09:33:00', 88, 1, ' ', '2003-06-17 12:08:43'),
(1033, 370, 457, 49, ' Nate ', '2003-05-15', '10:05:00', '10:15:00', 75, 1, ' ', '2003-06-17 12:10:26'),
(1034, 370, 457, 49, ' Nate ', '2003-05-15', '10:05:00', '10:15:00', 72, 1, ' ', '2003-06-17 12:12:29'),
(1035, 370, 457, 49, ' Nate ', '2003-05-17', '09:38:00', '09:48:00', 79, NULL, ' ', '2003-06-17 12:14:14'),
(1036, 343, 430, 49, ' Mallory ', '2003-04-27', '09:43:00', '09:53:00', 75, 1, ' ', '2003-06-17 12:16:39'),
(1037, 343, 430, 49, ' Mallory ', '2003-05-01', '10:07:00', '10:17:00', 73, NULL, ' ', '2003-06-17 12:18:15'),
(1038, 343, 430, 49, ' Mallory ', '2003-05-03', '09:47:00', '10:57:00', 70, 1, ' ', '2003-06-17 12:19:43'),
(1039, 343, 430, 49, ' Mallory ', '2003-05-08', '09:46:00', '09:56:00', 95, NULL, ' ', '2003-06-17 12:21:00'),
(1040, 343, 430, 49, ' Mallory ', '2003-05-10', '09:38:00', '09:48:00', 90, 1, ' ', '2003-06-17 12:22:54'),
(1041, 343, 430, 49, ' Mallory ', '2003-05-14', '10:20:00', '10:30:00', 72, 1, ' ', '2003-06-17 12:24:37'),
(1042, 343, 430, 49, ' Mallory ', '2003-05-17', '09:45:00', '09:55:00', 75, NULL, ' ', '2003-06-17 12:26:40'),
(1043, 371, 458, 49, ' Becca ', '2003-04-27', '09:29:00', '09:39:00', 75, 1, ' ', '2003-06-17 12:28:57'),
(1044, 371, 458, 49, ' Becca ', '2003-05-03', '09:32:00', '09:42:00', 77, 1, ' ', '2003-06-17 12:31:16'),
(1045, 371, 458, 49, ' Becca ', '2003-05-01', '09:53:00', '10:03:00', 73, NULL, ' ', '2003-06-17 12:32:45'),
(1046, 371, 458, 39, ' Becca ', '2003-05-08', '09:31:00', '09:41:00', 95, NULL, ' ', '2003-06-17 12:34:29'),
(1047, 371, 458, 49, ' Becca ', '2003-05-10', '09:23:00', '09:33:00', 77, 1, ' ', '2003-06-17 12:37:27'),
(1048, 371, 458, 49, ' Becca ', '2003-05-15', '10:05:00', '10:15:00', 72, 1, ' ', '2003-06-17 12:39:14'),
(1049, 371, 458, 49, ' Becca ', '2002-05-17', '09:32:00', '09:42:00', 79, NULL, ' ', '2003-06-17 12:41:32'),
(1050, 89, 216, 50, ' Aleasha  ', '2003-05-29', '10:40:00', '10:50:00', 77, 1, ' ', '2003-06-23 09:07:05'),
(1051, 89, 216, 50, ' Aleasha ', '2003-06-14', '10:30:00', '10:40:00', 90, 2, ' ', '2003-06-23 09:09:49'),
(1052, 89, 216, 50, ' Aleasha ', '2003-06-07', '10:30:00', '10:40:00', 90, NULL, ' ', '2003-06-23 09:13:18'),
(1053, 204, 296, 50, ' Tyler ', '2003-06-07', '10:35:00', '10:45:00', 84, NULL, ' ', '2003-06-23 09:15:43'),
(1054, 204, 296, 50, ' Tyler ', '2003-06-14', '10:30:00', '10:40:00', 82, NULL, ' ', '2003-06-23 09:17:16'),
(1055, 204, 296, 50, ' Tyler ', '2003-05-30', '10:32:00', '10:57:00', 84, NULL, 'Weed Killer recently put on Grass', '2003-06-23 09:20:12'),
(1056, 203, 295, 50, ' Chris ', '2003-05-30', '10:40:00', '10:50:00', 82, NULL, ' ', '2003-06-23 09:23:30'),
(1057, 203, 295, 50, ' Chris ', '2003-06-14', '10:25:00', '10:40:00', 82, NULL, ' ', '2003-06-23 09:24:51'),
(1058, 321, 419, 50, ' Trinidad ', '2003-05-30', '11:45:00', '11:55:00', 86, NULL, ' ', '2003-06-23 09:27:06'),
(1059, 321, 419, 50, ' Trinidad ', '2003-06-14', '10:30:00', '10:40:00', 90, 2, ' ', '2003-06-23 09:29:21'),
(1060, 89, 216, 51, ' Adam ', '2003-06-14', '11:16:00', '11:26:00', 86, NULL, ' ', '2003-06-23 09:33:18'),
(1061, 89, 216, 51, ' Adam ', '2003-05-30', '11:30:00', '11:40:00', 81, NULL, ' ', '2003-06-23 09:35:24'),
(1062, 89, 216, 51, ' Adam ', '2003-06-07', '11:16:00', '11:26:00', 82, NULL, ' ', '2003-06-23 09:37:36'),
(1063, 203, 295, 51, ' Brandon ', '2003-06-14', '11:17:00', '11:27:00', 89, 2, ' ', '2003-06-23 09:41:21'),
(1064, 203, 295, 51, ' Brandon ', '2003-06-07', '11:16:00', '11:26:00', 82, NULL, ' ', '2003-06-23 09:43:45'),
(1065, 203, 295, 51, ' Brandon ', '2003-05-30', '11:30:00', '11:40:00', 95, 1, 'A janitor is mowing the lawn nearby.', '2003-06-23 09:46:31'),
(1066, 204, 296, 51, ' Shandon ', '2003-06-14', '11:16:00', '11:26:00', 86, 2, ' ', '2003-06-23 09:50:54'),
(1067, 204, 296, 51, ' Shandon ', '2003-05-30', '11:30:00', '11:40:00', 95, 1, ' ', '2003-06-23 09:52:29'),
(1068, 204, 296, 51, ' Shandon ', '2003-06-07', '11:15:00', '11:25:00', 100, NULL, ' ', '2003-06-23 09:54:09'),
(1069, 321, 419, 51, ' Steven ', '2003-06-14', '11:16:00', '11:26:00', 90, NULL, ' ', '2003-06-23 09:56:50'),
(1070, 321, 419, 51, ' Steven ', '2003-05-30', '11:30:00', '11:40:00', 82, NULL, ' ', '2003-06-23 09:58:30'),
(1071, 321, 419, 51, ' Steven ', '2003-06-07', '11:16:00', '11:26:00', 90, NULL, ' ', '2003-06-23 10:00:55'),
(1072, 89, 216, 52, ' Mark ', '2003-06-15', '14:20:00', '14:30:00', 92, NULL, ' ', '2003-06-23 10:04:20'),
(1073, 89, 216, 52, ' Mark ', '2003-06-07', '14:10:00', '14:25:00', 81, NULL, ' ', '2003-06-23 10:05:40'),
(1074, 89, 216, 52, ' Mark ', '2003-05-30', '14:25:00', '14:35:00', 90, NULL, ' ', '2003-06-23 10:07:09'),
(1075, 203, 295, 52, ' Victoria ', '2003-06-15', '14:10:00', '14:20:00', 90, 2, ' ', '2003-06-23 10:09:32'),
(1076, 203, 295, 52, ' Victoria ', '2003-06-07', '14:10:00', '14:25:00', 81, NULL, ' ', '2003-06-23 10:11:18'),
(1077, 203, 295, 52, ' Victoria ', '2003-05-30', '14:25:00', '14:34:00', 84, NULL, ' ', '2003-06-23 10:13:01'),
(1078, 204, 296, 52, ' Kaela ', '2003-06-07', '14:00:00', '14:15:00', 84, 1, ' ', '2003-06-23 10:14:32'),
(1079, 204, 296, 52, ' Kaela ', '2003-05-30', '14:25:00', '14:34:00', 79, NULL, ' ', '2003-06-23 10:16:12'),
(1080, 204, 296, 52, ' Victoria ', '2003-06-14', '14:10:00', '14:20:00', 86, 2, ' ', '2003-06-23 10:18:37'),
(1081, 321, 419, 52, ' Andy ', '2003-06-14', '14:10:00', '14:20:00', 86, 2, ' ', '2003-06-23 10:20:09'),
(1082, 321, 419, 52, ' Andy ', '2003-06-07', '14:20:00', '14:30:00', 84, NULL, ' ', '2003-06-23 10:21:42'),
(1083, 321, 419, 52, ' Andy ', '2003-05-30', '14:15:00', '14:25:00', 93, NULL, ' ', '2003-06-23 10:23:06'),
(1084, 222, 319, 42, ' Charlene Group ', '2003-08-11', '08:05:00', '08:15:00', 88, NULL, 'Dogs and people walking in the area. Slight breeze', '2003-07-14 11:47:37'),
(1085, 221, 317, 42, ' Elena Group ', '2003-08-11', '08:06:00', '08:16:00', 86, NULL, 'Hot and sunny. Mostly flyovers', '2003-07-14 12:31:09'),
(1086, 317, 417, 19, ' Class ', '2003-10-19', '00:35:00', '00:40:00', 88, NULL, 'Data entered by Charlene', '2003-10-21 13:27:29'),
(1087, 382, 466, 19, ' class ', '2003-10-19', '11:15:00', '11:25:00', 88, NULL, 'charlene', '2003-10-21 13:29:48'),
(1088, 172, 272, 19, ' class ', '2003-10-19', '08:50:00', '09:00:00', 80, NULL, 'Charlene', '2003-10-21 13:31:42'),
(1089, 6, 3, 8, ' Shannyn Weidman ', '2003-12-18', '14:05:00', '14:15:00', 70, NULL, ' ', '2003-11-25 14:09:57'),
(1090, 69, 198, 8, ' Mitchell Jenkins ', '2003-12-18', '14:05:00', '14:15:00', 70, NULL, ' ', '2003-11-25 14:14:23'),
(1091, 76, 205, 37, ' Lauren Buethe ', '2003-12-18', '14:05:00', '14:15:00', 70, NULL, ' ', '2003-12-14 15:22:12'),
(1092, 76, 205, 37, ' Lauren Buethe ', '2003-12-11', '14:00:00', '14:10:00', 70, 2, ' ', '2003-12-14 15:35:23'),
(1093, 76, 205, 37, ' Lauren Buethe ', '2003-12-20', '14:00:00', '14:10:00', 75, NULL, ' ', '2003-12-14 15:39:14'),
(1094, 76, 205, 37, ' Lauren Buethe ', '2003-12-25', '14:05:00', '14:15:00', 65, 1, ' ', '2003-12-14 15:45:15'),
(1095, 76, 205, 37, ' Lauren Buethe ', '2003-12-26', '14:05:00', '14:15:00', 65, 1, ' ', '2003-12-14 15:51:32'),
(1096, 76, 205, 37, ' Lauren Buethe ', '2004-01-02', '14:00:00', '14:10:00', 73, NULL, ' ', '2003-12-14 15:55:56'),
(1097, 76, 205, 37, ' Lauren Buethe ', '2004-01-04', '13:53:00', '14:03:00', 74, NULL, ' ', '2003-12-14 15:58:20'),
(1098, 76, 205, 37, ' Lauren Buethe ', '2004-01-09', '13:52:00', '14:02:00', 62, NULL, ' ', '2003-12-14 16:05:08'),
(1099, 76, 205, 37, ' Lauren Buethe ', '2004-01-11', '14:00:00', '14:10:00', 70, 2, 'Omit same data on Nov. 11 2003', '2003-12-14 16:10:36'),
(1100, 2, 129, 37, ' Marilyn ', '2003-12-20', '14:00:00', '14:10:00', 75, NULL, ' ', '2003-12-14 16:21:14'),
(1101, 2, 129, 37, ' Marilyn ', '2003-12-25', '14:05:00', '14:15:00', 63, 1, ' ', '2003-12-14 16:23:25'),
(1102, 2, 129, 37, ' Marilyn ', '2003-12-26', '14:05:00', '14:15:00', 70, NULL, ' ', '2003-12-14 16:26:21'),
(1103, 2, 129, 37, ' Carolyn ', '2004-01-02', '13:50:00', '14:00:00', 70, NULL, ' ', '2003-12-14 16:27:59'),
(1104, 2, 129, 37, ' Caroyn ', '2004-01-04', '14:00:00', '14:10:00', 70, NULL, ' ', '2003-12-14 16:33:11'),
(1105, 2, 129, 37, ' Carolyn ', '2004-01-09', '13:52:00', '14:02:00', 70, NULL, ' ', '2003-12-14 16:35:20'),
(1106, 2, 129, 37, ' Carolyn ', '2004-01-11', '14:00:00', '14:10:00', 68, 2, ' ', '2003-12-14 16:45:06'),
(1107, 13, 141, 37, ' Mitchell Jenkins ', '2003-12-18', '14:05:00', '14:15:00', 70, NULL, ' ', '2003-12-14 16:49:12'),
(1108, 13, 141, 37, ' Mitchell ', '2003-12-02', '14:00:00', '14:10:00', 72, NULL, ' ', '2003-12-14 16:51:38'),
(1109, 13, 141, 37, ' Mitchell ', '2003-12-25', '14:00:00', '14:10:00', 63, 1, ' ', '2003-12-14 16:53:38'),
(1110, 13, 141, 37, ' Mitchell ', '2003-12-26', '14:00:00', '14:10:00', 65, NULL, ' ', '2003-12-14 16:56:10'),
(1111, 13, 141, 37, ' Mitchell ', '2004-01-02', '13:52:00', '14:02:00', 73, NULL, ' ', '2003-12-14 17:45:52'),
(1112, 13, 141, 37, ' Mitchell ', '2004-01-04', '13:50:00', '14:00:00', 74, NULL, ' ', '2003-12-14 17:47:30'),
(1113, 13, 141, 37, ' Mitchell ', '2004-01-20', '13:51:00', '14:01:00', 68, NULL, ' ', '2003-12-14 17:49:35'),
(1114, 13, 141, 37, ' Mitchell ', '2004-01-11', '14:00:00', '14:10:00', 70, 2, ' ', '2003-12-14 17:51:46'),
(1115, 61, 190, 37, ' Alexandra ', '2004-01-14', '14:05:00', '14:15:00', 70, NULL, ' ', '2003-12-14 20:16:39'),
(1116, 61, 190, 37, ' Alexandra ', '2003-12-20', '14:05:00', '14:15:00', 75, NULL, ' ', '2003-12-14 20:18:59'),
(1117, 61, 190, 37, ' Alexandra ', '2003-12-25', '13:50:00', '14:00:00', 65, 1, ' ', '2003-12-14 20:21:10'),
(1118, 61, 190, 37, ' alexandra ', '2003-12-26', '14:00:00', '14:10:00', 68, 1, ' ', '2003-12-14 20:23:39'),
(1119, 61, 190, 37, ' Alexandra ', '2004-01-02', '13:50:00', '14:00:00', 70, 1, ' ', '2003-12-14 20:25:16'),
(1120, 61, 190, 37, ' Alexandra ', '2004-01-04', '13:50:00', '14:00:00', 70, NULL, ' ', '2003-12-14 20:26:56'),
(1121, 61, 190, 37, ' Alexandra ', '2004-01-09', '13:51:00', '14:01:00', 68, NULL, ' ', '2003-12-14 20:28:28'),
(1122, 61, 190, 37, ' Alexandra ', '2004-01-11', '14:00:00', '14:10:00', 70, NULL, ' ', '2003-12-14 20:30:09'),
(1123, 74, 203, 37, ' TZack ', '2003-12-18', '14:05:00', '14:15:00', 70, NULL, ' ', '2003-12-14 20:38:23'),
(1124, 74, 203, 37, ' Chris Frost ', '2003-12-20', '14:03:00', '14:13:00', 70, NULL, ' ', '2003-12-14 20:42:24'),
(1125, 74, 203, 37, ' TZack ', '2003-12-25', '14:05:00', '14:15:00', 65, 1, ' ', '2003-12-14 20:45:01'),
(1126, 74, 203, 37, ' TZack ', '2003-12-26', '14:05:00', '14:15:00', 70, 1, ' ', '2003-12-14 20:46:50'),
(1127, 74, 203, 37, ' TZack ', '2004-01-07', '14:00:00', '14:10:00', 73, NULL, ' ', '2003-12-14 20:48:53'),
(1128, 74, 203, 37, ' TZack ', '2004-01-04', '13:50:00', '14:00:00', 73, NULL, ' ', '2003-12-14 20:50:28'),
(1129, 74, 203, 37, ' TZack ', '2004-01-09', '13:52:00', '14:02:00', 70, NULL, ' ', '2003-12-14 20:52:57'),
(1130, 74, 203, 37, ' TZack ', '2004-01-11', '14:00:00', '14:10:00', 60, 1, ' ', '2003-12-14 20:54:45'),
(1131, 6, 3, 37, ' Shannyn ', '2003-12-18', '14:00:00', '14:10:00', 70, NULL, ' ', '2003-12-14 20:58:07'),
(1132, 6, 3, 37, ' Shannyn ', '2004-01-20', '14:00:00', '14:10:00', 75, NULL, ' ', '2003-12-14 20:59:56'),
(1133, 6, 3, 37, ' Shannyn ', '2003-12-25', '14:00:00', '14:10:00', 68, 2, ' ', '2003-12-14 21:02:17'),
(1134, 6, 3, 37, ' Shannyn ', '2003-12-26', '14:00:00', '14:10:00', 70, 1, ' ', '2003-12-14 21:03:47'),
(1135, 6, 3, 37, ' Shannyn ', '2004-01-02', '13:50:00', '14:00:00', 73, NULL, ' ', '2003-12-14 21:05:06'),
(1136, 6, 3, 37, ' Shannyn ', '2004-01-04', '14:00:00', '14:10:00', 70, NULL, ' ', '2003-12-14 21:07:04'),
(1137, 6, 3, 37, ' Shannyn ', '2004-01-09', '14:05:00', '14:15:00', 71, NULL, ' ', '2003-12-14 21:09:19'),
(1138, 6, 3, 37, ' Shannyn ', '2004-01-11', '14:00:00', '14:10:00', 70, 2, ' ', '2003-12-14 21:11:02'),
(1139, 77, 206, 37, ' Ali ', '2003-12-18', '14:05:00', '14:15:00', 70, NULL, ' ', '2003-12-14 21:16:04'),
(1140, 77, 206, 37, ' Ali ', '2003-12-20', '14:00:00', '14:10:00', 75, NULL, ' ', '2003-12-14 21:18:45'),
(1141, 77, 206, 37, ' Ali ', '2003-12-25', '14:00:00', '14:10:00', 73, NULL, ' ', '2003-12-14 21:21:47'),
(1142, 77, 206, 37, ' Ali ', '2003-12-26', '14:00:00', '14:10:00', 70, NULL, ' ', '2003-12-14 21:23:13'),
(1143, 77, 206, 37, ' Ali ', '2004-01-02', '14:00:00', '14:00:00', 73, NULL, ' ', '2003-12-14 21:24:39'),
(1144, 77, 206, 37, ' Ali ', '2004-01-04', '14:00:00', '14:10:00', 70, NULL, ' ', '2003-12-14 21:26:00'),
(1145, 77, 206, 37, ' Ali ', '2004-01-09', '14:00:00', '14:10:00', 68, NULL, ' ', '2003-12-14 21:27:28'),
(1146, 77, 206, 37, ' Ali ', '2004-01-11', '14:00:00', '14:10:00', 70, 2, ' ', '2003-12-14 21:28:56'),
(1147, 69, 198, 37, ' John Harder ', '2003-12-20', '14:00:00', '14:10:00', 75, NULL, ' ', '2003-12-14 21:31:30'),
(1148, 69, 198, 37, ' John ', '2003-12-25', '14:00:00', '14:10:00', 68, 2, ' ', '2003-12-14 21:32:57'),
(1149, 69, 198, 37, ' John ', '2003-12-26', '14:00:00', '14:10:00', 68, 1, ' ', '2003-12-14 21:34:36'),
(1150, 69, 198, 37, ' John ', '2004-01-02', '14:00:00', '14:10:00', 68, 1, ' ', '2003-12-14 21:35:47'),
(1151, 69, 198, 37, ' John ', '2004-01-04', '14:00:00', '14:10:00', 70, NULL, ' ', '2003-12-14 21:36:48'),
(1152, 69, 198, 37, ' John ', '2004-01-09', '14:00:00', '14:10:00', 70, NULL, ' ', '2003-12-14 21:38:21'),
(1153, 69, 198, 37, ' John ', '2004-01-11', '14:00:00', '14:10:00', 70, 2, ' ', '2003-12-14 21:39:27'),
(1154, 205, 298, 9, ' Damyen ', '2003-01-03', '09:10:00', '09:20:00', 48, NULL, ' ', '2003-12-15 12:51:32'),
(1155, 208, 304, 9, ' Damyen ', '2003-01-16', '09:10:00', '09:20:00', 54, 1, 'Flock of sparrow flew over', '2003-12-15 12:59:10'),
(1156, 213, 311, 9, ' Daniel M ', '2003-01-16', '09:10:00', '10:00:00', 54, 1, ' ', '2003-12-15 13:03:01'),
(1157, 209, 306, 9, ' Ruben ', '2003-01-03', '09:15:00', '09:25:00', 48, NULL, ' ', '2003-12-15 13:14:13'),
(1158, 209, 306, 9, ' Daniel M ', '2002-12-21', '09:10:00', '09:20:00', 59, NULL, ' ', '2003-12-15 13:16:09'),
(1159, 209, 306, 9, ' Damyen ', '2003-01-12', '09:15:00', '09:25:00', 46, 1, ' ', '2003-12-15 13:18:05'),
(1160, 209, 306, 9, ' Ruben ', '2003-01-16', '09:10:00', '09:20:00', 54, 1, ' ', '2003-12-15 13:19:48'),
(1161, 209, 306, 9, ' Brandon ', '2002-12-26', '09:10:00', '09:20:00', 50, NULL, ' ', '2003-12-15 14:26:48'),
(1162, 209, 306, 9, ' Charles ', '2002-12-25', '09:12:00', '09:22:00', 52, NULL, ' ', '2003-12-15 14:42:31'),
(1163, 209, 306, 9, ' Damyen ', '2002-12-22', '09:10:00', '09:20:00', 45, NULL, ' ', '2003-12-15 14:44:19'),
(1164, 208, 304, 9, ' Damyen ', '2002-12-21', '09:10:00', '09:20:00', 59, NULL, ' ', '2003-12-15 14:54:18'),
(1165, 208, 304, 9, ' Charles ', '2002-12-22', '09:10:00', '09:20:00', 63, NULL, ' ', '2003-12-15 14:56:20'),
(1166, 208, 304, 9, ' Brandon ', '2003-01-12', '09:15:00', '09:25:00', 46, 1, ' ', '2003-12-15 15:05:06'),
(1167, 208, 304, 9, ' Brandon ', '2002-12-25', '09:10:00', '08:20:00', 52, 2, ' ', '2003-12-17 13:06:05'),
(1168, 208, 304, 9, ' Ruben ', '2002-12-26', '09:10:00', '09:20:00', 50, 1, ' ', '2003-12-17 13:11:19'),
(1169, 208, 304, 9, ' Danio M. ', '2003-01-05', '09:20:00', '09:30:00', 88, NULL, ' ', '2003-12-17 13:14:28'),
(1170, 213, 311, 9, ' Charles ', '2002-12-21', '09:10:00', '09:20:00', 59, NULL, ' ', '2003-12-17 13:17:52'),
(1171, 213, 311, 9, ' Ruben ', '2002-12-25', '09:10:00', '09:20:00', 52, 2, ' ', '2003-12-17 13:35:21'),
(1172, 213, 311, 9, ' Daniel ', '2002-12-26', '09:10:00', '09:20:00', 50, 1, ' ', '2003-12-17 13:37:46'),
(1173, 213, 311, 9, ' Daniel M ', '2002-12-22', '09:10:00', '09:20:00', 63, 1, ' ', '2003-12-17 14:47:35'),
(1174, 213, 311, 9, ' Ruben ', '2003-01-12', '09:15:00', '09:25:00', 46, 1, ' ', '2003-12-17 15:02:57'),
(1175, 213, 311, 9, ' Damyen ', '2003-01-05', '09:15:00', '09:25:00', 57, NULL, ' ', '2003-12-18 14:03:06'),
(1176, 213, 311, 9, ' Brandon ', '2003-01-03', '09:17:00', '09:27:00', 48, NULL, ' ', '2003-12-18 14:12:38'),
(1177, 205, 298, 9, ' Charles ', '2003-01-16', '09:10:00', '09:20:00', 54, 1, ' ', '2003-12-18 14:17:42'),
(1178, 207, 301, 9, ' Brandon ', '2003-01-16', '09:10:00', '09:20:00', 54, 2, ' ', '2003-12-18 14:22:17'),
(1179, 207, 301, 9, ' Damyen ', '2002-12-26', '09:10:00', '09:20:00', 50, 2, ' ', '2003-12-18 14:28:19'),
(1180, 207, 301, 9, ' Ruben ', '2003-01-05', '09:15:00', '09:25:00', 57, NULL, ' ', '2003-12-18 14:35:38'),
(1181, 205, 298, 9, ' Brandon ', '2002-12-22', '09:10:00', '09:20:00', 63, NULL, ' ', '2003-12-18 14:38:24'),
(1182, 205, 298, 9, ' Daniel M ', '2003-01-12', '09:15:00', '09:25:00', 46, 1, ' ', '2003-12-18 15:09:11'),
(1183, 205, 298, 9, ' Charles ', '2002-12-26', '09:10:00', '09:20:00', 50, 1, ' ', '2003-12-18 15:18:09'),
(1184, 205, 298, 9, ' Brandon ', '2003-01-05', '09:15:00', '09:25:00', 55, NULL, ' ', '2003-12-18 15:20:49'),
(1185, 205, 298, 9, ' Ruben ', '2002-12-21', '09:10:00', '09:20:00', 59, NULL, ' ', '2003-12-18 15:47:41'),
(1186, 207, 301, 9, ' Brandon ', '2002-12-21', '09:10:00', '09:20:00', 32, NULL, ' ', '2003-12-18 15:58:34'),
(1187, 205, 298, 9, ' Danile M ', '2003-01-03', '09:20:00', '09:30:00', 48, NULL, ' ', '2003-12-18 17:02:21'),
(1188, 207, 301, 9, ' Daniel M ', '2002-12-25', '09:10:00', '09:20:00', 52, 2, ' ', '2003-12-18 17:03:52'),
(1189, 205, 298, 9, ' Damyen ', '2002-12-24', '09:11:00', '08:22:00', 52, NULL, ' ', '2003-12-18 17:05:31'),
(1190, 207, 301, 9, ' Ruben ', '2002-12-22', '09:10:00', '09:20:00', 63, NULL, ' ', '2003-12-18 17:08:49'),
(1191, 386, 468, 62, ' Geoff ', '2004-02-26', '09:45:00', '09:55:00', 50, NULL, ' ', '2004-03-09 10:37:21'),
(1192, 386, 468, 62, ' gEOFF ', '2004-02-09', '09:45:00', '09:55:00', 64, NULL, ' ', '2004-03-09 10:42:59'),
(1193, 386, 468, 62, '  ', '2004-03-06', '09:50:00', '10:00:00', 54, NULL, ' ', '2004-03-09 10:44:57'),
(1194, 386, 468, 62, '  ', '2004-03-24', '11:10:00', '11:20:00', 59, 1, ' ', '2004-03-09 10:47:44'),
(1195, 350, 444, 62, ' Matt ', '2004-02-26', '09:45:00', '09:55:00', 50, NULL, 'wind speed 0-6 mph', '2004-03-09 10:47:56'),
(1196, 113, 229, 63, ' t carlson ', '2004-02-09', '13:05:00', '13:15:00', 70, NULL, ' ', '2004-03-09 10:48:19'),
(1197, 386, 468, 62, '  ', '2004-04-05', '09:05:00', '09:15:00', 52, 2, ' ', '2004-03-09 10:49:43'),
(1198, 317, 417, 63, ' t carlson ', '2004-02-09', '13:02:00', '13:12:00', 70, NULL, ' ', '2004-03-09 10:50:37'),
(1199, 362, 453, 62, ' Kyle Fitzpatrick ', '2004-02-26', '09:45:00', '09:55:00', 50, NULL, ' ', '2004-03-09 10:51:31'),
(1200, 382, 466, 63, ' t carlson ', '2004-02-09', '11:15:00', '11:25:00', 70, NULL, ' ', '2004-03-09 10:52:12'),
(1201, 336, 425, 62, ' Alisa Button ', '2004-02-26', '09:45:00', '09:55:00', 50, NULL, ' ', '2004-03-09 10:52:23'),
(1202, 350, 444, 62, ' Matt ', '2004-02-09', '09:50:00', '09:55:00', 64, NULL, 'wind 5-10 mph', '2004-03-09 10:52:36'),
(1203, 387, 469, 62, ' Brian Terrazas ', '2004-02-26', '09:45:00', '09:55:00', 50, NULL, 'Wind speed 0-6 mph', '2004-03-09 10:53:15'),
(1204, 7, 135, 62, ' Audrie Reilly ', '2004-02-26', '09:45:00', '09:55:00', 50, NULL, 'Slight breeze; 0-6 mph', '2004-03-09 10:53:24'),
(1205, 190, 283, 62, ' Brinley Risheson ', '2004-02-26', '09:45:00', '09:55:00', 50, NULL, '0-6 mph students walking by and in the locker cage', '2004-03-09 10:53:27'),
(1206, 172, 272, 63, ' t carlson ', '2004-02-09', '10:15:00', '10:25:00', 65, NULL, ' ', '2004-03-09 10:53:56'),
(1207, 350, 444, 62, ' Matt ', '2004-03-06', '09:50:00', '10:00:00', 32, NULL, ' ', '2004-03-09 10:54:24'),
(1208, 336, 425, 62, ' Alisa Button ', '2004-03-02', '09:50:00', '10:00:00', 54, NULL, ' ', '2004-03-09 10:54:55'),
(1209, 302, 405, 62, ' Karen ', '2004-02-26', '09:45:00', '09:55:00', 50, NULL, ' ', '2004-03-09 10:55:12'),
(1210, 336, 425, 62, '  ', '2004-02-26', '09:43:00', '09:55:00', 50, NULL, ' ', '2004-03-09 10:55:47'),
(1211, 317, 417, 63, ' t carlson ', '2004-03-06', '09:40:00', '09:50:00', 60, 2, ' ', '2004-03-09 10:56:05'),
(1212, 336, 425, 62, '  ', '2004-02-09', '09:45:00', '09:55:00', 64, NULL, ' ', '2004-03-09 10:57:12'),
(1213, 350, 444, 62, ' Matt ', '2004-03-24', '11:10:00', '11:20:00', 59, 1, 'wind 0-6 mph', '2004-03-09 10:57:24'),
(1214, 7, 135, 62, ' Audrie Reilly ', '2004-02-09', '09:45:00', '09:55:00', 64, NULL, 'Breeze 5-10 mph', '2004-03-09 10:57:34'),
(1215, 382, 466, 63, ' t carlson ', '2004-03-06', '10:15:00', '10:25:00', 60, 2, ' ', '2004-03-09 10:57:44'),
(1216, 336, 425, 62, ' Alisa Button ', '2004-03-24', '11:05:00', '11:15:00', 59, 1, 'Birds sitting in tree singing', '2004-03-09 10:58:06'),
(1217, 302, 405, 62, ' Karen ', '2004-02-09', '09:45:00', '09:55:00', 64, NULL, ' ', '2004-03-09 10:58:49'),
(1218, 336, 425, 62, '  ', '2004-03-06', '09:50:00', '10:00:00', 54, NULL, ' ', '2004-03-09 10:59:07'),
(1219, 387, 469, 62, ' Brian Terrazas ', '2004-02-08', '09:45:00', '09:55:00', 32, NULL, ' ', '2004-03-09 10:59:21'),
(1220, 113, 229, 63, ' t carlson ', '2004-03-06', '11:10:00', '11:20:00', 60, NULL, ' ', '2004-03-09 10:59:51'),
(1221, 362, 453, 62, ' Kyle Fitzpatrick ', '2004-02-09', '09:45:00', '09:55:00', 64, NULL, ' ', '2004-03-09 11:00:04'),
(1222, 350, 444, 62, ' Matt ', '2004-04-05', '09:05:00', '09:15:00', 52, 2, 'wind 0-6 mph', '2004-03-09 11:00:07'),
(1223, 7, 135, 62, ' Audrie Reilly ', '2004-03-06', '09:50:00', '10:00:00', 54, NULL, '5-10 mph wind', '2004-03-09 11:00:44'),
(1224, 336, 425, 62, '  ', '2004-03-24', '11:10:00', '11:20:00', 59, 1, ' ', '2004-03-09 11:01:03'),
(1225, 302, 405, 62, ' Karen ', '2004-03-24', '09:50:00', '10:00:00', 54, 1, ' ', '2004-03-09 11:01:22'),
(1226, 172, 272, 63, ' t carlson ', '2004-03-06', '00:35:00', '00:45:00', 65, NULL, ' ', '2004-03-09 11:01:29'),
(1227, 362, 453, 62, ' Kyle Fitzpatrick ', '2004-03-06', '09:50:00', '10:00:00', 54, NULL, ' ', '2004-03-09 11:02:21'),
(1228, 190, 283, 62, ' Erika Daniels ', '2004-04-05', '09:05:00', '09:15:00', 52, 2, 'Wind speed:  0 - 6 mph', '2004-03-09 11:02:57'),
(1229, 190, 283, 62, ' Brinley Richeson ', '2004-02-09', '09:45:00', '09:55:00', 64, NULL, 'noisy students security guards wind 5-10 mphp', '2004-03-09 11:03:29'),
(1230, 336, 425, 62, '  ', '2004-04-05', '09:05:00', '09:15:00', 52, 2, ' ', '2004-03-09 11:03:37'),
(1231, 387, 469, 62, ' Brian Terrazas ', '2004-03-04', '11:10:00', '11:20:00', 59, 1, ' ', '2004-03-09 11:03:56'),
(1232, 386, 468, 62, ' Alex ', '2004-02-26', '09:45:00', '09:55:00', 50, NULL, 'wind 0-6 mph', '2004-03-09 11:03:58'),
(1233, 302, 405, 62, ' Karen ', '2004-03-24', '11:10:00', '11:20:00', 59, 1, ' ', '2004-03-09 11:04:50'),
(1234, 302, 405, 62, ' Karen ', '2004-04-05', '09:05:00', '09:15:00', 50, 2, ' ', '2004-03-09 11:06:21'),
(1235, 386, 468, 62, ' Alex ', '2004-02-09', '09:45:00', '09:55:00', 64, NULL, 'wind 5-10 mph', '2004-03-09 11:06:35'),
(1236, 190, 283, 62, ' Brinley Richeson ', '2004-03-06', '09:50:00', '10:00:00', 54, NULL, 'Wind 5-10 mph students walking by', '2004-03-09 11:07:01'),
(1237, 386, 468, 62, ' Alex ', '2004-03-06', '09:50:00', '10:00:00', 54, NULL, 'wind 5-10 mph', '2004-03-09 11:07:59'),
(1238, 387, 469, 62, ' Brian Terrazas ', '2004-04-05', '09:07:00', '09:15:00', 52, 2, 'Cumulonimbus clouds', '2004-03-09 11:08:14'),
(1239, 362, 453, 62, ' Kyle Fitzpatrick ', '2004-03-24', '11:10:00', '11:20:00', 59, 1, ' ', '2004-03-09 11:09:57'),
(1240, 190, 283, 62, ' Brinley Richeson ', '2004-03-24', '11:10:00', '11:20:00', 59, 1, 'Wind:  0-6 mph students walking by and at lockers', '2004-03-09 11:10:31'),
(1241, 386, 468, 62, ' Alex ', '2004-03-24', '11:10:00', '11:20:00', 50, 1, 'wind 0-6 mph', '2004-03-09 11:10:44'),
(1242, 362, 453, 62, ' Kyle Fitzpatrick ', '2004-04-05', '09:05:00', '09:15:00', 52, 2, ' ', '2004-03-09 11:12:27'),
(1243, 190, 283, 62, ' Brinley Richeson ', '2004-04-05', '09:05:00', '09:15:00', 52, 2, 'Wind:  0-6 rainy cold student walking by', '2004-03-09 11:14:07'),
(1244, 303, 406, 62, ' Candace Stagemeyer ', '2004-02-26', '09:45:00', '09:55:00', 50, NULL, 'Almost hit Karen\rFlew over me', '2004-03-11 09:44:52'),
(1245, 336, 425, 62, ' Jarret McLeod  ', '2004-02-26', '09:45:00', '09:55:00', 50, 2, 'in the tree\rFlying in the circle\rFlew threw circle', '2004-03-11 09:46:43'),
(1246, 296, 397, 62, ' Candace Stagemeyer ', '2004-02-26', '09:45:00', '09:55:00', 50, NULL, 'Flew over me', '2004-03-11 09:47:25'),
(1247, 280, 378, 62, '  ', '2004-04-11', '09:45:00', '09:55:00', 50, NULL, ' ', '2004-03-11 09:48:20'),
(1248, 296, 397, 62, ' Candace Stagemeyer ', '2004-02-09', '09:45:00', '09:55:00', 64, NULL, 'Birds were calling for eachother\rFlew above me\r', '2004-03-11 09:49:36'),
(1249, 336, 425, 62, ' Jarret McLeod  ', '2004-02-09', '09:45:00', '09:55:00', 64, 2, 'Landing in the gras\rflying through \rflying through', '2004-03-11 09:49:56'),
(1250, 280, 378, 62, ' jared ', '2004-02-09', '09:45:00', '09:55:00', 64, NULL, ' ', '2004-03-11 09:50:23'),
(1251, 296, 397, 62, ' Candace Stagmeyer ', '2004-03-06', '09:50:00', '10:00:00', 54, NULL, 'Sitting in the bushes hoping around\r', '2004-03-11 09:51:10'),
(1252, 336, 425, 62, ' Jarret McLeod  ', '2004-03-02', '09:50:00', '10:00:00', 54, 2, 'flew by\rlanded in the circle', '2004-03-11 09:51:51'),
(1253, 296, 397, 62, ' Candace Stagemeyer ', '2004-03-24', '11:10:00', '11:20:00', 59, 1, 'Flew into a tree\rPIcked up food\rJust sitting', '2004-03-11 09:53:45'),
(1254, 280, 378, 62, ' jared ', '2004-03-06', '09:50:00', '10:01:00', 54, NULL, ' ', '2004-03-11 09:54:13'),
(1255, 289, 387, 62, ' Jackson  ', '2004-04-09', '09:45:00', '09:55:00', 64, NULL, ' ', '2004-03-11 09:54:14'),
(1256, 296, 397, 62, ' Candace Stagemeyer ', '2004-04-05', '09:05:00', '09:15:00', 52, 2, 'Flying around', '2004-03-11 09:54:56'),
(1257, 280, 378, 62, ' jared ', '2004-03-24', '11:10:00', '11:20:00', 59, 1, ' ', '2004-03-11 09:56:12'),
(1258, 281, 379, 62, ' Danijel Loncar ', '2004-02-04', '00:00:00', '00:00:00', 64, NULL, ' ', '2004-03-11 09:56:15'),
(1259, 289, 387, 62, ' Jackson Basham ', '2004-02-26', '09:45:00', '09:55:00', 50, NULL, 'Pepsi man disturbed the birds.', '2004-03-11 09:57:55'),
(1260, 280, 378, 62, ' Danijel Loncar ', '2004-03-06', '00:00:00', '00:00:00', 68, NULL, 'nice day', '2004-03-11 09:58:26'),
(1261, 280, 378, 62, ' jared ', '2004-04-03', '09:05:00', '09:15:00', 52, 2, ' ', '2004-03-11 09:58:28'),
(1262, 281, 379, 62, ' Danijel Loncar ', '2004-03-24', '00:00:00', '00:00:00', 59, 1, 'nice day', '2004-03-11 10:00:20'),
(1263, 289, 387, 62, ' Jackson ', '2004-03-06', '09:50:00', '10:00:00', 54, NULL, 'really windy!!', '2004-03-11 10:00:36'),
(1264, 281, 379, 62, ' Danijel LOncar ', '2004-04-05', '00:00:00', '00:00:00', 52, 2, 'nice rainy day\r', '2004-03-11 10:02:36'),
(1265, 289, 387, 62, ' Jackson ', '2004-03-24', '11:10:00', '11:20:00', 59, 2, 'Very loud grackle that scared everything away.', '2004-03-11 10:02:43'),
(1266, 289, 387, 62, ' Jackson ', '2004-04-05', '09:05:00', '09:15:00', 52, 2, 'windy and cold', '2004-03-11 10:04:27'),
(1267, 361, 452, 64, ' Whitney Baker ', '2004-04-11', '11:45:00', '11:55:00', 59, NULL, ' ', '2004-03-11 10:43:00'),
(1268, 7, 135, 64, ' JB ', '2004-04-11', '19:02:00', '15:08:00', 61, 1, ' ', '2004-03-11 10:44:57'),
(1269, 271, 371, 64, ' Traci Nelson ', '2004-03-06', '10:45:00', '10:55:00', 59, NULL, ' ', '2004-03-11 10:45:50'),
(1270, 361, 452, 64, ' Whitney Baker ', '2004-02-04', '10:45:00', '10:55:00', 68, NULL, 'The grackles flew over in a small scattered group', '2004-03-11 10:46:19'),
(1271, 355, 449, 64, ' Melissa Clark ', '2004-03-06', '10:45:00', '10:55:00', 59, NULL, 'Girls were walking', '2004-03-11 10:46:35'),
(1272, 7, 135, 64, ' Paul Westbrook ', '2004-04-11', '19:02:00', '15:08:00', 61, 1, ' ', '2004-03-11 10:46:48'),
(1273, 357, 451, 64, ' Kyle ', '2004-02-09', '10:45:00', '10:55:00', 68, NULL, 'One bird in flight', '2004-03-11 10:47:27'),
(1274, 192, 285, 64, ' Chance Seymore ', '2004-02-09', '10:45:00', '10:55:00', 64, NULL, 'cold air and a light breeze', '2004-03-11 10:47:38'),
(1275, 194, 287, 64, ' Jennifer Campbell ', '2004-02-09', '10:45:00', '10:55:00', 68, NULL, 'cold air and a light breeze', '2004-03-11 10:47:43'),
(1276, 271, 371, 64, ' Traci Nelson ', '2004-02-09', '10:45:00', '10:55:00', 68, NULL, ' ', '2004-03-11 10:48:01'),
(1277, 361, 452, 64, ' Whitney Baker ', '2004-04-05', '09:50:00', '10:00:00', 68, NULL, 'group landed in a tree above me', '2004-03-11 10:48:31'),
(1278, 159, 259, 64, ' Julie ', '2004-03-05', '11:45:00', '11:45:00', 59, NULL, ' ', '2004-03-11 10:48:47'),
(1279, 315, 416, 64, ' Jeffrey Curtis ', '2004-02-09', '10:45:00', '10:55:00', 68, NULL, 'Windy Very Hot', '2004-03-11 10:49:01'),
(1280, 106, 225, 64, ' Jeffrey Buchanan ', '2004-03-06', '10:45:00', '10:55:00', 59, NULL, ' ', '2004-03-11 10:49:19'),
(1281, 107, 226, 64, ' Richard Velazquez ', '2004-02-06', '10:45:00', '10:55:00', 59, NULL, 'flew by flew over', '2004-03-11 10:49:20'),
(1282, 84, 212, 64, ' Stephen Mecham ', '2004-02-09', '10:45:00', '10:55:00', 68, 1, 'The inca doves where in a row on a branch.', '2004-03-11 10:49:56'),
(1283, 192, 285, 64, ' Chance Seymore ', '2004-03-06', '10:45:00', '10:55:00', 59, NULL, 'no clouds light breeze', '2004-03-11 10:50:01'),
(1284, 170, 270, 64, ' kyle sprouse ', '2004-02-09', '10:45:00', '10:55:00', 68, NULL, 'no birds becuase people on the field.', '2004-03-11 10:50:06'),
(1285, 194, 287, 64, ' Jennifer Campbell ', '2004-04-05', '09:50:00', '10:00:00', 55, 2, 'very wet and cloudy day', '2004-03-11 10:50:11'),
(1286, 169, 269, 64, ' Thatcher Claspell ', '2004-03-06', '10:45:00', '10:55:00', 59, NULL, 'No birds', '2004-03-11 10:50:36'),
(1287, 361, 452, 64, ' Whitney Baker ', '2004-03-24', '11:45:00', '11:55:00', 43, 2, 'Water was in the surronding area', '2004-03-11 10:50:57'),
(1288, 315, 416, 64, ' Jeffrey Curtis ', '2004-03-06', '10:45:00', '10:55:00', 59, 1, 'Quite chiily grass dry', '2004-03-11 10:51:04'),
(1289, 355, 449, 64, ' Melissa Clark ', '2004-03-09', '10:45:00', '10:55:00', 68, NULL, 'there was  more birds than normal', '2004-03-11 10:51:22'),
(1290, 106, 225, 64, ' Jeffrey Buchanan ', '2004-02-09', '10:45:00', '10:55:00', 68, NULL, ' ', '2004-03-11 10:51:47'),
(1291, 107, 226, 64, ' Richard Velazquez ', '2004-02-09', '10:45:00', '10:45:00', 68, NULL, 'Fly by', '2004-03-11 10:51:53'),
(1292, 169, 269, 64, ' Thatcher Claspell ', '2004-02-09', '10:45:00', '10:55:00', 68, NULL, 'No birds', '2004-03-11 10:52:50'),
(1293, 192, 285, 64, ' Chance Seymore ', '2004-03-24', '11:45:00', '11:55:00', 59, NULL, 'cloudy but nice outside', '2004-03-11 10:53:12'),
(1294, 315, 416, 64, ' Jeffrey Curtis ', '2004-03-24', '11:45:00', '11:55:00', 57, 2, 'Field green and moist', '2004-03-11 10:53:19'),
(1295, 7, 135, 64, ' Tanner DuBois ', '2004-03-06', '10:45:00', '10:55:00', 32, NULL, 'NOT TO MUCH ACTIVITY', '2004-03-11 10:53:24'),
(1296, 170, 270, 64, ' kyle sprouse ', '2004-04-05', '09:50:00', '10:00:00', 55, 1, 'no birds people running around the track.', '2004-03-11 10:53:25'),
(1297, 271, 371, 64, ' Traci Nelson ', '2004-04-05', '09:50:00', '10:00:00', 55, 1, 'very wet outside', '2004-03-11 10:53:43'),
(1298, 355, 449, 64, ' Melissa Clark ', '2004-03-24', '11:45:00', '11:55:00', 57, 1, 'it had just rained!', '2004-03-11 10:54:09'),
(1299, 106, 225, 64, ' Jeffrey Buchanan ', '2004-04-05', '10:45:00', '10:55:00', 55, 2, ' ', '2004-03-11 10:54:24'),
(1300, 318, 418, 64, ' Matt N ', '2004-02-09', '10:50:00', '11:00:00', 68, NULL, ' ', '2004-03-11 10:54:43'),
(1301, 169, 269, 64, ' Thatcher Claspell ', '2004-03-24', '11:45:00', '11:55:00', 57, 1, ' ', '2004-03-11 10:54:56'),
(1302, 315, 416, 64, ' Jeffrey Curtis ', '2004-04-05', '09:50:00', '10:00:00', 55, 2, 'Field flooded small breeze', '2004-03-11 10:55:06'),
(1303, 192, 285, 64, ' Chance Seymore ', '2004-04-03', '09:50:00', '10:00:00', 55, NULL, 'light breeze with a lot of clouds', '2004-03-11 10:55:37'),
(1304, 7, 135, 64, ' Tanner DuBois ', '2004-02-09', '10:45:00', '10:55:00', 68, NULL, 'Not much activity', '2004-03-11 10:55:45'),
(1305, 170, 270, 64, ' kyle sprouse ', '2004-03-24', '11:45:00', '11:55:00', 57, 1, 'no birds because of leaf blower', '2004-03-11 10:55:49'),
(1306, 318, 418, 64, ' Matt N ', '2004-03-06', '10:45:00', '10:55:00', 59, NULL, ' ', '2004-03-11 10:56:14'),
(1307, 355, 449, 64, ' Melissa Clark ', '2004-04-05', '09:50:00', '10:00:00', 55, 2, 'alot of noise', '2004-03-11 10:56:18'),
(1308, 90, 217, 64, ' katelyn ', '2004-03-11', '10:45:00', '11:00:00', 59, NULL, ' ', '2004-03-11 10:56:42'),
(1309, 169, 269, 64, ' Thatcher Claspell ', '2004-04-05', '09:50:00', '10:00:00', 55, 1, ' ', '2004-03-11 10:56:53'),
(1310, 106, 225, 64, ' Jeffrey Buchanan ', '2004-03-25', '10:45:00', '10:55:00', 57, NULL, 'rain yesterday', '2004-03-11 10:57:01'),
(1311, 107, 226, 64, ' Richard Velazquez ', '2004-04-05', '09:50:00', '10:00:00', 55, NULL, 'sitting on fence fly by', '2004-03-11 10:57:20'),
(1312, 355, 449, 62, ' katelyn ', '2004-04-05', '09:50:00', '10:00:00', 55, NULL, ' ', '2004-03-11 10:58:12'),
(1313, 7, 135, 64, ' Tanner DuBois ', '2004-04-05', '09:50:00', '10:00:00', 68, NULL, 'Not much activity pretty windy', '2004-03-11 10:58:17'),
(1314, 318, 418, 64, ' Matt N ', '2003-03-24', '11:45:00', '11:55:00', 57, 1, ' ', '2004-03-11 10:58:46'),
(1315, 170, 270, 64, ' kyle sprouse ', '2004-03-06', '10:45:00', '10:55:00', 59, NULL, 'no birdssetting up track and field fences', '2004-03-11 10:58:46'),
(1316, 90, 217, 64, ' katelyn ', '2004-02-08', '10:45:00', '10:55:00', 68, NULL, ' ', '2004-03-11 10:59:26'),
(1317, 318, 418, 64, ' Matt N ', '2004-04-05', '09:50:00', '10:00:00', 55, 1, ' ', '2004-03-11 11:00:19'),
(1318, 374, 461, 64, ' Rae Vigil ', '2004-03-06', '10:45:00', '10:55:00', 59, NULL, 'sunny', '2004-03-11 11:01:14'),
(1319, 7, 135, 64, ' Tanner DuBois ', '2004-03-24', '11:45:00', '11:55:00', 59, NULL, 'Flying around in some trees', '2004-03-11 11:01:27'),
(1320, 272, 372, 64, ' mckinzie ', '2004-03-04', '10:45:00', '10:55:00', 59, NULL, 'flying', '2004-03-11 11:03:26'),
(1321, 374, 461, 64, ' Rae Vigil ', '2004-03-24', '11:45:00', '11:55:00', 57, 2, 'it rained yesterday breezy and partly cloudy', '2004-03-11 11:04:14'),
(1322, 194, 287, 64, ' Jennifer Campbell ', '2004-03-06', '10:45:00', '10:55:00', 59, NULL, 'Group of people went by.', '2004-03-11 11:05:44'),
(1323, 374, 461, 64, ' Rae Vigil ', '2004-04-09', '09:50:00', '10:00:00', 55, 2, 'nice temp', '2004-03-11 11:06:16'),
(1324, 272, 372, 64, ' mckinzie ', '2004-02-09', '10:45:00', '10:55:00', 68, NULL, ' ', '2004-03-11 11:06:40'),
(1325, 278, 376, 65, ' John Bakken  ', '2004-02-09', '12:40:00', '12:50:00', 77, NULL, ' ', '2004-03-11 12:28:28'),
(1326, 276, 374, 65, ' Jason Adams ', '2004-03-27', '13:20:00', '13:30:00', 57, 2, 'Rain the day before', '2004-03-11 12:28:49'),
(1327, 352, 446, 65, ' Jack Waldeck ', '2004-02-09', '12:40:00', '12:40:00', 77, 1, 'wind speed 5-15 mph', '2004-03-11 12:30:24'),
(1328, 277, 375, 65, ' Kevin Johnson ', '2004-02-09', '12:35:00', '12:50:00', 77, 1, 'Beautiful day out', '2004-03-11 12:30:43'),
(1329, 278, 376, 65, ' John Bakken  ', '2004-03-24', '13:15:00', '13:25:00', 57, 2, ' ', '2004-03-11 12:30:47'),
(1330, 351, 445, 65, ' Brandon Pedersen ', '2004-03-06', '12:40:00', '12:50:00', 64, NULL, 'Sunny with a slight breeze', '2004-03-11 12:31:38'),
(1331, 368, 456, 65, ' Katie Chapman ', '2004-02-09', '12:40:00', '12:50:00', 77, NULL, 'Wind speed: 5-15 mph', '2004-03-11 12:31:50'),
(1332, 171, 271, 65, ' T.J. Kokaliares ', '2004-03-06', '12:40:00', '12:50:00', 64, NULL, 'Sunny but cold. 5-10 m.p.h. wind.', '2004-03-11 12:31:58'),
(1333, 276, 374, 65, ' Jason Adams ', '2004-03-04', '12:35:00', '12:45:00', 59, NULL, '0-10 mph', '2004-03-11 12:32:01'),
(1334, 282, 380, 65, ' Michael Ellis ', '2004-04-05', '10:30:00', '10:40:00', 57, 2, 'No birds', '2004-03-11 12:32:59'),
(1335, 354, 448, 65, ' Jessica Lyman ', '2004-03-06', '12:40:00', '12:50:00', 64, 1, 'sunny & cold', '2004-03-11 12:33:30'),
(1336, 277, 375, 65, ' Kevin Johnson ', '2004-02-26', '12:40:00', '12:50:00', 59, NULL, 'Horrible day out!', '2004-03-11 12:33:32'),
(1337, 368, 456, 65, ' Katie Chapman ', '2004-02-26', '12:35:00', '12:45:00', 59, NULL, 'wind speed:  0-10 mph', '2004-03-11 12:33:35'),
(1338, 352, 446, 65, ' Jack Waldeck ', '2004-02-26', '12:35:00', '12:45:00', 59, NULL, 'wind speed 0-10mph cold', '2004-03-11 12:33:39'),
(1339, 278, 376, 65, ' John Bakken  ', '2004-02-26', '12:40:00', '12:50:00', 59, NULL, ' ', '2004-03-11 12:33:42'),
(1340, 279, 377, 65, ' Abe Kashiwagi ', '2004-04-11', '12:40:00', '12:50:00', 68, 2, 'trash on ground after lunch\rwindy cold', '2004-03-11 12:33:55'),
(1341, 301, 404, 65, ' Rihanna ', '2004-02-09', '12:40:00', '12:50:00', 77, 1, 'Windy cold not a lot of sun', '2004-03-11 12:34:16'),
(1342, 279, 377, 65, ' Abe Kashiwagi ', '2004-04-11', '12:40:00', '12:50:00', 68, 2, 'trash on ground after lunch\rwindy cold', '2004-03-11 12:34:41'),
(1343, 351, 445, 65, ' Brandon Pedersen ', '2004-02-09', '12:40:00', '12:50:00', 77, 1, ' ', '2004-03-11 12:34:46'),
(1344, 278, 376, 65, ' John Bakken  ', '2004-04-05', '10:30:00', '10:40:00', 55, 2, 'NO Birds Raining', '2004-03-11 12:34:59'),
(1345, 277, 375, 65, ' Kevin Johnson ', '2004-03-06', '13:15:00', '13:25:00', 57, 2, 'Marvelous day to bird!', '2004-03-11 12:35:37'),
(1346, 171, 271, 65, ' T.J. Kokaliares ', '2004-02-08', '12:40:00', '12:50:00', 77, 1, 'Cloudy but warm; 5-15 m.p.h. wind', '2004-03-11 12:35:49'),
(1347, 368, 456, 65, ' Katie Chapman ', '2004-04-05', '10:30:00', '10:40:00', 57, NULL, 'wind speed:  0-6 mph', '2004-03-11 12:36:03'),
(1348, 352, 446, 65, ' Jack Waldeck ', '2004-03-06', '12:40:00', '12:50:00', 64, NULL, 'very nice day ivan threw something at the birds\r', '2004-03-11 12:36:11'),
(1349, 282, 380, 65, ' Michael Ellis ', '2004-03-02', '01:15:00', '01:25:00', 57, 2, ' ', '2004-03-11 12:36:15'),
(1350, 354, 448, 65, ' Jessica Lyman ', '2004-02-09', '12:40:00', '12:50:00', 77, 1, 'cloudy', '2004-03-11 12:37:01'),
(1351, 301, 404, 65, ' Rihanna ', '2004-03-24', '13:15:00', '13:25:00', 57, 1, 'Cold', '2004-03-11 12:37:04'),
(1352, 276, 374, 65, ' Abe Kashiwagi ', '2004-02-09', '12:40:00', '12:50:00', 70, NULL, 'after lunch trash', '2004-03-11 12:37:09'),
(1353, 277, 375, 65, ' Kevin Johnson ', '2004-03-26', '12:40:00', '12:50:00', 77, NULL, 'Horrendous just plain horrendous day for birds.', '2004-03-11 12:37:25'),
(1354, 278, 376, 65, ' John Bakken  ', '2004-02-06', '12:40:00', '12:50:00', 68, NULL, ' ', '2004-03-11 12:37:26'),
(1355, 351, 445, 65, ' Brandon Pedersen ', '2004-02-26', '12:35:00', '12:45:00', 59, NULL, ' ', '2004-03-11 12:38:17'),
(1356, 171, 271, 65, ' T.J. Kokaliares ', '2004-03-24', '13:15:00', '13:25:00', 57, 2, 'Cloudy and Cold; 0-6 m.p.h. wind', '2004-03-11 12:38:20'),
(1357, 301, 404, 65, ' Rihanna` ', '2004-02-26', '12:35:00', '12:45:00', 59, NULL, 'Windy cold', '2004-03-11 12:38:45'),
(1358, 300, 403, 65, ' Mandei ', '2004-02-26', '00:35:00', '00:45:00', 59, NULL, 'Windy cold not a lot of sun  ', '2004-03-11 12:38:50'),
(1359, 282, 380, 65, ' Michael Ellis ', '2004-02-26', '00:35:00', '00:45:00', 55, 1, ' ', '2004-03-11 12:39:02'),
(1360, 354, 448, 65, ' Jessica Lyman ', '2004-03-24', '13:15:00', '13:25:00', 57, 2, 'very cloudy', '2004-03-11 12:39:08'),
(1361, 277, 375, 65, ' Kevin Johnson ', '2004-04-05', '10:30:00', '10:40:00', 55, 2, 'Spectacular day for birds!!!', '2004-03-11 12:39:16'),
(1362, 352, 446, 65, ' Jack Waldeck ', '2004-03-24', '13:15:00', '13:25:00', 57, 2, '0-6 mph wind speed', '2004-03-11 12:39:29'),
(1363, 276, 374, 65, ' Abe Kashiwagi ', '2004-03-24', '13:20:00', '13:30:00', 66, 2, 'breezy slightly pretty cold', '2004-03-11 12:39:32'),
(1364, 301, 404, 65, ' Rihanna ', '2004-04-05', '00:30:00', '12:40:00', 57, 2, 'Ground muddy; cold', '2004-03-11 12:40:36'),
(1365, 171, 271, 65, ' T.J. Kokaliares ', '2004-02-26', '12:35:00', '12:45:00', 59, NULL, 'Cold and breezy; 0-10 m.p.h. wind', '2004-03-11 12:40:40'),
(1366, 354, 448, 65, ' Jessica Lyman ', '2004-04-05', '10:30:00', '10:40:00', 57, 2, 'very cloudy', '2004-03-11 12:40:45'),
(1367, 351, 445, 65, ' Brandon Pedersen ', '2004-04-05', '10:30:00', '10:40:00', 57, 2, ' ', '2004-03-11 12:41:23'),
(1368, 276, 374, 65, ' Abe Kashiwagi ', '2004-04-05', '10:40:00', '10:50:00', 203, 2, ' wet rain day before', '2004-03-11 12:41:51'),
(1369, 354, 448, 65, ' Jessica Lyman ', '2004-02-26', '00:35:00', '00:45:00', 59, NULL, 'sunny', '2004-03-11 12:42:04'),
(1370, 381, 465, 65, ' Jaclyn Wesolowski ', '2004-02-09', '12:40:00', '12:50:00', 77, 2, 'It was a nicecool day', '2004-03-11 12:42:10'),
(1371, 352, 446, 65, ' Jack Waldeck ', '2004-04-05', '10:30:00', '10:40:00', 57, 2, ' ', '2004-03-11 12:42:33'),
(1372, 159, 259, 65, ' T.J. Kokaliares ', '2004-04-05', '10:30:00', '10:40:00', 57, 2, 'Cloudy and cold; 0-6 m.p.h. wind', '2004-03-11 12:43:35'),
(1373, 114, 230, 65, ' cortney white ', '2004-04-05', '12:40:00', '12:50:00', 77, 1, 'it was overcast\rWind 5-15 mph', '2004-03-11 12:44:35'),
(1374, 276, 374, 65, ' Abe Kashiwagi ', '2004-02-26', '12:35:00', '12:45:00', 57, NULL, ' ', '2004-03-11 12:45:43'),
(1375, 83, 211, 65, ' Jacob Elggren ', '2004-04-05', '10:30:00', '10:40:00', 57, 1, 'birds were flying', '2004-03-11 12:45:51');
INSERT INTO `bird_samples` (`id`, `site_id`, `habitat_id`, `teachers_class_id`, `observer`, `collection_date`, `time_start`, `time_end`, `air_temp`, `cloud_cover_id`, `comments`, `date_entered`) VALUES
(1376, 153, 256, 65, ' Annalisa ', '2004-03-06', '12:40:00', '12:50:00', 59, 1, 'The birds just flew by\r', '2004-03-11 12:46:12'),
(1377, 375, 462, 65, ' Braden McKinnon ', '2004-02-09', '12:40:00', '12:50:00', 77, 1, ' ', '2004-03-11 12:46:23'),
(1378, 275, 373, 65, ' Justin Nichols ', '2004-02-09', '12:40:00', '12:40:00', 68, NULL, 'morning dove feeding on ground ', '2004-03-11 12:46:50'),
(1379, 381, 465, 65, ' Jaclyn Wesolowski ', '2004-02-26', '12:35:00', '12:45:00', 59, NULL, 'All the Great-tailed grackles seen were males.', '2004-03-11 12:47:03'),
(1380, 114, 230, 65, ' cortney white ', '2004-04-06', '12:40:00', '12:50:00', 64, NULL, 'clear sky ', '2004-03-11 12:48:09'),
(1381, 83, 211, 65, ' Jacob Elggren ', '2004-02-09', '00:40:00', '00:50:00', 77, 1, 'birds were flying', '2004-03-11 12:48:27'),
(1382, 153, 256, 65, ' Annalisa ', '2004-03-24', '13:15:00', '13:25:00', 57, 2, 'it rained they day before', '2004-03-11 12:48:46'),
(1383, 275, 373, 65, ' Justin Nichols ', '2004-04-05', '12:30:00', '12:40:00', 55, 2, 'nothing', '2004-03-11 12:49:11'),
(1384, 83, 211, 65, ' Jacob Elggren ', '2004-03-06', '00:40:00', '00:50:00', 64, 1, 'birds were sitting', '2004-03-11 12:50:06'),
(1385, 114, 230, 65, ' cortney white ', '2004-04-05', '10:30:00', '10:40:00', 57, 1, 'cloudy', '2004-03-11 12:50:24'),
(1386, 83, 211, 65, ' Jacob Elggren ', '2004-02-26', '00:40:00', '00:50:00', 59, 1, 'one bird sitting one bird flying', '2004-03-11 12:51:56'),
(1387, 275, 373, 65, ' Justin Nichols ', '2004-02-26', '12:40:00', '12:50:00', 59, NULL, 'perched in tree', '2004-03-11 12:52:11'),
(1388, 177, 274, 65, ' Ash ', '2004-03-06', '12:10:00', '12:50:00', 32, 1, ' ', '2004-03-11 12:53:06'),
(1389, 153, 256, 65, ' Annalisa ', '2004-02-26', '12:35:00', '12:45:00', 59, NULL, 'The birds were eating and sitting in tree.', '2004-03-11 12:53:26'),
(1390, 275, 373, 65, ' Justin Nichols ', '2004-03-24', '13:15:00', '13:25:00', 57, 2, 'flying', '2004-03-11 12:54:05'),
(1391, 83, 211, 65, ' Jacob Elggren ', '2004-03-24', '13:15:00', '13:25:00', 57, 2, 'birds were flying', '2004-03-11 12:54:22'),
(1392, 381, 465, 65, ' Jaclyn Wesolowski ', '2004-03-06', '12:40:00', '12:50:00', 64, NULL, ' ', '2004-03-11 12:54:25'),
(1393, 153, 256, 65, ' Annalisa ', '2004-04-05', '22:30:00', '22:40:00', 57, 2, 'birds were eating and sitting on wall\r', '2004-03-11 12:55:25'),
(1394, 315, 416, 64, ' Jeffrey Curtis ', '2004-04-08', '10:25:00', '10:35:00', 73, NULL, 'Students playing baseball next to circle', '2004-04-08 10:48:28'),
(1395, 365, 454, 64, ' michael parra ', '2004-05-08', '10:25:00', '10:35:00', 73, NULL, ' ', '2004-04-08 10:52:19'),
(1396, 194, 287, 64, ' Jennifer Campbell ', '2004-05-08', '10:25:00', '10:35:00', 73, NULL, ' ', '2004-04-08 10:53:25'),
(1397, 386, 468, 64, ' Katelyn ', '2004-05-08', '10:25:00', '10:35:00', 73, NULL, ' ', '2004-04-08 10:55:11'),
(1398, 90, 217, 64, ' mckinzie seely ', '2004-05-08', '10:25:00', '10:35:00', 73, NULL, ' ', '2004-04-08 10:58:01'),
(1399, 355, 449, 64, ' Melissa clark ', '2004-05-08', '10:25:00', '10:35:00', 73, NULL, 'not that many birds', '2004-04-08 11:00:48'),
(1400, 374, 461, 64, ' Rae vigil ', '2004-05-08', '10:25:00', '10:35:00', 73, NULL, ' ', '2004-04-08 11:03:16'),
(1401, 80, 208, 65, ' Chris Diercksen ', '2004-05-08', '12:15:00', '12:25:00', 75, NULL, 'Sunny.', '2004-04-08 12:37:45'),
(1402, 278, 376, 65, ' John Bakken  ', '2004-05-08', '12:15:00', '12:25:00', 75, NULL, ' ', '2004-04-08 12:38:00'),
(1403, 381, 465, 65, ' Jaclyn Wesolowski ', '2004-05-08', '12:15:00', '12:25:00', 77, NULL, 'cool but sunny day!', '2004-04-08 12:42:56'),
(1404, 277, 375, 65, ' kevin johnson ', '2004-05-08', '12:15:00', '12:25:00', 74, NULL, 'warm day', '2004-04-08 12:44:59'),
(1405, 171, 271, 65, ' T.J. Kokaliares ', '2004-05-08', '12:15:00', '12:25:00', 77, NULL, 'Warm and sunny', '2004-04-08 12:47:05'),
(1406, 83, 211, 65, ' Jacob Elggren ', '2004-05-08', '12:15:00', '12:25:00', 77, NULL, 'Sunny and hot', '2004-04-08 12:50:40'),
(1407, 300, 403, 65, ' Mandei Ellsworth ', '2004-05-08', '12:15:00', '12:25:00', 75, NULL, 'still quiet', '2004-04-08 12:53:47'),
(1408, 368, 456, 62, '  ', '2004-05-08', '12:15:00', '12:25:00', 77, NULL, ' ', '2004-04-08 12:54:18'),
(1409, 275, 373, 65, ' Daniel Klein ', '2004-05-08', '12:15:00', '12:25:00', 77, NULL, 'New Species\r', '2004-04-08 12:54:37'),
(1410, 302, 405, 65, ' Rihanna Teixeira ', '2004-05-08', '12:15:00', '12:25:00', 75, NULL, 'Still quiet', '2004-04-08 12:55:26'),
(1411, 393, 474, 70, ' SJ  and JD ', '2003-11-30', '09:28:00', '09:38:00', 77, NULL, ' ', '2004-05-11 07:44:56'),
(1412, 393, 474, 71, ' JM and MZ ', '2003-11-30', '10:15:00', '10:25:00', 81, NULL, 'Haze due to California fires', '2004-05-11 07:59:33'),
(1413, 298, 398, 70, ' MA and CB ', '2003-11-30', '09:24:00', '09:34:00', 79, NULL, 'smoke from California fires', '2004-05-11 08:02:45'),
(1414, 345, 432, 70, ' CB and VR ', '2003-11-30', '09:31:00', '09:41:00', 81, NULL, 'Smoke from California fires formed a slight haze', '2004-05-11 08:04:40'),
(1415, 345, 432, 71, ' MS and BP ', '2003-11-30', '10:21:00', '10:31:00', 32, NULL, 'Haze due to California fires', '2004-05-11 08:06:43'),
(1416, 349, 439, 71, ' SB and SL ', '2003-11-30', '10:20:00', '10:30:00', 82, NULL, 'Haze due to Califirnia fires', '2004-05-11 08:08:35'),
(1417, 393, 474, 71, ' RW and SC ', '2003-11-30', '10:15:00', '10:25:00', 79, NULL, 'smoke from California fires', '2004-05-11 08:10:34'),
(1418, 394, 479, 70, ' DA and KA ', '2003-03-20', '09:14:00', '09:24:00', 70, 2, ' ', '2004-05-11 08:14:27'),
(1419, 394, 480, 71, ' MQ and SC ', '2004-03-20', '10:15:00', '10:25:00', 72, 1, ' ', '2004-05-11 08:18:00'),
(1420, 393, 474, 70, ' MN and KS ', '2003-03-20', '09:10:00', '09:20:00', 68, NULL, ' ', '2004-05-11 08:21:02'),
(1421, 295, 392, 70, ' KA and CB ', '2003-03-20', '09:20:00', '09:30:00', 61, 2, ' ', '2004-05-11 08:27:18'),
(1422, 298, 399, 71, ' JB and MM ', '2003-03-20', '09:15:00', '09:25:00', 68, 2, ' ', '2004-05-11 09:00:43'),
(1423, 295, 394, 71, ' AM and MS ', '2004-03-20', '10:15:00', '10:25:00', 70, 2, ' ', '2004-05-11 09:10:53'),
(1424, 345, 433, 70, ' JR and JD ', '2004-06-11', '09:17:00', '09:27:00', 32, 2, ' ', '2004-05-11 09:17:29'),
(1425, 345, 434, 71, ' KA and JM ', '2004-03-20', '10:05:00', '09:15:00', 68, 2, ' ', '2004-05-11 09:21:20'),
(1426, 349, 440, 70, ' SJ and MA ', '2004-03-20', '09:15:00', '09:26:00', 68, 2, ' ', '2004-05-11 09:28:54'),
(1427, 393, 476, 71, ' NH and JH ', '2004-03-20', '10:05:00', '10:15:00', 64, 2, ' ', '2004-05-11 09:33:57'),
(1428, 349, 441, 71, ' SC and SB ', '2004-03-20', '10:08:00', '10:18:00', 68, 2, ' ', '2004-05-11 09:37:37'),
(1429, 394, 481, 70, ' KK and BG ', '2004-05-28', '09:17:00', '09:27:00', 90, NULL, ' ', '2004-05-11 10:00:52'),
(1430, 393, 477, 70, ' CL and AM ', '2004-05-28', '09:18:00', '09:28:00', 86, NULL, ' ', '2004-05-11 10:15:22'),
(1431, 298, 400, 70, ' CB abd KA ', '2004-05-28', '09:30:00', '09:37:00', 93, NULL, ' ', '2004-05-11 10:23:12'),
(1432, 298, 402, 71, ' AR and TJ ', '2004-05-28', '10:21:00', '10:31:00', 82, NULL, 'Slight breeze', '2004-05-11 10:28:54'),
(1433, 295, 395, 70, ' BJ and VR ', '2004-05-28', '09:27:00', '09:37:00', 93, NULL, ' ', '2004-05-11 10:32:12'),
(1434, 295, 396, 71, ' MS and TC ', '2004-05-28', '10:19:00', '10:29:00', 86, NULL, 'very hot out', '2004-05-11 10:35:46'),
(1435, 345, 435, 70, ' JD and CB ', '2004-05-28', '09:20:00', '09:30:00', 95, NULL, ' ', '2004-05-11 10:39:47'),
(1436, 345, 436, 71, ' JM and SL ', '2004-05-28', '10:15:00', '10:25:00', 84, 1, ' ', '2004-05-11 10:43:36'),
(1437, 349, 442, 70, ' MS and KM ', '2004-05-28', '09:27:00', '09:37:00', 86, 1, ' ', '2004-05-11 10:46:35'),
(1438, 349, 443, 71, ' SC and BP ', '2004-05-28', '10:13:00', '10:23:00', 86, 1, ' ', '2004-05-11 10:50:21'),
(1439, 393, 478, 71, ' KC and NH ', '2004-05-28', '10:16:00', '10:26:00', 82, 1, ' ', '2004-05-11 10:52:51'),
(1440, 205, 298, 9, ' Merly ', '2004-06-14', '09:35:00', '09:45:00', 79, NULL, ' ', '2004-05-14 13:23:22'),
(1441, 208, 304, 9, ' myjia ', '2004-06-14', '09:30:00', '09:40:00', 79, NULL, 'kids were playing kickball', '2004-05-14 13:38:11'),
(1442, 207, 301, 9, ' olivia ', '2004-06-14', '09:30:00', '09:40:00', 79, NULL, ' ', '2004-05-14 13:51:50'),
(1443, 209, 306, 9, ' cesar ', '2004-06-14', '09:25:00', '09:35:00', 79, NULL, ' ', '2004-05-14 14:00:44'),
(1444, 213, 311, 9, ' Raenna ', '2004-06-14', '09:30:00', '09:40:00', 79, 1, ' ', '2004-05-14 14:05:51'),
(1445, 205, 298, 9, ' Jesus ', '2004-06-10', '09:45:00', '09:55:00', 82, NULL, ' ', '2004-05-14 14:34:12'),
(1446, 207, 301, 9, ' Alicia ', '2004-06-10', '09:45:00', '09:55:00', 77, NULL, 'Kids playing basketball', '2004-05-14 14:42:48'),
(1447, 208, 304, 9, ' Rigo ', '2004-06-10', '09:45:00', '09:55:00', 82, NULL, 'kids playing soccer', '2004-05-14 14:54:32'),
(1448, 209, 306, 9, ' Richard ', '2004-06-10', '09:45:00', '09:55:00', 82, NULL, ' ', '2004-05-14 15:09:09'),
(1449, 213, 311, 9, ' Misael ', '2004-06-10', '09:45:00', '09:55:00', 82, NULL, 'Lots of cars', '2004-05-14 15:30:21'),
(1450, 205, 298, 9, ' Cesar ', '2004-05-30', '09:30:00', '09:40:00', 70, NULL, ' ', '2004-05-18 10:49:37'),
(1451, 207, 301, 9, ' Raenna ', '2004-05-30', '09:30:00', '09:40:00', 70, NULL, ' ', '2004-05-18 10:56:59'),
(1452, 208, 304, 9, ' Myjia ', '2004-05-30', '09:30:00', '09:40:00', 70, NULL, ' ', '2004-05-18 11:04:40'),
(1453, 210, 307, 9, ' Joel ', '2004-05-30', '09:30:00', '09:40:00', 70, NULL, ' ', '2004-05-18 11:11:56'),
(1454, 213, 311, 9, ' Alejandra ', '2004-04-30', '09:30:00', '09:40:00', 70, NULL, ' ', '2004-05-18 11:24:21'),
(1455, 208, 304, 9, ' Rigo ', '2004-05-15', '09:25:00', '09:35:00', 73, NULL, 'Kids playingbig kids playing soccer.', '2004-05-18 11:30:33'),
(1456, 205, 298, 9, ' Richard ', '2004-05-15', '09:25:00', '09:35:00', 73, NULL, ' ', '2004-05-18 11:36:57'),
(1457, 213, 311, 9, ' Jesus  ', '2004-05-15', '09:25:00', '09:35:00', 32, NULL, ' ', '2004-05-18 11:42:18'),
(1458, 207, 301, 9, ' Alicia ', '2004-05-15', '09:25:00', '09:35:00', 73, NULL, 'Kids are playing in presckol play ground.', '2004-05-18 11:47:57'),
(1459, 208, 304, 9, ' Misael ', '2004-05-15', '09:25:00', '09:35:00', 73, NULL, '4th graders are playing in P.E.', '2004-05-18 11:52:27'),
(1460, 305, 408, 49, ' Amanda K,Chris T, Krissy S. ', '2004-05-15', '09:39:00', '09:49:00', 72, NULL, ' ', '2004-05-19 09:39:05'),
(1461, 305, 408, 49, ' Krissy Shaver ', '2004-04-23', '09:43:00', '09:53:00', 82, 1, 'It was a little windy.', '2004-05-19 09:43:08'),
(1462, 284, 381, 49, ' Scott ', '2004-05-15', '09:53:00', '10:03:00', 81, NULL, ' ', '2004-05-19 09:45:48'),
(1463, 305, 408, 49, ' Amanda K. ', '2004-04-25', '09:39:00', '09:49:00', 82, 1, 'Slight Breeze', '2004-05-19 09:45:50'),
(1464, 286, 384, 49, ' Jaye Williams ', '2004-05-01', '10:04:00', '10:14:00', 84, NULL, ' ', '2004-05-19 09:47:02'),
(1465, 370, 457, 49, ' Brett Klein ', '2004-04-23', '09:55:00', '10:05:00', 82, 1, ' ', '2004-05-19 09:47:02'),
(1466, 305, 408, 49, ' Chris T. ', '2004-04-30', '10:29:00', '10:39:00', 93, NULL, 'Good WInd Heavy Breeze', '2004-05-19 09:48:01'),
(1467, 344, 431, 49, ' tyler ,morgan,liz ', '2004-04-25', '09:54:00', '10:04:00', 82, 1, ' ', '2004-05-19 09:49:05'),
(1468, 370, 457, 49, ' Brett Klein ', '2004-04-25', '09:54:00', '10:04:00', 82, 1, ' ', '2004-05-19 09:49:38'),
(1469, 305, 408, 49, ' Amanda K. ', '2004-04-30', '09:56:00', '10:56:00', 95, NULL, ' ', '2004-05-19 09:50:19'),
(1470, 305, 408, 49, ' Chris T ', '2004-05-06', '09:38:00', '09:48:00', 72, 1, ' ', '2004-05-19 09:51:41'),
(1471, 286, 384, 49, ' Tyler ', '2004-05-15', '09:53:00', '10:03:00', 81, NULL, ' ', '2004-05-19 09:51:45'),
(1472, 284, 381, 49, ' Danielle ', '2004-04-23', '09:29:00', '09:39:00', 82, NULL, ' ', '2004-05-19 09:51:58'),
(1473, 370, 457, 49, ' Brett Klein ', '2004-04-30', '10:10:00', '10:20:00', 93, NULL, ' ', '2004-05-19 09:52:02'),
(1474, 306, 409, 49, ' Elizabeth Huntley, Chris Brannon, Jessica wrigley ', '2004-04-23', '09:39:00', '09:49:00', 82, 1, 'chipmunk/squirrel', '2004-05-19 09:52:31'),
(1475, 344, 431, 49, ' Morgan, liz , tyler ', '2004-06-19', '00:00:00', '00:00:00', 32, NULL, ' ', '2004-05-19 09:52:51'),
(1476, 284, 381, 49, ' scott ', '2004-04-25', '09:27:00', '09:37:00', 82, 1, ' ', '2004-05-19 09:53:19'),
(1477, 305, 408, 49, ' Amanda K. ', '2004-05-08', '09:38:00', '09:48:00', 77, NULL, ' ', '2004-05-19 09:53:40'),
(1478, 370, 457, 49, ' Brett Klein ', '2004-05-01', '09:45:00', '09:55:00', 84, 1, ' ', '2004-05-19 09:54:06'),
(1479, 306, 409, 49, ' Elizabeth, Chris, Jessica ', '2004-04-30', '10:29:00', '10:39:00', 93, NULL, 'rabbit', '2004-05-19 09:54:55'),
(1480, 284, 381, 49, ' danielle ', '2004-04-30', '09:42:00', '09:52:00', 95, NULL, ' ', '2004-05-19 09:55:18'),
(1481, 286, 384, 49, ' Nicole ', '2004-05-06', '09:25:00', '09:35:00', 72, NULL, ' ', '2004-05-19 09:55:50'),
(1482, 305, 408, 49, ' Krissy S ', '2004-05-13', '09:43:00', '09:53:00', 86, NULL, 'Gilded Flicker', '2004-05-19 09:56:04'),
(1483, 370, 457, 49, ' Brett Klein ', '2004-05-06', '09:53:00', '10:03:00', 72, NULL, ' ', '2004-05-19 09:56:32'),
(1484, 344, 431, 49, ' tyler ,morgan,liz ', '2004-05-15', '09:22:00', '09:32:00', 81, NULL, ' ', '2004-05-19 09:56:34'),
(1485, 306, 409, 49, ' Elizabeth, Chris, Jessica ', '2004-04-23', '09:43:00', '09:53:00', 82, NULL, 'rabbit', '2004-05-19 09:57:23'),
(1486, 284, 381, 49, ' candice ', '2004-05-01', '10:04:00', '10:14:00', 84, NULL, ' ', '2004-05-19 10:00:44'),
(1487, 286, 384, 49, ' Jaye ', '2004-04-25', '09:27:00', '09:37:00', 82, 1, ' ', '2004-05-19 10:03:24'),
(1488, 205, 298, 9, ' Alicia ', '2004-05-29', '09:30:00', '09:40:00', 70, NULL, ' ', '2004-05-19 11:20:05'),
(1489, 209, 306, 9, ' Rigo ', '2004-05-29', '09:30:00', '09:40:00', 79, 1, 'Boys yelling windy.', '2004-05-19 11:25:06'),
(1490, 213, 311, 9, ' Jesus ', '2004-05-29', '09:30:00', '09:40:00', 79, 1, 'Windy', '2004-05-19 11:30:06'),
(1491, 208, 304, 9, ' Suleima ', '2004-05-29', '09:30:00', '09:40:00', 79, 1, ' ', '2004-05-19 11:35:09'),
(1492, 207, 301, 9, ' misael ', '2004-05-29', '09:30:00', '09:40:00', 79, 1, 'windy', '2004-05-19 11:40:19'),
(1493, 205, 298, 9, ' Alejandra ', '2004-05-03', '09:20:00', '09:30:00', 81, NULL, ' ', '2004-05-19 11:45:13'),
(1494, 207, 301, 9, ' Merly ', '2004-06-03', '09:30:00', '09:40:00', 81, NULL, ' ', '2004-05-19 11:50:14'),
(1495, 208, 304, 9, ' Cesar ', '2004-06-03', '09:20:00', '09:30:00', 81, NULL, 'Theres all mudy.', '2004-05-20 09:24:44'),
(1496, 209, 306, 9, ' Joel ', '2004-06-03', '09:30:00', '09:40:00', 81, NULL, 'Kids playing.', '2004-05-20 09:29:01'),
(1497, 213, 311, 9, ' Fransisco ', '2004-06-03', '09:25:00', '09:35:00', 81, NULL, ' ', '2004-05-20 09:32:26'),
(1498, 208, 304, 9, ' Olivia ', '2004-05-12', '09:30:00', '09:40:00', 64, NULL, 'P.E playing field day.', '2004-05-20 09:36:16'),
(1499, 207, 301, 9, ' Cesar ', '2004-05-12', '09:30:00', '09:40:00', 32, NULL, 'lots of kids', '2004-05-20 09:42:41'),
(1500, 205, 298, 9, ' Raenna ', '2004-05-12', '09:30:00', '09:40:00', 64, NULL, 'Alot of noise.', '2004-05-20 09:48:42'),
(1501, 213, 311, 9, ' Myjia ', '2004-05-12', '09:30:00', '09:40:00', 64, NULL, ' ', '2004-05-20 09:51:52'),
(1502, 209, 306, 9, ' Alejandra ', '2004-05-12', '09:30:00', '09:40:00', 32, NULL, 'Kids playing.', '2004-05-20 09:55:27'),
(1503, 284, 381, 49, ' scott ', '2004-05-06', '09:25:00', '09:35:00', 72, NULL, ' ', '2004-05-20 10:41:44'),
(1504, 284, 381, 49, ' danielle ', '2004-05-08', '09:25:00', '09:35:00', 32, NULL, ' ', '2004-05-20 10:43:50'),
(1505, 284, 381, 49, ' candice ', '2004-05-13', '09:31:00', '09:41:00', 97, NULL, ' ', '2004-05-20 10:45:56'),
(1506, 306, 409, 49, ' Elizabeth, Chris, Jessica ', '2004-04-30', '09:54:00', '10:04:00', 95, NULL, 'squirrel', '2004-05-20 10:49:34'),
(1507, 306, 409, 49, ' Elizabeth, Chris, Jessica ', '2004-05-06', '09:38:00', '09:48:00', 72, 1, 'rabbit', '2004-05-20 10:51:44'),
(1508, 306, 409, 49, ' Elizabeth, Jessica, Chris ', '2004-05-08', '09:38:00', '09:48:00', 77, NULL, ' ', '2004-05-20 10:55:11'),
(1509, 306, 409, 49, ' Elizabeth, Chris, Jessica ', '2004-05-12', '09:43:00', '09:53:00', 86, NULL, ' ', '2004-05-20 10:58:02'),
(1510, 306, 409, 49, ' Elizabeth, Chris, Jessica ', '2004-05-16', '09:39:00', '09:49:00', 81, NULL, ' ', '2004-05-20 11:00:02'),
(1511, 286, 384, 49, ' Jaye ', '2004-04-23', '09:29:00', '09:39:00', 84, 1, ' ', '2004-05-20 11:06:02'),
(1512, 286, 384, 49, ' Tyler  ', '2004-04-30', '09:42:00', '09:52:00', 95, NULL, ' ', '2004-05-20 11:07:16'),
(1513, 286, 384, 49, ' Tyler  ', '2004-05-08', '09:25:00', '09:35:00', 90, NULL, ' ', '2004-05-20 11:08:34'),
(1514, 286, 384, 49, ' Jaye ', '2004-05-13', '09:31:00', '09:41:00', 86, NULL, ' ', '2004-05-20 11:10:13'),
(1515, 370, 457, 49, ' Brett Klein ', '2004-05-08', '09:53:00', '10:03:00', 70, NULL, ' ', '2004-05-20 11:14:01'),
(1516, 370, 457, 49, ' Brett Klein ', '2004-05-13', '09:55:00', '10:05:00', 86, NULL, ' ', '2004-05-20 11:15:19'),
(1517, 370, 457, 49, ' Brett Klein ', '2004-05-15', '09:22:00', '09:32:00', 81, NULL, ' ', '2004-05-20 11:17:00'),
(1518, 205, 298, 9, ' Jesus ', '2004-10-22', '09:30:00', '09:40:00', 70, NULL, 'Windy.', '2004-05-20 11:19:45'),
(1519, 207, 301, 9, ' Richard ', '2004-05-22', '09:30:00', '09:40:00', 70, NULL, 'Kids playing in the playground.', '2004-05-20 11:23:46'),
(1520, 208, 304, 9, ' Alicia ', '2004-05-22', '09:30:00', '09:40:00', 70, NULL, 'Windy.', '2004-05-20 11:29:36'),
(1521, 209, 306, 9, ' Misael ', '2004-05-22', '09:30:00', '09:40:00', 70, NULL, 'Whet grass. Windy', '2004-05-20 11:36:45'),
(1522, 213, 311, 9, ' Rigo ', '2004-05-22', '09:30:00', '09:40:00', 70, NULL, 'Trucks passing windy.', '2004-05-20 11:43:52'),
(1523, 205, 298, 9, ' Alejandra ', '2004-06-07', '09:35:00', '09:45:00', 84, NULL, ' ', '2004-05-20 11:48:54'),
(1524, 207, 301, 9, ' Merly ', '2004-06-07', '09:35:00', '09:45:00', 84, NULL, ' ', '2004-05-20 14:11:52'),
(1525, 208, 304, 9, ' Cesar ', '2004-06-07', '09:35:00', '09:45:00', 84, NULL, '4th graders are playing kick Ball.', '2004-05-20 14:17:14'),
(1526, 209, 306, 9, ' Joel ', '2004-06-07', '09:35:00', '09:45:00', 84, NULL, 'Kids play. ', '2004-05-20 14:23:41'),
(1527, 213, 311, 9, ' Fransisco  ', '2004-06-06', '09:35:00', '09:45:00', 84, NULL, ' ', '2004-05-20 14:27:15'),
(1528, 205, 298, 9, ' Reanna ', '2004-05-07', '09:30:00', '09:40:00', 72, NULL, ' ', '2004-05-20 14:40:52'),
(1529, 207, 301, 9, ' cesar ', '2004-05-23', '09:30:00', '09:40:00', 72, NULL, ' ', '2004-05-21 08:47:29'),
(1530, 208, 304, 9, ' olivia ', '2004-05-23', '09:30:00', '09:40:00', 72, NULL, ' ', '2004-05-21 08:50:51'),
(1531, 209, 306, 9, ' Alejandra ', '2004-05-23', '09:30:00', '09:40:00', 72, NULL, ' ', '2004-05-21 08:55:22'),
(1532, 213, 311, 9, ' Myjia ', '2004-05-23', '09:30:00', '09:40:00', 72, NULL, ' ', '2004-05-21 09:01:31'),
(1533, 205, 298, 9, ' Jesus ', '2004-05-22', '09:30:00', '09:40:00', 72, NULL, 'windy', '2004-05-21 09:28:59'),
(1534, 205, 298, 9, ' Raeanna ', '2004-05-23', '09:30:00', '09:40:00', 72, NULL, ' ', '2004-05-25 10:53:37'),
(1535, 205, 298, 9, ' Alejandra ', '2004-06-03', '09:20:00', '09:30:00', 81, NULL, ' ', '2004-05-25 11:02:32'),
(1536, 222, 322, 42, ' Kristen  ', '2004-07-17', '08:31:00', '08:41:00', 86, NULL, ' ', '2004-06-21 10:13:20'),
(1537, 221, 317, 42, ' Elena ', '2004-07-17', '08:33:00', '08:43:00', 85, NULL, ' ', '2004-06-21 10:13:59'),
(1538, 322, 420, 78, ' Aaron ', '2004-10-04', '08:21:00', '08:31:00', 72, NULL, ' ', '2004-10-19 11:22:34'),
(1539, 166, 265, 78, ' Andrew A. ', '2004-10-03', '08:15:00', '08:25:00', 72, NULL, ' ', '2004-10-19 13:23:35'),
(1540, 165, 264, 80, ' Andrew A. ', '2004-10-03', '08:15:00', '08:25:00', 72, NULL, ' ', '2004-10-19 13:28:07'),
(1541, 165, 264, 80, ' Andrew A. ', '2004-10-03', '08:15:00', '08:25:00', 72, NULL, ' ', '2004-10-19 13:29:23'),
(1542, 165, 264, 80, ' Andrew A. ', '2004-10-03', '08:15:00', '08:25:00', 72, NULL, ' ', '2004-10-19 13:29:48'),
(1543, 165, 264, 80, ' Scott Gluck ', '2004-10-04', '13:45:00', '13:55:00', 88, NULL, ' ', '2004-10-19 13:32:21'),
(1544, 166, 265, 81, ' Melanie Montoya ', '2004-10-04', '14:30:00', '14:40:00', 90, NULL, ' ', '2004-10-19 13:40:17'),
(1545, 166, 265, 81, ' Melanie Montoya ', '2004-09-27', '14:22:00', '14:32:00', 99, NULL, 'There was a P.E. class out and it was hot. ', '2004-10-19 13:42:37'),
(1546, 333, 423, 92, ' Moroni Sanchez ', '2004-11-09', '10:40:00', '10:50:00', 62, NULL, ' ', '2004-11-10 10:39:19'),
(1547, 3, 130, 92, ' JORDAN CUTRIGHT ', '2004-11-09', '10:09:00', '10:55:00', 63, 1, 'IT WAS COOL', '2004-11-10 10:39:32'),
(1548, 334, 424, 98, ' taylor hise ', '2004-11-10', '11:30:00', '11:50:00', 77, NULL, 'i saw 4 house sparrows', '2004-11-10 10:42:01'),
(1549, 333, 423, 92, ' Moroni Sanchez ', '2004-11-10', '10:40:00', '10:50:00', 62, NULL, 'T', '2004-11-10 10:42:07'),
(1550, 8, 136, 83, ' Krysta Shull ', '2004-11-09', '10:40:00', '10:50:00', 63, 1, ' ', '2004-11-10 10:48:28'),
(1551, 39, 168, 86, ' Alison Verhoff ', '2004-11-09', '10:40:00', '10:50:00', 63, 1, ' ', '2004-11-10 10:50:32'),
(1552, 59, 188, 94, ' Anna ', '2004-11-09', '10:40:00', '10:50:00', 63, NULL, ' ', '2004-11-10 10:52:28'),
(1553, 353, 447, 99, '  ', '2004-12-10', '10:40:00', '10:50:00', 32, NULL, ' ', '2004-11-10 10:52:57'),
(1554, 389, 471, 93, ' Elise  ', '2004-12-10', '10:40:00', '10:50:00', 63, 1, ' ', '2004-11-10 10:53:03'),
(1555, 58, 187, 94, ' Michael Birenbaum ', '2004-11-09', '00:20:00', '00:40:00', 66, 1, ' ', '2004-11-10 10:55:55'),
(1556, 313, 415, 102, ' Alex Dorado ', '2003-11-10', '12:15:00', '12:25:00', 66, 1, ' ', '2004-11-10 12:17:01'),
(1557, 55, 184, 102, ' Sara Divers ', '2004-11-09', '12:15:00', '12:25:00', 66, 1, ' ', '2004-11-10 12:17:21'),
(1558, 28, 156, 102, ' amanda dawson ', '2004-11-10', '12:15:00', '12:25:00', 151, NULL, ' ', '2004-11-10 12:18:43'),
(1559, 48, 177, 102, ' Casey Corbin ', '2004-11-09', '12:15:00', '12:25:00', 66, 1, 'P.E. football team playing nearby', '2004-11-10 12:20:00'),
(1560, 45, 174, 102, ' Annie Lindsay ', '2004-11-09', '12:15:00', '12:25:00', 66, 1, '35% cumulus cloud cover. The wind was 1-2 mph. There was almost no birds around there usually is.', '2004-11-10 12:20:22'),
(1561, 20, 148, 102, '  ', '2004-12-10', '00:00:00', '00:00:00', 32, NULL, ' ', '2004-11-10 12:20:27'),
(1562, 31, 159, 102, ' scarlett banks ', '2004-11-10', '12:15:00', '12:25:00', 66, NULL, ' ', '2004-11-10 12:21:10'),
(1563, 313, 415, 102, ' Alex Dorado ', '2003-11-10', '12:15:00', '12:25:00', 66, 1, 'Kids playing football out by practice baseball field.', '2004-11-10 12:21:12'),
(1564, 36, 165, 102, ' Rex Willis ', '2004-11-09', '12:15:00', '12:25:00', 66, 1, 'janitor cleaning around my circle', '2004-11-10 12:21:28'),
(1565, 62, 191, 102, ' Chelsey Lopez ', '2004-11-09', '00:15:00', '12:25:00', 66, 1, 'Flag football being played.', '2004-11-10 12:21:54'),
(1566, 75, 204, 102, ' Britni Elsberry ', '2004-11-09', '12:15:00', '12:25:00', 66, 1, 'P.E. playing football near site', '2004-11-10 12:22:01'),
(1567, 68, 197, 102, ' travis friese ', '2004-11-09', '12:15:00', '12:25:00', 66, 1, 'birding is fun', '2004-11-10 12:22:25'),
(1568, 44, 173, 102, ' Ben Nikolaus ', '2004-11-09', '12:15:00', '12:25:00', 66, 1, 'left over french fries on ground from lunch. ganator walking through circle', '2004-11-10 12:22:34'),
(1569, 46, 175, 102, ' Reed Penrod ', '2004-11-09', '12:15:00', '12:25:00', 66, 1, 'There was a group of students playing football near my site.They may have scared off some of the birds.', '2004-11-10 12:24:11'),
(1570, 25, 153, 102, '  ', '2004-12-10', '00:00:00', '00:00:00', 32, NULL, ' ', '2004-11-10 12:26:10'),
(1571, 51, 180, 102, ' JUSTIN HIRSHBERG ', '2004-11-09', '12:15:00', '12:25:00', 66, 1, ' ', '2004-11-10 12:26:52'),
(1572, 67, 196, 102, ' josh ', '2004-11-09', '12:15:00', '12:25:00', 66, 1, 'was cool and cloud cover', '2004-11-10 12:28:34'),
(1573, 34, 162, 102, ' Austin Gibbs ', '2004-11-09', '12:15:00', '12:25:00', 151, 1, 'Today was a very good birdwatching day. The clouds were out and the bird were happy to fly about the campus. ;)', '2004-11-10 12:28:57'),
(1574, 392, 473, 102, ' Travis Friese ', '2004-11-08', '12:15:00', '12:25:00', 74, 1, ' ', '2004-11-10 12:29:25'),
(1575, 16, 144, 102, '  ', '2004-12-10', '00:00:00', '00:00:00', 32, NULL, ' ', '2004-11-10 12:30:34'),
(1576, 66, 195, 102, ' Sadie Prahl ', '2004-11-08', '12:15:00', '12:25:00', 66, 1, 'By main road with cars and traffic going by.', '2004-11-10 12:34:57'),
(1577, 72, 201, 102, ' Ashley Coffey ', '2004-11-09', '12:15:00', '12:25:00', 66, 1, 'By a busy road with traffic going by. ', '2004-11-10 12:37:57'),
(1578, 32, 160, 103, ' Tauni Molesworth ', '2004-11-09', '13:20:00', '13:40:00', 66, NULL, ' ', '2004-11-10 13:19:45'),
(1579, 60, 189, 103, ' Amber Resendez ', '2004-11-09', '13:20:00', '13:40:00', 66, NULL, ' ', '2004-11-10 13:20:15'),
(1580, 32, 160, 103, ' Tauni Molesworth ', '2004-11-09', '13:20:00', '13:40:00', 66, 1, ' ', '2004-11-10 13:21:14'),
(1581, 50, 179, 103, ' Daniella Aguirre ', '2004-11-10', '13:20:00', '13:40:00', 66, 1, ' ', '2004-11-10 13:21:14'),
(1582, 38, 167, 103, ' SPENCER PATTERSON ', '2004-11-09', '13:20:00', '13:40:00', 66, 1, ' ', '2004-11-10 13:23:47'),
(1583, 65, 194, 103, ' Cole LeClaire ', '2004-11-09', '13:30:00', '13:40:00', 66, NULL, ' ', '2004-11-10 13:24:46'),
(1584, 41, 170, 103, '  ', '2004-12-10', '13:20:00', '13:45:00', 66, NULL, ' ', '2004-11-10 13:25:14'),
(1585, 52, 181, 103, ' Amber M ', '2004-11-09', '13:20:00', '13:40:00', 66, 1, ' ', '2004-11-10 13:25:41'),
(1586, 53, 182, 103, ' Nicole Gillespie ', '2004-11-09', '13:30:00', '13:40:00', 66, 1, ' ', '2004-11-10 13:25:51'),
(1587, 40, 169, 103, ' Robin Dickason ', '2004-11-08', '13:20:00', '13:40:00', 66, 1, 'None', '2004-11-10 13:26:25'),
(1588, 12, 140, 103, ' Jerry Smith  ', '2004-11-09', '13:20:00', '13:40:00', 66, 1, 'many great tailed grackeles.very shady', '2004-11-10 13:26:40'),
(1589, 12, 140, 103, ' Jerry Smith  ', '2004-11-09', '13:20:00', '13:40:00', 66, 1, 'many great tailed grackeles.very shady', '2004-11-10 13:26:40'),
(1590, 63, 192, 103, ' Estella Cortes ', '2004-11-09', '13:20:00', '13:40:00', 66, NULL, 'I did not see any birds.', '2004-11-10 13:26:47'),
(1591, 30, 158, 103, ' Jason Martindale ', '2004-11-10', '13:20:00', '13:40:00', 66, 1, 'I saw nine unknown pure white birds. Their size was about that of a pigeon. They were flying over my circle.', '2004-11-10 13:27:29'),
(1592, 43, 172, 103, ' BROOKE BUCHANAN ', '2004-11-09', '13:10:00', '13:50:00', 77, 1, ' ', '2004-11-10 13:27:32'),
(1593, 29, 157, 103, ' TJ Patterson ', '2004-11-10', '13:20:00', '13:30:00', 66, 1, 'I saw 9 unknown solid white birds flying. They were about the size of pigeons. ', '2004-11-10 13:27:42'),
(1594, 15, 143, 103, ' Brittany Long ', '2004-11-10', '13:30:00', '13:40:00', 66, 1, ' ', '2004-11-10 13:27:44'),
(1595, 22, 150, 103, ' Gary Chambers ', '2004-11-09', '13:20:00', '13:40:00', 32, NULL, ' ', '2004-11-10 13:27:50'),
(1596, 240, 339, 103, ' Anthony Damiani ', '2004-11-09', '13:20:00', '13:40:00', 151, 1, ' ', '2004-11-10 13:27:52'),
(1597, 71, 200, 103, '  ', '2004-12-10', '13:20:00', '13:45:00', 66, NULL, ' ', '2004-11-10 13:32:06'),
(1598, 73, 202, 103, '  ', '2004-12-10', '13:20:00', '13:45:00', 67, NULL, ' ', '2004-11-10 13:33:50'),
(1599, 390, 472, 103, ' Ashlee McNulty ', '2004-11-09', '13:20:00', '13:40:00', 0, 1, ' ', '2004-11-10 13:35:51'),
(1600, 14, 142, 103, ' Sue Tacho ', '2004-11-09', '13:20:00', '13:40:00', 66, 1, ' ', '2004-11-10 13:36:37'),
(1601, 4, 131, 103, ' George Brenner ', '2004-11-10', '13:20:00', '13:40:00', 151, NULL, ' ', '2004-11-10 13:37:55'),
(1602, 94, 220, 104, ' db ', '2004-08-31', '09:45:00', '09:55:00', 91, NULL, ' ', '2004-11-11 09:45:01'),
(1603, 94, 220, 104, ' db ', '2004-09-03', '09:45:00', '09:55:00', 91, NULL, ' ', '2004-11-11 09:49:30'),
(1604, 94, 220, 104, ' db ', '2004-09-07', '09:20:00', '09:30:00', 91, NULL, 'Very windy', '2004-11-11 09:52:18'),
(1605, 94, 220, 104, ' db ', '2004-12-11', '09:30:00', '09:40:00', 91, NULL, ' ', '2004-11-11 09:54:36'),
(1606, 94, 220, 104, '  ', '2004-09-15', '09:13:00', '09:23:00', 88, NULL, ' ', '2004-11-11 09:56:44'),
(1607, 94, 220, 104, ' db ', '2004-09-17', '09:38:00', '09:48:00', 32, NULL, ' ', '2004-11-11 09:58:38'),
(1608, 94, 220, 104, ' db ', '2004-09-22', '09:13:00', '09:23:00', 77, NULL, ' ', '2004-11-11 10:02:10'),
(1609, 94, 220, 104, ' db ', '2004-12-11', '09:18:00', '08:28:00', 77, NULL, ' ', '2004-11-11 10:05:28'),
(1610, 56, 185, 90, ' ELLEN DILLON ', '2004-11-09', '10:40:00', '11:00:00', 63, NULL, ' ', '2004-11-12 10:25:06'),
(1611, 25, 153, 91, ' B King ', '2004-11-09', '10:05:00', '10:55:00', 88, 1, 'Cloudy day with little gust of winds and no bird', '2004-11-12 10:26:55'),
(1612, 21, 149, 94, ' samuel acevedo ', '2004-11-09', '10:40:00', '10:50:00', 63, NULL, ' ', '2004-11-12 10:28:00'),
(1613, 10, 138, 94, ' Bo Johnson ', '2004-11-09', '10:40:00', '10:50:00', 63, NULL, 'none', '2004-11-12 10:30:05'),
(1614, 138, 251, 94, ' Bruce Villagomez ', '2004-11-08', '10:40:00', '10:50:00', 63, 1, ' ', '2004-11-12 10:31:26'),
(1615, 18, 146, 89, ' James Larsen ', '2004-11-09', '10:40:00', '10:55:00', 63, 1, 'nice calm day ', '2004-11-12 10:36:00'),
(1616, 233, 332, 84, ' Jose Asturias ', '2004-11-09', '10:40:00', '10:50:00', 63, NULL, 'Theres only a couple of birds that fly by this area and most of them are great tailed grackle and a couple of house sparrow. ', '2004-11-12 10:45:31'),
(1617, 193, 286, 94, ' Emily Day ', '2004-11-10', '10:40:00', '10:50:00', 63, 1, ' ', '2004-11-12 10:46:04'),
(1618, 260, 359, 89, ' Sarah Bradshaw ', '2004-11-09', '10:40:00', '10:50:00', 63, 1, 'It was a little cloudy with a cool breeze. No birds were on the field.', '2004-11-12 10:47:57'),
(1619, 23, 151, 94, ' Harrison Clark ', '2004-11-09', '10:40:00', '10:50:00', 63, NULL, ' ', '2004-11-12 10:48:51'),
(1620, 235, 334, 94, ' Randy Rogers ', '2004-11-10', '10:30:00', '10:55:00', 63, NULL, 'Did not see any birds.', '2004-11-12 10:49:09'),
(1621, 79, 207, 84, ' Charles Cartwright ', '2004-11-10', '10:40:00', '10:50:00', 60, NULL, ' ', '2004-11-12 10:50:27'),
(1622, 79, 207, 84, ' Charles Cartwright ', '2004-11-10', '10:40:00', '10:50:00', 60, NULL, ' ', '2004-11-12 10:50:30'),
(1623, 11, 139, 102, ' sam lewis ', '2004-11-09', '12:15:00', '12:25:00', 66, 1, 'some people sittin at benches in site', '2004-11-12 12:12:11'),
(1624, 238, 337, 102, ' zack ', '2004-11-09', '00:00:00', '00:00:00', 32, NULL, ' ', '2004-11-12 12:14:03'),
(1625, 24, 152, 102, ' Bethany Sherwood ', '2004-11-09', '12:15:00', '12:25:00', 66, NULL, ' ', '2004-11-12 12:15:42'),
(1626, 56, 185, 94, ' Ellen Dillon ', '2004-11-19', '10:30:00', '10:40:00', 51, NULL, ' ', '2004-11-19 10:30:02'),
(1627, 8, 136, 83, ' Krysta Shull ', '2004-11-19', '10:30:00', '10:40:00', 64, NULL, ' ', '2004-11-19 10:33:51'),
(1628, 21, 149, 94, ' samuel acevedo ', '2004-11-19', '10:30:00', '10:40:00', 0, NULL, ' ', '2004-11-19 10:36:02'),
(1629, 49, 178, 94, ' Thomas Zavacki ', '2004-11-19', '10:30:00', '10:40:00', 64, NULL, ' ', '2004-11-19 10:36:46'),
(1630, 49, 178, 94, ' Thomas Zavacki ', '2004-11-19', '10:30:00', '10:40:00', 64, NULL, ' ', '2004-11-19 10:37:21'),
(1631, 138, 251, 94, ' BRUCE VILLAGOMEZ ', '2004-11-19', '10:30:00', '10:40:00', 64, NULL, ' ', '2004-11-19 10:37:31'),
(1632, 39, 168, 86, ' Alison Verhoff ', '2004-11-19', '10:30:00', '10:40:00', 64, NULL, ' ', '2004-11-19 10:37:36'),
(1633, 235, 334, 94, ' Randy  Rogers ', '2004-11-19', '10:20:00', '10:50:00', 69, NULL, 'Did not see anything.', '2004-11-19 10:38:01'),
(1634, 138, 251, 94, ' BRUCE VILLAGOMEZ ', '2004-11-19', '10:30:00', '10:40:00', 64, NULL, ' ', '2004-11-19 10:38:30'),
(1635, 260, 359, 94, ' Sarah Bradshaw ', '2004-11-19', '10:30:00', '10:40:00', 64, NULL, 'Beautiful day!!', '2004-11-19 10:38:59'),
(1636, 193, 286, 94, ' Emily Day ', '2004-11-19', '10:30:00', '10:40:00', 64, NULL, ' ', '2004-11-19 10:42:03'),
(1637, 37, 166, 94, ' Dallin Forrest ', '2004-11-19', '10:25:00', '10:45:00', 64, NULL, 'Did Not See Any Birds', '2004-11-19 10:42:23'),
(1638, 333, 423, 92, ' Moroni Sanchez ', '2004-11-19', '11:30:00', '11:40:00', 64, NULL, ' ', '2004-11-19 10:42:32'),
(1639, 191, 284, 96, ' Jory Merrill ', '2004-11-19', '10:20:00', '10:50:00', 64, NULL, 'nice day out very few birds', '2004-11-19 10:43:41'),
(1640, 1, 128, 94, ' Tommy Barker ', '2004-11-19', '10:30:00', '10:40:00', 64, NULL, 'NO birds in my area', '2004-11-19 10:43:52'),
(1641, 23, 151, 94, ' Harrison Clark ', '2004-11-19', '10:30:00', '10:40:00', 64, NULL, ' ', '2004-11-19 10:44:04'),
(1642, 235, 334, 94, ' Randy Rogers ', '2004-11-19', '10:20:00', '10:49:00', 66, NULL, ' ', '2004-11-19 10:45:06'),
(1643, 334, 424, 98, ' taylor hise ', '2004-11-19', '11:30:00', '11:40:00', 64, NULL, ' ', '2004-11-19 10:45:46'),
(1644, 35, 164, 89, ' Britt Nielsen ', '2004-11-19', '10:30:00', '10:40:00', 66, NULL, ' ', '2004-11-19 10:46:42'),
(1645, 25, 153, 92, ' jordan ', '2004-11-19', '10:20:00', '10:35:00', 66, NULL, 'bird flew through a lot', '2004-11-19 10:47:19'),
(1646, 366, 455, 93, ' Rodney Nielson ', '2004-11-19', '10:30:00', '10:45:00', 97, 1, 'saw many dove and not much else.', '2004-11-19 10:49:00'),
(1647, 168, 268, 94, ' Jose Asturias ', '2004-11-19', '10:30:00', '11:40:00', 64, 1, 'NICE DAY ', '2004-11-19 10:51:52'),
(1648, 168, 268, 94, ' Jose Asturias ', '2004-11-19', '10:30:00', '11:40:00', 64, 1, 'NICE DAY ', '2004-11-19 10:52:59'),
(1649, 79, 207, 87, ' Charles Cartwright ', '2004-11-19', '10:30:00', '10:50:00', 64, NULL, ' ', '2004-11-19 10:53:02'),
(1650, 366, 455, 93, ' Chase Jamison ', '2004-11-19', '10:30:00', '10:40:00', 32, NULL, ' ', '2004-11-19 10:53:32'),
(1651, 28, 156, 102, ' amanda dawson ', '2004-11-19', '00:15:00', '00:25:00', 79, NULL, ' ', '2004-11-19 12:19:39'),
(1652, 24, 152, 102, ' Bethany Sherwood ', '2004-11-19', '12:15:00', '12:25:00', 79, NULL, ' ', '2004-11-19 12:20:48'),
(1653, 34, 162, 102, ' Austin Gibbs ', '2004-11-19', '12:15:00', '12:25:00', 79, NULL, 'We observed a lot of the same birds as last week.  Some Grakles pigeons Northern mocking birds and a mourning dove. :)', '2004-11-19 12:21:46'),
(1654, 45, 174, 102, ' Annie Lindsay ', '2004-11-19', '12:15:00', '12:25:00', 79, NULL, 'There was a lot of grackles. There was almost no wind or clouds.', '2004-11-19 12:21:50'),
(1655, 8, 136, 102, ' channing keller ', '2004-11-19', '12:15:00', '12:25:00', 79, NULL, ' ', '2004-11-19 12:22:04'),
(1656, 75, 204, 102, '  ', '2004-12-19', '00:15:00', '00:25:00', 79, NULL, ' ', '2004-11-19 12:22:17'),
(1657, 36, 165, 102, ' Rex Willis ', '2004-11-19', '12:15:00', '12:25:00', 79, NULL, 'workers in my area', '2004-11-19 12:23:43'),
(1658, 67, 196, 102, ' josh ', '2004-11-19', '12:15:00', '12:25:00', 79, NULL, ' ', '2004-11-19 12:23:52'),
(1659, 31, 159, 65, ' scarlett banks ', '2004-11-19', '00:15:00', '12:25:00', 79, NULL, ' ', '2004-11-19 12:24:55'),
(1660, 44, 173, 102, ' Ben Nikolaus ', '2004-11-19', '12:15:00', '12:25:00', 79, NULL, 'a lot of janitors', '2004-11-19 12:25:12'),
(1661, 66, 195, 102, ' Sadie Prahl ', '2004-11-19', '12:15:00', '12:25:00', 70, NULL, ' ', '2004-11-19 12:29:10'),
(1662, 84, 212, 102, ' Zack ', '2004-11-19', '12:15:00', '12:25:00', 70, NULL, ' ', '2004-11-19 12:29:33'),
(1663, 313, 415, 102, ' Alex Dorado ', '2004-11-19', '12:15:00', '12:25:00', 79, NULL, 'no birds b/c of kids playing softball.', '2004-11-19 12:29:33'),
(1664, 55, 184, 102, ' Sara Divers ', '2004-11-19', '12:15:00', '12:25:00', 79, NULL, 'kids playing baseball.', '2004-11-19 12:31:06'),
(1665, 46, 175, 102, ' Reed Penrod ', '2004-11-19', '12:15:00', '12:25:00', 79, NULL, 'No birds sighted', '2004-11-19 12:33:30'),
(1666, 293, 390, 102, ' Jeff Miller ', '2004-11-19', '12:15:00', '12:25:00', 79, NULL, ' ', '2004-11-19 12:35:42'),
(1667, 293, 390, 102, ' Jeff Miller ', '2004-11-11', '12:15:00', '12:25:00', 66, 1, ' ', '2004-11-19 12:38:04'),
(1668, 53, 182, 102, ' JUSTIN HIRSHBERG ', '2004-11-19', '12:15:00', '12:25:00', 79, NULL, ' ', '2004-11-19 12:41:19'),
(1669, 64, 193, 103, ' Jeremy Birks ', '2004-11-09', '13:30:00', '13:40:00', 66, 1, 'No birds sighted ', '2004-11-19 13:18:53'),
(1670, 40, 169, 103, ' Robin ', '2004-11-19', '13:15:00', '13:25:00', 79, NULL, ' ', '2004-11-19 13:19:34'),
(1671, 32, 160, 103, ' Tauni Molesworth ', '2004-11-19', '13:15:00', '13:25:00', 81, 1, ' ', '2004-11-19 13:20:39'),
(1672, 64, 193, 103, ' Jeremy Birks ', '2004-11-19', '13:15:00', '13:25:00', 81, NULL, ' ', '2004-11-19 13:21:04'),
(1673, 38, 167, 103, ' spencer patterson ', '2004-11-19', '13:15:00', '13:25:00', 79, NULL, ' ', '2004-11-19 13:22:32'),
(1674, 60, 189, 103, ' Amber ', '2004-11-19', '13:15:00', '13:25:00', 81, NULL, ' ', '2004-11-19 13:23:11'),
(1675, 65, 194, 103, ' Cole  ', '2004-11-19', '13:15:00', '13:25:00', 81, NULL, ' ', '2004-11-19 13:24:19'),
(1676, 63, 192, 103, ' Estella Cortes ', '2004-11-19', '13:15:00', '13:25:00', 80, NULL, ' ', '2004-11-19 13:26:00'),
(1677, 63, 192, 103, ' Estella Cortes ', '2004-11-19', '13:15:00', '13:25:00', 80, NULL, ' ', '2004-11-19 13:26:20'),
(1678, 234, 333, 103, ' Liz Vasquez ', '2004-11-19', '13:15:00', '13:30:00', 79, NULL, ' ', '2004-11-19 13:26:21'),
(1679, 17, 145, 103, ' Jennifer Wright ', '2004-11-12', '13:15:00', '13:30:00', 70, NULL, ' ', '2004-11-19 13:26:53'),
(1680, 33, 161, 103, ' dave kersey  ', '2004-11-19', '13:15:00', '13:25:00', 69, NULL, 'alot of house finchs chasing each other', '2004-11-19 13:27:30'),
(1681, 249, 348, 103, ' Stephen Rogers ', '2004-11-19', '13:15:00', '13:25:00', 81, 1, ' ', '2004-11-19 13:27:32'),
(1682, 41, 170, 103, ' Dallin Pew ', '2004-11-19', '13:15:00', '13:25:00', 70, NULL, ' ', '2004-11-19 13:28:18'),
(1683, 53, 182, 103, ' Nicole Gillespie ', '2004-11-19', '13:15:00', '13:25:00', 81, 1, 'none', '2004-11-19 13:29:00'),
(1684, 15, 143, 103, ' Brittany Long ', '2004-11-11', '13:15:00', '13:25:00', 80, NULL, ' ', '2004-11-19 13:29:46'),
(1685, 30, 158, 103, ' Jason Martindale ', '2004-11-19', '13:15:00', '13:25:00', 81, NULL, 'no birds were spotted today.', '2004-11-19 13:30:47'),
(1686, 52, 181, 103, ' Amber Miller ', '2004-11-19', '13:15:00', '13:25:00', 80, NULL, ' ', '2004-11-19 13:31:18'),
(1687, 17, 145, 103, ' Jennifer Wright ', '2004-11-19', '13:15:00', '13:25:00', 75, NULL, ' ', '2004-11-19 13:31:21'),
(1688, 12, 140, 103, ' Jerry Smith ', '2004-11-19', '13:15:00', '13:25:00', 80, NULL, ' ', '2004-11-19 13:31:53'),
(1689, 22, 150, 103, ' Gary Chambers ', '2004-11-19', '13:15:00', '13:25:00', 70, NULL, ' ', '2004-11-19 13:32:10'),
(1690, 29, 157, 103, '  TJ Patterson ', '2004-11-19', '13:15:00', '13:25:00', 81, NULL, 'No birds were observed today.', '2004-11-19 13:33:58'),
(1691, 4, 131, 103, ' Johnny Maida ', '2004-11-19', '13:10:00', '13:30:00', 81, 1, ' ', '2004-11-19 13:35:24'),
(1692, 11, 139, 103, ' anthony damiani ', '2004-11-19', '13:15:00', '13:30:00', 81, NULL, 'not very many birds', '2004-11-19 13:36:39'),
(1693, 4, 131, 103, ' jonny maida ', '2004-11-19', '13:10:00', '13:30:00', 81, 1, ' ', '2004-11-19 13:36:47'),
(1694, 53, 182, 103, ' nicole gillespie ', '2004-11-19', '13:15:00', '13:25:00', 81, 1, ' ', '2004-11-19 13:38:24'),
(1695, 4, 131, 103, ' george brenner ', '2004-11-19', '13:10:00', '13:30:00', 32, NULL, ' ', '2004-11-19 13:39:12'),
(1696, 59, 188, 84, ' anna ', '2004-12-03', '10:25:00', '10:35:00', 59, NULL, ' ', '2004-12-03 10:26:41'),
(1697, 8, 136, 83, ' Krysta Shull ', '2004-12-03', '10:25:00', '10:35:00', 59, NULL, ' ', '2004-12-03 10:28:13'),
(1698, 138, 251, 94, ' BRUCE VILLAGOMEZ ', '2004-12-03', '10:25:00', '10:35:00', 59, NULL, ' ', '2004-12-03 10:28:17'),
(1699, 35, 164, 89, ' britt ', '2004-12-03', '10:25:00', '10:35:00', 59, NULL, ' ', '2004-12-03 10:30:08'),
(1700, 235, 334, 94, ' Randy Rogers ', '2004-12-03', '10:25:00', '10:42:00', 60, NULL, ' ', '2004-12-03 10:30:15'),
(1701, 39, 168, 86, ' Alison Verhoff ', '2004-12-03', '10:25:00', '10:35:00', 60, NULL, ' ', '2004-12-03 10:30:16'),
(1702, 37, 166, 94, ' Dallin Forrest ', '2004-12-03', '10:30:00', '10:40:00', 60, 1, ' ', '2004-12-03 10:30:35'),
(1703, 21, 149, 94, ' samuel acevedo ', '2004-12-03', '10:25:00', '10:40:00', 59, NULL, ' ', '2004-12-03 10:32:01'),
(1704, 193, 286, 90, ' emily day ', '2004-12-03', '10:25:00', '10:35:00', 59, NULL, ' ', '2004-12-03 10:32:50'),
(1705, 27, 155, 92, ' jordan cutright ', '2004-12-03', '10:25:00', '10:40:00', 60, NULL, ' a pigeon had string on its foot', '2004-12-03 10:32:56'),
(1706, 191, 284, 96, ' Jory Merrill ', '2004-12-03', '10:25:00', '11:35:00', 60, NULL, 'very clear day few birds', '2004-12-03 10:33:24'),
(1707, 1, 128, 94, ' Thomas Barker ', '2004-12-03', '10:25:00', '10:35:00', 60, NULL, ' ', '2004-12-03 10:34:21'),
(1708, 333, 423, 92, ' Moroni Sanchez ', '2004-12-03', '10:25:00', '10:35:00', 52, NULL, ' ', '2004-12-03 10:35:30'),
(1709, 366, 455, 93, ' Rodney Nielson ', '2004-12-03', '10:25:00', '10:40:00', 59, NULL, ' ', '2004-12-03 10:35:47'),
(1710, 56, 185, 64, ' Ellen Dillon ', '2004-12-03', '10:25:00', '10:35:00', 59, NULL, ' ', '2004-12-03 10:36:00'),
(1711, 366, 455, 94, ' CHase Jamison ', '2004-12-03', '10:25:00', '10:45:00', 62, 1, 'i saw a hummingbird but dont know which one', '2004-12-03 10:36:59'),
(1712, 232, 331, 94, ' Sarah Bradshaw ', '2004-12-03', '10:35:00', '10:45:00', 59, NULL, ' ', '2004-12-03 10:37:30'),
(1713, 36, 165, 94, ' Thomas Zavacki ', '2004-12-03', '10:30:00', '10:40:00', 60, NULL, ' ', '2004-12-03 10:40:27'),
(1714, 79, 207, 89, ' charles cartwright ', '2004-12-03', '10:25:00', '10:35:00', 176, NULL, ' ', '2004-12-03 10:41:14'),
(1715, 10, 138, 94, ' reamon ', '2004-12-03', '10:30:00', '10:40:00', 59, NULL, ' ', '2004-12-03 10:41:42'),
(1716, 79, 207, 89, ' charles cartwright ', '2004-12-03', '10:25:00', '10:35:00', 176, NULL, ' ', '2004-12-03 10:41:50'),
(1717, 131, 245, 94, ' Jose Asturias ', '2004-12-03', '10:25:00', '10:35:00', 138, NULL, ' ', '2004-12-03 10:43:40'),
(1718, 44, 173, 102, ' Ben Nikolaus ', '2004-12-03', '12:15:00', '12:25:00', 79, NULL, ' ', '2004-12-03 12:18:32'),
(1719, 45, 174, 102, ' Annie Lindsay ', '2004-12-03', '12:15:00', '12:25:00', 66, NULL, 'There were a lot of Grackles around my circle. A rock dove stayed in my circle for almost the whole time', '2004-12-03 12:20:08'),
(1720, 293, 390, 103, ' Jeff ', '2004-12-12', '12:15:00', '12:25:00', 69, NULL, ' ', '2004-12-03 12:20:12'),
(1721, 19, 147, 102, ' CHANNING KELLER ', '2004-12-03', '12:15:00', '12:25:00', 156, NULL, 'LOTS OF DISTRACTIONS', '2004-12-03 12:20:14'),
(1722, 34, 162, 102, ' Austin Gibbs ', '2004-12-03', '12:15:00', '12:25:00', 69, NULL, ' ', '2004-12-03 12:20:16'),
(1723, 36, 165, 102, ' Rex Willis ', '2004-12-03', '12:15:00', '12:25:00', 69, NULL, 'garbage lady picking up trash', '2004-12-03 12:21:09'),
(1724, 24, 152, 102, ' Bethany Sherwood ', '2004-12-03', '12:15:00', '12:25:00', 69, NULL, ' ', '2004-12-03 12:21:36'),
(1725, 53, 182, 102, ' JUSTIN HIRSHBERG ', '2004-12-03', '12:15:00', '12:25:00', 66, NULL, ' ', '2004-12-03 12:21:52'),
(1726, 67, 196, 102, ' JOSH ', '2004-12-03', '12:15:00', '12:25:00', 69, NULL, ' ', '2004-12-03 12:23:32'),
(1727, 52, 181, 102, ' Casey Corbin ', '2004-12-12', '12:15:00', '12:25:00', 69, NULL, ' ', '2004-12-03 12:24:14'),
(1728, 80, 208, 102, ' ZACK BROCKMAN ', '2004-12-02', '12:15:00', '12:25:00', 66, NULL, ' ', '2004-12-03 12:24:24'),
(1729, 28, 156, 103, ' Amanda Dawson ', '2004-12-03', '12:15:00', '12:25:00', 69, NULL, ' ', '2004-12-03 12:24:26'),
(1730, 313, 415, 102, ' Alex Dorado ', '2004-12-03', '12:15:00', '12:25:00', 32, NULL, ' ', '2004-12-03 12:24:46'),
(1731, 31, 159, 65, ' scarlett banks ', '2004-12-03', '12:15:00', '12:25:00', 156, NULL, ' ', '2004-12-03 12:24:50'),
(1732, 68, 197, 102, ' BRITNI ', '2004-12-03', '12:15:00', '12:25:00', 69, NULL, ' ', '2004-12-03 12:26:02'),
(1733, 66, 195, 102, ' Sadie Prahl ', '2004-12-03', '12:15:00', '12:25:00', 70, NULL, ' ', '2004-12-03 12:29:33'),
(1734, 55, 184, 102, ' Sara Divers ', '2004-12-03', '12:15:00', '12:25:00', 67, NULL, 'kids playing baseball.', '2004-12-03 12:29:50'),
(1735, 46, 175, 102, ' Reed Penrod ', '2004-12-03', '12:15:00', '12:25:00', 69, NULL, '3mph wind. No cloud cover.', '2004-12-03 12:30:24'),
(1736, 249, 348, 102, ' brett ', '2004-12-03', '12:15:00', '12:25:00', 153, NULL, ' ', '2004-12-03 12:31:01'),
(1737, 249, 348, 102, ' brett ', '2004-12-03', '12:15:00', '12:25:00', 153, NULL, ' ', '2004-12-03 12:33:06'),
(1738, 66, 195, 102, ' will ', '2004-12-03', '12:15:00', '12:30:00', 64, NULL, ' ', '2004-12-03 12:35:18'),
(1739, 47, 176, 102, ' Ashley Coffey  ', '2004-12-03', '12:15:00', '12:25:00', 158, NULL, ' ', '2004-12-03 12:36:22'),
(1740, 66, 195, 102, ' will ', '2004-11-19', '12:15:00', '12:30:00', 69, NULL, ' ', '2004-12-03 12:38:08'),
(1741, 40, 169, 103, ' Robin Dickason ', '2004-12-03', '13:15:00', '13:25:00', 70, NULL, ' ', '2004-12-03 13:17:09'),
(1742, 32, 160, 103, ' Tauni Molesworth ', '2004-12-03', '13:15:00', '13:25:00', 70, NULL, ' ', '2004-12-03 13:17:28'),
(1743, 64, 193, 103, ' Jeremy Rocks! ', '2004-12-03', '13:15:00', '13:25:00', 70, NULL, ' ', '2004-12-03 13:19:10'),
(1744, 52, 181, 103, ' Amber Miller ', '2004-12-03', '13:15:00', '13:25:00', 80, NULL, ' ', '2004-12-03 13:20:01'),
(1745, 53, 182, 103, ' nicole ', '2004-12-03', '13:15:00', '13:25:00', 70, NULL, 'none', '2004-12-03 13:20:06'),
(1746, 33, 161, 103, '  ', '2004-12-03', '00:00:00', '00:00:00', 70, 1, ' ', '2004-12-03 13:21:27'),
(1747, 234, 333, 103, ' Liz Vasquez ', '2004-12-03', '13:15:00', '13:25:00', 70, NULL, ' ', '2004-12-03 13:22:46'),
(1748, 17, 145, 103, ' Jennifer Wright ', '2004-12-03', '13:15:00', '13:30:00', 82, NULL, ' ', '2004-12-03 13:22:57'),
(1749, 90, 217, 103, ' george brenner ', '2004-12-03', '13:15:00', '13:25:00', 158, NULL, ' ', '2004-12-03 13:23:55'),
(1750, 60, 189, 103, ' Amber ', '2004-12-03', '13:15:00', '13:25:00', 70, NULL, ' ', '2004-12-03 13:24:04'),
(1751, 38, 167, 103, ' SPENCER PATTERSON ', '2004-12-03', '13:15:00', '13:30:00', 158, NULL, 'GRACKLES', '2004-12-03 13:25:06'),
(1752, 63, 192, 103, ' Estella Cortes ', '2004-12-03', '00:00:00', '00:00:00', 70, NULL, ' ', '2004-12-03 13:26:24'),
(1753, 54, 183, 103, ' Kayla Creson ', '2004-11-09', '13:20:00', '13:40:00', 66, 1, ' ', '2004-12-03 13:26:24'),
(1754, 15, 143, 103, ' Brittany Long ', '2004-12-03', '13:15:00', '13:25:00', 82, NULL, ' ', '2004-12-03 13:26:25'),
(1755, 63, 192, 103, ' Estella Cortes ', '2004-12-03', '00:00:00', '00:00:00', 70, NULL, ' ', '2004-12-03 13:26:43'),
(1756, 11, 139, 103, ' Anthony Damiani ', '2004-12-03', '13:15:00', '13:30:00', 158, 1, ' ', '2004-12-03 13:27:26'),
(1757, 41, 170, 103, ' Dallin Pew ', '2004-12-03', '13:15:00', '01:25:00', 70, NULL, ' ', '2004-12-03 13:27:56'),
(1758, 14, 142, 103, ' Sue Tacho ', '2004-12-03', '13:15:00', '13:25:00', 82, NULL, ' ', '2004-12-03 13:28:44'),
(1759, 90, 217, 103, ' Johnny Maida ', '2004-12-03', '13:15:00', '13:25:00', 64, NULL, ' ', '2004-12-03 13:29:17'),
(1760, 12, 140, 103, ' Jerry Smith ', '2004-12-03', '13:15:00', '13:25:00', 68, NULL, 'hardly any birds out \r', '2004-12-03 13:30:10'),
(1761, 248, 347, 103, '  ', '2005-01-03', '13:15:00', '13:25:00', 70, NULL, ' ', '2004-12-03 13:30:39'),
(1762, 30, 158, 103, ' Jason Martindale ', '2004-12-03', '13:15:00', '13:25:00', 70, NULL, 'no birds were observed today. however birding conditions were prime.', '2004-12-03 13:31:39'),
(1763, 54, 183, 103, ' Kayla Creson ', '2004-11-19', '13:15:00', '13:25:00', 70, NULL, ' ', '2004-12-03 13:32:07'),
(1764, 22, 150, 103, ' Gary Chambers ', '2004-12-03', '13:15:00', '13:25:00', 68, 1, ' ', '2004-12-03 13:35:11'),
(1765, 29, 157, 103, ' TJ Patterson ', '2004-12-03', '01:15:00', '13:25:00', 70, NULL, 'No birds today again.', '2004-12-03 13:36:13'),
(1766, 167, 267, 80, ' Hayden ', '2004-10-04', '13:40:00', '13:50:00', 88, NULL, 'It was really hot today!', '2004-12-10 13:32:33'),
(1767, 199, 289, 80, ' Andrew S. ', '2004-10-04', '13:42:00', '13:52:00', 88, NULL, ' ', '2004-12-10 13:37:19'),
(1768, 322, 421, 80, ' Sabrina ', '2004-10-04', '13:45:00', '13:55:00', 88, NULL, ' ', '2004-12-10 13:46:44'),
(1769, 166, 265, 80, ' Amanda ', '2004-10-04', '13:45:00', '13:55:00', 88, NULL, ' ', '2004-12-10 13:49:12'),
(1770, 165, 264, 78, ' Jazmin ', '2004-10-04', '08:14:00', '08:24:00', 72, NULL, ' ', '2004-12-10 14:02:23'),
(1771, 167, 267, 78, ' Zahra ', '2004-10-04', '08:16:00', '08:26:00', 72, NULL, ' ', '2004-12-10 14:04:08'),
(1772, 166, 265, 78, ' Josh C. ', '2004-10-04', '08:16:00', '08:26:00', 72, NULL, ' ', '2004-12-10 14:07:47'),
(1773, 167, 267, 81, ' Josh C. ', '2004-10-04', '14:22:00', '14:32:00', 99, NULL, ' ', '2004-12-10 14:09:23'),
(1774, 166, 265, 78, ' Josh C. ', '2004-09-28', '08:25:00', '08:35:00', 75, NULL, ' ', '2004-12-10 14:12:15'),
(1775, 167, 267, 80, ' Hayden ', '2004-09-28', '13:31:00', '13:41:00', 90, NULL, ' ', '2004-12-10 14:13:34'),
(1776, 167, 267, 78, ' Andew L. ', '2004-09-28', '08:16:00', '08:26:00', 75, NULL, 'Some chatter from a nearby PE class.', '2004-12-10 14:18:34'),
(1777, 167, 267, 80, ' Jake ', '2004-09-28', '13:32:00', '13:42:00', 90, NULL, ' ', '2004-12-10 14:19:49'),
(1778, 322, 421, 80, ' Malynda ', '2004-09-28', '13:31:00', '13:41:00', 90, NULL, 'Nearby PE class was making a lot of noise.', '2004-12-10 14:26:49'),
(1779, 199, 290, 80, ' Ryan ', '2004-09-28', '13:31:00', '13:41:00', 90, NULL, 'There were kids making noise during PE during this time', '2004-12-10 14:29:34'),
(1780, 166, 265, 81, ' Josh C. ', '2004-09-28', '14:23:00', '14:33:00', 95, NULL, ' ', '2004-12-10 14:31:16'),
(1781, 165, 264, 81, ' Tasha ', '2004-09-28', '02:34:00', '02:44:00', 93, NULL, ' ', '2004-12-10 14:34:18'),
(1782, 95, 222, 104, ' Pd 1 ', '2004-08-31', '09:35:00', '09:45:00', 90, NULL, ' ', '2004-12-15 18:24:13'),
(1783, 95, 222, 104, ' Pd1 ', '2004-09-03', '09:45:00', '09:55:00', 88, NULL, ' ', '2004-12-15 18:26:36'),
(1784, 95, 222, 104, ' Pd1 ', '2004-09-07', '09:20:00', '09:30:00', 91, NULL, ' ', '2004-12-15 18:28:33'),
(1785, 95, 222, 104, ' Pd1 ', '2004-09-10', '09:35:00', '09:45:00', 91, NULL, ' ', '2004-12-15 18:30:38'),
(1786, 107, 226, 105, ' brooke ', '2004-12-08', '13:15:00', '13:30:00', 79, NULL, ' ', '2004-12-15 18:31:35'),
(1787, 95, 222, 104, ' Pd1 ', '2004-09-17', '09:40:00', '09:50:00', 90, NULL, ' ', '2004-12-15 18:33:12'),
(1788, 95, 222, 104, ' Pd1 ', '2004-09-20', '09:20:00', '09:30:00', 79, 1, ' ', '2004-12-15 18:40:01');
INSERT INTO `bird_samples` (`id`, `site_id`, `habitat_id`, `teachers_class_id`, `observer`, `collection_date`, `time_start`, `time_end`, `air_temp`, `cloud_cover_id`, `comments`, `date_entered`) VALUES
(1789, 95, 222, 104, ' Pd1 ', '2004-09-22', '09:14:00', '09:24:00', 77, NULL, ' ', '2004-12-15 18:42:28'),
(1790, 201, 292, 104, ' Pd1 ', '2004-08-31', '09:49:00', '09:58:00', 90, NULL, ' ', '2004-12-15 18:46:31'),
(1791, 201, 292, 104, ' Pd1 ', '2004-09-03', '09:35:00', '09:45:00', 88, NULL, ' ', '2004-12-15 18:48:43'),
(1792, 201, 292, 104, ' Pd1 ', '2004-09-07', '09:20:00', '09:30:00', 32, NULL, 'Very Windy', '2004-12-15 18:50:22'),
(1793, 201, 292, 104, ' Pd1 ', '2004-09-10', '09:30:00', '09:40:00', 91, NULL, 'Breeze', '2004-12-15 18:52:43'),
(1794, 201, 292, 104, ' Pd1 ', '2004-09-15', '09:10:00', '09:20:00', 88, NULL, 'wind', '2004-12-15 18:54:50'),
(1795, 201, 292, 104, ' Pd1 ', '2004-09-17', '09:47:00', '09:57:00', 90, NULL, ' ', '2004-12-15 18:56:34'),
(1796, 201, 292, 104, ' Pd1 ', '2004-09-20', '09:18:00', '09:28:00', 79, 1, 'Light wind', '2004-12-15 18:58:56'),
(1797, 201, 292, 104, ' Pd1 ', '2004-09-22', '09:13:00', '09:23:00', 77, NULL, 'light breeze', '2004-12-15 19:01:31'),
(1798, 340, 428, 104, ' Pd1 ', '2004-08-31', '09:35:00', '09:45:00', 90, NULL, ' ', '2004-12-15 19:05:18'),
(1799, 340, 428, 104, ' Pd1 ', '2004-09-03', '09:45:00', '09:55:00', 88, NULL, ' ', '2004-12-15 19:07:36'),
(1800, 340, 428, 104, ' Pd1 ', '2004-09-07', '09:20:00', '09:30:00', 91, NULL, 'Very Windy', '2004-12-15 19:14:24'),
(1801, 340, 428, 104, ' Pd1 ', '2004-09-10', '09:30:00', '09:40:00', 91, NULL, 'Breeze', '2004-12-15 19:17:19'),
(1802, 340, 428, 104, ' Pd1 ', '2004-09-15', '09:13:00', '09:23:00', 88, NULL, 'wind', '2004-12-15 19:19:29'),
(1803, 340, 428, 104, ' Pd1 ', '2004-09-17', '09:39:00', '09:49:00', 90, NULL, ' ', '2004-12-15 19:20:49'),
(1804, 340, 428, 104, ' Pd1 ', '2004-09-20', '09:20:00', '09:30:00', 79, 1, 'light wind', '2004-12-15 19:22:41'),
(1805, 340, 428, 104, ' Pd1 ', '2004-09-22', '09:15:00', '09:25:00', 77, NULL, 'Light breeze', '2004-12-15 19:24:52'),
(1806, 154, 257, 104, ' Pd1 ', '2004-09-07', '09:20:00', '09:30:00', 91, NULL, 'Very windy Manmade Canopy over 75%', '2004-12-15 19:28:47'),
(1807, 154, 257, 104, ' Pd1 ', '2004-09-10', '09:38:00', '09:48:00', 91, NULL, 'Breeze man-made canopy over 75%', '2004-12-15 19:31:23'),
(1808, 154, 257, 104, ' Pd1 ', '2005-01-15', '09:00:00', '09:10:00', 88, NULL, 'Wind man-made canopy over 75%', '2004-12-15 19:33:52'),
(1809, 154, 257, 104, ' Pd1 ', '2004-09-17', '09:35:00', '09:45:00', 90, NULL, 'man-made canopy over 75%', '2004-12-15 19:35:41'),
(1810, 154, 257, 104, ' Pd1 ', '2004-09-20', '09:18:00', '09:28:00', 79, 1, 'light wind man-made canopy over 75%', '2004-12-15 19:37:58'),
(1811, 154, 257, 104, ' Pd1 ', '2004-09-22', '09:13:00', '09:23:00', 77, NULL, 'light breeze man-made canopy over 75%', '2004-12-15 19:40:13'),
(1812, 394, 483, 70, ' CS ', '2004-04-29', '09:17:00', '09:27:00', 90, NULL, ' ', '2004-12-16 11:40:30'),
(1813, 393, 478, 70, ' Katie Mills ', '2004-04-29', '09:18:00', '09:28:00', 93, NULL, ' ', '2005-01-03 14:52:58'),
(1814, 298, 402, 70, ' Katie Mills ', '2004-04-29', '09:30:00', '09:40:00', 93, NULL, ' ', '2005-01-03 14:58:55'),
(1815, 295, 396, 70, ' Katie Mills ', '2004-04-29', '09:27:00', '09:37:00', 93, NULL, ' ', '2005-01-03 15:03:12'),
(1816, 345, 436, 70, ' Katie Mills ', '2004-04-29', '09:20:00', '09:30:00', 95, NULL, ' ', '2005-01-03 15:08:33'),
(1817, 349, 443, 70, ' Katie Mills ', '2004-04-29', '09:27:00', '09:37:00', 86, 1, ' ', '2005-01-03 15:14:10'),
(1818, 394, 483, 71, ' Katie Mills ', '2004-04-29', '10:15:00', '10:25:00', 106, NULL, ' ', '2005-01-03 15:21:10'),
(1819, 393, 478, 71, ' Katie Mills ', '2004-04-29', '10:16:00', '10:26:00', 100, NULL, ' ', '2005-01-03 15:41:21'),
(1820, 298, 402, 71, ' Katie Mills ', '2004-04-29', '10:21:00', '10:31:00', 82, NULL, 'Slight breeze- may throw temperature off by a few degrees', '2005-01-03 15:47:30'),
(1821, 295, 396, 71, ' Katie Mills ', '2004-04-29', '10:19:00', '10:29:00', 86, NULL, ' ', '2005-01-03 15:52:40'),
(1822, 345, 436, 71, ' Katie Mills ', '2004-04-29', '10:15:00', '10:25:00', 84, 1, ' ', '2005-01-03 15:55:26'),
(1823, 349, 443, 71, ' Katie Mills ', '2004-04-29', '10:13:00', '10:23:00', 95, 1, ' ', '2005-01-03 15:57:37'),
(1824, 394, 483, 70, ' Katie Mills ', '2004-02-20', '09:14:00', '09:24:00', 70, 2, ' ', '2005-01-03 16:07:45'),
(1825, 393, 478, 70, ' Katie Mills ', '2004-02-20', '09:10:00', '09:20:00', 68, 2, ' ', '2005-01-03 16:11:37'),
(1826, 298, 402, 70, ' Katie Mills ', '2004-02-20', '09:20:00', '09:30:00', 61, 2, ' ', '2005-01-03 16:26:30'),
(1827, 295, 396, 70, ' Katie Mills ', '2004-02-20', '09:06:00', '09:16:00', 73, 2, ' ', '2005-01-04 13:22:51'),
(1828, 345, 436, 70, ' Katie Mills ', '2004-02-20', '09:17:00', '09:27:00', 68, 2, ' ', '2005-01-04 13:27:48'),
(1829, 349, 443, 70, ' Katie Mills ', '2004-02-20', '09:15:00', '09:25:00', 68, 2, ' ', '2005-01-04 13:33:17'),
(1830, 394, 483, 71, ' Katie Mills ', '2004-02-20', '10:15:00', '10:25:00', 72, 1, ' ', '2005-01-04 14:15:36'),
(1831, 393, 478, 71, ' Katie Mills ', '2004-02-20', '10:05:00', '10:15:00', 55, 2, ' ', '2005-01-04 14:21:11'),
(1832, 298, 402, 71, ' Katie Mills ', '2004-02-20', '10:15:00', '10:25:00', 68, 2, ' ', '2005-01-04 14:25:58'),
(1833, 295, 396, 71, ' Katie Mills ', '2004-02-20', '10:15:00', '10:25:00', 70, 2, ' ', '2005-01-04 14:29:46'),
(1834, 345, 436, 71, ' Katie Mills ', '2004-02-20', '10:05:00', '10:15:00', 68, NULL, ' ', '2005-01-04 14:33:42'),
(1835, 349, 443, 71, ' Katie Mills ', '2004-02-20', '10:08:00', '10:18:00', 68, 2, ' ', '2005-01-04 14:38:24'),
(1836, 393, 478, 70, ' Katie Mills ', '2003-10-30', '09:28:00', '09:38:00', 77, NULL, ' ', '2005-01-04 14:44:12'),
(1837, 295, 396, 70, ' Katie Mills ', '2003-10-30', '09:24:00', '09:34:00', 79, NULL, 'Smoke from California wild fires apparent', '2005-01-04 14:48:54'),
(1838, 345, 436, 70, ' Katie Mills ', '2003-10-30', '09:32:00', '09:42:00', 81, NULL, ' ', '2005-01-04 14:51:31'),
(1839, 393, 478, 71, ' Katie Mills ', '2003-10-30', '10:15:00', '10:25:00', 82, 1, 'Smoke from California wild fires apparent', '2005-01-04 14:54:08'),
(1840, 295, 396, 71, ' Katie Mills ', '2003-10-30', '10:25:00', '10:35:00', 81, NULL, 'Smoke from California wild fires apparent', '2005-01-04 14:58:31'),
(1841, 345, 436, 71, ' Katie Mills ', '2003-10-30', '10:21:00', '10:31:00', 88, 1, 'Smoke from California wild fires apparent', '2005-01-04 15:01:17'),
(1842, 349, 443, 71, ' Katie Mills ', '2003-10-30', '10:20:00', '10:30:00', 86, NULL, 'haze due to California wild fire', '2005-01-04 15:03:42'),
(1843, 15, 143, 103, ' Brittany Long ', '2005-01-28', '10:30:00', '10:40:00', 57, NULL, ' ', '2005-01-28 10:30:26'),
(1844, 45, 174, 102, ' Annie Lindsay ', '2005-01-28', '10:30:00', '10:40:00', 57, NULL, 'There were a lot of Grackles no clouds and alot of small birds', '2005-01-28 10:31:01'),
(1845, 313, 415, 91, ' Alex Dorado ', '2005-01-28', '10:30:00', '10:40:00', 135, NULL, ' ', '2005-01-28 10:31:57'),
(1846, 235, 334, 94, ' Randy ', '2005-01-28', '10:25:00', '10:43:00', 135, NULL, ' ', '2005-01-28 10:32:56'),
(1847, 232, 331, 94, ' thomas barker ', '2005-01-28', '10:30:00', '10:40:00', 57, NULL, 'no birds', '2005-01-28 10:34:00'),
(1848, 4, 131, 102, ' George Brenner ', '2005-01-28', '10:30:00', '10:40:00', 57, NULL, ' ', '2005-01-28 10:34:03'),
(1849, 131, 245, 90, ' Jose Asturias ', '2005-01-28', '10:30:00', '10:40:00', 135, NULL, 'there was a lot of great tailed grackles', '2005-01-28 10:34:17'),
(1850, 56, 185, 84, ' Ellen Dillon ', '2005-01-28', '10:30:00', '10:40:00', 57, NULL, ' ', '2005-01-28 10:34:54'),
(1851, 16, 144, 84, ' Bryan King ', '2005-01-28', '10:15:00', '10:35:00', 59, 1, ' ', '2005-01-28 10:36:28'),
(1852, 28, 156, 102, ' Amanda Dawson ', '2005-01-28', '10:30:00', '10:40:00', 57, NULL, ' ', '2005-01-28 10:36:50'),
(1853, 59, 188, 94, ' anna ', '2005-01-28', '10:30:00', '10:40:00', 58, NULL, ' ', '2005-01-28 10:36:51'),
(1854, 23, 151, 94, ' samuel acevedo ', '2005-01-28', '10:25:00', '10:40:00', 57, NULL, ' ', '2005-01-28 10:37:22'),
(1855, 234, 333, 103, ' Liz Vasquez ', '2005-01-28', '10:30:00', '10:40:00', 135, NULL, ' ', '2005-01-28 10:37:31'),
(1856, 114, 230, 94, ' Elise Bernal ', '2005-01-28', '10:30:00', '10:40:00', 57, NULL, ' ', '2005-01-28 10:38:38'),
(1857, 31, 159, 65, ' scarlett banks ', '2005-01-28', '10:30:00', '10:40:00', 54, NULL, ' ', '2005-01-28 10:39:28'),
(1858, 47, 176, 94, ' Ashley Coffey ', '2005-01-28', '10:30:00', '10:40:00', 57, NULL, ' ', '2005-01-28 10:39:57'),
(1859, 35, 164, 89, ' Britt Nielsen ', '2005-02-28', '10:30:00', '10:40:00', 57, NULL, ' ', '2005-01-28 10:40:03'),
(1860, 39, 168, 86, ' Alison Verhoff ', '2005-01-28', '10:30:00', '10:40:00', 57, NULL, ' ', '2005-01-28 10:40:36'),
(1861, 84, 212, 84, ' Zack Brockman ', '2005-01-28', '10:15:00', '10:35:00', 64, NULL, ' ', '2005-01-28 10:40:37'),
(1862, 334, 424, 92, ' Moroni Sanchez ', '2005-01-28', '10:20:00', '10:45:00', 64, 1, ' ', '2005-01-28 10:41:05'),
(1863, 56, 185, 89, ' Ellen Dillon ', '2005-01-28', '10:30:00', '10:40:00', 57, NULL, ' ', '2005-01-28 10:42:03'),
(1864, 29, 157, 84, ' TJ Patterson ', '2005-01-28', '10:30:00', '10:40:00', 57, NULL, ' ', '2005-01-28 10:44:11'),
(1865, 25, 153, 92, ' jORDAN CUTRIGHT ', '2005-01-28', '00:15:00', '00:25:00', 63, 1, ' ', '2005-01-28 12:12:41'),
(1866, 64, 193, 103, ' Captain Ahab ', '2005-01-28', '12:15:00', '12:25:00', 57, NULL, ' ', '2005-01-28 12:12:48'),
(1867, 138, 251, 84, ' BRUCE VILLAGOMEZ ', '2005-01-28', '12:35:00', '12:45:00', 63, 1, ' ', '2005-01-28 12:14:13'),
(1868, 366, 455, 93, ' Rodney  ', '2005-01-28', '12:30:00', '12:40:00', 63, 1, ' ', '2005-01-28 12:15:10'),
(1869, 8, 136, 83, '  ', '2005-01-28', '12:15:00', '12:25:00', 64, NULL, ' ', '2005-01-28 12:15:27'),
(1870, 57, 186, 102, ' CHANNNIG KELLER ', '2005-01-28', '00:15:00', '00:25:00', 140, 1, 'LOT S OF NOISES', '2005-01-28 12:15:50'),
(1871, 52, 181, 105, ' Amber Miller ', '2005-01-28', '12:15:00', '12:25:00', 63, 1, ' ', '2005-01-28 12:15:59'),
(1872, 36, 165, 102, ' Rex Willis ', '2005-01-28', '12:15:00', '12:25:00', 63, 1, ' ', '2005-01-28 12:17:35'),
(1873, 8, 136, 83, ' Krysta Shull ', '2005-01-28', '12:15:00', '12:25:00', 64, NULL, ' ', '2005-01-28 12:17:35'),
(1874, 23, 151, 90, ' HARRISON CLARK ', '2005-01-28', '12:25:00', '12:35:00', 63, 1, ' ', '2005-01-28 12:18:07'),
(1875, 34, 162, 102, ' Austin Gibbs ', '2005-01-28', '12:15:00', '12:25:00', 140, 1, ' ', '2005-01-28 12:19:17'),
(1876, 193, 286, 65, ' emily day ', '2005-01-28', '12:15:00', '12:25:00', 63, NULL, ' ', '2005-01-28 12:19:28'),
(1877, 60, 189, 102, ' ben nikolaus ', '2005-01-28', '12:15:00', '12:25:00', 66, NULL, ' ', '2005-01-28 12:20:32'),
(1878, 52, 181, 102, ' Casey Corbin ', '2005-01-28', '12:15:00', '12:25:00', 68, 1, ' ', '2005-01-28 12:21:04'),
(1879, 54, 183, 105, ' Jerry Smith ', '2005-01-28', '12:15:00', '12:25:00', 69, NULL, ' ', '2005-01-28 12:21:18'),
(1880, 53, 182, 65, ' nicole gillespie ', '2005-01-28', '12:15:00', '12:25:00', 65, 1, ' ', '2005-01-28 12:22:55'),
(1881, 14, 142, 92, ' Sue Tacho ', '2005-01-28', '12:15:00', '12:25:00', 69, NULL, ' ', '2005-01-28 12:24:02'),
(1882, 92, 218, 103, ' Johnny Maida ', '2005-01-28', '12:15:00', '12:25:00', 63, 1, ' ', '2005-01-28 12:24:12'),
(1883, 62, 191, 65, ' Chelsey ', '2005-01-28', '12:15:00', '12:25:00', 145, 1, ' ', '2005-01-28 12:25:59'),
(1884, 22, 150, 102, ' Gary Chambers ', '2005-01-28', '12:15:00', '12:25:00', 63, NULL, ' ', '2005-01-28 12:27:26'),
(1885, 45, 174, 92, ' charles cartwright  ', '2005-01-28', '12:15:00', '12:25:00', 172, NULL, ' ', '2005-01-28 12:28:07'),
(1886, 55, 184, 65, ' Sara ', '2005-01-28', '12:15:00', '12:25:00', 63, 1, ' ', '2005-01-28 12:29:26'),
(1887, 35, 164, 65, ' Sadie ', '2005-01-28', '12:15:00', '12:25:00', 63, 1, ' ', '2005-01-28 12:33:34'),
(1888, 40, 169, 103, ' Robin Dickason ', '2005-01-28', '13:10:00', '13:25:00', 80, 1, ' ', '2005-01-28 13:09:11'),
(1889, 41, 170, 103, ' dallin pew ', '2005-01-28', '13:15:00', '13:25:00', 145, 1, ' ', '2005-01-28 13:09:53'),
(1890, 32, 160, 103, ' Tauni Molesworth ', '2005-01-29', '13:15:00', '13:25:00', 63, 1, ' ', '2005-01-28 13:10:35'),
(1891, 293, 390, 103, ' Jeff miller ', '2005-01-28', '00:00:00', '00:00:00', 32, NULL, ' ', '2005-01-28 13:13:01'),
(1892, 46, 175, 103, ' Reed Penrod ', '2005-01-28', '13:15:00', '13:25:00', 78, NULL, ' ', '2005-01-28 13:14:55'),
(1893, 60, 189, 103, ' Amber Resendez ', '2005-01-28', '13:15:00', '13:25:00', 78, NULL, ' ', '2005-01-28 13:15:37'),
(1894, 37, 166, 94, ' Dallin Forrest ', '2005-01-28', '13:15:00', '13:25:00', 78, NULL, ' ', '2005-01-28 13:15:44'),
(1895, 63, 192, 103, ' Estella Cortes ', '2005-01-28', '13:15:00', '13:25:00', 78, 1, ' ', '2005-01-28 13:17:45'),
(1896, 32, 160, 103, ' Tauni Molesworth ', '2005-01-28', '13:15:00', '13:25:00', 63, 1, ' ', '2005-01-28 13:18:00'),
(1897, 191, 284, 90, ' Jory Merrill ', '2005-01-28', '13:15:00', '13:35:00', 78, 1, ' ', '2005-01-28 13:19:00'),
(1898, 30, 158, 103, ' Jason Martindale ', '2005-01-28', '13:15:00', '13:25:00', 78, 1, 'birds were very chattery today', '2005-01-28 13:20:18'),
(1899, 54, 183, 103, ' Kayla Creson ', '2005-01-28', '13:15:00', '13:25:00', 78, 1, ' ', '2005-01-28 13:20:34'),
(1900, 191, 284, 90, ' Chase Jamison ', '2005-01-28', '13:15:00', '13:35:00', 78, 1, 'a million great tailed grackles', '2005-01-28 13:27:25'),
(1901, 53, 182, 65, ' HIRSHBERG ', '2005-01-28', '13:15:00', '13:25:00', 78, 1, ' ', '2005-01-28 13:27:31'),
(1902, 10, 138, 65, ' reamon megala ', '2005-01-28', '13:15:00', '13:25:00', 172, 1, ' ', '2005-01-28 13:29:08'),
(1903, 64, 193, 103, ' Cole " bad@$$" LeClaire ', '2005-01-25', '13:15:00', '13:25:00', 172, 1, 'No birdies\r', '2005-02-01 12:59:12'),
(1904, 161, 260, 106, ' Caleb Costello ', '2005-04-18', '11:37:00', '11:47:00', 83, NULL, 'Students at recess playing football close to and in the plot circle!!', '2005-04-19 17:10:30'),
(1905, 198, 288, 106, ' Avery Sponsler ', '2005-04-18', '11:32:00', '11:42:00', 83, NULL, 'Recess had many little students trying to help us point out birds while we were observing!', '2005-04-19 17:16:13'),
(1906, 161, 260, 106, ' Brett Roeder ', '2005-04-20', '11:42:00', '11:52:00', 73, NULL, 'Field Day. Lots of activity from 7th and 5th grade on the field!', '2005-04-20 11:54:31'),
(1907, 198, 288, 106, ' Evelyn Lara ', '2005-04-20', '11:26:00', '11:36:00', 73, NULL, '1st Grade Recess students on the field.', '2005-04-20 11:56:28'),
(1908, 161, 260, 106, ' Brett Roeder ', '2005-04-25', '11:29:00', '11:39:00', 75, 1, ' ', '2005-04-26 07:09:51'),
(1909, 161, 260, 106, ' Jarrell Jack ', '2005-04-25', '11:41:00', '11:51:00', 75, 1, ' ', '2005-04-26 07:11:48'),
(1910, 198, 288, 106, ' Ashlie Hill ', '2005-04-25', '11:33:00', '11:43:00', 75, 1, 'Recess!', '2005-04-26 09:52:52'),
(1911, 198, 288, 106, ' Evelyn Lara ', '2005-04-25', '11:48:00', '11:58:00', 75, 1, 'Recess', '2005-04-26 09:54:31'),
(1912, 205, 298, 9, ' angelica ', '2005-05-05', '09:15:00', '09:25:00', 79, NULL, ' ', '2005-05-09 15:00:45'),
(1913, 207, 301, 9, ' jordan ', '2005-05-05', '09:15:00', '09:25:00', 79, NULL, 'Head start kids were playing outside', '2005-05-09 15:09:32'),
(1914, 208, 304, 9, ' Janny ', '2005-05-05', '09:15:00', '09:25:00', 79, NULL, ' ', '2005-05-09 15:13:53'),
(1915, 209, 306, 9, ' Brandice ', '2005-05-05', '09:15:00', '09:25:00', 79, NULL, 'kids playing on playground', '2005-05-09 15:17:22'),
(1916, 213, 311, 9, ' alfonso ', '2005-05-05', '09:15:00', '09:25:00', 79, NULL, ' ', '2005-05-09 15:24:54'),
(1917, 205, 298, 9, ' Elliot ', '2005-05-06', '09:10:00', '09:20:00', 70, 1, ' ', '2005-05-10 11:13:54'),
(1918, 207, 301, 9, ' Alejandro ', '2005-05-06', '09:00:00', '09:10:00', 70, 1, 'kids out at recess in headstart playgound', '2005-05-10 11:16:39'),
(1919, 208, 304, 9, ' Zahori ', '2005-05-06', '09:10:00', '09:20:00', 70, 1, ' ', '2005-05-10 11:25:07'),
(1920, 209, 306, 9, ' Gabriel ', '2005-05-06', '09:00:00', '09:10:00', 70, 1, 'Kids playing on playground', '2005-05-10 11:34:09'),
(1921, 213, 311, 9, ' Jose t. ', '2005-05-06', '09:15:00', '09:25:00', 70, 1, ' ', '2005-05-10 12:48:48'),
(1922, 205, 298, 9, ' Kiersten ', '2005-04-29', '09:05:00', '09:15:00', 63, NULL, ' ', '2005-05-10 12:52:34'),
(1923, 207, 301, 9, ' Alejandro ', '2005-04-29', '09:00:00', '09:10:00', 63, NULL, 'kids playing on playground', '2005-05-10 13:41:13'),
(1924, 208, 304, 9, ' Sedona ', '2005-04-29', '09:00:00', '09:10:00', 63, NULL, ' ', '2005-05-10 13:43:27'),
(1925, 209, 306, 9, ' Josue ', '2005-04-29', '09:00:00', '09:10:00', 63, NULL, 'people working on the field', '2005-05-10 13:47:34'),
(1926, 213, 311, 9, ' Violeta ', '2005-04-29', '09:00:00', '09:10:00', 63, NULL, ' ', '2005-05-10 13:51:56'),
(1927, 205, 298, 9, ' Angelica ', '2005-04-28', '09:15:00', '09:25:00', 63, 2, ' ', '2005-05-10 13:59:16'),
(1928, 207, 301, 9, ' Jordan ', '2005-04-28', '09:15:00', '09:25:00', 63, 2, ' ', '2005-05-10 14:02:42'),
(1929, 208, 304, 9, ' Janny ', '2005-04-28', '09:15:00', '09:25:00', 63, 2, 'kids on field', '2005-05-10 14:06:06'),
(1930, 209, 306, 9, ' Brandice ', '2005-04-28', '09:15:00', '09:25:00', 63, 2, 'kids on playground', '2005-05-10 14:14:33'),
(1931, 213, 311, 9, ' Alfonso ', '2005-04-28', '09:15:00', '09:25:00', 63, 2, ' ', '2005-05-10 14:20:06'),
(1932, 213, 311, 9, ' Rodrigo ', '2005-04-21', '09:30:00', '09:40:00', 66, NULL, ' ', '2005-05-10 14:27:43'),
(1933, 208, 304, 9, ' Casandra ', '2005-04-21', '09:30:00', '09:40:00', 66, NULL, ' ', '2005-05-10 14:32:45'),
(1934, 209, 306, 9, ' Brandice ', '2005-04-21', '09:30:00', '09:40:00', 66, NULL, ' ', '2005-05-10 14:38:13'),
(1935, 205, 298, 9, ' Angelica ', '2005-04-21', '09:30:00', '09:40:00', 66, NULL, ' ', '2005-05-10 14:41:13'),
(1936, 207, 301, 9, ' Jordan ', '2005-04-21', '09:30:00', '09:40:00', 66, NULL, ' ', '2005-05-10 14:50:34'),
(1937, 205, 298, 9, ' Amber ', '2005-05-07', '09:15:00', '09:25:00', 72, NULL, ' ', '2005-05-10 14:55:18'),
(1938, 209, 306, 9, ' Anaines ', '2005-05-07', '09:15:00', '09:25:00', 72, NULL, 'Art class ouside by sandbox', '2005-05-10 14:58:14'),
(1939, 208, 304, 9, ' Janny ', '2005-05-07', '09:15:00', '09:25:00', 72, NULL, ' ', '2005-05-10 15:01:30'),
(1940, 213, 311, 9, ' Alfonso ', '2005-05-07', '09:15:00', '09:25:00', 72, NULL, ' ', '2005-05-10 15:06:16'),
(1941, 207, 301, 9, ' Yadira ', '2005-05-07', '09:15:00', '09:25:00', 72, NULL, ' ', '2005-05-10 15:10:41'),
(1942, 205, 298, 9, ' Sedona ', '2005-04-08', '09:35:00', '09:45:00', 64, 1, ' ', '2005-05-10 15:14:51'),
(1943, 213, 311, 9, ' Kiersten ', '2005-04-08', '09:45:00', '09:55:00', 64, 1, ' ', '2005-05-10 15:16:44'),
(1944, 207, 301, 9, ' Tori ', '2005-04-08', '09:35:00', '09:45:00', 64, 1, 'kids playing on recess', '2005-05-10 16:17:51'),
(1945, 209, 306, 9, ' Violeta ', '2005-04-08', '09:35:00', '09:45:00', 64, 1, ' ', '2005-05-10 16:22:18'),
(1946, 208, 304, 9, ' Zahori ', '2005-04-08', '09:35:00', '09:45:00', 64, 1, 'kids at pe', '2005-05-10 16:30:38'),
(1947, 205, 298, 9, ' Elliot ', '2005-04-22', '09:15:00', '09:25:00', 72, NULL, ' ', '2005-05-10 16:37:26'),
(1948, 207, 301, 9, ' Alejandro ', '2005-04-22', '09:15:00', '09:25:00', 72, NULL, 'kids on playground', '2005-05-10 16:43:09'),
(1949, 208, 304, 9, ' Michelle ', '2005-04-22', '09:15:00', '09:25:00', 72, NULL, ' ', '2005-05-10 16:45:52'),
(1950, 209, 306, 9, ' Tori ', '2005-04-22', '09:15:00', '09:25:00', 72, NULL, ' ', '2005-05-11 11:29:36'),
(1951, 213, 311, 9, ' Violeta ', '2005-04-22', '09:15:00', '09:25:00', 72, NULL, ' ', '2005-05-11 11:31:48'),
(1952, 305, 408, 107, ' Ian ', '2005-02-17', '11:43:00', '11:53:00', 72, 1, ' ', '2005-05-18 11:02:18'),
(1953, 287, 385, 107, ' Cory Badgett ', '2005-02-17', '11:10:00', '11:20:00', 77, 1, ' ', '2005-05-18 11:03:45'),
(1954, 305, 408, 107, ' Jenny Chu ', '2005-02-18', '11:30:00', '11:40:00', 72, 2, ' ', '2005-05-18 11:04:18'),
(1955, 286, 384, 107, ' Stacy Clayton ', '2005-03-03', '11:19:00', '11:29:00', 70, 1, ' ', '2005-05-18 11:04:42'),
(1956, 284, 381, 107, ' Amer Lyall ', '2005-02-17', '11:10:00', '11:20:00', 72, 1, ' ', '2005-05-18 11:06:16'),
(1957, 286, 384, 107, ' Xiaotong Li ', '2005-02-17', '11:35:00', '11:45:00', 68, 2, ' ', '2005-05-18 11:07:08'),
(1958, 306, 409, 107, ' Nicole ', '2005-02-17', '11:23:00', '11:33:00', 73, 1, 'rabbit', '2005-05-18 11:08:00'),
(1959, 284, 381, 107, ' Amer Lyall ', '2005-02-18', '11:07:00', '11:17:00', 70, 1, 'News 12 Helicopter', '2005-05-18 11:08:33'),
(1960, 287, 385, 107, ' Robert Reitz ', '2005-02-18', '11:07:00', '11:17:00', 70, 2, ' ', '2005-05-18 11:08:59'),
(1961, 286, 384, 107, ' Brittane Sveum ', '2005-02-18', '11:21:00', '11:31:00', 68, 2, 'saw cardinal across the street and saw grackle outside of boundary', '2005-05-18 11:09:54'),
(1962, 305, 408, 107, ' Jenny Chu ', '2005-02-22', '14:06:00', '14:16:00', 72, 1, ' ', '2005-05-18 11:10:08'),
(1963, 287, 385, 107, ' Corey Badgett ', '2005-02-22', '13:53:00', '14:03:00', 72, 1, ' ', '2005-05-18 11:10:33'),
(1964, 286, 384, 107, ' Laura Beutelman ', '2005-02-22', '14:18:00', '14:28:00', 70, 1, 'a flock of mourning doves approximately six flew over at the the other side of the street', '2005-05-18 11:12:44'),
(1965, 287, 385, 107, ' Amy Siko ', '2005-03-03', '11:07:00', '11:17:00', 77, 1, 'Great Tailed Grackle House Finch Rock Dove', '2005-05-18 11:13:37'),
(1966, 286, 384, 107, ' Brittane Sveum ', '2005-03-04', '11:17:00', '11:27:00', 79, 1, 'Red tailed hawk flew by our circle', '2005-05-18 11:14:49'),
(1967, 287, 385, 107, ' Emily Barton ', '2005-03-04', '11:04:00', '11:14:00', 81, 1, 'Rock Dove Female Finch', '2005-05-18 11:15:11'),
(1968, 305, 408, 107, ' Jenny ', '2005-03-03', '23:32:00', '23:42:00', 77, 1, '2 rabbits', '2005-05-18 11:16:17'),
(1969, 306, 409, 107, ' Jessica ', '2005-02-18', '11:34:00', '11:44:00', 75, 2, '2 rabbits', '2005-05-18 11:16:28'),
(1970, 287, 385, 107, ' Emily Barton ', '2005-03-11', '11:17:00', '11:27:00', 84, NULL, 'Cactus Wren windy', '2005-05-18 11:16:44'),
(1971, 284, 381, 107, ' Amer Lyall ', '2005-02-22', '13:53:00', '14:03:00', 66, 1, ' ', '2005-05-18 11:17:18'),
(1972, 305, 408, 107, ' Jenny Chu ', '2005-03-04', '23:30:00', '23:40:00', 79, 1, '1 bunny', '2005-05-18 11:18:02'),
(1973, 287, 385, 107, ' Breanne Menth and Trista Ratley ', '2005-03-22', '11:03:00', '11:13:00', 79, NULL, 'Northern Mockingbird Turkey Vulture', '2005-05-18 11:18:19'),
(1974, 284, 381, 107, ' Amer Lyall ', '2005-03-03', '11:07:00', '11:17:00', 70, 1, ' ', '2005-05-18 11:19:10'),
(1975, 306, 409, 107, ' Margie ', '2005-02-22', '14:06:00', '14:16:00', 72, 2, 'three rabbits\r', '2005-05-18 11:19:55'),
(1976, 287, 385, 107, ' Robert Reitz ', '2005-04-08', '11:03:00', '11:13:00', 90, NULL, 'Verdin House Finch', '2005-05-18 11:19:59'),
(1977, 305, 408, 107, ' Jenny Chu ', '2005-03-11', '23:04:00', '23:14:00', 75, NULL, ' ', '2005-05-18 11:20:03'),
(1978, 286, 384, 107, ' Stacy Clayton ', '2005-03-11', '11:28:00', '11:38:00', 77, NULL, 'saw a big black and yellow butterfly; windy', '2005-05-18 11:20:19'),
(1979, 284, 381, 107, ' Amer Lyall ', '2005-03-04', '11:04:00', '11:14:00', 81, 1, ' ', '2005-05-18 11:20:36'),
(1980, 306, 409, 107, ' Bryce ', '2005-03-03', '11:32:00', '11:42:00', 79, 1, 'chipmunk', '2005-05-18 11:22:18'),
(1981, 284, 381, 107, ' Amer Lyall ', '2005-03-11', '11:17:00', '11:27:00', 84, NULL, ' ', '2005-05-18 11:22:22'),
(1982, 305, 408, 107, ' Jenny Chu ', '2005-03-22', '23:28:00', '23:38:00', 81, 1, 'Pretty Butterfly', '2005-05-18 11:22:37'),
(1983, 284, 381, 107, ' Amer Lyall ', '2005-03-22', '11:03:00', '11:13:00', 79, 1, 'Turkey Vulture', '2005-05-18 11:23:47'),
(1984, 286, 384, 107, ' Brittane Sveum ', '2005-03-22', '11:15:00', '11:25:00', 77, 1, ' ', '2005-05-18 11:24:32'),
(1985, 306, 409, 107, ' Brianna ', '2005-03-04', '11:30:00', '11:40:00', 79, 2, 'Three rabbits\rone butterfly', '2005-05-18 11:24:56'),
(1986, 305, 408, 107, ' Jenny Chu ', '2005-04-08', '11:27:00', '11:37:00', 81, NULL, ' ', '2005-05-18 11:25:04'),
(1987, 284, 381, 107, ' Amer Lyall ', '2005-04-08', '11:03:00', '11:13:00', 90, NULL, ' ', '2005-05-18 11:25:25'),
(1988, 286, 384, 107, ' Xiaotong Li ', '2005-04-08', '11:15:00', '11:25:00', 90, NULL, ' ', '2005-05-18 11:26:14'),
(1989, 306, 409, 107, ' Jessica ', '2005-03-11', '11:04:00', '11:14:00', 77, NULL, 'one rabbit two chipmunks', '2005-05-18 11:28:16'),
(1990, 306, 409, 107, ' Brianna ', '2005-03-22', '11:28:00', '11:38:00', 79, 1, 'one butterfly', '2005-05-18 11:31:47'),
(1991, 306, 409, 107, ' Michelle ', '2005-04-08', '11:29:00', '11:39:00', 90, NULL, 'four butterflies one bee', '2005-05-18 11:35:53'),
(1992, 284, 381, 110, ' Andre ', '2005-02-17', '12:05:00', '12:15:00', 79, 2, 'Light breeze 2 house finches right outside of zone', '2005-05-18 11:57:34'),
(1993, 284, 381, 110, ' Danielle G. ', '2005-02-18', '12:04:00', '12:14:00', 77, 2, ' ', '2005-05-18 11:59:48'),
(1994, 287, 385, 110, ' Andrew ', '2005-02-17', '12:05:00', '12:15:00', 81, 2, ' ', '2005-05-18 12:00:29'),
(1995, 306, 409, 107, ' NATALIE ', '2005-02-17', '12:19:00', '12:29:00', 75, 2, ' ', '2005-05-18 12:00:58'),
(1996, 286, 384, 110, ' Katie ', '2005-04-08', '12:15:00', '12:25:00', 86, NULL, ' ', '2005-05-18 12:01:43'),
(1997, 224, 324, 110, ' Andre ', '2005-02-23', '11:42:00', '11:52:00', 73, 1, 'No birds', '2005-05-18 12:01:53'),
(1998, 287, 385, 110, ' Andrew ', '2005-02-18', '12:04:00', '12:14:00', 72, 2, ' ', '2005-05-18 12:02:15'),
(1999, 305, 408, 110, ' Irene ', '2005-02-17', '12:19:00', '12:29:00', 77, 2, 'cloudy day heard some bird noises a bit breezy', '2005-05-18 12:03:07'),
(2000, 284, 381, 110, ' Amanda ', '2005-03-03', '12:03:00', '12:13:00', 75, 1, 'Cestrel across the street on a cactus who caught a mouse.', '2005-05-18 12:03:11'),
(2001, 306, 409, 107, ' NATALIE ', '2005-02-18', '12:28:00', '12:38:00', 68, 2, ' ', '2005-05-18 12:03:56'),
(2002, 284, 381, 110, ' Danielle G. ', '2005-03-04', '12:05:00', '12:15:00', 73, 1, ' ', '2005-05-18 12:04:24'),
(2003, 287, 385, 110, ' Andrew ', '2005-02-23', '11:42:00', '11:52:00', 73, NULL, ' ', '2005-05-18 12:04:27'),
(2004, 286, 384, 110, ' Katie ', '2005-02-17', '12:33:00', '12:43:00', 81, 2, ' ', '2005-05-18 12:05:13'),
(2005, 305, 408, 110, ' Irene ', '2005-02-18', '12:28:00', '12:38:00', 72, 2, 'cloudy overcast rained a lot recently damp ground', '2005-05-18 12:05:54'),
(2006, 284, 381, 110, ' Danielle D. ', '2005-03-11', '12:02:00', '12:12:00', 90, NULL, ' ', '2005-05-18 12:06:00'),
(2007, 287, 385, 110, ' Andrew ', '2005-03-03', '12:03:00', '12:13:00', 77, NULL, 'Kester the smallest of the hawks had a mouse on top of a saguaro cactus.', '2005-05-18 12:06:30'),
(2008, 286, 384, 110, ' Katie ', '2005-02-18', '12:16:00', '12:26:00', 75, 2, ' ', '2005-05-18 12:06:36'),
(2009, 306, 409, 107, ' NATALIE ', '2005-02-23', '11:56:00', '12:06:00', 68, 1, ' ', '2005-05-18 12:07:01'),
(2010, 284, 381, 110, ' Everyone ', '2005-03-22', '12:02:00', '12:12:00', 77, 1, ' ', '2005-05-18 12:07:27'),
(2011, 286, 384, 110, ' Katie ', '2005-02-23', '12:09:00', '12:19:00', 73, 1, 'a little windy', '2005-05-18 12:08:01'),
(2012, 306, 409, 107, ' NATALIE ', '2005-03-03', '12:30:00', '12:40:00', 64, 1, 'TWO RABBITS', '2005-05-18 12:08:41'),
(2013, 287, 385, 110, ' Andrew ', '2005-03-04', '12:05:00', '12:15:00', 91, NULL, 'Saw a raven! Curved Bill Thrasher and butterfly (yellow) lots if bird calls', '2005-05-18 12:09:01'),
(2014, 284, 381, 110, ' Everyone ', '2005-04-08', '12:03:00', '12:13:00', 86, NULL, ' ', '2005-05-18 12:09:27'),
(2015, 305, 408, 110, ' Irene ', '2005-02-23', '11:56:00', '12:06:00', 72, 1, 'partly cloudy sunny light breeze', '2005-05-18 12:09:51'),
(2016, 286, 384, 110, ' Katie ', '2005-03-03', '12:16:00', '12:26:00', 77, 1, ' ', '2005-05-18 12:09:59'),
(2017, 306, 409, 107, ' NATALIE ', '2005-03-04', '12:27:00', '12:37:00', 73, 1, '2 RABBITS', '2005-05-18 12:11:10'),
(2018, 305, 408, 110, ' Irene ', '2005-03-03', '12:30:00', '12:40:00', 75, 1, 'breezy kind of sunny cool air blowing rabbits in the distance', '2005-05-18 12:12:05'),
(2019, 287, 385, 110, ' andrew ', '2005-03-11', '12:02:00', '12:12:00', 91, 1, 'harris hawk that wastn in our area butterflies 2 morning doves curved bill thrasher chirps', '2005-05-18 12:12:52'),
(2020, 306, 409, 107, ' NATALIE ', '2005-03-11', '12:28:00', '12:38:00', 93, NULL, 'RABBIT BUNNY\rFIRE ALARM RUINED OUR BIRD WATCHING EXPERIENCE', '2005-05-18 12:12:53'),
(2021, 305, 408, 110, ' Irene ', '2005-03-04', '12:27:00', '12:37:00', 73, 1, 'sunny kind of warm a nice breeze', '2005-05-18 12:14:21'),
(2022, 287, 385, 110, ' andrew ', '2005-03-22', '12:02:00', '12:12:00', 75, 1, ' ', '2005-05-18 12:14:23'),
(2023, 306, 409, 107, ' NATALIE ', '2005-03-22', '12:28:00', '12:38:00', 75, 1, 'CHIPMUNK', '2005-05-18 12:15:31'),
(2024, 305, 408, 110, ' Irene ', '2005-03-11', '12:28:00', '12:38:00', 91, NULL, 'clear sky light breeze kind of sunny feels nice out', '2005-05-18 12:16:37'),
(2025, 287, 385, 110, ' andrew ', '2005-04-07', '12:03:00', '12:13:00', 86, NULL, 'lots of birds! chipmunk was spotted!', '2005-05-18 12:17:23'),
(2026, 286, 384, 110, ' Katie ', '2005-03-04', '12:14:00', '12:24:00', 73, 1, ' ', '2005-05-18 12:17:32'),
(2027, 306, 409, 107, ' NATALIE ', '2005-04-08', '12:27:00', '12:37:00', 86, NULL, 'SLIGHT WIND CHIPMUNK', '2005-05-18 12:18:15'),
(2028, 286, 384, 110, ' Katie ', '2005-03-11', '12:15:00', '12:25:00', 91, NULL, ' ', '2005-05-18 12:18:54'),
(2029, 305, 408, 110, ' Irene ', '2005-03-22', '12:28:00', '12:38:00', 90, 1, 'light breeze rather sunny cool undertone little windy', '2005-05-18 12:20:27'),
(2030, 286, 384, 110, ' Katie ', '2005-03-22', '12:15:00', '12:25:00', 75, 1, ' ', '2005-05-18 12:21:45'),
(2031, 305, 408, 110, ' Irene ', '2005-04-08', '12:27:00', '12:37:00', 86, NULL, 'clear skies no clouds a light breeze kind of cool horns honking', '2005-05-18 12:23:46'),
(2032, 287, 385, 108, ' Jon Yang ', '2005-02-17', '13:20:00', '13:30:00', 77, 2, ' ', '2005-05-18 12:55:19'),
(2033, 344, 431, 108, ' Sienna VanGelder ', '2005-02-17', '13:29:00', '13:39:00', 73, 2, ' ', '2005-05-18 12:55:28'),
(2034, 224, 324, 108, ' Becca Weiss ', '2005-02-17', '13:02:00', '13:12:00', 73, 2, ' ', '2005-05-18 12:55:58'),
(2035, 287, 385, 108, ' Jon Yang ', '2005-02-23', '13:04:00', '13:14:00', 77, 1, ' ', '2005-05-18 12:57:22'),
(2036, 372, 459, 108, ' Max Walker ', '2005-03-04', '13:18:00', '13:28:00', 82, 1, ' ', '2005-05-18 12:58:01'),
(2037, 344, 431, 108, ' Sienna VanGelder ', '2005-02-23', '13:17:00', '13:27:00', 75, 1, 'more birds becuase it was sunny. ', '2005-05-18 12:58:33'),
(2038, 287, 385, 108, ' Jon Yang ', '2005-03-03', '13:20:00', '13:30:00', 72, 1, 'monarch butterflies flying around', '2005-05-18 12:58:38'),
(2039, 371, 458, 108, ' Lindsey Herzog ', '2005-02-17', '13:02:00', '13:15:00', 82, 2, ' ', '2005-05-18 12:59:04'),
(2040, 287, 385, 108, ' Jon Yang ', '2005-03-04', '13:19:00', '13:29:00', 82, 1, ' ', '2005-05-18 13:00:09'),
(2041, 224, 324, 108, ' Becca Weiss ', '2005-02-23', '12:48:00', '12:58:00', 77, 1, ' ', '2005-05-18 13:00:19'),
(2042, 344, 431, 108, ' Sienna VanGelder ', '2005-03-03', '13:30:00', '13:40:00', 81, 1, 'There were groups of three or four grackels flying over at a time.', '2005-05-18 13:00:35'),
(2043, 372, 459, 108, ' Max Walker ', '2005-03-11', '13:18:00', '13:28:00', 95, NULL, ' ', '2005-05-18 13:00:41'),
(2044, 371, 458, 108, ' Brooke Burgstahler ', '2005-02-23', '12:48:00', '12:58:00', 81, 1, ' ', '2005-05-18 13:01:14'),
(2045, 287, 385, 108, ' Jon Yang ', '2005-03-11', '13:18:00', '13:28:00', 86, NULL, ' ', '2005-05-18 13:01:30'),
(2046, 224, 324, 108, ' Becca Weiss ', '2005-03-03', '13:05:00', '13:15:00', 82, 1, 'We saw a chipmunk.', '2005-05-18 13:02:19'),
(2047, 372, 459, 108, ' Max Walker ', '2005-03-22', '13:15:00', '13:25:00', 90, 1, ' ', '2005-05-18 13:02:47'),
(2048, 287, 385, 108, ' Jon Yang ', '2005-03-22', '13:15:00', '13:15:00', 90, 1, ' ', '2005-05-18 13:02:58'),
(2049, 344, 431, 108, ' Sienna VanGelder ', '2005-03-04', '13:29:00', '13:39:00', 82, 1, 'Along with the observed birds a squirrel was also spotted.', '2005-05-18 13:03:34'),
(2050, 371, 458, 108, ' Brooke Burgstahler ', '2005-03-03', '13:05:00', '13:15:00', 81, 1, 'a large group of great-tailed grackles and european starlings flew by at once', '2005-05-18 13:04:37'),
(2051, 224, 324, 108, ' Becca Weiss ', '2005-03-04', '13:03:00', '13:13:00', 82, 2, 'We saw a great-tailed grackle trying to kill a house sparrow.', '2005-05-18 13:04:48'),
(2052, 344, 431, 108, ' Sienna VanGelder ', '2005-03-11', '13:27:00', '13:37:00', 95, NULL, ' ', '2005-05-18 13:05:17'),
(2053, 372, 459, 108, ' Max Walker ', '2005-03-31', '13:15:00', '13:25:00', 82, NULL, ' ', '2005-05-18 13:05:27'),
(2054, 287, 385, 108, ' Jon Yang ', '2005-03-31', '13:15:00', '13:25:00', 90, NULL, 'Apache Ah-60 helicopter seen', '2005-05-18 13:05:33'),
(2055, 224, 324, 108, ' Becca Weiss ', '2005-03-11', '13:03:00', '13:13:00', 86, 1, ' ', '2005-05-18 13:06:40'),
(2056, 344, 431, 108, ' Brooke Burgstahler ', '2004-03-04', '13:03:00', '13:13:00', 93, 1, ' ', '2005-05-18 13:07:05'),
(2057, 287, 385, 108, ' Jon Yang ', '2005-04-08', '13:16:00', '13:26:00', 93, NULL, ' ', '2005-05-18 13:07:12'),
(2058, 286, 384, 108, ' Becca Weiss ', '2005-03-22', '13:02:00', '13:12:00', 81, 1, ' ', '2005-05-18 13:08:03'),
(2059, 372, 459, 108, ' Max Walker ', '2005-04-08', '13:16:00', '13:26:00', 93, NULL, ' ', '2005-05-18 13:08:38'),
(2060, 344, 431, 108, ' Sienna VanGelder ', '2005-03-22', '13:28:00', '13:38:00', 90, 1, ' ', '2005-05-18 13:09:01'),
(2061, 344, 431, 108, ' Brooke B ', '2005-03-11', '13:03:00', '13:13:00', 86, NULL, ' ', '2005-05-18 13:09:44'),
(2062, 224, 324, 108, ' Becca Weiss ', '2005-03-31', '13:01:00', '13:11:00', 79, 1, ' ', '2005-05-18 13:09:50'),
(2063, 372, 459, 108, ' Max Walker ', '2005-03-03', '13:20:00', '13:30:00', 73, 1, ' ', '2005-05-18 13:10:45'),
(2064, 224, 324, 108, ' Erica Brosman ', '2005-04-08', '13:02:00', '13:12:00', 93, 1, 'We saw a chipmunk.', '2005-05-18 13:11:19'),
(2065, 344, 431, 108, ' Sami Alpert ', '2005-03-22', '13:02:00', '13:12:00', 86, 1, ' ', '2005-05-18 13:12:19'),
(2066, 344, 431, 108, ' Sienna VanGelder ', '2005-03-31', '13:28:00', '13:38:00', 93, NULL, ' ', '2005-05-18 13:12:30'),
(2067, 372, 459, 108, ' Max Walker ', '2005-02-23', '13:04:00', '13:14:00', 77, 1, ' ', '2005-05-18 13:12:40'),
(2068, 371, 458, 108, ' Brooke B ', '2005-03-31', '13:02:00', '13:12:00', 90, NULL, ' ', '2005-05-18 13:14:20'),
(2069, 372, 459, 108, ' Max Walker ', '2005-02-17', '13:18:00', '13:28:00', 73, 2, ' ', '2005-05-18 13:14:26'),
(2070, 344, 431, 108, ' Sienna VanGelder ', '2005-04-08', '13:28:00', '13:38:00', 95, 1, ' ', '2005-05-18 13:14:44'),
(2071, 371, 458, 108, ' Brooke B ', '2005-04-08', '13:02:00', '13:12:00', 84, 1, ' ', '2005-05-18 13:16:20'),
(2072, 371, 458, 109, ' M.K.S.B.L. ', '2005-02-17', '14:06:00', '14:16:00', 82, 2, ' ', '2005-05-18 13:55:38'),
(2073, 344, 431, 109, ' Kari ', '2005-02-17', '14:31:00', '14:41:00', 82, 2, ' ', '2005-05-18 13:56:39'),
(2074, 164, 263, 109, ' Jack Andrews ', '2005-02-17', '14:18:00', '14:28:00', 75, 2, 'car drove by PE class running', '2005-05-18 13:56:45'),
(2075, 224, 324, 109, ' Allison Nilsson, Brandon Peters, Nicky Vandewater, Malavika Mallya, Jordan Wong ', '2005-04-08', '13:58:00', '14:08:00', 84, NULL, ' ', '2005-05-18 13:57:30'),
(2076, 372, 459, 109, ' Paul ', '2005-02-17', '14:17:00', '14:27:00', 75, 2, ' ', '2005-05-18 13:57:58'),
(2077, 371, 458, 109, ' M.K.S.B.L. ', '2005-02-18', '14:04:00', '14:14:00', 70, 2, ' ', '2005-05-18 13:58:39'),
(2078, 344, 431, 109, ' Kari ', '2005-02-18', '14:28:00', '14:38:00', 79, 2, ' ', '2005-05-18 13:58:49'),
(2079, 224, 324, 109, ' Allison N, Jordan W, Brandon P, Malavika M, Nicky V ', '2005-03-22', '14:01:00', '14:11:00', 81, 1, ' ', '2005-05-18 14:00:08'),
(2080, 372, 459, 109, ' Paul ', '2005-02-18', '14:17:00', '14:27:00', 75, 1, ' ', '2005-05-18 14:00:14'),
(2081, 371, 458, 109, ' M.K.S.B.L. ', '2005-02-23', '13:54:00', '14:04:00', 79, 1, ' ', '2005-05-18 14:01:15'),
(2082, 344, 431, 109, ' kari ', '2005-02-23', '14:20:00', '14:30:00', 79, 1, ' ', '2005-05-18 14:01:50'),
(2083, 164, 263, 109, ' Jack Andrews ', '2005-02-18', '14:17:00', '14:27:00', 79, 2, 'Raining Football Practice', '2005-05-18 14:02:15'),
(2084, 372, 459, 109, ' Paul ', '2005-02-23', '14:07:00', '14:17:00', 75, 1, ' ', '2005-05-18 14:02:44'),
(2085, 224, 324, 109, ' Allison N, Jordan W, Brandon P, Malavika M, Nicky V ', '2005-03-04', '14:01:00', '14:11:00', 73, 1, ' ', '2005-05-18 14:03:22'),
(2086, 344, 431, 109, ' Kari ', '2005-03-03', '14:28:00', '14:38:00', 81, 1, ' ', '2005-05-18 14:03:44'),
(2087, 372, 459, 109, ' Paul ', '2005-03-03', '14:16:00', '14:26:00', 75, 1, ' ', '2005-05-18 14:04:09'),
(2088, 164, 263, 109, ' Jack Andrews ', '2005-02-23', '14:08:00', '14:18:00', 84, 1, 'PE class Baseball Practice', '2005-05-18 14:04:23'),
(2089, 371, 458, 109, ' M.K.S.B.L. ', '2005-03-03', '14:04:00', '14:14:00', 72, 1, ' ', '2005-05-18 14:04:37'),
(2090, 224, 324, 109, ' Allison N, Jordan W, Brandon P, Malavika M, Nicky VAllison N, Jordan W, Brandon P, Malavika M, Nicky V ', '2005-03-03', '14:04:00', '14:14:00', 72, 1, ' ', '2005-05-18 14:05:28'),
(2091, 372, 459, 109, ' Paul ', '2005-03-04', '14:14:00', '14:24:00', 86, 1, ' ', '2005-05-18 14:05:50'),
(2092, 344, 431, 109, ' kari ', '2005-03-04', '14:25:00', '14:35:00', 82, 1, ' ', '2005-05-18 14:05:59'),
(2093, 371, 458, 109, ' Kari ', '2005-03-11', '14:25:00', '14:35:00', 102, NULL, ' ', '2005-05-18 14:07:26'),
(2094, 372, 459, 109, ' Paul ', '2005-03-11', '14:13:00', '14:23:00', 102, NULL, ' ', '2005-05-18 14:07:43'),
(2095, 164, 263, 109, ' Jack Andrews ', '2005-03-04', '14:14:00', '14:24:00', 79, 1, 'Guy in Golf Cart', '2005-05-18 14:07:50'),
(2096, 224, 324, 109, ' Allison N, Jordan W, Brandon P, Malavika M, Nicky V ', '2005-02-23', '13:49:00', '14:09:00', 75, 1, ' ', '2005-05-18 14:07:54'),
(2097, 371, 458, 109, ' M.K.S.B.L. ', '2005-03-04', '14:01:00', '14:11:00', 79, 2, 'Chipmunks', '2005-05-18 14:08:16'),
(2098, 372, 459, 109, ' Paul ', '2005-03-22', '14:14:00', '14:24:00', 91, 1, 'More grass because of rain.', '2005-05-18 14:09:06'),
(2099, 344, 431, 109, ' kari ', '2005-03-22', '14:26:00', '14:36:00', 84, 1, ' ', '2005-05-18 14:09:14'),
(2100, 224, 324, 109, ' Allison N, Jordan W, Brandon P, Malavika M, Nicky V ', '2005-02-18', '14:04:00', '14:14:00', 68, 1, 'A dead rabbit. ', '2005-05-18 14:09:57'),
(2101, 372, 459, 109, ' Paul ', '2005-04-08', '14:12:00', '14:22:00', 84, 1, 'Alot of butterflies.', '2005-05-18 14:11:13'),
(2102, 344, 431, 109, ' kari ', '2005-04-08', '14:25:00', '14:35:00', 84, NULL, ' ', '2005-05-18 14:12:08'),
(2103, 164, 263, 109, ' Jack Andrews ', '2005-03-11', '14:13:00', '14:23:00', 93, NULL, 'PE class basketball baseball', '2005-05-18 14:14:34'),
(2104, 224, 324, 109, ' Allison N, Jordan W, Brandon P, Malavika M, Nicky V ', '2005-02-17', '14:06:00', '14:16:00', 79, 2, 'chipmunk was running around like it was crazy.', '2005-05-18 14:15:07'),
(2105, 371, 458, 109, ' M.K.S.B.L. ', '2005-03-11', '14:01:00', '14:11:00', 93, NULL, 'BUNNIES', '2005-05-18 14:16:21'),
(2106, 164, 263, 109, ' Jack Andrews ', '2005-03-22', '14:14:00', '14:24:00', 93, 1, 'PE class baseball team people walking in zone', '2005-05-18 14:16:46'),
(2107, 371, 458, 109, ' M.K.S.B.L. ', '2005-03-22', '14:01:00', '14:11:00', 90, 1, ' ', '2005-05-18 14:19:43'),
(2108, 164, 263, 109, ' Jack Andrews ', '2005-04-03', '14:15:00', '14:25:00', 72, 1, 'PE class basketball', '2005-05-18 14:20:42'),
(2109, 371, 458, 109, ' M.K.S.B.L. ', '2005-04-08', '14:00:00', '14:10:00', 84, 1, ' ', '2005-05-18 14:22:41'),
(2110, 164, 263, 109, ' Jack Andrews ', '2005-04-08', '14:12:00', '14:22:00', 84, NULL, 'PE class', '2005-05-18 14:23:15'),
(2111, 373, 460, 111, ' Gene ', '2005-03-19', '07:35:00', '07:48:00', 72, NULL, ' ', '2005-05-23 08:47:11'),
(2112, 373, 460, 111, ' Gene ', '2005-05-21', '07:37:00', '07:51:00', 63, NULL, ' ', '2005-05-23 08:52:19'),
(2113, 373, 460, 111, ' Gene ', '2005-04-26', '07:40:00', '07:53:00', 73, NULL, ' ', '2005-05-23 08:56:28'),
(2114, 373, 460, 111, ' Gene ', '2005-04-28', '07:46:00', '07:58:00', 64, 2, 'observed a bobcat stalking and catching a ground squirrel', '2005-05-23 09:00:46'),
(2115, 373, 460, 111, ' Gene ', '2005-05-10', '07:53:00', '08:06:00', 79, NULL, ' ', '2005-05-23 09:03:51'),
(2116, 373, 460, 111, ' Gene ', '2005-05-12', '07:35:00', '07:45:00', 68, NULL, ' ', '2005-05-23 09:07:38'),
(2117, 373, 460, 111, ' Gene ', '2005-05-17', '07:30:00', '07:30:00', 81, 1, 'Observed lesser nighthawk', '2005-05-23 09:11:33'),
(2118, 373, 460, 111, ' Gene ', '2005-05-19', '07:35:00', '07:45:00', 88, NULL, ' ', '2005-05-23 09:15:03'),
(2119, 221, 317, 42, ' SCDL ', '2005-06-22', '08:40:00', '08:50:00', 100, NULL, ' ', '2005-06-24 13:01:59'),
(2120, 222, 322, 42, ' SCLD ', '2005-06-22', '08:48:00', '08:58:00', 90, 1, ' ', '2005-06-24 13:06:11'),
(2121, 116, 232, 113, ' Amy Bell, Cher Fesenmaier, and Roy Jones ', '2005-06-23', '10:20:00', '10:30:00', 102, NULL, ' ', '2005-06-24 13:08:30'),
(2122, 117, 233, 113, ' Jeff Snyder ', '2005-06-23', '10:15:00', '10:25:00', 100, NULL, ' ', '2005-06-24 13:12:47'),
(2123, 115, 231, 113, ' Bill  ', '2005-06-23', '10:20:00', '10:30:00', 115, NULL, ' ', '2005-06-24 13:15:02'),
(2124, 180, 275, 114, ' Clarice ', '2005-06-28', '10:08:00', '10:08:00', 93, NULL, ' ', '2005-06-28 12:22:36'),
(2125, 181, 276, 114, ' Jeff Snyder ', '2005-06-28', '10:11:00', '10:21:00', 93, NULL, 'One additional observer needs to be by the waterfront in order to observe birds from that portion of the circle.', '2005-06-28 12:24:42'),
(2126, 182, 277, 114, ' John ', '2005-06-28', '10:15:00', '10:25:00', 93, NULL, ' ', '2005-06-28 12:25:20'),
(2127, 382, 466, 19, ' Julia Luna ', '2005-10-21', '12:50:00', '13:00:00', 88, NULL, ' ', '2005-10-24 12:35:51'),
(2128, 200, 291, 115, ' Curtis, Amanda, Laura ', '2005-12-02', '10:05:00', '11:05:00', 60, 1, ' ', '2005-12-02 11:09:51'),
(2129, 327, 422, 115, ' GROUP 4 ', '2005-12-02', '10:31:00', '11:15:00', 72, 1, ' ', '2005-12-02 11:20:09'),
(2130, 188, 280, 115, ' william hill ', '2005-12-02', '11:00:00', '11:10:00', 65, 1, 'latter am rather noisy quite allot of trafic and disription', '2005-12-02 11:23:52'),
(2131, 97, 224, 115, ' Carrie ', '2005-12-02', '11:25:00', '11:35:00', 65, 1, 'Landscaper working in area traffic from Thomas rd. was noisy and students were walking by.', '2005-12-02 11:40:07'),
(2132, 307, 410, 115, ' Alex ', '2005-12-02', '11:20:00', '11:30:00', 72, NULL, 'established this loveley site today as a part of team Apache Togo Zona.', '2005-12-02 11:54:30'),
(2133, 242, 341, 119, ' Ryann Stephens and JennaRose Doras ', '2005-12-12', '09:35:00', '09:45:00', 56, NULL, ' ', '2005-12-13 09:46:29'),
(2134, 246, 345, 119, ' gomez  berrelleza ', '2005-10-12', '01:15:00', '02:45:00', 32, NULL, ' ', '2005-12-13 09:56:40'),
(2135, 262, 361, 119, ' Eric Childs and Devon Bailey ', '2005-12-12', '09:35:00', '09:45:00', 56, 2, ' ', '2005-12-13 09:57:14'),
(2136, 269, 370, 119, ' Keigley and Hovenga ', '2005-12-13', '09:35:00', '09:45:00', 56, 2, ' ', '2005-12-13 09:58:19'),
(2137, 226, 325, 119, ' Jerame Mudick ', '2005-12-12', '09:35:00', '09:45:00', 56, 2, ' ', '2005-12-13 10:08:48'),
(2138, 241, 340, 118, ' Grimes ', '2005-12-12', '10:40:00', '10:50:00', 58, 2, ' ', '2005-12-13 10:55:28'),
(2139, 244, 343, 118, ' paris grimm ', '2005-12-12', '10:40:00', '10:50:00', 58, 2, ' ', '2005-12-13 11:02:44'),
(2140, 268, 367, 65, ' Jess and Eric ', '2005-12-13', '12:25:00', '12:35:00', 64, 2, ' ', '2005-12-13 12:33:15'),
(2141, 254, 353, 120, ' SamCarlson ', '2005-12-12', '12:25:00', '12:35:00', 64, 2, 'The grass was wet.', '2005-12-13 12:35:28'),
(2142, 304, 407, 120, ' Landon Snell ', '2005-12-12', '12:25:00', '12:35:00', 58, 2, ' ', '2005-12-13 12:37:20'),
(2143, 252, 351, 120, ' josh josh ', '2005-12-13', '12:25:00', '12:55:00', 64, 2, ' ', '2005-12-13 12:37:49'),
(2144, 304, 407, 120, ' Jon ', '2005-12-12', '12:25:00', '12:35:00', 58, 2, ' ', '2005-12-13 12:38:36'),
(2145, 267, 366, 120, ' Castillo Jimenez ', '2005-12-12', '12:25:00', '12:35:00', 64, 2, ' ', '2005-12-13 12:53:38'),
(2146, 261, 360, 119, ' Lindsay and Kelsie ', '2005-12-12', '09:35:00', '09:45:00', 56, 2, 'no birds', '2005-12-14 09:12:13'),
(2147, 255, 354, 119, ' zac jeff ', '2005-12-12', '09:35:00', '10:35:00', 56, 2, 'three great tailed grackels', '2005-12-14 09:22:56'),
(2148, 266, 365, 119, ' SeanEduardo ', '2005-12-12', '09:43:00', '10:05:00', 56, 2, ' ', '2005-12-14 09:27:25'),
(2149, 237, 336, 119, ' Thomas and Nate ', '2005-12-09', '09:35:00', '09:45:00', 56, 2, ' ', '2005-12-14 09:28:37'),
(2150, 251, 350, 119, ' matt and andy ', '2005-12-12', '09:35:00', '09:45:00', 56, 2, 'the band was playing and people were welding things.', '2005-12-14 09:43:08'),
(2151, 227, 326, 118, ' Natalie  ', '2005-12-14', '10:40:00', '10:50:00', 56, 2, ' ', '2005-12-14 10:20:59'),
(2152, 258, 357, 118, ' Mollie and Jordyn ', '2005-12-12', '10:40:00', '10:50:00', 58, 2, ' ', '2005-12-14 10:23:29'),
(2153, 228, 327, 97, ' Joey + Trent ', '2005-12-12', '10:40:00', '10:50:00', 58, 2, 'we didnt see any birds ', '2005-12-14 10:26:55'),
(2154, 256, 355, 118, ' eddie, isreal ', '2005-12-12', '10:40:00', '10:50:00', 58, 2, ' ', '2005-12-14 10:27:35'),
(2155, 236, 335, 118, ' robert rasmus ', '2005-12-12', '10:40:00', '10:50:00', 58, 2, ' ', '2005-12-14 10:31:45'),
(2156, 253, 352, 118, ' paige jasmine ', '2005-12-12', '10:40:00', '10:50:00', 58, 2, ' ', '2005-12-14 10:40:31'),
(2157, 239, 338, 118, ' Anten Emily ', '2005-12-09', '10:40:00', '10:50:00', 58, 2, ' ', '2005-12-14 10:42:18'),
(2158, 250, 349, 118, ' nick and vince ', '2005-12-12', '10:40:00', '10:50:00', 136, 2, ' ', '2005-12-14 10:45:53'),
(2159, 1, 128, 120, ' STEPH JESS ', '2005-12-13', '12:25:00', '12:35:00', 64, 2, 'no birds', '2005-12-14 12:01:14'),
(2160, 230, 329, 120, ' J.R., Alex ', '2005-12-12', '12:25:00', '12:35:00', 69, 2, 'No birds observed', '2005-12-14 12:06:01'),
(2161, 245, 344, 120, ' kayli and alyssa ', '2005-12-12', '12:25:00', '12:35:00', 64, 2, ' ', '2005-12-14 12:07:05'),
(2162, 264, 363, 120, ' lauren and tawnie ', '2005-12-12', '12:25:00', '12:35:00', 64, 2, ' ', '2005-12-14 12:07:49'),
(2163, 229, 328, 120, ' RoMo, Whyte Noise ', '2005-12-12', '12:25:00', '12:35:00', 64, 2, ' ', '2005-12-14 12:10:34'),
(2164, 140, 253, 120, ' NATE JACK ', '2005-12-12', '12:25:00', '12:35:00', 64, 2, ' ', '2005-12-14 12:16:06'),
(2165, 247, 346, 120, ' Josie U.  Diana N. ', '2005-12-09', '12:25:00', '12:35:00', 64, 2, ' ', '2005-12-14 12:17:07'),
(2166, 5, 133, 120, ' Josh tylar ', '2005-12-12', '12:25:00', '12:35:00', 64, 2, ' ', '2005-12-14 12:18:56'),
(2167, 243, 342, 120, ' Robert and James ', '2005-12-12', '12:25:00', '12:35:00', 64, 2, ' ', '2005-12-20 11:16:10'),
(2168, 113, 229, 19, ' Erick and Hector ', '2006-02-02', '12:35:00', '12:45:00', 70, NULL, ' ', '2006-02-07 14:03:02'),
(2169, 188, 280, 115, ' Sarah, Cynthia, Viviana, & Larissa ', '2006-03-03', '09:45:00', '09:55:00', 70, NULL, 'Sunny day; light breeze; wet lawn; light-medium traffic nearby; increasing nearby human activity', '2006-03-03 10:17:00'),
(2170, 327, 422, 115, ' ANAHI/BELDA ', '2006-03-03', '09:35:00', '09:55:00', 70, NULL, 'THERE WHERE NOT ALOT OF BIRDS BECAUSE THERE WAS ALOT OF PEOPLE WALKING AROUND THE AREA', '2006-03-03 10:19:12'),
(2171, 307, 410, 115, ' Antonia, April, Bradley ', '2006-03-03', '09:30:00', '10:00:00', 64, NULL, 'We only got one bird due to the lack of a quiet atmosphere. There was a landscaper children playing and people walking through our area. Many birds flew over the area but none landed on the ground. The only bird we saw landed in a tree in our circle.', '2006-03-03 10:21:30'),
(2172, 97, 224, 115, ' Rene, Dolores, Chris ', '2006-03-03', '09:45:00', '09:45:00', 70, NULL, 'diverse habitat with treesgrass shrubsbuildingsand dirt. Many people were walking by and there was a lot of traffic noise', '2006-03-03 10:24:25'),
(2173, 200, 291, 115, ' Nathan / Cathy ', '2006-03-03', '10:05:00', '10:15:00', 70, NULL, 'The grass area was filled with tables and chairs. Alot of people walked through the area. Several birds flew through the area none landed in trees or ground areas.', '2006-03-03 10:39:55'),
(2174, 214, 313, 122, ' Tanner ', '2006-04-02', '15:00:00', '15:20:00', 76, NULL, ' ', '2006-04-13 14:27:18'),
(2175, 214, 313, 122, ' mack ', '2006-03-02', '14:21:00', '14:39:00', 79, 1, ' ', '2006-04-13 14:33:41'),
(2176, 214, 313, 122, ' CJ Keller ', '2009-03-31', '10:49:00', '10:53:00', 80, 1, ' ', '2006-04-13 14:38:03'),
(2177, 214, 313, 122, ' Henry ', '2006-04-13', '14:21:00', '14:40:00', 85, NULL, ' ', '2006-04-13 14:39:19'),
(2178, 214, 313, 122, ' Henry ', '2006-04-13', '14:21:00', '14:40:00', 85, NULL, ' ', '2006-04-13 14:39:36'),
(2179, 214, 313, 122, '  ', '2006-04-13', '00:00:00', '00:00:00', 32, NULL, ' ', '2006-04-13 14:42:35'),
(2180, 214, 313, 122, ' Tanner ', '2006-03-31', '15:10:00', '15:17:00', 74, NULL, ' ', '2006-04-13 14:45:15'),
(2181, 214, 313, 122, ' CJ ', '2006-03-31', '14:21:00', '14:40:00', 85, NULL, ' ', '2006-04-13 14:46:00'),
(2182, 214, 313, 122, ' MACK ', '2006-04-13', '14:40:00', '14:54:00', 85, 2, 'I THINK VERDIN NEST', '2006-04-13 14:56:48'),
(2183, 214, 313, 122, ' CJ Keller ', '2006-04-12', '14:40:00', '14:58:00', 90, 2, ' ', '2006-04-13 14:57:03'),
(2184, 214, 313, 122, ' Jenna ', '2006-03-03', '14:30:00', '02:48:00', 90, NULL, ' ', '2006-04-13 14:59:56'),
(2185, 188, 280, 115, ' Fab 4 ', '2006-04-28', '08:41:00', '08:51:00', 70, 2, ' ', '2006-04-28 09:07:21'),
(2186, 97, 224, 115, ' Renee & Chris ', '2006-04-28', '08:37:00', '08:47:00', 68, 2, 'Trees have grown leaves since the last observation. It is much harder to see the birds now.', '2006-04-28 09:08:00'),
(2187, 307, 410, 115, ' Antonia, April, Bradley ', '2006-04-28', '08:30:00', '09:00:00', 68, 1, 'The sprinklers were on when we got arrived. It started sprinkling on us. Alot of birds flew over and landed on the trees and roof tops around us but only one bird landed in our perimeter.', '2006-04-28 09:12:31'),
(2188, 200, 291, 115, ' Nathan  ', '2006-04-28', '08:46:00', '08:56:00', 68, 2, 'Tables and chairs were in the library and lawn site. A gardener with a blower scared the many of the birds away.', '2006-04-28 09:23:02'),
(2189, 215, 314, 115, ' Diedre ', '2006-04-28', '08:37:00', '08:47:00', 70, 2, ' ', '2006-04-28 13:47:21'),
(2190, 327, 422, 115, ' Anahi ', '2006-04-28', '08:40:00', '08:54:00', 70, 2, ' ', '2006-04-28 13:51:03');
INSERT INTO `bird_samples` (`id`, `site_id`, `habitat_id`, `teachers_class_id`, `observer`, `collection_date`, `time_start`, `time_end`, `air_temp`, `cloud_cover_id`, `comments`, `date_entered`) VALUES
(2191, 85, 213, 124, ' Sarah Douglass, Cassi Eickhoff ', '2005-11-30', '14:31:00', '14:41:00', 64, NULL, ' ', '2006-05-15 13:37:23'),
(2192, 85, 213, 124, ' Cassi Eickhoff, Sarah Douglass ', '2005-12-02', '08:25:00', '08:35:00', 51, 1, ' ', '2006-05-15 13:39:16'),
(2193, 85, 213, 124, ' Sarah Douglass, Cassi Eickhoff ', '2005-01-03', '14:33:00', '14:43:00', 70, 1, ' ', '2006-05-15 13:42:40'),
(2194, 85, 213, 124, ' Sarah Douglass, Cassi Eickhoff ', '2005-01-20', '12:16:00', '12:26:00', 67, NULL, ' ', '2006-05-15 13:47:10'),
(2195, 85, 213, 124, ' Liyang Tang, Brittany Miller ', '2005-01-27', '17:07:00', '17:17:00', 55, NULL, 'Planes overhead janitor nearby', '2006-05-16 09:55:29'),
(2196, 85, 213, 124, ' Casey De Cesari, Molly Alward ', '2006-01-31', '06:20:00', '06:30:00', 59, NULL, 'Very dark (early morning) no birds.  A bat was sited.', '2006-05-16 09:58:28'),
(2197, 85, 213, 124, ' Brittany Miller, Liyang Tang ', '2006-02-10', '16:51:00', '17:01:00', 70, NULL, 'planes helicopters cars music and motorcycle', '2006-05-16 10:06:50'),
(2198, 85, 213, 124, ' Casey DeCesari, Molly Alward ', '2006-02-24', '16:50:00', '17:00:00', 72, NULL, ' ', '2006-05-16 10:23:13'),
(2199, 85, 213, 124, ' Cassi Eickhoff ', '2006-03-28', '07:32:00', '07:42:00', 59, 2, 'sprinkling', '2006-05-16 12:27:37'),
(2200, 85, 213, 124, ' Molly Alward, Casey DeCesari ', '2005-03-31', '16:06:00', '16:16:00', 72, 2, ' ', '2006-05-16 12:29:29'),
(2201, 85, 213, 124, ' Liyang Tang, Brittany Miller ', '2006-03-31', '16:18:00', '16:28:00', 75, 2, 'Breezy vaccums planes', '2006-05-16 12:31:53'),
(2202, 85, 213, 124, ' Brittany Miller, Liyang Tang ', '2006-04-23', '17:13:00', '05:23:00', 91, 2, 'Music carspeople carts (cleaning staff)', '2006-05-16 12:36:12'),
(2203, 86, 214, 124, ' Casey DeCesari ', '2005-10-27', '17:52:00', '18:02:00', 81, 1, ' ', '2006-05-16 12:40:19'),
(2204, 86, 214, 124, ' Sarah Douglass, Cassi Eickhoff ', '2005-11-30', '14:17:00', '14:27:00', 64, NULL, 'Lots of cars in parking lot', '2006-05-16 12:42:26'),
(2205, 86, 214, 124, ' Sarah Douglass, Cassi Eickhoff ', '2005-12-02', '08:13:00', '08:23:00', 51, 1, ' ', '2006-05-16 12:44:19'),
(2206, 86, 214, 124, ' Sarah Douglass, Cassi Eickhoff ', '2006-01-03', '14:18:00', '14:28:00', 66, 1, ' ', '2006-05-16 12:46:09'),
(2207, 86, 214, 124, ' Cassi Eickhoff, Sarah Douglass ', '2006-01-20', '12:03:00', '12:13:00', 67, NULL, ' ', '2006-05-16 12:48:20'),
(2208, 86, 214, 124, ' Brittany Miller, Liyang Tang ', '2005-01-27', '17:27:00', '17:37:00', 59, NULL, 'Disturbances included planes overhead and vehicles.', '2006-05-16 12:54:48'),
(2209, 86, 214, 124, ' Brittany Miller, Liyang Tang ', '2006-02-10', '17:25:00', '17:35:00', 72, NULL, 'Helicopter overhead', '2006-05-18 09:54:32'),
(2210, 86, 214, 124, ' Molly Alward ', '2006-02-24', '17:20:00', '17:30:00', 77, NULL, ' ', '2006-05-18 09:56:23'),
(2211, 86, 214, 124, ' Cassi Eickhoff ', '2006-03-28', '07:46:00', '07:56:00', 52, 2, 'Cars were coming and going.  Sprinkling rain.', '2006-05-18 10:00:43'),
(2212, 86, 214, 124, ' Molly Alward, Casey DeCesari ', '2006-03-31', '15:53:00', '16:03:00', 72, 2, 'Breezy', '2006-05-18 10:02:49'),
(2213, 86, 214, 124, ' Liyang Tang, Brittany Miller ', '2006-03-31', '17:03:00', '17:13:00', 75, 2, 'Baseball game noise nearby.', '2006-05-18 10:08:56'),
(2214, 86, 214, 124, ' Brittany Miller, Liyang Tang ', '2006-04-28', '17:44:00', '17:54:00', 79, 2, 'lot of cars', '2006-05-19 07:46:25'),
(2215, 87, 215, 124, ' Brittany Miller, Liyang Tang ', '2006-04-23', '17:30:00', '17:40:00', 81, 2, 'children playing nearby', '2006-05-19 07:51:43'),
(2216, 87, 215, 124, ' Liyang Tang, Brittany Miller ', '2006-03-31', '16:45:00', '16:55:00', 77, 2, 'baseball game going on nearby', '2006-05-19 07:57:39'),
(2217, 87, 215, 124, ' Cassi Eickhoff ', '2006-03-28', '08:00:00', '08:10:00', 53, 2, 'Could hear birds out of range but not within circle.', '2006-05-19 08:00:26'),
(2218, 87, 215, 124, ' Brittany Miller, Liyang Tang ', '2006-02-10', '17:09:00', '17:19:00', 77, NULL, 'baseball and basketball games nearby', '2006-05-19 08:39:01'),
(2219, 87, 215, 124, ' Liyang Tang, Brittany Miller ', '2006-01-27', '17:47:00', '17:57:00', 55, NULL, 'soccer players nearby', '2006-05-19 08:43:33'),
(2220, 87, 215, 124, ' Cassi Eickoff, Sarah Douglass ', '2006-01-20', '11:48:00', '11:58:00', 67, NULL, 'kids playing in playground', '2006-05-19 08:47:15'),
(2221, 87, 215, 124, ' Sarah Douglass, Cassi Eickhoff ', '2006-01-03', '14:01:00', '14:11:00', 70, 1, ' ', '2006-05-19 08:50:19'),
(2222, 87, 215, 124, ' Sarah Douglass, Cassi Eickhoff ', '2006-12-02', '07:57:00', '08:07:00', 51, 1, ' ', '2006-05-19 08:57:34'),
(2223, 87, 215, 124, ' Cassi Eickhoff, Sarah Douglass ', '2006-11-30', '14:01:00', '14:11:00', 64, NULL, ' ', '2006-05-19 08:59:52'),
(2224, 87, 215, 124, ' Casey DeCesari, Molly Alward ', '2006-01-31', '06:54:00', '07:04:00', 58, NULL, 'Still a bit dark outside.', '2006-05-19 10:45:46'),
(2225, 87, 215, 124, ' Molly Alward, Casey DeCesari ', '2006-02-24', '17:40:00', '17:50:00', 72, NULL, 'Sprinklers were running.', '2006-05-19 10:47:46'),
(2226, 87, 215, 124, ' Molly Alward, Casey DeCesari ', '2006-03-31', '15:38:00', '15:48:00', 72, 2, 'Kids playing and baseball players nearby.', '2006-05-19 10:50:07'),
(2227, 87, 215, 124, ' Molly Alward, Casey DeCesari ', '2005-11-02', '15:10:00', '15:20:00', 91, 1, 'Lots of people walking across field', '2006-05-19 10:51:59'),
(2228, 94, 221, 104, ' Group 1 ', '2005-10-25', '09:25:00', '09:35:00', 81, NULL, ' ', '2006-05-22 13:47:21'),
(2229, 94, 221, 104, ' Group 1 ', '2005-10-26', '09:51:00', '10:01:00', 68, NULL, ' ', '2006-05-22 13:50:25'),
(2230, 94, 221, 104, ' GROUP 1 ', '2005-11-02', '09:20:00', '09:30:00', 77, 1, 'There were birds on the phone line.', '2006-05-22 13:53:55'),
(2231, 94, 221, 104, ' Group 1 ', '2005-11-03', '09:24:00', '09:34:00', 73, 2, ' ', '2006-05-22 13:57:22'),
(2232, 94, 221, 104, ' Group 1 ', '2005-11-07', '09:20:00', '09:30:00', 90, 1, 'birds in trees; nest of birds in trees', '2006-05-22 13:59:36'),
(2233, 94, 221, 104, ' Group 1 ', '2005-11-10', '09:20:00', '09:30:00', 72, 2, ' ', '2006-05-22 14:02:21'),
(2234, 94, 221, 104, ' Group 1 ', '2005-11-15', '09:23:00', '09:33:00', 72, NULL, ' ', '2006-05-22 14:05:05'),
(2235, 94, 221, 104, ' Group 1 ', '2005-11-27', '09:21:00', '09:31:00', 73, NULL, ' ', '2006-05-22 14:07:05'),
(2236, 96, 223, 104, ' Group 2 ', '2005-10-25', '09:25:00', '09:35:00', 75, NULL, 'All the birds hung by the trees and were very noisy', '2006-05-22 14:13:41'),
(2237, 96, 223, 104, ' group 1 ', '2005-10-26', '09:50:00', '10:00:00', 77, NULL, 'Birds were all in the trees and were very noisy ', '2006-05-22 14:16:30'),
(2238, 96, 223, 104, ' Group 1 ', '2005-11-02', '09:22:00', '09:32:00', 77, NULL, 'Had walked through observation area by accident ', '2006-05-22 14:18:50'),
(2239, 96, 223, 104, ' Group 1 ', '2005-11-03', '09:28:00', '09:38:00', 73, 2, ' ', '2006-05-22 14:20:37'),
(2240, 95, 222, 104, ' Group 1 ', '2005-11-07', '09:34:00', '09:44:00', 73, 1, ' ', '2006-05-22 14:22:31'),
(2241, 94, 221, 104, ' Group 1 ', '2005-11-10', '09:22:00', '09:32:00', 72, 2, ' ', '2006-05-22 14:24:42'),
(2242, 96, 223, 104, ' Group 1 ', '2005-11-15', '09:21:00', '10:31:00', 72, NULL, 'there were a lot of people in the area', '2006-05-22 14:26:46'),
(2243, 96, 223, 104, ' Group 1 ', '2005-11-17', '09:23:00', '09:33:00', 73, 1, 'was very windy outside', '2006-05-22 14:28:58'),
(2244, 201, 293, 104, ' Group 3 ', '2005-10-25', '09:22:00', '09:32:00', 79, NULL, ' ', '2006-05-22 14:48:54'),
(2245, 201, 293, 104, ' Group 3 ', '2005-10-26', '09:45:00', '09:55:00', 77, NULL, 'Ground keeper truck in the bird count area', '2006-05-22 14:51:52'),
(2246, 201, 293, 104, ' Group 3 ', '2005-11-02', '09:14:00', '09:24:00', 77, 1, ' ', '2006-05-22 14:55:06'),
(2247, 201, 293, 104, ' Group 3 ', '2005-11-03', '09:24:00', '09:34:00', 73, 1, ' ', '2006-05-22 15:00:36'),
(2248, 201, 293, 104, ' Group 3 ', '2005-11-07', '09:20:00', '09:30:00', 73, 1, ' ', '2006-05-22 15:09:18'),
(2249, 201, 293, 104, ' Group 3 ', '2005-11-10', '09:25:00', '09:35:00', 32, 2, 'Some dogs were barking in the alley.  A lady was ridng by in the alley and scared som rock doves.', '2006-05-22 15:13:57'),
(2250, 201, 293, 104, ' Group 3 ', '2005-11-15', '09:23:00', '09:33:00', 72, NULL, ' ', '2006-05-22 15:17:29'),
(2251, 201, 293, 104, ' Group 3 ', '2005-11-17', '09:27:00', '09:37:00', 73, 1, 'Breezy', '2006-05-22 15:20:35'),
(2252, 115, 231, 113, ' Liyang Tang ', '2006-02-12', '16:16:00', '16:26:00', 77, NULL, 'Lots of people wandering through.', '2006-05-23 09:34:05'),
(2253, 116, 232, 113, ' Liyang Tang, Brittany Miller ', '2006-02-12', '16:34:00', '16:44:00', 81, NULL, 'lots of people bird noises kept playing on display.', '2006-05-23 09:37:24'),
(2254, 117, 233, 113, ' Liyang Tang, Brittany Miller ', '2006-02-12', '16:57:00', '17:07:00', 79, NULL, 'cars people', '2006-05-23 09:40:59'),
(2255, 115, 231, 113, ' Casey DeCesari, Molly Alward ', '2006-01-16', '09:40:00', '09:50:00', 50, NULL, ' ', '2006-05-23 09:42:41'),
(2256, 116, 232, 113, ' Casey DeCesari, Molly Alward ', '2006-01-16', '09:55:00', '10:05:00', 52, NULL, ' ', '2006-05-23 09:44:18'),
(2257, 117, 233, 113, ' Molly Alward, Casey DeCesari ', '2006-01-16', '10:11:00', '10:21:00', 55, NULL, ' ', '2006-05-23 09:46:06'),
(2258, 116, 232, 113, ' Liyang Tang ', '2005-10-29', '09:11:00', '09:21:00', 79, NULL, ' ', '2006-05-23 09:59:35'),
(2259, 116, 232, 113, ' Brittany Miller, Liyang Tang ', '2006-04-23', '17:44:00', '17:54:00', 79, 2, ' ', '2006-05-23 10:10:09'),
(2260, 117, 233, 113, ' Brittany Miller, Liyang Tang ', '2006-04-23', '17:30:00', '17:40:00', 81, 2, 'lots of kids', '2006-05-23 10:22:39'),
(2261, 117, 233, 113, ' Cassi Eickhoff ', '2006-05-20', '08:30:00', '08:40:00', 77, NULL, ' ', '2006-05-23 12:11:22'),
(2262, 115, 231, 113, ' Cassi Eickhoff ', '2006-05-20', '08:13:00', '08:23:00', 77, NULL, ' ', '2006-05-23 12:13:31'),
(2263, 116, 232, 113, ' Cassi Eickhoff ', '2006-05-20', '08:42:00', '08:52:00', 77, NULL, ' ', '2006-05-23 12:18:11'),
(2264, 154, 258, 104, ' Group 5 ', '2005-10-26', '09:46:00', '09:56:00', 72, NULL, '2 classes had passed by disturbing the site area', '2006-05-24 13:39:54'),
(2265, 154, 258, 104, ' Group 5 ', '2005-10-25', '09:21:00', '09:31:00', 81, NULL, 'a class passed by during observation time', '2006-05-24 13:41:49'),
(2266, 154, 258, 104, ' Group 5 ', '2005-11-10', '09:19:00', '09:29:00', 72, 2, 'there were a few people walknig through', '2006-05-24 13:43:20'),
(2267, 154, 258, 104, ' Group 5 ', '2005-11-17', '09:21:00', '09:31:00', 73, 1, 'people were in area and were talking loudly making disturbances', '2006-05-24 13:44:57'),
(2268, 154, 258, 104, ' Group 5 ', '2005-11-02', '09:20:00', '09:30:00', 81, 1, 'truck in the middle of site pe class walked by ', '2006-05-24 13:47:01'),
(2269, 154, 258, 104, ' Group 5 ', '2005-11-05', '09:20:00', '09:30:00', 73, NULL, 'A class walked by making alot of noises', '2006-05-24 13:49:24'),
(2270, 154, 258, 104, ' group 5 ', '2005-11-15', '09:20:00', '09:30:00', 72, NULL, ' ', '2006-05-24 13:50:43'),
(2271, 154, 258, 104, ' group 5 ', '2005-11-17', '09:26:00', '09:36:00', 73, NULL, 'breezy', '2006-05-24 13:52:34'),
(2272, 340, 428, 104, ' group 4 ', '2005-10-25', '09:29:00', '09:39:00', 79, NULL, 'no birds landed they all were flying', '2006-05-24 13:58:21'),
(2273, 340, 428, 104, ' group 4 ', '2005-10-26', '09:50:00', '10:00:00', 77, NULL, ' ', '2006-05-24 13:59:36'),
(2274, 340, 428, 104, ' group 4 ', '2005-11-03', '09:22:00', '09:32:00', 72, 2, 'group was talkative and gardner was in sight', '2006-05-24 14:02:13'),
(2275, 340, 428, 104, ' group 4 ', '2005-11-07', '09:25:00', '09:35:00', 75, 1, ' ', '2006-05-24 14:03:57'),
(2276, 340, 428, 104, ' group 4 ', '2005-11-10', '09:15:00', '09:26:00', 72, 2, ' ', '2006-05-24 14:06:07'),
(2277, 340, 428, 104, ' group 4 ', '2005-11-17', '09:25:00', '09:35:00', 73, NULL, ' ', '2006-05-24 14:08:07'),
(2278, 340, 428, 104, ' group 4 ', '2005-11-15', '09:15:00', '09:25:00', 72, NULL, 'lots of cars were driving by scaring the birds', '2006-05-24 14:10:20'),
(2279, 85, 213, 124, ' Molly Alward ', '2006-05-06', '08:07:00', '08:17:00', 80, NULL, ' ', '2006-05-30 10:06:54'),
(2280, 85, 213, 124, ' Molly Alward ', '2006-04-20', '12:21:00', '12:31:00', 82, 1, 'Lots of kids nearby.', '2006-05-30 10:08:35'),
(2281, 86, 214, 124, ' Molly Alward ', '2006-05-06', '08:25:00', '08:35:00', 80, NULL, ' ', '2006-05-31 09:39:35'),
(2282, 87, 215, 124, ' Casey DeCesari ', '2006-05-06', '08:40:00', '08:50:00', 80, NULL, ' ', '2006-05-31 09:41:00'),
(2283, 87, 215, 124, ' Molly Alward ', '2006-04-20', '12:48:00', '12:58:00', 82, 1, ' ', '2006-05-31 09:42:24'),
(2284, 86, 214, 124, ' Molly Alward ', '2006-04-20', '12:35:00', '12:45:00', 180, 1, ' ', '2006-05-31 09:43:39'),
(2285, 133, 247, 125, ' Ransdell, Schmidt, Avaras, and Kanter ', '2006-05-12', '08:30:00', '08:40:00', 80, NULL, ' ', '2006-06-02 08:21:53'),
(2286, 136, 250, 126, ' Denney, Williams, Singh, Yang ', '2006-05-12', '08:15:00', '08:25:00', 80, NULL, ' ', '2006-06-02 08:22:25'),
(2287, 132, 246, 127, ' ELIZABETH ', '2006-05-12', '08:29:00', '08:39:00', 102, NULL, ' ', '2006-06-02 08:22:46'),
(2288, 133, 247, 125, ' Ransdell, Schmidt, Avaras, and Kanter ', '2006-05-15', '08:20:00', '08:30:00', 80, NULL, ' ', '2006-06-02 08:22:59'),
(2289, 134, 248, 128, ' Jubleen, Jiaona, Jeff, Serena ', '2006-05-12', '00:00:00', '00:00:00', 32, NULL, ' ', '2006-06-02 08:23:55'),
(2290, 133, 247, 125, ' Ransdell, Schmidt, Avaras, and Kanter ', '2006-05-17', '08:17:00', '08:27:00', 80, NULL, ' ', '2006-06-02 08:24:01'),
(2291, 136, 250, 126, ' Denney, Williams, Singh, Yang, Bell ', '2006-05-15', '08:15:00', '08:25:00', 80, NULL, ' ', '2006-06-02 08:24:40'),
(2292, 136, 250, 126, ' Denney, Williams, Singh, Yang, Bell ', '2006-05-17', '08:15:00', '08:25:00', 80, NULL, ' ', '2006-06-02 08:25:37'),
(2293, 133, 247, 125, ' Ransdell, Schmidt, Avaras, and Kanter ', '2006-05-19', '08:18:00', '08:28:00', 80, NULL, ' ', '2006-06-02 08:25:43'),
(2294, 132, 246, 127, ' KELSEY ', '2006-05-15', '08:25:00', '08:35:00', 104, 1, ' ', '2006-06-02 08:26:09'),
(2295, 134, 248, 128, ' Jubleen, Jiaona, Jeff, Serena ', '2006-05-12', '08:30:00', '08:40:00', 32, NULL, ' ', '2006-06-02 08:26:14'),
(2296, 136, 250, 126, ' Denney, Williams, Singh, Yang, Bell ', '2006-05-19', '08:15:00', '08:25:00', 80, NULL, ' ', '2006-06-02 08:27:08'),
(2297, 133, 247, 125, ' Ransdell, Schmidt, Avaras, and Kanter ', '2006-05-23', '08:16:00', '08:26:00', 73, NULL, ' ', '2006-06-02 08:27:16'),
(2298, 133, 247, 125, ' Ransdell, Schmidt, Avaras, and Kanter ', '2006-05-24', '08:16:00', '08:26:00', 80, NULL, ' ', '2006-06-02 08:28:22'),
(2299, 136, 250, 126, ' Denney, Williams, Singh, Yang, Bell ', '2006-05-23', '08:15:00', '08:25:00', 73, 1, ' ', '2006-06-02 08:28:41'),
(2300, 133, 247, 125, ' Ransdell, Schmidt, Avaras, and Kanter ', '2006-05-25', '08:15:00', '08:25:00', 80, NULL, ' ', '2006-06-02 08:29:24'),
(2301, 134, 248, 128, ' Jubleen, Jiaona, Jeff, Serena ', '2006-05-15', '08:25:00', '08:35:00', 80, NULL, ' ', '2006-06-02 08:29:36'),
(2302, 132, 246, 127, ' BRENDAN ', '2006-05-17', '08:17:00', '08:27:00', 80, NULL, ' ', '2006-06-02 08:29:55'),
(2303, 136, 250, 126, ' Denney, Williams, Singh, Yang, Bell ', '2006-05-24', '08:15:00', '08:25:00', 80, NULL, ' ', '2006-06-02 08:30:21'),
(2304, 133, 247, 125, ' Ransdell, Schmidt, Avaras, and Kanter ', '2006-05-30', '08:16:00', '08:26:00', 80, NULL, ' ', '2006-06-02 08:30:37'),
(2305, 135, 249, 129, ' Shearer, Bains, Shah, Yousif, Malhotra ', '2006-05-12', '08:30:00', '08:40:00', 80, 1, ' ', '2006-06-02 08:31:16'),
(2306, 136, 250, 126, ' Denney, Williams, Singh, Yang, Bell ', '2006-05-25', '08:15:00', '08:25:00', 80, NULL, ' ', '2006-06-02 08:31:22'),
(2307, 134, 248, 128, ' Jublee, Jiaona, Jeff, Serena ', '2006-05-17', '08:24:00', '08:34:00', 80, NULL, ' ', '2006-06-02 08:31:56'),
(2308, 136, 250, 126, ' Denney, Williams, Singh, Yang, Bell ', '2006-05-30', '08:15:00', '08:25:00', 80, NULL, ' ', '2006-06-02 08:33:01'),
(2309, 135, 249, 129, ' Shearer, Bains, Shah, Yousif, Malhotra ', '2006-05-15', '08:22:00', '08:32:00', 80, NULL, ' ', '2006-06-02 08:34:18'),
(2310, 134, 248, 128, ' Jubleen, Jiaona, Jeff, Serena ', '2006-05-19', '08:21:00', '08:31:00', 80, NULL, ' ', '2006-06-02 08:34:22'),
(2311, 135, 249, 129, ' Shearer, Bains, Shah, Yousif, Malhotra ', '2006-05-17', '08:22:00', '08:32:00', 80, NULL, ' ', '2006-06-02 08:36:25'),
(2312, 134, 248, 128, ' Jubleen, Jiaona, Jeff, Serena ', '2006-05-23', '08:20:00', '08:30:00', 73, NULL, ' ', '2006-06-02 08:36:27'),
(2313, 132, 246, 127, ' KATHY ', '2006-04-19', '08:17:00', '08:27:00', 80, NULL, ' ', '2006-06-02 08:36:53'),
(2314, 135, 249, 129, ' Shearer, Bains, Shah, Yousif, Malhotra ', '2006-05-19', '08:19:00', '08:29:00', 80, NULL, ' ', '2006-06-02 08:38:23'),
(2315, 134, 248, 128, ' Jubleen, Jiaona, Jeff, Serena ', '2006-05-24', '08:24:00', '08:34:00', 80, NULL, ' ', '2006-06-02 08:38:40'),
(2316, 132, 246, 127, ' BRENDAN ', '2006-05-23', '08:17:00', '08:27:00', 73, NULL, 'A TRUCK IS MAKING NOISE. ', '2006-06-02 08:39:02'),
(2317, 135, 249, 129, ' Shearer, Bains, Shah, Yousif, Malhotra ', '2006-05-24', '08:19:00', '08:29:00', 80, NULL, ' ', '2006-06-02 08:39:45'),
(2318, 134, 248, 128, ' Jubleen, Jiaona, Jeff, Serena ', '2006-05-25', '08:20:00', '08:30:00', 80, NULL, 'Sprinkler was turned on', '2006-06-02 08:40:21'),
(2319, 132, 246, 127, ' KELSEY ', '2006-05-24', '08:16:00', '08:26:00', 80, NULL, ' ', '2006-06-02 08:40:22'),
(2320, 135, 249, 129, ' Shearer, Bains, Shah, Yousif, Malhotra ', '2006-05-25', '08:18:00', '08:28:00', 32, NULL, ' ', '2006-06-02 08:40:41'),
(2321, 134, 248, 128, ' Jubleen, Jiaona, Jeff, Serena ', '2006-05-30', '08:20:00', '08:30:00', 80, NULL, ' ', '2006-06-02 08:41:33'),
(2322, 135, 249, 129, ' Shearer, Bains, Shah, Yousif, Malhotra ', '2006-05-25', '08:19:00', '08:29:00', 80, NULL, ' ', '2006-06-02 08:42:11'),
(2323, 132, 246, 127, ' KATHY ', '2006-05-25', '08:15:00', '08:25:00', 80, NULL, ' ', '2006-06-02 08:42:57'),
(2324, 135, 249, 129, ' Shearer, Bains, Shah, Yousif, Malhotra ', '2006-05-23', '08:20:00', '08:30:00', 80, NULL, ' ', '2006-06-02 08:43:43'),
(2325, 135, 249, 129, ' Shearer, Bains, Shah, Yousif, Malhotra ', '2006-05-30', '08:18:00', '08:28:00', 80, NULL, ' ', '2006-06-02 08:44:53'),
(2326, 132, 246, 127, ' ELIZABETH ', '2006-04-30', '08:16:00', '08:26:00', 80, NULL, ' ', '2006-06-02 08:45:19'),
(2327, 285, 383, 130, ' Haley ', '2006-02-22', '08:44:00', '08:54:00', 63, NULL, 'A bunny hopped across our site!', '2006-06-06 08:04:38'),
(2328, 285, 383, 130, ' Jeff ', '2006-02-24', '08:35:00', '08:45:00', 66, NULL, 'Great Blue Heron flew over the school', '2006-06-06 08:07:43'),
(2329, 284, 381, 130, ' Ashley ', '2006-03-02', '08:37:00', '08:47:00', 61, NULL, ' ', '2006-06-06 08:10:06'),
(2330, 284, 381, 130, ' Bridget ', '2006-03-03', '08:34:00', '08:44:00', 63, NULL, ' ', '2006-06-06 08:12:39'),
(2331, 284, 381, 130, ' Sarah ', '2006-03-07', '08:34:00', '08:44:00', 75, 1, ' ', '2006-06-06 08:14:23'),
(2332, 284, 381, 130, ' Haley ', '2006-03-09', '08:33:00', '08:44:00', 55, 2, ' ', '2006-06-06 08:16:30'),
(2333, 284, 381, 130, ' Jeff ', '2006-03-14', '08:35:00', '08:45:00', 55, NULL, ' ', '2006-06-06 08:18:10'),
(2334, 285, 383, 130, ' Ashley ', '2006-03-16', '08:35:00', '08:45:00', 68, 1, ' ', '2006-06-06 08:20:12'),
(2335, 305, 408, 130, '  ', '2006-06-06', '00:00:00', '00:00:00', 32, NULL, ' ', '2006-06-06 09:22:33'),
(2336, 305, 408, 130, ' Nile ', '2006-03-16', '08:35:00', '20:45:00', 68, 1, ' ', '2006-06-06 09:25:26'),
(2337, 305, 408, 130, ' Nile ', '2006-03-09', '08:33:00', '08:43:00', 59, 2, ' ', '2006-06-06 09:28:49'),
(2338, 305, 408, 130, ' Nile ', '2006-03-03', '08:34:00', '08:44:00', 70, NULL, ' ', '2006-06-06 09:31:32'),
(2339, 305, 408, 130, ' Nile ', '2006-02-22', '08:44:00', '08:54:00', 68, NULL, 'Bunny Rabbit Annas Hummingbird', '2006-06-06 09:34:22'),
(2340, 305, 408, 130, ' Nile ', '2006-02-22', '08:44:00', '08:54:00', 68, NULL, 'Bunny Rabbit Annas Hummingbird', '2006-06-06 09:34:27'),
(2341, 305, 408, 130, ' Nile ', '2006-02-22', '08:44:00', '08:54:00', 68, NULL, 'Bunny Rabbit Annas Hummingbird', '2006-06-06 09:34:29'),
(2342, 305, 408, 130, ' Nile ', '2006-03-07', '08:35:00', '08:45:00', 68, 1, 'Kestrel', '2006-06-06 09:36:49'),
(2343, 305, 408, 130, ' Nile ', '2006-03-07', '08:35:00', '08:45:00', 68, 1, 'Kestrel', '2006-06-06 09:36:56'),
(2344, 305, 408, 130, ' Nile ', '2006-03-14', '08:35:00', '08:45:00', 72, NULL, ' ', '2006-06-06 09:38:56'),
(2345, 305, 408, 130, ' Nile ', '2006-03-14', '08:35:00', '08:45:00', 72, NULL, ' ', '2006-06-06 09:38:57'),
(2346, 305, 408, 130, ' Nile ', '2006-03-14', '08:35:00', '08:45:00', 72, NULL, ' ', '2006-06-06 09:38:58'),
(2347, 305, 408, 130, ' Nile ', '2006-02-24', '08:35:00', '08:45:00', 64, NULL, ' ', '2006-06-06 09:41:32'),
(2348, 305, 408, 130, ' Nile ', '2006-03-02', '08:37:00', '08:47:00', 68, NULL, 'Gila Woodpecker', '2006-06-06 09:43:30'),
(2349, 370, 457, 49, ' Taylor Jones ', '2006-02-24', '09:25:00', '09:35:00', 64, NULL, ' ', '2006-06-06 10:00:11'),
(2350, 370, 457, 49, ' Taylor Jones ', '2006-02-21', '09:27:00', '09:37:00', 64, NULL, ' ', '2006-06-06 10:02:06'),
(2351, 370, 457, 49, ' Taylor Jones ', '2006-03-02', '09:26:00', '09:36:00', 73, NULL, ' ', '2006-06-06 10:03:42'),
(2352, 370, 457, 49, ' Taylor Jones ', '2006-03-07', '09:23:00', '09:33:00', 66, NULL, ' ', '2006-06-06 10:05:05'),
(2353, 370, 457, 49, ' Taylor Jones ', '2006-03-09', '09:23:00', '09:33:00', 54, NULL, ' ', '2006-06-06 10:06:09'),
(2354, 370, 457, 49, ' Taylor Jones ', '2006-03-14', '09:23:00', '09:33:00', 63, NULL, ' ', '2006-06-06 10:07:53'),
(2355, 370, 457, 49, ' Taylor Jones ', '2006-03-16', '09:24:00', '09:34:00', 64, NULL, ' ', '2006-06-06 10:10:23'),
(2356, 305, 408, 107, ' Ethan Moore ', '2006-02-24', '00:00:00', '00:00:00', 32, NULL, ' ', '2006-06-07 08:16:43'),
(2357, 305, 408, 107, ' Ethan Moore ', '2006-02-22', '00:00:00', '00:00:00', 32, NULL, ' ', '2006-06-07 08:19:15'),
(2358, 305, 408, 107, ' Ethan Moore ', '2006-03-02', '00:00:00', '00:00:00', 32, NULL, ' ', '2006-06-07 08:20:35'),
(2359, 305, 408, 107, ' Ethan Moore ', '2006-03-03', '00:00:00', '00:00:00', 32, NULL, ' ', '2006-06-07 08:22:54'),
(2360, 305, 408, 107, ' Ethan Moore ', '2006-03-07', '00:00:00', '00:00:00', 32, NULL, ' ', '2006-06-07 08:25:12'),
(2361, 305, 408, 107, ' Ethan Moore ', '2006-03-09', '00:00:00', '00:00:00', 32, NULL, ' ', '2006-06-07 08:27:26'),
(2362, 305, 408, 107, ' Ethan Moore ', '2006-03-14', '00:00:00', '00:00:00', 32, NULL, ' ', '2006-06-07 08:29:20'),
(2363, 305, 408, 107, ' Ethan Moore ', '2006-03-17', '00:00:00', '00:00:00', 32, NULL, ' ', '2006-06-07 08:31:04'),
(2364, 6, 3, 8, ' Veronica ', '2005-09-09', '08:24:00', '08:44:00', 90, NULL, ' ', '2006-08-09 19:46:46'),
(2365, 6, 3, 8, ' Veronica ', '2005-09-22', '08:12:00', '08:32:00', 88, NULL, ' ', '2006-08-09 19:49:15'),
(2366, 6, 3, 8, ' VERONICA ', '2005-09-26', '07:50:00', '08:10:00', 6, 1, ' ', '2006-08-09 19:51:58'),
(2367, 6, 3, 8, ' Veronica ', '2005-09-29', '07:58:00', '08:18:00', 32, NULL, ' ', '2006-08-09 19:54:28'),
(2368, 6, 3, 8, ' Veronica ', '2005-10-06', '08:00:00', '08:20:00', 72, NULL, ' ', '2006-08-09 19:56:30'),
(2369, 6, 3, 8, ' Veronica ', '2005-10-03', '07:58:00', '08:18:00', 70, 1, ' ', '2006-08-09 19:58:43'),
(2370, 13, 141, 8, ' Taylor ', '2005-09-15', '08:24:00', '08:44:00', 86, NULL, ' ', '2006-08-09 20:00:38'),
(2371, 13, 141, 8, ' Taylor ', '2005-09-19', '08:12:00', '08:32:00', 86, NULL, ' ', '2006-08-09 20:02:25'),
(2372, 13, 141, 8, ' taylor ', '2005-09-22', '08:10:00', '08:30:00', 80, NULL, ' ', '2006-08-09 20:04:32'),
(2373, 13, 141, 8, ' Taylor ', '2005-09-22', '08:12:00', '08:32:00', 79, NULL, ' ', '2006-08-09 20:07:06'),
(2374, 13, 141, 8, ' Taylor ', '2005-09-29', '08:05:00', '08:25:00', 76, NULL, ' ', '2006-08-09 20:10:04'),
(2375, 13, 141, 8, ' Taylor ', '2005-10-10', '08:30:00', '08:50:00', 70, 1, ' ', '2006-08-09 20:12:32'),
(2376, 13, 141, 8, ' taylor ', '2005-10-06', '08:00:00', '08:20:00', 68, NULL, ' ', '2006-08-09 20:17:37'),
(2377, 2, 129, 8, ' Ashley ', '2005-09-19', '08:15:00', '08:30:00', 89, NULL, ' ', '2006-08-09 20:19:28'),
(2378, 2, 129, 8, ' KC ', '2005-09-22', '08:04:00', '08:24:00', 86, NULL, ' ', '2006-08-09 20:21:30'),
(2379, 2, 129, 8, ' KC ', '2005-09-26', '08:02:00', '08:22:00', 90, 1, ' ', '2006-08-09 20:24:16'),
(2380, 2, 129, 8, ' KC ', '2005-09-29', '08:05:00', '08:25:00', 84, NULL, ' ', '2006-08-09 20:26:36'),
(2381, 2, 129, 8, ' KC ', '2005-10-03', '07:58:00', '08:18:00', 68, 1, ' ', '2006-08-09 20:28:17'),
(2382, 2, 129, 8, ' KC ', '2005-10-06', '08:07:00', '08:27:00', 66, NULL, ' ', '2006-08-09 20:29:59'),
(2383, 74, 203, 8, ' Tarin ', '2005-09-16', '08:24:00', '08:44:00', 89, NULL, ' ', '2006-08-09 20:32:09'),
(2384, 74, 203, 8, ' Tarin ', '2005-09-19', '08:13:00', '08:33:00', 70, NULL, ' ', '2006-08-09 20:34:47'),
(2385, 74, 203, 8, ' Tarin ', '2005-09-22', '08:04:00', '08:24:00', 73, NULL, ' ', '2006-08-09 20:54:51'),
(2386, 74, 203, 8, ' tarin ', '2005-09-26', '07:57:00', '08:17:00', 80, 1, ' ', '2006-08-09 20:56:30'),
(2387, 74, 203, 8, ' Tarin ', '2005-09-29', '08:00:00', '08:20:00', 70, NULL, ' ', '2006-08-09 20:59:35'),
(2388, 74, 203, 8, ' Tarin ', '2005-10-03', '08:03:00', '08:23:00', 70, 1, ' ', '2006-08-09 21:01:10'),
(2389, 74, 203, 8, ' Tarin ', '2005-10-06', '08:07:00', '08:27:00', 68, NULL, ' ', '2006-08-09 21:02:16'),
(2390, 76, 205, 8, ' Kristin ', '2005-09-19', '08:15:00', '08:35:00', 78, NULL, ' ', '2006-08-09 21:14:30'),
(2391, 76, 205, 8, ' Kristin ', '2005-09-22', '08:05:00', '08:25:00', 86, NULL, ' ', '2006-08-09 21:16:12'),
(2392, 76, 205, 8, ' Kristin ', '2005-09-26', '08:00:00', '08:20:00', 88, 1, ' ', '2006-08-09 21:18:41'),
(2393, 76, 205, 8, ' Kristin ', '2005-09-29', '08:05:00', '08:25:00', 40, NULL, ' ', '2006-08-09 21:20:10'),
(2394, 76, 205, 8, ' kRISTIN ', '2005-10-03', '08:10:00', '08:30:00', 70, 1, ' ', '2006-08-10 21:36:01'),
(2395, 76, 205, 8, ' Kristin ', '2005-10-10', '08:00:00', '08:20:00', 70, NULL, ' ', '2006-08-10 21:38:07'),
(2396, 69, 198, 8, ' Decker ', '2005-09-16', '08:00:00', '08:20:00', 78, 1, ' ', '2006-08-10 21:40:30'),
(2397, 69, 198, 8, ' Decker ', '2005-09-09', '08:12:00', '08:32:00', 78, 1, ' ', '2006-08-10 21:50:18'),
(2398, 69, 198, 8, ' Decker ', '2005-09-22', '08:05:00', '08:25:00', 77, NULL, ' ', '2006-08-10 21:52:51'),
(2399, 69, 198, 8, ' Decker ', '2005-09-26', '07:55:00', '08:15:00', 81, NULL, ' ', '2006-08-10 21:54:32'),
(2400, 69, 198, 8, ' Decker ', '2005-09-29', '08:00:00', '08:20:00', 73, NULL, ' ', '2006-08-10 21:55:40'),
(2401, 69, 198, 8, ' Decker ', '2005-10-03', '08:04:00', '08:24:00', 76, 1, ' ', '2006-08-10 21:57:33'),
(2402, 69, 198, 8, ' Decker ', '2005-10-06', '08:05:00', '08:25:00', 77, NULL, ' ', '2006-08-10 21:58:54'),
(2403, 307, 410, 137, ' Jose A. & Haroon ', '2006-10-12', '08:25:00', '00:00:00', 32, NULL, ' ', '2006-11-16 11:00:54'),
(2404, 200, 291, 138, ' Samantha Krone ', '2006-10-12', '08:43:00', '08:52:00', 163, NULL, 'Not too much bird activity due to guy on a riding lawn mower and students spooking the birds.  Plenty of chirps but no birds in sight.', '2006-11-16 11:03:19'),
(2405, 215, 315, 137, ' Brooke and Gina ', '2006-10-19', '08:16:00', '08:26:00', 71, NULL, 'Baseball players practicing and construction on 15th ave.', '2006-11-16 11:04:24'),
(2406, 188, 280, 138, ' ALBERT HERNANDEZ ', '2006-10-12', '08:30:00', '09:00:00', 85, NULL, ' ', '2006-11-16 11:05:48'),
(2407, 307, 410, 138, ' Jose A. & Haroon ', '2006-10-19', '08:30:00', '08:40:00', 65, NULL, ' ', '2006-11-16 11:07:59'),
(2408, 200, 291, 138, ' Samantha Krone ', '2006-10-19', '08:20:00', '08:30:00', 149, 1, 'Not may birds due to people walking to class and a domestic fight broke out.', '2006-11-16 11:08:58'),
(2409, 307, 410, 138, ' Jose A. & Haroon ', '2006-11-16', '10:11:00', '10:21:00', 32, NULL, ' ', '2006-11-16 11:10:22'),
(2410, 97, 224, 138, ' Lorraine, Fernalena ', '2006-10-12', '08:42:00', '08:52:00', 75, NULL, 'Traffic noise people walking by ', '2006-11-16 11:11:06'),
(2411, 200, 291, 138, ' Samantha Krone ', '2006-11-16', '10:09:00', '10:19:00', 176, NULL, 'Very limited bird activity due to sprinkles on the grass and people walking by', '2006-11-16 11:13:03'),
(2412, 215, 315, 137, ' Brooke and Gina ', '2006-10-12', '08:30:00', '08:40:00', 72, NULL, 'Group of people nearby talking construction on 15th and sprinklers on in left field.', '2006-11-16 11:13:21'),
(2413, 188, 281, 138, ' PETE,GLORIA,ALBERT ', '2006-10-19', '08:17:00', '08:27:00', 80, NULL, 'a couple of distractions were traffic and a couple of students walking by', '2006-11-16 11:13:31'),
(2414, 188, 281, 138, ' pete,gloria,albert ', '2006-11-16', '10:10:00', '10:20:00', 43, 1, 'the only distraction was traffic', '2006-11-16 11:16:56'),
(2415, 327, 422, 138, ' Frank Insana & Rosaura Cardenas ', '2006-10-12', '10:10:00', '10:21:00', 32, NULL, 'Fountain attracted birds', '2006-11-16 11:17:32'),
(2416, 215, 315, 137, ' Brooke and Gina ', '2006-11-16', '10:10:00', '10:20:00', 78, NULL, 'quiet and pleasant', '2006-11-16 11:17:52'),
(2417, 327, 422, 138, ' Frank Insana & Rosaura Cardenas ', '2006-10-19', '08:22:00', '08:32:00', 32, NULL, 'Not many people. Fountain attracted birds sprinklers were on and the weather was cooler than last week', '2006-11-16 11:23:25'),
(2418, 97, 224, 138, ' Lorraine, Fernalena ', '2006-10-19', '08:18:00', '08:40:00', 185, NULL, 'Hammering traffic pedestrians.', '2006-11-16 11:27:29'),
(2419, 327, 422, 138, ' Frank Insana & Rosaura Cardenas ', '2006-11-16', '10:10:00', '10:20:00', 32, NULL, 'Lots of people walking on side walks. Boothes playing loud music. grass taped off from students. Lots of seeds on the grass', '2006-11-16 11:28:30'),
(2420, 97, 224, 138, ' Lorraine, Fernalena ', '2006-11-16', '10:15:00', '10:29:00', 176, 1, 'Traffic noise pedestrian noise people passing', '2006-11-16 11:32:03'),
(2421, 205, 299, 9, ' Clesete ', '2007-05-10', '09:25:00', '09:35:00', 86, NULL, 'people working in the garden.', '2007-05-16 14:26:02'),
(2422, 207, 302, 9, ' ADOLFO ', '2007-05-10', '09:25:00', '09:35:00', 86, NULL, 'We saw a Gila woodpecker outside the circle.', '2007-05-17 13:22:41'),
(2423, 208, 304, 9, ' Sebastian ', '2007-05-10', '09:25:00', '09:35:00', 86, NULL, ' ', '2007-05-17 13:32:06'),
(2424, 209, 306, 9, ' Angelica ', '2007-05-10', '09:30:00', '09:40:00', 86, NULL, 'kids playing on play ground', '2007-05-17 13:39:59'),
(2425, 213, 312, 9, ' Christian ', '2007-05-10', '09:30:00', '09:40:00', 86, NULL, 'We heard a gila Woodpecker calling', '2007-05-17 13:46:12'),
(2426, 205, 299, 9, ' CELESTE ', '2007-05-18', '09:10:00', '09:20:00', 84, NULL, ' ', '2007-05-18 09:46:56'),
(2427, 207, 302, 9, ' Adolfo ', '2007-05-18', '09:10:00', '09:20:00', 84, NULL, ' ', '2007-05-18 09:57:20'),
(2428, 208, 304, 9, ' Daniel M ', '2007-05-18', '09:15:00', '09:25:00', 84, NULL, ' ', '2007-05-21 10:41:36'),
(2429, 209, 306, 9, ' Angelica ', '2007-05-18', '09:10:00', '09:20:00', 84, NULL, 'Rock Dove fighting for food', '2007-05-21 10:44:56'),
(2430, 213, 312, 9, ' Christian ', '2007-05-21', '09:10:00', '09:20:00', 84, NULL, 'People passing by', '2007-05-21 10:47:33'),
(2431, 213, 312, 9, ' Christian ', '2007-05-21', '09:10:00', '09:20:00', 84, NULL, 'People passing by', '2007-05-21 10:51:39'),
(2432, 205, 299, 9, ' Abel ', '2007-05-21', '09:30:00', '09:40:00', 82, NULL, ' ', '2007-05-21 10:56:25'),
(2433, 207, 302, 9, ' Jazmin ', '2007-05-21', '09:30:00', '09:40:00', 82, NULL, 'Recess', '2007-05-21 11:00:18'),
(2434, 208, 304, 9, ' Alicia ', '2007-05-21', '09:30:00', '09:40:00', 82, NULL, ' ', '2007-05-21 11:02:22'),
(2435, 209, 306, 9, ' Vickie ', '2007-05-21', '09:30:00', '09:40:00', 82, NULL, ' ', '2007-05-21 11:06:15'),
(2436, 209, 306, 9, ' David ', '2007-05-21', '09:30:00', '09:40:00', 82, NULL, ' ', '2007-05-21 11:12:38'),
(2437, 205, 299, 9, ' Celeste ', '2007-05-04', '09:45:00', '09:55:00', 75, NULL, ' ', '2007-05-21 11:15:32'),
(2438, 207, 302, 9, ' Adolfo ', '2007-05-04', '09:40:00', '09:50:00', 75, NULL, ' ', '2007-05-21 11:18:05'),
(2439, 208, 304, 9, ' Daniel ', '2007-05-04', '09:40:00', '09:50:00', 75, NULL, ' ', '2007-05-21 11:25:17'),
(2440, 209, 306, 9, ' Angelica ', '2007-05-04', '09:35:00', '09:45:00', 75, NULL, 'We saw a house sparrow playing on the slide', '2007-05-21 11:28:20'),
(2441, 213, 312, 9, ' Christian ', '2007-05-04', '09:30:00', '09:40:00', 75, NULL, ' ', '2007-05-21 11:35:12'),
(2442, 205, 299, 9, ' Shaina ', '2007-05-11', '09:45:00', '09:55:00', 86, NULL, ' ', '2007-05-21 11:38:01'),
(2443, 207, 302, 9, ' Jazmin ', '2007-05-11', '09:15:00', '09:25:00', 86, NULL, ' ', '2007-05-21 11:42:22'),
(2444, 208, 304, 9, ' Vanessa ', '2007-05-11', '09:15:00', '09:25:00', 86, NULL, 'Children playing outside', '2007-05-21 11:45:32'),
(2445, 209, 306, 9, ' VICKIE ', '2007-05-11', '09:15:00', '09:25:00', 86, NULL, ' ', '2007-05-21 11:54:05'),
(2446, 213, 312, 9, ' David ', '2007-05-11', '09:15:00', '09:25:00', 32, NULL, ' ', '2007-05-21 11:56:43'),
(2447, 205, 299, 9, ' Shaina ', '2007-05-03', '09:15:00', '09:25:00', 79, NULL, 'sunflowers in garden', '2007-05-21 12:01:50'),
(2448, 207, 302, 9, ' Jazmin ', '2007-05-03', '09:26:00', '09:36:00', 79, NULL, ' ', '2007-05-21 12:08:43'),
(2449, 208, 304, 9, ' Vanessa ', '2007-05-03', '09:26:00', '09:36:00', 79, NULL, ' ', '2007-05-21 12:12:06'),
(2450, 209, 306, 9, ' Vickie ', '2007-05-03', '09:15:00', '09:25:00', 79, NULL, ' ', '2007-05-21 12:19:50'),
(2451, 213, 312, 9, ' David ', '2007-05-03', '09:15:00', '09:25:00', 79, NULL, ' ', '2007-05-21 12:21:45'),
(2452, 205, 299, 9, ' Celeste ', '2007-05-24', '09:15:00', '09:25:00', 82, NULL, ' ', '2007-06-14 14:01:00'),
(2453, 207, 302, 9, ' Adolfo ', '2007-05-24', '09:15:00', '09:25:00', 82, NULL, ' ', '2007-06-14 14:03:24'),
(2454, 208, 304, 9, ' Sebastian ', '2007-05-24', '09:16:00', '09:26:00', 82, NULL, ' ', '2007-06-14 14:08:54'),
(2455, 209, 306, 9, ' Angelica ', '2007-05-24', '09:15:00', '09:25:00', 82, NULL, 'Losts of trash in the sandbox', '2007-06-14 14:14:39'),
(2456, 213, 312, 9, ' Christian ', '2007-05-24', '09:15:00', '09:25:00', 82, NULL, ' ', '2007-06-14 14:18:59'),
(2457, 205, 299, 9, ' Shaina ', '2007-05-25', '10:30:00', '10:40:00', 90, 1, ' ', '2007-06-14 14:29:51'),
(2458, 207, 302, 9, ' Shaina ', '2007-05-25', '10:15:00', '10:25:00', 90, 1, ' ', '2007-06-14 14:32:34'),
(2459, 208, 304, 9, ' Vanessa ', '2007-05-25', '09:42:00', '09:52:00', 88, 1, ' ', '2007-06-14 14:35:00'),
(2460, 209, 306, 9, ' Vickie ', '2007-05-25', '09:45:00', '09:55:00', 88, 1, ' ', '2007-06-14 14:37:14'),
(2461, 213, 312, 9, ' Christian ', '2007-05-25', '09:40:00', '09:50:00', 88, 1, ' ', '2007-06-14 14:40:01'),
(2462, 205, 299, 9, ' Mary ', '2006-05-08', '09:30:00', '09:40:00', 77, NULL, ' ', '2007-06-14 14:43:08'),
(2463, 207, 302, 9, ' Fabiola ', '2006-05-08', '09:30:00', '09:40:00', 77, NULL, 'kids playing outside', '2007-06-14 14:46:41'),
(2464, 208, 304, 9, ' Michelle ', '2006-05-08', '09:30:00', '09:40:00', 77, NULL, ' ', '2007-06-14 16:37:52'),
(2465, 209, 306, 9, ' Daniel ', '2006-05-08', '09:30:00', '09:40:00', 77, NULL, 'kids at recess and food wrappers in sandbox', '2007-06-14 16:41:29'),
(2466, 213, 312, 9, ' Radiel ', '2006-05-08', '09:30:00', '09:40:00', 77, NULL, ' ', '2007-06-14 16:47:43'),
(2467, 213, 312, 9, ' Radiel ', '2006-05-08', '09:30:00', '09:40:00', 77, NULL, ' ', '2007-06-14 16:47:43'),
(2468, 221, 317, 131, ' Michelle ', '2007-06-25', '09:36:00', '09:46:00', 96, NULL, ' ', '2007-06-25 13:26:40'),
(2469, 222, 322, 131, ' Monica ', '2007-06-25', '09:50:00', '10:00:00', 96, NULL, ' ', '2007-06-25 13:37:33'),
(2470, 182, 277, 114, ' Morgan ', '2007-06-20', '10:30:00', '10:40:00', 95, NULL, ' ', '2007-06-25 13:44:19'),
(2471, 181, 276, 114, ' Eco Explorer Teachers ', '2007-06-20', '11:00:00', '11:10:00', 98, NULL, ' ', '2007-06-25 13:44:40'),
(2472, 327, 422, 138, ' TSupplee ', '2007-03-01', '10:34:00', '10:49:00', 73, NULL, ' ', '2007-10-20 17:53:33'),
(2473, 97, 224, 137, ' "Hawks" ', '2007-03-01', '10:16:00', '10:32:00', 72, NULL, ' ', '2007-10-20 17:57:11'),
(2474, 307, 410, 138, ' "Doves" ', '2007-03-01', '10:10:00', '10:35:00', 162, NULL, 'Birds chirping and a slight breeze.', '2007-10-20 18:02:00'),
(2475, 215, 315, 137, ' "Doves" ', '2007-03-01', '10:40:00', '10:55:00', 72, NULL, ' ', '2007-10-20 18:05:41'),
(2476, 188, 281, 138, ' "Sparrows" ', '2007-03-01', '10:12:00', '10:27:00', 72, NULL, '6mph wind and gusts', '2007-10-20 18:10:08'),
(2477, 200, 291, 138, ' Sparrows" ', '2007-03-01', '10:33:00', '10:48:00', 72, NULL, 'Breezy and 5 trees with birds that could not be seen.', '2007-10-20 18:12:36'),
(2478, 307, 410, 138, ' "Doves" ', '2007-04-19', '10:35:00', '10:50:00', 78, NULL, 'Breezy', '2007-10-20 18:17:53'),
(2479, 215, 315, 138, ' "Doves" ', '2007-04-19', '11:10:00', '11:25:00', 78, NULL, ' ', '2007-10-20 18:21:29'),
(2480, 188, 281, 138, ' "Sparrows" ', '2007-04-19', '10:40:00', '10:55:00', 0, NULL, ' ', '2007-10-20 18:27:21'),
(2481, 200, 291, 138, ' "Sparrows" ', '2007-04-19', '10:30:00', '10:45:00', 78, NULL, ' ', '2007-10-20 18:33:40'),
(2482, 327, 422, 138, ' Dan Curran Liz Steele Jenelle Lumley ', '2007-10-27', '11:17:00', '11:27:00', 174, 1, 'Pedestrian Traffic', '2007-10-27 15:41:38'),
(2483, 97, 224, 138, ' Sonia Salaiz, Jennifer Cardoza, Olivia Angulo ', '2007-10-27', '11:20:00', '11:30:00', 79, 1, 'We saw an orange butterfly and a black kitten. ', '2007-10-27 15:44:18'),
(2484, 215, 315, 138, ' Cruz Romero, Irene Balmeceda, Doug Z. ', '2009-10-27', '11:14:00', '11:27:00', 79, 1, 'Birds are really active on the baseball field', '2007-10-27 15:44:58'),
(2485, 307, 410, 138, ' SHEYENNE PIERCE DAYNA DORAME ALEX RIVERA ', '2007-10-27', '11:17:00', '11:27:00', 79, 1, 'IT WAS SCATTEDED CLOUDS WE SAW 4 PIGEONS 2 HOUSE FINCH 1 GRACKLE 1 DOVE 1 LONG TAIL ', '2007-10-27 15:47:49'),
(2486, 112, 228, 144, ' Jung and Marilee ', '2007-10-17', '13:20:00', '13:30:00', 90, NULL, ' ', '2007-11-02 13:20:20'),
(2487, 112, 228, 144, ' Aubrie, Shelby, Kailei ', '2007-10-17', '13:20:00', '13:30:00', 90, NULL, ' ', '2007-11-02 13:22:14'),
(2488, 82, 210, 144, ' Aubrie,Shelby, Kailei ', '2007-10-17', '13:38:00', '13:48:00', 90, NULL, ' ', '2007-11-02 13:24:11'),
(2489, 82, 210, 144, ' Marilee, Jung, Amanda ', '2007-10-17', '13:38:00', '13:48:00', 90, NULL, ' ', '2007-11-02 13:25:52'),
(2490, 205, 299, 9, ' Shaina ', '2007-05-11', '09:45:00', '09:55:00', 86, NULL, ' ', '2010-02-04 00:00:00'),
(2491, 205, 299, 9, ' Shaina ', '2007-05-05', '09:15:00', '09:25:00', 79, NULL, ' ', '2010-02-04 00:00:00'),
(2492, 207, 302, 9, ' Jazmin ', '2007-05-11', '09:15:00', '09:25:00', 86, NULL, ' ', '2010-02-04 00:00:00'),
(2493, 208, 304, 9, ' Vanessa ', '2007-05-11', '09:15:00', '09:25:00', 86, NULL, ' ', '2010-02-04 00:00:00'),
(2494, 209, 306, 9, ' Vickie ', '2007-05-11', '09:15:00', '09:25:00', 86, NULL, ' ', '2010-02-04 00:00:00'),
(2495, 213, 312, 9, ' David ', '2007-05-05', '09:15:00', '09:25:00', 86, NULL, ' ', '2010-02-04 00:00:00'),
(2496, 207, 302, 9, ' Jasmin ', '2007-05-05', '09:26:00', '09:36:00', 79, NULL, ' ', '2010-02-04 00:00:00'),
(2497, 208, 304, 9, ' Vanessa ', '2007-05-03', '09:26:00', '09:36:00', 79, NULL, ' Loud kids in area', '2010-02-04 00:00:00'),
(2498, 209, 306, 9, ' Vickie ', '2007-05-05', '09:15:00', '09:25:00', 79, NULL, ' ', '2010-02-04 00:00:00'),
(2499, 213, 312, 9, ' David ', '2007-05-03', '09:15:00', '09:25:00', 79, NULL, ' ', '2010-02-04 00:00:00'),
(2500, 205, 299, 9, ' Shaina ', '2007-05-25', '10:30:00', '10:40:00', 90, NULL, ' ', '2010-02-04 00:00:00'),
(2501, 207, 302, 9, ' Shaina ', '2007-05-25', '10:20:00', '10:30:00', 90, NULL, ' ', '2010-02-04 00:00:00'),
(2502, 207, 302, 9, ' Vanessa ', '2007-05-25', '09:42:00', '10:52:00', 88, 1, ' ', '2010-02-04 00:00:00'),
(2503, 209, 306, 9, ' Vickie ', '2007-05-25', '09:45:00', '09:55:00', 88, 1, ' ', '2010-02-04 00:00:00'),
(2504, 213, 312, 9, ' Christina ', '2007-05-25', '09:40:00', '09:50:00', 88, 1, ' ', '2010-02-04 00:00:00'),
(2505, 205, 299, 9, ' Celeste ', '2007-05-24', '09:15:00', '09:25:00', 82, NULL, ' ', '2010-02-04 00:00:00'),
(2506, 207, 302, 9, ' Adolfo ', '2007-05-24', '09:15:00', '09:25:00', 82, NULL, ' ', '2010-02-04 00:00:00'),
(2507, 208, 304, 9, ' Sebastian ', '2007-05-24', '09:16:00', '09:26:00', 82, NULL, ' ', '2010-02-04 00:00:00'),
(2508, 209, 306, 9, ' Angelica ', '2007-05-24', '09:15:00', '09:25:00', 82, NULL, ' Trash on the ground', '2010-02-04 00:00:00'),
(2509, 209, 306, 9, ' Angelica ', '2007-05-24', '09:15:00', '09:25:00', 82, NULL, ' Trash on the ground', '2010-02-04 00:00:00'),
(2510, 213, 312, 9, ' Christian ', '2007-05-24', '09:15:00', '09:25:00', 82, NULL, ' ', '2010-02-04 00:00:00'),
(2511, 205, 299, 9, ' Celeste ', '2007-05-04', '09:45:00', '09:50:00', 75, NULL, ' ', '2010-02-04 00:00:00'),
(2512, 207, 302, 9, ' Adolofo ', '2007-05-04', '09:40:00', '09:50:00', 75, NULL, ' ', '2010-02-04 00:00:00'),
(2513, 208, 304, 9, ' Daniel ', '2007-05-04', '09:40:00', '09:50:00', 75, NULL, ' ', '2010-02-04 00:00:00'),
(2514, 209, 306, 9, ' Angelica ', '2007-05-04', '09:35:00', '09:45:00', 75, NULL, ' ', '2010-02-04 00:00:00'),
(2515, 213, 312, 9, ' Christian ', '2007-05-04', '09:30:00', '09:40:00', 75, 1, ' ', '2010-02-04 00:00:00'),
(2516, 205, 299, 9, ' Abel ', '2007-05-21', '09:30:00', '09:40:00', 82, NULL, ' ', '2010-02-04 00:00:00'),
(2517, 207, 302, 9, ' Jazmin ', '2007-05-21', '09:30:00', '09:40:00', 82, NULL, ' Kids outside at recess', '2010-02-04 00:00:00'),
(2518, 208, 304, 9, ' Alicia ', '2007-05-21', '09:30:00', '09:40:00', 82, NULL, ' ', '2010-02-04 00:00:00'),
(2519, 209, 306, 9, ' Vickie ', '2007-05-21', '09:30:00', '09:40:00', 82, NULL, ' ', '2010-02-04 00:00:00'),
(2520, 213, 312, 9, ' David ', '2007-05-21', '09:30:00', '09:40:00', 82, NULL, ' ', '2010-02-04 00:00:00'),
(2521, 205, 299, 9, ' Celeste ', '2007-05-10', '09:25:00', '09:35:00', 86, NULL, ' People working in the garden', '2010-02-04 00:00:00'),
(2522, 207, 302, 9, ' Adolfo ', '2007-05-10', '09:25:00', '09:35:00', 86, NULL, ' ', '2010-02-04 00:00:00'),
(2523, 208, 304, 9, ' Sebastian ', '2007-05-10', '09:25:00', '09:35:00', 86, NULL, ' ', '2010-02-04 00:00:00'),
(2524, 209, 306, 9, ' Angelica ', '2007-05-10', '09:30:00', '09:40:00', 86, NULL, ' Kids playing on playground', '2010-02-04 00:00:00'),
(2525, 213, 312, 9, ' Christian ', '2007-05-05', '09:30:00', '09:40:00', 86, NULL, ' A gila woodpecker making its sounds.', '2010-02-04 00:00:00'),
(2526, 205, 299, 9, ' Celeste ', '2007-05-18', '09:10:00', '09:20:00', 84, NULL, ' ', '2010-02-04 00:00:00'),
(2527, 207, 302, 9, ' Adolfo ', '2007-05-18', '09:10:00', '09:20:00', 84, NULL, ' ', '2010-02-04 00:00:00'),
(2528, 208, 304, 9, ' Daniel ', '2007-05-18', '09:15:00', '09:25:00', 84, NULL, ' ', '2010-02-04 00:00:00'),
(2529, 209, 306, 9, ' Angelica ', '2007-05-18', '09:10:00', '09:20:00', 84, NULL, ' Rock doves fighting for food', '2010-02-04 00:00:00'),
(2530, 213, 312, 9, ' Christian ', '2007-05-18', '09:10:00', '09:20:00', 32, NULL, ' People passing by', '2010-02-04 00:00:00');

-- --------------------------------------------------------

--
-- Table structure for table `bird_specimens`
--

CREATE TABLE `bird_specimens` (
  `id` int(11) NOT NULL AUTO_INCREMENT,
  `bird_sample_id` int(11) NOT NULL,
  `species_id` int(11) NOT NULL,
  `frequency` int(10) NOT NULL,
  PRIMARY KEY (`id`),
  KEY `species_id` (`species_id`),
  KEY `bird_sample_id` (`bird_sample_id`)
) ENGINE=InnoDB  DEFAULT CHARSET=latin1 AUTO_INCREMENT=8257 ;

--
-- Dumping data for table `bird_specimens`
--

INSERT INTO `bird_specimens` (`id`, `bird_sample_id`, `species_id`, `frequency`) VALUES
(1, 1, 57, 2),
(2, 1, 63, 8),
(3, 1, 67, 5),
(4, 1, 71, 1),
(5, 1, 74, 6),
(6, 1, 75, 4),
(7, 1, 77, 2),
(8, 1, 78, 3),
(9, 1, 89, 7),
(10, 1, 114, 2),
(11, 1, 117, 1),
(12, 1, 140, 3),
(13, 1, 166, 16),
(14, 2, 67, 3),
(15, 2, 74, 4),
(16, 2, 89, 1),
(17, 2, 114, 15),
(18, 2, 174, 1),
(19, 5, 74, 5),
(20, 5, 77, 6),
(21, 5, 89, 9),
(22, 6, 5, 0),
(23, 6, 7, 1),
(24, 6, 74, 9),
(25, 6, 89, 5),
(26, 7, 67, 22),
(27, 7, 74, 3),
(28, 7, 77, 5),
(29, 8, 71, 2),
(30, 8, 74, 1),
(31, 8, 89, 3),
(32, 8, 114, 5),
(33, 8, 134, 2),
(34, 8, 174, 3),
(35, 9, 71, 3),
(36, 9, 74, 3),
(37, 9, 114, 5),
(38, 9, 134, 1),
(39, 9, 174, 4),
(40, 10, 5, 1),
(41, 10, 20, 1),
(42, 10, 71, 2),
(43, 10, 74, 3),
(44, 10, 114, 1),
(45, 10, 134, 0),
(46, 10, 174, 2),
(47, 11, 67, 3),
(48, 11, 74, 4),
(49, 11, 114, 2),
(50, 11, 134, 3),
(51, 11, 174, 2),
(52, 12, 67, 2),
(53, 12, 74, 3),
(54, 12, 114, 1),
(55, 12, 134, 1),
(56, 13, 71, 4),
(57, 13, 74, 4),
(58, 13, 89, 2),
(59, 13, 134, 3),
(60, 14, 67, 2),
(61, 14, 71, 1),
(62, 14, 74, 6),
(63, 14, 89, 2),
(64, 14, 174, 1),
(65, 15, 74, 2),
(66, 15, 89, 1),
(67, 15, 134, 10),
(68, 16, 71, 2),
(69, 16, 74, 5),
(70, 16, 134, 1),
(71, 16, 135, 1),
(72, 16, 174, 2),
(73, 17, 67, 1),
(74, 17, 74, 1),
(75, 18, 67, 2),
(76, 18, 74, 5),
(77, 19, 67, 2),
(78, 19, 74, 2),
(79, 19, 89, 1),
(80, 19, 114, 1),
(81, 19, 134, 1),
(82, 19, 174, 2),
(83, 20, 67, 5),
(84, 21, 67, 5),
(85, 21, 74, 5),
(86, 22, 67, 2),
(87, 22, 74, 2),
(88, 22, 114, 13),
(89, 22, 134, 13),
(90, 22, 140, 1),
(91, 22, 159, 2),
(92, 22, 174, 1),
(93, 23, 67, 3),
(94, 23, 71, 1),
(95, 23, 74, 3),
(96, 23, 89, 1),
(97, 24, 67, 3),
(98, 24, 71, 1),
(99, 24, 74, 5),
(100, 24, 89, 2),
(101, 24, 134, 4),
(102, 24, 174, 3),
(103, 25, 20, 4),
(104, 25, 67, 6),
(105, 25, 74, 7),
(106, 25, 134, 1),
(107, 25, 136, 2),
(108, 25, 174, 6),
(109, 26, 67, 22),
(110, 26, 77, 3),
(111, 26, 140, 20),
(112, 27, 89, 3),
(113, 27, 134, 4),
(114, 27, 140, 2),
(115, 28, 144, 1),
(116, 28, 151, 5),
(117, 29, 67, 10),
(118, 29, 134, 13),
(119, 29, 151, 2),
(120, 30, 67, 5),
(121, 30, 151, 2),
(122, 31, 67, 1),
(123, 31, 114, 1),
(124, 31, 134, 3),
(125, 31, 151, 8),
(126, 31, 174, 1),
(127, 32, 67, 2),
(128, 32, 89, 1),
(129, 32, 140, 2),
(130, 32, 144, 1),
(131, 33, 20, 1),
(132, 33, 144, 1),
(133, 34, 67, 7),
(134, 34, 151, 2),
(135, 35, 67, 7),
(136, 35, 74, 8),
(137, 35, 174, 5),
(138, 36, 67, 17),
(139, 36, 77, 6),
(140, 36, 151, 15),
(141, 36, 174, 5),
(142, 37, 67, 5),
(143, 37, 89, 2),
(144, 37, 144, 1),
(145, 37, 151, 4),
(146, 38, 67, 2),
(147, 38, 74, 3),
(148, 38, 140, 4),
(149, 39, 67, 14),
(150, 39, 77, 3),
(151, 39, 89, 4),
(152, 39, 140, 9),
(153, 40, 134, 3),
(154, 40, 136, 11),
(155, 40, 151, 2),
(156, 41, 67, 2),
(157, 41, 89, 1),
(158, 41, 151, 35),
(159, 42, 67, 5),
(160, 42, 77, 7),
(161, 43, 67, 6),
(162, 43, 140, 2),
(163, 43, 174, 2),
(164, 44, 74, 1),
(165, 44, 134, 2),
(166, 44, 151, 5),
(167, 45, 71, 6),
(168, 45, 151, 10),
(169, 45, 174, 3),
(170, 46, 67, 1),
(171, 46, 89, 3),
(172, 46, 140, 4),
(173, 46, 151, 4),
(174, 47, 67, 7),
(175, 47, 71, 2),
(176, 47, 174, 4),
(177, 48, 67, 3),
(178, 48, 77, 2),
(179, 48, 78, 1),
(180, 48, 151, 3),
(181, 49, 77, 2),
(182, 49, 140, 25),
(183, 50, 77, 2),
(184, 50, 89, 1),
(185, 50, 114, 2),
(186, 50, 151, 3),
(187, 50, 174, 2),
(188, 51, 20, 3),
(189, 51, 71, 2),
(190, 51, 134, 4),
(191, 52, 89, 1),
(192, 52, 140, 5),
(193, 52, 149, 2),
(194, 52, 174, 2),
(195, 53, 67, 2),
(196, 53, 89, 1),
(197, 53, 151, 6),
(198, 54, 67, 1),
(199, 54, 151, 8),
(200, 55, 134, 3),
(201, 55, 140, 3),
(202, 55, 174, 4),
(203, 56, 67, 9),
(204, 56, 114, 3),
(205, 56, 174, 8),
(206, 57, 67, 28),
(207, 58, 77, 6),
(208, 58, 121, 30),
(209, 59, 67, 7),
(210, 59, 89, 2),
(211, 59, 151, 6),
(212, 59, 160, 1),
(213, 60, 20, 1),
(214, 60, 71, 2),
(215, 60, 74, 1),
(216, 60, 89, 2),
(217, 60, 134, 1),
(218, 61, 1, 2),
(219, 61, 57, 2),
(220, 61, 67, 2),
(221, 61, 74, 2),
(222, 61, 114, 3),
(223, 62, 67, 3),
(224, 62, 71, 1),
(225, 62, 74, 2),
(226, 62, 77, 3),
(227, 62, 89, 1),
(228, 62, 114, 1),
(229, 63, 67, 1),
(230, 63, 71, 3),
(231, 63, 74, 7),
(232, 64, 71, 0),
(233, 65, 20, 1),
(234, 65, 25, 2),
(235, 65, 67, 2),
(236, 65, 89, 4),
(237, 66, 74, 3),
(238, 66, 89, 1),
(239, 67, 77, 6),
(240, 68, 77, 6),
(241, 70, 20, 2),
(242, 70, 67, 11),
(243, 70, 71, 4),
(244, 70, 74, 4),
(245, 70, 77, 6),
(246, 71, 67, 12),
(247, 71, 71, 1),
(248, 71, 74, 3),
(249, 71, 89, 2),
(250, 72, 67, 27),
(251, 72, 74, 8),
(252, 73, 67, 3),
(253, 73, 77, 0),
(254, 73, 174, 1),
(255, 76, 67, 12),
(256, 76, 71, 2),
(257, 76, 74, 15),
(258, 78, 67, 1),
(259, 78, 74, 6),
(260, 79, 74, 2),
(261, 79, 114, 1),
(262, 80, 67, 8),
(263, 80, 114, 6),
(264, 81, 20, 3),
(265, 81, 71, 2),
(266, 81, 74, 4),
(267, 82, 20, 1),
(268, 82, 67, 17),
(269, 82, 78, 5),
(270, 83, 71, 2),
(271, 83, 74, 4),
(272, 84, 67, 3),
(273, 84, 71, 1),
(274, 84, 74, 2),
(275, 84, 89, 1),
(276, 85, 74, 0),
(277, 87, 7, 4),
(278, 87, 67, 6),
(279, 87, 71, 4),
(280, 87, 74, 8),
(281, 87, 89, 2),
(282, 87, 119, 3),
(283, 87, 174, 2),
(284, 88, 20, 1),
(285, 88, 67, 2),
(286, 88, 74, 4),
(287, 89, 20, 1),
(288, 89, 74, 10),
(289, 89, 89, 2),
(290, 89, 167, 1),
(291, 90, 67, 1),
(292, 90, 74, 2),
(293, 91, 67, 7),
(294, 91, 71, 2),
(295, 91, 74, 11),
(296, 91, 114, 1),
(297, 92, 71, 1),
(298, 93, 20, 1),
(299, 93, 25, 3),
(300, 94, 67, 1),
(301, 95, 67, 8),
(302, 95, 71, 2),
(303, 95, 74, 5),
(304, 95, 78, 4),
(305, 96, 67, 1),
(306, 97, 67, 1),
(307, 97, 174, 2),
(308, 98, 1, 1),
(309, 98, 7, 1),
(310, 98, 57, 8),
(311, 98, 71, 1),
(312, 98, 74, 2),
(313, 98, 77, 4),
(314, 98, 151, 2),
(315, 99, 67, 3),
(316, 99, 74, 1),
(317, 99, 89, 83),
(318, 100, 71, 3),
(319, 100, 74, 3),
(320, 102, 67, 3),
(321, 102, 74, 3),
(322, 103, 74, 3),
(323, 103, 89, 2),
(324, 104, 67, 7),
(325, 104, 71, 1),
(326, 104, 74, 3),
(327, 104, 78, 1),
(328, 104, 89, 3),
(329, 105, 67, 10),
(330, 105, 74, 7),
(331, 106, 67, 25),
(332, 106, 71, 0),
(333, 106, 74, 3),
(334, 106, 89, 2),
(335, 106, 114, 1),
(336, 107, 74, 1),
(337, 109, 7, 1),
(338, 109, 57, 21),
(339, 109, 63, 1),
(340, 109, 67, 1),
(341, 109, 74, 6),
(342, 109, 114, 13),
(343, 111, 74, 3),
(344, 111, 114, 10),
(345, 112, 77, 1),
(346, 112, 114, 14),
(347, 115, 71, 2),
(348, 115, 114, 15),
(349, 116, 71, 13),
(350, 116, 74, 4),
(351, 116, 77, 1),
(352, 116, 114, 10),
(353, 117, 57, 2),
(354, 117, 67, 1),
(355, 117, 74, 1),
(356, 117, 114, 32),
(357, 129, 114, 15),
(358, 131, 114, 17),
(359, 133, 74, 4),
(360, 133, 114, 5),
(361, 136, 57, 8),
(362, 136, 71, 2),
(363, 136, 74, 6),
(364, 136, 114, 14),
(365, 141, 67, 1),
(366, 141, 74, 2),
(367, 141, 114, 4),
(368, 145, 67, 2),
(369, 145, 114, 1),
(370, 148, 74, 1),
(371, 148, 114, 5),
(372, 154, 3, 1),
(373, 154, 57, 2),
(374, 154, 74, 5),
(375, 154, 114, 3),
(376, 156, 67, 1),
(377, 156, 77, 1),
(378, 156, 114, 7),
(379, 157, 71, 2),
(380, 157, 114, 15),
(381, 159, 67, 2),
(382, 159, 71, 1),
(383, 159, 74, 4),
(384, 159, 114, 10),
(385, 162, 74, 2),
(386, 162, 114, 13),
(387, 163, 74, 2),
(388, 163, 114, 13),
(389, 164, 57, 3),
(390, 164, 77, 2),
(391, 164, 114, 7),
(392, 167, 74, 4),
(393, 167, 77, 4),
(394, 167, 89, 5),
(395, 167, 114, 2),
(396, 168, 57, 1),
(397, 168, 74, 16),
(398, 168, 114, 6),
(399, 169, 7, 1),
(400, 169, 57, 1),
(401, 169, 67, 3),
(402, 169, 77, 5),
(403, 169, 114, 8),
(404, 170, 114, 3),
(405, 171, 57, 6),
(406, 171, 63, 1),
(407, 171, 71, 1),
(408, 171, 74, 8),
(409, 171, 89, 5),
(410, 171, 114, 0),
(411, 171, 163, 2),
(412, 172, 57, 7),
(413, 172, 114, 1),
(414, 173, 57, 10),
(415, 173, 89, 1),
(416, 173, 114, 2),
(417, 174, 57, 8),
(418, 174, 77, 1),
(419, 174, 114, 6),
(420, 175, 7, 1),
(421, 175, 57, 30),
(422, 175, 67, 2),
(423, 175, 74, 3),
(424, 175, 77, 7),
(425, 175, 89, 5),
(426, 176, 57, 6),
(427, 176, 74, 2),
(428, 176, 114, 4),
(429, 177, 57, 5),
(430, 177, 114, 2),
(431, 178, 57, 5),
(432, 178, 67, 0),
(433, 178, 71, 0),
(434, 178, 74, 0),
(435, 178, 77, 1),
(436, 178, 79, 1),
(437, 178, 89, 1),
(438, 178, 114, 6),
(439, 179, 77, 2),
(440, 179, 114, 3),
(441, 180, 57, 1),
(442, 180, 74, 4),
(443, 180, 77, 1),
(444, 180, 114, 9),
(445, 181, 57, 7),
(446, 181, 67, 1),
(447, 181, 74, 2),
(448, 181, 114, 14),
(449, 182, 57, 1),
(450, 182, 67, 1),
(451, 182, 74, 6),
(452, 182, 114, 4),
(453, 183, 57, 3),
(454, 183, 114, 8),
(455, 185, 57, 1),
(456, 185, 114, 15),
(457, 187, 7, 1),
(458, 187, 67, 1),
(459, 187, 114, 8),
(460, 188, 71, 3),
(461, 188, 74, 3),
(462, 188, 114, 19),
(463, 189, 57, 12),
(464, 189, 114, 3),
(465, 190, 7, 1),
(466, 190, 74, 6),
(467, 190, 77, 1),
(468, 191, 71, 1),
(469, 191, 74, 1),
(470, 191, 77, 3),
(471, 191, 89, 3),
(472, 191, 114, 6),
(473, 192, 74, 1),
(474, 192, 114, 3),
(475, 193, 74, 4),
(476, 193, 114, 2),
(477, 195, 114, 5),
(478, 196, 114, 6),
(479, 197, 71, 3),
(480, 197, 74, 1),
(481, 197, 114, 5),
(482, 198, 67, 1),
(483, 198, 71, 1),
(484, 198, 77, 1),
(485, 198, 114, 2),
(486, 199, 67, 1),
(487, 199, 71, 1),
(488, 199, 114, 2),
(489, 200, 74, 1),
(490, 201, 114, 1),
(491, 202, 74, 1),
(492, 203, 74, 2),
(493, 204, 57, 5),
(494, 204, 67, 1),
(495, 204, 74, 2),
(496, 204, 114, 3),
(497, 205, 7, 1),
(498, 205, 57, 2),
(499, 205, 67, 9),
(500, 205, 71, 3),
(501, 205, 74, 4),
(502, 205, 77, 3),
(503, 205, 89, 2),
(504, 206, 57, 3),
(505, 206, 63, 2),
(506, 206, 71, 1),
(507, 206, 74, 3),
(508, 206, 77, 5),
(509, 206, 89, 1),
(510, 206, 114, 2),
(511, 207, 57, 8),
(512, 207, 74, 1),
(513, 207, 114, 7),
(514, 208, 57, 1),
(515, 208, 67, 2),
(516, 208, 71, 5),
(517, 208, 77, 15),
(518, 208, 114, 10),
(519, 209, 67, 9),
(520, 209, 71, 4),
(521, 209, 114, 8),
(522, 210, 57, 20),
(523, 210, 63, 1),
(524, 210, 67, 1),
(525, 210, 71, 1),
(526, 210, 77, 1),
(527, 210, 89, 4),
(528, 210, 114, 3),
(529, 212, 57, 8),
(530, 212, 67, 2),
(531, 212, 74, 2),
(532, 212, 114, 1),
(533, 213, 57, 7),
(534, 213, 74, 9),
(535, 213, 114, 2),
(536, 214, 74, 1),
(537, 216, 7, 1),
(538, 216, 42, 2),
(539, 216, 57, 6),
(540, 216, 63, 1),
(541, 216, 71, 1),
(542, 216, 74, 8),
(543, 216, 89, 5),
(544, 216, 163, 3),
(545, 217, 114, 1),
(546, 218, 7, 1),
(547, 218, 71, 7),
(548, 218, 74, 1),
(549, 218, 114, 13),
(550, 219, 7, 1),
(551, 219, 57, 13),
(552, 219, 71, 1),
(553, 219, 89, 1),
(554, 219, 114, 1),
(555, 220, 77, 1),
(556, 220, 114, 2),
(557, 221, 7, 1),
(558, 221, 57, 3),
(559, 221, 67, 5),
(560, 221, 74, 4),
(561, 221, 114, 1),
(562, 222, 74, 3),
(563, 222, 77, 1),
(564, 222, 114, 6),
(565, 223, 74, 10),
(566, 223, 89, 1),
(567, 223, 114, 1),
(568, 224, 67, 4),
(569, 224, 114, 2),
(570, 225, 77, 1),
(571, 225, 89, 1),
(572, 225, 114, 10),
(573, 226, 7, 4),
(574, 226, 13, 4),
(575, 226, 57, 3),
(576, 226, 63, 1),
(577, 230, 74, 10),
(578, 230, 114, 1),
(579, 231, 7, 1),
(580, 231, 74, 1),
(581, 231, 114, 1),
(582, 232, 67, 2),
(583, 232, 74, 1),
(584, 232, 114, 5),
(585, 232, 136, 1),
(586, 233, 57, 3),
(587, 233, 67, 3),
(588, 233, 71, 2),
(589, 233, 74, 3),
(590, 233, 77, 2),
(591, 233, 114, 1),
(592, 233, 163, 1),
(593, 234, 57, 3),
(594, 234, 71, 1),
(595, 234, 74, 3),
(596, 234, 114, 1),
(597, 235, 7, 2),
(598, 235, 42, 2),
(599, 235, 57, 7),
(600, 235, 74, 5),
(601, 235, 77, 1),
(602, 235, 89, 1),
(603, 235, 114, 1),
(604, 236, 7, 1),
(605, 236, 57, 6),
(606, 236, 74, 21),
(607, 236, 77, 4),
(608, 236, 114, 15),
(609, 237, 57, 1),
(610, 237, 71, 4),
(611, 237, 74, 1),
(612, 237, 114, 1),
(613, 238, 57, 2),
(614, 238, 74, 1),
(615, 238, 114, 15),
(616, 238, 166, 2),
(617, 240, 74, 4),
(618, 240, 89, 3),
(619, 242, 67, 2),
(620, 242, 74, 3),
(621, 242, 114, 15),
(622, 244, 57, 2),
(623, 244, 67, 11),
(624, 244, 71, 1),
(625, 244, 74, 1),
(626, 244, 114, 15),
(627, 246, 74, 1),
(628, 246, 134, 1),
(629, 248, 57, 1),
(630, 248, 67, 1),
(631, 248, 74, 10),
(632, 248, 114, 26),
(633, 249, 57, 2),
(634, 249, 71, 8),
(635, 249, 74, 4),
(636, 249, 89, 2),
(637, 249, 114, 15),
(638, 250, 7, 1),
(639, 250, 57, 7),
(640, 250, 67, 2),
(641, 250, 71, 1),
(642, 250, 74, 1),
(643, 250, 77, 4),
(644, 250, 114, 2),
(645, 250, 163, 1),
(646, 252, 57, 1),
(647, 252, 67, 1),
(648, 252, 114, 16),
(649, 253, 57, 2),
(650, 253, 74, 3),
(651, 253, 114, 8),
(652, 255, 57, 5),
(653, 255, 71, 17),
(654, 255, 114, 3),
(655, 256, 7, 1),
(656, 256, 57, 14),
(657, 256, 63, 2),
(658, 256, 67, 1),
(659, 256, 74, 2),
(660, 256, 77, 1),
(661, 256, 89, 2),
(662, 256, 114, 2),
(663, 256, 163, 1),
(664, 257, 74, 1),
(665, 257, 77, 1),
(666, 257, 114, 9),
(667, 258, 114, 3),
(668, 261, 57, 1),
(669, 261, 114, 14),
(670, 262, 7, 1),
(671, 262, 57, 8),
(672, 262, 63, 2),
(673, 262, 67, 2),
(674, 262, 71, 1),
(675, 262, 74, 4),
(676, 262, 77, 6),
(677, 262, 89, 2),
(678, 262, 114, 3),
(679, 263, 74, 1),
(680, 264, 57, 2),
(681, 264, 67, 1),
(682, 264, 71, 4),
(683, 264, 74, 4),
(684, 264, 114, 4),
(685, 265, 71, 2),
(686, 265, 74, 10),
(687, 265, 114, 6),
(688, 265, 151, 1),
(689, 266, 71, 2),
(690, 266, 74, 1),
(691, 266, 140, 1),
(692, 267, 74, 0),
(693, 268, 57, 9),
(694, 268, 67, 1),
(695, 268, 71, 0),
(696, 268, 74, 1),
(697, 268, 77, 0),
(698, 268, 89, 2),
(699, 268, 114, 10),
(700, 270, 74, 0),
(701, 272, 7, 1),
(702, 272, 57, 12),
(703, 272, 63, 1),
(704, 272, 67, 2),
(705, 272, 71, 14),
(706, 272, 74, 23),
(707, 272, 77, 7),
(708, 272, 78, 1),
(709, 272, 89, 0),
(710, 272, 114, 13),
(711, 272, 163, 2),
(712, 274, 1, 3),
(713, 274, 7, 2),
(714, 274, 57, 18),
(715, 274, 71, 6),
(716, 274, 74, 1),
(717, 274, 77, 6),
(718, 274, 89, 4),
(719, 274, 94, 1),
(720, 274, 114, 1),
(721, 274, 158, 1),
(722, 274, 177, 1),
(723, 277, 71, 1),
(724, 277, 77, 1),
(725, 277, 114, 6),
(726, 278, 57, 2),
(727, 278, 74, 5),
(728, 278, 77, 2),
(729, 278, 114, 11),
(730, 279, 74, 1),
(731, 281, 57, 1),
(732, 281, 71, 5),
(733, 281, 89, 1),
(734, 281, 114, 3),
(735, 283, 7, 1),
(736, 283, 89, 1),
(737, 283, 114, 2),
(738, 284, 114, 4),
(739, 285, 57, 6),
(740, 285, 67, 2),
(741, 285, 74, 3),
(742, 285, 114, 1),
(743, 287, 7, 1),
(744, 287, 57, 8),
(745, 287, 63, 2),
(746, 287, 67, 1),
(747, 287, 71, 16),
(748, 287, 74, 20),
(749, 287, 77, 10),
(750, 287, 114, 1),
(751, 288, 57, 1),
(752, 288, 114, 1),
(753, 289, 7, 1),
(754, 289, 57, 24),
(755, 289, 63, 1),
(756, 289, 74, 6),
(757, 289, 89, 4),
(758, 289, 114, 8),
(759, 289, 177, 1),
(760, 290, 74, 3),
(761, 290, 77, 1),
(762, 290, 78, 7),
(763, 290, 114, 1),
(764, 293, 114, 3),
(765, 294, 114, 3),
(766, 295, 74, 1),
(767, 295, 77, 1),
(768, 295, 114, 7),
(769, 296, 57, 3),
(770, 296, 71, 2),
(771, 296, 78, 1),
(772, 296, 114, 3),
(773, 299, 57, 5),
(774, 299, 67, 1),
(775, 299, 74, 2),
(776, 299, 77, 1),
(777, 300, 1, 1),
(778, 300, 57, 3),
(779, 300, 114, 4),
(780, 302, 114, 3),
(781, 304, 3, 1),
(782, 304, 57, 2),
(783, 304, 74, 5),
(784, 304, 114, 3),
(785, 305, 7, 2),
(786, 305, 57, 10),
(787, 305, 63, 1),
(788, 305, 67, 1),
(789, 305, 74, 5),
(790, 305, 77, 1),
(791, 305, 89, 2),
(792, 305, 114, 12),
(793, 307, 114, 18),
(794, 308, 67, 1),
(795, 308, 71, 4),
(796, 308, 114, 5),
(797, 309, 57, 1),
(798, 309, 71, 2),
(799, 309, 74, 2),
(800, 309, 114, 2),
(801, 310, 71, 2),
(802, 311, 57, 2),
(803, 311, 67, 2),
(804, 311, 74, 1),
(805, 311, 114, 2),
(806, 312, 57, 5),
(807, 312, 74, 2),
(808, 312, 114, 4),
(809, 313, 67, 1),
(810, 313, 74, 12),
(811, 313, 114, 5),
(812, 314, 57, 4),
(813, 314, 77, 2),
(814, 314, 114, 6),
(815, 315, 1, 1),
(816, 315, 7, 1),
(817, 315, 57, 3),
(818, 315, 63, 2),
(819, 315, 74, 12),
(820, 315, 89, 4),
(821, 316, 74, 2),
(822, 316, 94, 1),
(823, 316, 114, 2),
(824, 317, 67, 1),
(825, 317, 114, 1),
(826, 317, 134, 1),
(827, 318, 74, 4),
(828, 318, 114, 2),
(829, 319, 63, 3),
(830, 319, 67, 1),
(831, 321, 1, 1),
(832, 321, 7, 1),
(833, 321, 57, 5),
(834, 321, 67, 3),
(835, 321, 74, 2),
(836, 321, 77, 3),
(837, 321, 89, 3),
(838, 321, 114, 4),
(839, 321, 163, 1),
(840, 323, 114, 5),
(841, 324, 74, 2),
(842, 325, 71, 2),
(843, 325, 77, 1),
(844, 325, 114, 8),
(845, 326, 74, 1),
(846, 326, 114, 7),
(847, 327, 57, 3),
(848, 327, 67, 1),
(849, 327, 74, 3),
(850, 327, 77, 2),
(851, 327, 114, 35),
(852, 328, 57, 1),
(853, 328, 74, 1),
(854, 328, 114, 1),
(855, 329, 67, 4),
(856, 329, 74, 1),
(857, 329, 114, 10),
(858, 330, 57, 2),
(859, 330, 71, 1),
(860, 330, 114, 4),
(861, 331, 57, 6),
(862, 331, 63, 2),
(863, 331, 71, 5),
(864, 331, 74, 2),
(865, 331, 89, 2),
(866, 331, 114, 5),
(867, 332, 67, 4),
(868, 332, 74, 11),
(869, 332, 114, 12),
(870, 333, 74, 9),
(871, 333, 114, 4),
(872, 334, 57, 3),
(873, 334, 74, 2),
(874, 335, 74, 2),
(875, 335, 114, 2),
(876, 336, 67, 1),
(877, 336, 74, 13),
(878, 336, 114, 14),
(879, 346, 67, 1),
(880, 346, 74, 1),
(881, 346, 114, 32),
(882, 353, 67, 3),
(883, 353, 89, 3),
(884, 354, 67, 10),
(885, 354, 89, 4),
(886, 355, 74, 3),
(887, 355, 114, 8),
(888, 356, 57, 3),
(889, 356, 74, 1),
(890, 356, 114, 1),
(891, 357, 114, 6),
(892, 358, 57, 1),
(893, 358, 74, 3),
(894, 358, 114, 5),
(895, 359, 1, 1),
(896, 359, 7, 1),
(897, 359, 57, 11),
(898, 359, 63, 1),
(899, 359, 67, 2),
(900, 359, 74, 6),
(901, 359, 77, 1),
(902, 359, 89, 1),
(903, 359, 114, 1),
(904, 360, 67, 2),
(905, 360, 74, 1),
(906, 360, 114, 0),
(907, 361, 7, 3),
(908, 361, 12, 1),
(909, 361, 57, 1),
(910, 361, 67, 6),
(911, 361, 114, 6),
(912, 362, 67, 2),
(913, 362, 71, 1),
(914, 362, 74, 2),
(915, 362, 114, 1),
(916, 363, 114, 2),
(917, 364, 57, 3),
(918, 364, 67, 2),
(919, 364, 74, 3),
(920, 364, 89, 1),
(921, 364, 114, 10),
(922, 365, 67, 1),
(923, 365, 77, 1),
(924, 365, 89, 2),
(925, 365, 114, 1),
(926, 366, 57, 4),
(927, 366, 67, 1),
(928, 366, 71, 10),
(929, 366, 77, 2),
(930, 367, 7, 2),
(931, 369, 57, 4),
(932, 369, 71, 1),
(933, 369, 74, 7),
(934, 369, 114, 1),
(935, 371, 57, 2),
(936, 371, 114, 8),
(937, 372, 71, 2),
(938, 372, 74, 6),
(939, 372, 114, 5),
(940, 372, 177, 1),
(941, 374, 57, 10),
(942, 374, 71, 2),
(943, 374, 114, 9),
(944, 375, 57, 2),
(945, 375, 77, 1),
(946, 375, 114, 3),
(947, 379, 74, 3),
(948, 382, 57, 6),
(949, 382, 63, 2),
(950, 382, 71, 2),
(951, 382, 74, 6),
(952, 382, 114, 2),
(953, 384, 71, 1),
(954, 384, 114, 8),
(955, 385, 1, 2),
(956, 385, 7, 2),
(957, 385, 57, 4),
(958, 385, 74, 8),
(959, 385, 77, 2),
(960, 387, 7, 1),
(961, 387, 57, 4),
(962, 387, 63, 3),
(963, 387, 71, 2),
(964, 387, 74, 6),
(965, 387, 77, 1),
(966, 387, 114, 1),
(967, 387, 163, 3),
(968, 388, 57, 2),
(969, 388, 114, 1),
(970, 389, 74, 2),
(971, 389, 78, 1),
(972, 389, 114, 4),
(973, 393, 74, 2),
(974, 393, 114, 3),
(975, 394, 57, 0),
(976, 395, 67, 1),
(977, 395, 74, 1),
(978, 395, 89, 1),
(979, 395, 114, 1),
(980, 398, 7, 2),
(981, 398, 114, 2),
(982, 399, 7, 1),
(983, 399, 57, 2),
(984, 405, 57, 2),
(985, 405, 114, 4),
(986, 407, 114, 2),
(987, 408, 114, 2),
(988, 409, 67, 1),
(989, 410, 74, 3),
(990, 411, 74, 5),
(991, 411, 114, 6),
(992, 413, 57, 14),
(993, 413, 63, 8),
(994, 413, 67, 1),
(995, 413, 74, 1),
(996, 413, 77, 2),
(997, 413, 114, 2),
(998, 413, 117, 1),
(999, 414, 71, 2),
(1000, 414, 74, 7),
(1001, 414, 89, 2),
(1002, 414, 114, 3),
(1003, 415, 77, 1),
(1004, 415, 114, 2),
(1005, 416, 71, 1),
(1006, 416, 74, 5),
(1007, 416, 89, 3),
(1008, 416, 114, 3),
(1009, 417, 57, 1),
(1010, 417, 71, 1),
(1011, 417, 77, 1),
(1012, 417, 114, 2),
(1013, 418, 57, 6),
(1014, 418, 77, 1),
(1015, 418, 144, 3),
(1016, 418, 166, 2),
(1017, 419, 7, 2),
(1018, 419, 74, 5),
(1019, 419, 75, 5),
(1020, 419, 89, 2),
(1021, 419, 114, 6),
(1022, 421, 57, 26),
(1023, 421, 74, 5),
(1024, 421, 77, 2),
(1025, 421, 89, 1),
(1026, 421, 114, 1),
(1027, 421, 144, 1),
(1028, 422, 57, 11),
(1029, 422, 71, 3),
(1030, 422, 74, 3),
(1031, 422, 77, 4),
(1032, 422, 89, 4),
(1033, 422, 114, 2),
(1034, 422, 155, 1),
(1035, 423, 67, 1),
(1036, 423, 114, 9),
(1037, 424, 57, 6),
(1038, 424, 74, 4),
(1039, 424, 89, 1),
(1040, 424, 114, 3),
(1041, 425, 74, 5),
(1042, 425, 77, 3),
(1043, 425, 87, 0),
(1044, 425, 94, 1),
(1045, 425, 114, 1),
(1046, 426, 71, 1),
(1047, 426, 77, 1),
(1048, 426, 114, 2),
(1049, 427, 7, 2),
(1050, 427, 74, 8),
(1051, 427, 89, 1),
(1052, 427, 114, 3),
(1053, 428, 67, 1),
(1054, 428, 71, 2),
(1055, 428, 114, 3),
(1056, 429, 74, 1),
(1057, 429, 114, 2),
(1058, 430, 74, 3),
(1059, 430, 114, 4),
(1060, 431, 74, 1),
(1061, 432, 57, 4),
(1062, 432, 67, 7),
(1063, 432, 71, 6),
(1064, 432, 74, 10),
(1065, 432, 89, 3),
(1066, 432, 114, 6),
(1067, 433, 57, 1),
(1068, 433, 114, 13),
(1069, 434, 71, 3),
(1070, 434, 74, 4),
(1071, 434, 89, 1),
(1072, 434, 114, 6),
(1073, 435, 74, 3),
(1074, 435, 114, 7),
(1075, 436, 71, 1),
(1076, 436, 74, 3),
(1077, 436, 77, 1),
(1078, 436, 114, 3),
(1079, 436, 144, 2),
(1080, 437, 57, 1),
(1081, 437, 114, 4),
(1082, 438, 57, 6),
(1083, 438, 77, 3),
(1084, 438, 89, 3),
(1085, 438, 114, 10),
(1086, 439, 114, 4),
(1087, 440, 57, 4),
(1088, 440, 114, 3),
(1089, 441, 74, 6),
(1090, 441, 114, 9),
(1091, 442, 57, 10),
(1092, 442, 114, 5),
(1093, 443, 57, 8),
(1094, 443, 67, 1),
(1095, 443, 74, 9),
(1096, 443, 114, 5),
(1097, 444, 74, 5),
(1098, 445, 57, 5),
(1099, 445, 74, 3),
(1100, 445, 114, 4),
(1101, 447, 57, 2),
(1102, 447, 77, 1),
(1103, 447, 114, 6),
(1104, 447, 144, 1),
(1105, 448, 74, 1),
(1106, 448, 77, 2),
(1107, 449, 67, 2),
(1108, 449, 74, 1),
(1109, 449, 114, 2),
(1110, 451, 144, 2),
(1111, 452, 113, 6),
(1112, 453, 57, 3),
(1113, 453, 67, 2),
(1114, 453, 74, 3),
(1115, 453, 89, 1),
(1116, 453, 114, 10),
(1117, 454, 1, 1),
(1118, 454, 7, 1),
(1119, 454, 57, 8),
(1120, 454, 77, 4),
(1121, 455, 57, 2),
(1122, 455, 74, 5),
(1123, 455, 77, 2),
(1124, 455, 114, 10),
(1125, 456, 57, 10),
(1126, 456, 67, 1),
(1127, 456, 71, 2),
(1128, 456, 74, 6),
(1129, 456, 77, 3),
(1130, 456, 89, 4),
(1131, 456, 114, 4),
(1132, 456, 144, 1),
(1133, 457, 57, 1),
(1134, 457, 67, 1),
(1135, 457, 74, 2),
(1136, 457, 114, 16),
(1137, 459, 57, 12),
(1138, 459, 63, 1),
(1139, 459, 67, 24),
(1140, 459, 71, 5),
(1141, 459, 74, 9),
(1142, 459, 77, 1),
(1143, 459, 89, 18),
(1144, 459, 114, 5),
(1145, 460, 74, 1),
(1146, 460, 114, 2),
(1147, 461, 114, 0),
(1148, 462, 67, 1),
(1149, 462, 71, 3),
(1150, 462, 74, 1),
(1151, 463, 57, 3),
(1152, 463, 67, 2),
(1153, 463, 74, 4),
(1154, 464, 57, 2),
(1155, 464, 71, 4),
(1156, 464, 74, 1),
(1157, 464, 89, 1),
(1158, 465, 57, 3),
(1159, 465, 67, 1),
(1160, 465, 77, 1),
(1161, 466, 57, 2),
(1162, 466, 67, 1),
(1163, 467, 57, 14),
(1164, 467, 63, 1),
(1165, 467, 67, 1),
(1166, 467, 71, 5),
(1167, 467, 114, 1),
(1168, 468, 7, 1),
(1169, 468, 57, 6),
(1170, 468, 67, 3),
(1171, 468, 71, 2),
(1172, 468, 74, 8),
(1173, 468, 77, 10),
(1174, 468, 89, 6),
(1175, 468, 155, 3),
(1176, 469, 57, 1),
(1177, 469, 74, 1),
(1178, 469, 114, 3),
(1179, 470, 57, 12),
(1180, 470, 67, 1),
(1181, 470, 71, 1),
(1182, 470, 77, 1),
(1183, 470, 89, 2),
(1184, 470, 144, 2),
(1185, 470, 158, 1),
(1186, 471, 57, 17),
(1187, 471, 77, 1),
(1188, 471, 114, 7),
(1189, 472, 57, 1),
(1190, 472, 89, 4),
(1191, 472, 94, 1),
(1192, 472, 114, 5),
(1193, 472, 144, 1),
(1194, 473, 57, 2),
(1195, 473, 67, 1),
(1196, 473, 71, 3),
(1197, 473, 74, 2),
(1198, 473, 77, 3),
(1199, 473, 114, 2),
(1200, 474, 57, 12),
(1201, 474, 67, 1),
(1202, 474, 71, 1),
(1203, 474, 74, 1),
(1204, 474, 114, 29),
(1205, 475, 67, 1),
(1206, 475, 71, 1),
(1207, 475, 89, 2),
(1208, 475, 114, 9),
(1209, 476, 57, 5),
(1210, 476, 67, 1),
(1211, 476, 74, 3),
(1212, 477, 67, 1),
(1213, 477, 71, 2),
(1214, 477, 74, 7),
(1215, 477, 77, 1),
(1216, 477, 114, 3),
(1217, 477, 144, 1),
(1218, 478, 57, 2),
(1219, 478, 74, 2),
(1220, 478, 114, 2),
(1221, 479, 74, 1),
(1222, 480, 114, 3),
(1223, 481, 3, 1),
(1224, 481, 57, 4),
(1225, 481, 74, 6),
(1226, 481, 77, 3),
(1227, 481, 114, 5),
(1228, 482, 74, 1),
(1229, 482, 89, 4),
(1230, 482, 158, 1),
(1231, 483, 3, 1),
(1232, 483, 57, 5),
(1233, 483, 71, 1),
(1234, 483, 74, 1),
(1235, 483, 89, 3),
(1236, 483, 144, 1),
(1237, 484, 57, 2),
(1238, 484, 74, 1),
(1239, 484, 77, 1),
(1240, 484, 89, 1),
(1241, 484, 144, 1),
(1242, 484, 163, 3),
(1243, 485, 73, 1),
(1244, 486, 71, 6),
(1245, 486, 114, 2),
(1246, 486, 144, 2),
(1247, 487, 73, 2),
(1248, 488, 113, 5),
(1249, 489, 74, 3),
(1250, 489, 114, 1),
(1251, 490, 7, 2),
(1252, 490, 20, 1),
(1253, 490, 57, 9),
(1254, 490, 71, 3),
(1255, 490, 74, 1),
(1256, 490, 77, 2),
(1257, 490, 89, 2),
(1258, 491, 74, 3),
(1259, 491, 114, 2),
(1260, 493, 67, 8),
(1261, 493, 114, 2),
(1262, 494, 74, 10),
(1263, 495, 102, 1),
(1264, 496, 114, 1),
(1265, 497, 74, 2),
(1266, 498, 67, 2),
(1267, 498, 77, 1),
(1268, 499, 74, 4),
(1269, 500, 121, 0),
(1270, 501, 7, 2),
(1271, 501, 67, 9),
(1272, 501, 114, 1),
(1273, 502, 114, 0),
(1274, 503, 74, 1),
(1275, 504, 74, 0),
(1276, 505, 74, 1),
(1277, 506, 74, 3),
(1278, 507, 67, 1),
(1279, 507, 89, 1),
(1280, 508, 67, 3),
(1281, 508, 74, 17),
(1282, 509, 67, 2),
(1283, 510, 74, 2),
(1284, 511, 67, 4),
(1285, 511, 74, 4),
(1286, 512, 67, 0),
(1287, 513, 74, 1),
(1288, 514, 74, 0),
(1289, 515, 74, 0),
(1290, 516, 77, 16),
(1291, 516, 102, 1),
(1292, 517, 67, 1),
(1293, 518, 74, 5),
(1294, 518, 102, 1),
(1295, 519, 74, 2),
(1296, 520, 74, 0),
(1297, 521, 74, 0),
(1298, 522, 102, 1),
(1299, 523, 67, 3),
(1300, 523, 77, 7),
(1301, 523, 89, 1),
(1302, 524, 74, 5),
(1303, 526, 67, 1),
(1304, 535, 57, 6),
(1305, 535, 74, 1),
(1306, 535, 77, 2),
(1307, 535, 114, 4),
(1308, 536, 57, 4),
(1309, 536, 74, 1),
(1310, 536, 89, 1),
(1311, 536, 114, 7),
(1312, 537, 57, 4),
(1313, 537, 67, 1),
(1314, 537, 71, 2),
(1315, 537, 74, 11),
(1316, 537, 89, 2),
(1317, 537, 94, 2),
(1318, 537, 114, 7),
(1319, 538, 57, 3),
(1320, 538, 74, 3),
(1321, 538, 89, 1),
(1322, 538, 114, 6),
(1323, 539, 1, 1),
(1324, 539, 7, 2),
(1325, 539, 57, 5),
(1326, 539, 67, 1),
(1327, 539, 71, 3),
(1328, 539, 74, 8),
(1329, 539, 77, 1),
(1330, 539, 91, 3),
(1331, 539, 114, 11),
(1332, 540, 1, 2),
(1333, 540, 57, 3),
(1334, 540, 67, 1),
(1335, 540, 71, 3),
(1336, 540, 74, 2),
(1337, 540, 89, 2),
(1338, 540, 114, 9),
(1339, 541, 57, 2),
(1340, 541, 67, 1),
(1341, 541, 114, 8),
(1342, 542, 57, 2),
(1343, 542, 114, 9),
(1344, 543, 57, 5),
(1345, 543, 74, 1),
(1346, 543, 89, 2),
(1347, 543, 114, 6),
(1348, 544, 57, 7),
(1349, 544, 71, 1),
(1350, 544, 74, 2),
(1351, 544, 89, 2),
(1352, 544, 114, 1),
(1353, 545, 57, 3),
(1354, 545, 114, 1),
(1355, 546, 1, 1),
(1356, 546, 57, 7),
(1357, 546, 114, 12),
(1358, 547, 57, 4),
(1359, 547, 74, 4),
(1360, 547, 114, 23),
(1361, 548, 57, 2),
(1362, 548, 74, 11),
(1363, 548, 114, 1),
(1364, 549, 74, 4),
(1365, 549, 89, 1),
(1366, 550, 57, 4),
(1367, 550, 71, 3),
(1368, 550, 89, 2),
(1369, 550, 114, 4),
(1370, 551, 71, 1),
(1371, 551, 74, 10),
(1372, 551, 94, 3),
(1373, 551, 114, 1),
(1374, 551, 163, 2),
(1375, 552, 74, 12),
(1376, 552, 114, 2),
(1377, 552, 156, 1),
(1378, 552, 166, 1),
(1379, 553, 57, 4),
(1380, 553, 71, 2),
(1381, 553, 74, 5),
(1382, 553, 89, 1),
(1383, 553, 114, 4),
(1384, 554, 74, 3),
(1385, 554, 89, 1),
(1386, 554, 114, 4),
(1387, 555, 7, 1),
(1388, 555, 63, 2),
(1389, 555, 71, 1),
(1390, 555, 74, 1),
(1391, 555, 77, 2),
(1392, 555, 89, 15),
(1393, 555, 142, 1),
(1394, 555, 163, 4),
(1395, 556, 57, 7),
(1396, 556, 74, 2),
(1397, 556, 89, 1),
(1398, 556, 114, 2),
(1399, 557, 1, 2),
(1400, 557, 7, 2),
(1401, 557, 57, 13),
(1402, 557, 63, 4),
(1403, 557, 67, 1),
(1404, 557, 77, 1),
(1405, 557, 89, 1),
(1406, 557, 114, 2),
(1407, 558, 7, 1),
(1408, 558, 57, 5),
(1409, 558, 71, 1),
(1410, 558, 77, 6),
(1411, 558, 89, 1),
(1412, 559, 1, 2),
(1413, 559, 7, 2),
(1414, 559, 57, 7),
(1415, 559, 67, 1),
(1416, 559, 74, 7),
(1417, 559, 77, 1),
(1418, 559, 89, 7),
(1419, 559, 114, 1),
(1420, 560, 7, 2),
(1421, 560, 57, 9),
(1422, 560, 63, 1),
(1423, 560, 67, 3),
(1424, 560, 71, 3),
(1425, 560, 74, 2),
(1426, 560, 77, 1),
(1427, 560, 89, 3),
(1428, 560, 114, 10),
(1429, 561, 1, 2),
(1430, 561, 7, 1),
(1431, 561, 57, 7),
(1432, 561, 63, 2),
(1433, 561, 74, 3),
(1434, 561, 77, 3),
(1435, 561, 89, 5),
(1436, 561, 114, 6),
(1437, 562, 57, 1),
(1438, 562, 71, 3),
(1439, 562, 74, 1),
(1440, 562, 114, 7),
(1441, 563, 74, 8),
(1442, 563, 114, 2),
(1443, 564, 57, 3),
(1444, 564, 67, 2),
(1445, 564, 89, 1),
(1446, 564, 114, 2),
(1447, 565, 57, 1),
(1448, 565, 114, 9),
(1449, 566, 57, 1),
(1450, 566, 71, 3),
(1451, 566, 74, 2),
(1452, 566, 89, 2),
(1453, 566, 114, 9),
(1454, 567, 57, 7),
(1455, 567, 74, 1),
(1456, 567, 77, 3),
(1457, 567, 114, 2),
(1458, 568, 57, 2),
(1459, 569, 57, 2),
(1460, 569, 71, 1),
(1461, 569, 114, 10),
(1462, 570, 74, 3),
(1463, 570, 114, 1),
(1464, 571, 57, 3),
(1465, 571, 89, 1),
(1466, 571, 114, 3),
(1467, 572, 57, 2),
(1468, 572, 67, 1),
(1469, 572, 77, 2),
(1470, 572, 114, 5),
(1471, 573, 57, 4),
(1472, 573, 67, 1),
(1473, 573, 89, 1),
(1474, 573, 114, 1),
(1475, 574, 71, 1),
(1476, 574, 74, 9),
(1477, 574, 114, 1),
(1478, 575, 57, 15),
(1479, 575, 74, 5),
(1480, 575, 89, 1),
(1481, 575, 114, 37),
(1482, 576, 7, 1),
(1483, 576, 57, 4),
(1484, 576, 74, 3),
(1485, 576, 114, 2),
(1486, 577, 57, 5),
(1487, 577, 74, 2),
(1488, 577, 77, 1),
(1489, 577, 114, 2),
(1490, 578, 57, 1),
(1491, 578, 71, 2),
(1492, 578, 74, 6),
(1493, 578, 114, 5),
(1494, 579, 57, 1),
(1495, 579, 74, 4),
(1496, 579, 114, 3),
(1497, 580, 57, 2),
(1498, 580, 74, 2),
(1499, 580, 77, 1),
(1500, 581, 57, 6),
(1501, 581, 74, 6),
(1502, 581, 114, 9),
(1503, 582, 71, 1),
(1504, 582, 74, 7),
(1505, 582, 77, 1),
(1506, 582, 114, 4),
(1507, 583, 57, 15),
(1508, 583, 67, 1),
(1509, 584, 57, 1),
(1510, 584, 74, 2),
(1511, 584, 114, 5),
(1512, 585, 74, 15),
(1513, 585, 114, 2),
(1514, 586, 74, 1),
(1515, 586, 114, 2),
(1516, 587, 57, 2),
(1517, 587, 71, 1),
(1518, 587, 74, 1),
(1519, 587, 114, 18),
(1520, 588, 57, 3),
(1521, 588, 74, 1),
(1522, 588, 114, 4),
(1523, 589, 57, 2),
(1524, 589, 74, 2),
(1525, 589, 114, 6),
(1526, 590, 57, 5),
(1527, 590, 71, 7),
(1528, 590, 74, 11),
(1529, 590, 94, 2),
(1530, 590, 114, 1),
(1531, 591, 70, 1),
(1532, 591, 71, 2),
(1533, 591, 74, 8),
(1534, 591, 114, 7),
(1535, 592, 71, 1),
(1536, 592, 74, 16),
(1537, 592, 77, 2),
(1538, 592, 89, 1),
(1539, 592, 114, 5),
(1540, 593, 57, 2),
(1541, 593, 74, 8),
(1542, 593, 77, 1),
(1543, 593, 114, 4),
(1544, 593, 163, 1),
(1545, 594, 74, 5),
(1546, 594, 89, 1),
(1547, 594, 114, 1),
(1548, 595, 74, 9),
(1549, 595, 77, 2),
(1550, 595, 89, 3),
(1551, 595, 114, 2),
(1552, 596, 74, 6),
(1553, 597, 71, 1),
(1554, 597, 74, 2),
(1555, 597, 114, 2),
(1556, 599, 71, 1),
(1557, 599, 74, 14),
(1558, 599, 114, 6),
(1559, 600, 57, 1),
(1560, 600, 74, 2),
(1561, 600, 77, 1),
(1562, 600, 114, 2),
(1563, 601, 74, 2),
(1564, 601, 114, 4),
(1565, 602, 57, 1),
(1566, 602, 71, 2),
(1567, 602, 74, 22),
(1568, 602, 89, 1),
(1569, 602, 93, 1),
(1570, 603, 114, 2),
(1571, 604, 7, 1),
(1572, 604, 57, 4),
(1573, 604, 74, 1),
(1574, 604, 89, 3),
(1575, 604, 114, 2),
(1576, 605, 7, 4),
(1577, 605, 49, 1),
(1578, 605, 74, 38),
(1579, 605, 118, 1),
(1580, 606, 57, 3),
(1581, 606, 63, 2),
(1582, 606, 71, 2),
(1583, 606, 74, 11),
(1584, 606, 89, 2),
(1585, 606, 114, 9),
(1586, 607, 7, 1),
(1587, 607, 42, 2),
(1588, 607, 57, 10),
(1589, 607, 63, 2),
(1590, 607, 71, 1),
(1591, 607, 77, 2),
(1592, 607, 89, 2),
(1593, 607, 94, 1),
(1594, 607, 114, 3),
(1595, 608, 7, 1),
(1596, 608, 57, 2),
(1597, 608, 74, 2),
(1598, 608, 77, 1),
(1599, 609, 7, 1),
(1600, 609, 42, 1),
(1601, 609, 74, 2),
(1602, 609, 89, 10),
(1603, 609, 163, 2),
(1604, 610, 7, 1),
(1605, 610, 57, 2),
(1606, 610, 71, 2),
(1607, 610, 74, 7),
(1608, 610, 77, 3),
(1609, 610, 89, 0),
(1610, 611, 57, 1),
(1611, 611, 74, 5),
(1612, 611, 114, 16),
(1613, 612, 71, 1),
(1614, 612, 74, 1),
(1615, 612, 114, 8),
(1616, 613, 74, 20),
(1617, 615, 77, 1),
(1618, 615, 114, 4),
(1619, 616, 114, 1),
(1620, 617, 57, 2),
(1621, 617, 74, 4),
(1622, 617, 114, 1),
(1623, 618, 74, 1),
(1624, 618, 77, 5),
(1625, 618, 114, 15),
(1626, 619, 71, 1),
(1627, 619, 74, 2),
(1628, 619, 89, 1),
(1629, 619, 114, 14),
(1630, 620, 71, 2),
(1631, 620, 74, 4),
(1632, 621, 1, 1),
(1633, 621, 7, 1),
(1634, 621, 74, 3),
(1635, 621, 77, 1),
(1636, 621, 114, 9),
(1637, 622, 71, 1),
(1638, 622, 74, 1),
(1639, 622, 114, 1),
(1640, 623, 74, 4),
(1641, 623, 114, 9),
(1642, 624, 114, 6),
(1643, 625, 71, 1),
(1644, 625, 74, 6),
(1645, 625, 77, 2),
(1646, 625, 114, 15),
(1647, 626, 74, 1),
(1648, 626, 114, 6),
(1649, 627, 114, 7),
(1650, 628, 114, 8),
(1651, 629, 7, 1),
(1652, 629, 71, 1),
(1653, 629, 74, 2),
(1654, 629, 114, 4),
(1655, 630, 71, 1),
(1656, 630, 74, 1),
(1657, 630, 114, 2),
(1658, 631, 7, 1),
(1659, 631, 74, 1),
(1660, 631, 114, 14),
(1661, 632, 114, 8),
(1662, 633, 74, 1),
(1663, 633, 114, 13),
(1664, 634, 74, 1),
(1665, 634, 114, 18),
(1666, 635, 71, 1),
(1667, 635, 114, 12),
(1668, 636, 114, 7),
(1669, 637, 74, 6),
(1670, 637, 77, 1),
(1671, 637, 114, 1),
(1672, 638, 36, 2),
(1673, 638, 114, 11),
(1674, 639, 1, 3),
(1675, 639, 71, 1),
(1676, 639, 74, 1),
(1677, 640, 1, 1),
(1678, 640, 57, 2),
(1679, 640, 74, 6),
(1680, 641, 74, 10),
(1681, 642, 74, 6),
(1682, 643, 74, 9),
(1683, 643, 114, 2),
(1684, 644, 67, 1),
(1685, 644, 74, 1),
(1686, 644, 114, 7),
(1687, 645, 71, 5),
(1688, 645, 74, 7),
(1689, 645, 114, 7),
(1690, 646, 74, 14),
(1691, 646, 114, 10),
(1692, 647, 114, 14),
(1693, 648, 7, 3),
(1694, 648, 71, 4),
(1695, 648, 74, 1),
(1696, 648, 114, 9),
(1697, 649, 74, 1),
(1698, 649, 114, 9),
(1699, 650, 74, 1),
(1700, 650, 114, 9),
(1701, 651, 74, 3),
(1702, 651, 114, 31),
(1703, 652, 114, 14),
(1704, 653, 71, 3),
(1705, 653, 77, 3),
(1706, 653, 114, 2),
(1707, 653, 155, 0),
(1708, 653, 163, 3),
(1709, 654, 7, 2),
(1710, 654, 42, 1),
(1711, 654, 57, 1),
(1712, 654, 63, 1),
(1713, 654, 74, 4),
(1714, 654, 77, 2),
(1715, 654, 89, 2),
(1716, 655, 7, 1),
(1717, 655, 42, 3),
(1718, 655, 63, 1),
(1719, 655, 71, 1),
(1720, 655, 74, 5),
(1721, 655, 114, 4),
(1722, 656, 74, 2),
(1723, 656, 89, 1),
(1724, 656, 114, 5),
(1725, 657, 7, 1),
(1726, 657, 63, 1),
(1727, 657, 71, 1),
(1728, 657, 74, 2),
(1729, 657, 163, 1),
(1730, 658, 74, 4),
(1731, 658, 114, 3),
(1732, 659, 57, 2),
(1733, 659, 89, 2),
(1734, 659, 114, 1),
(1735, 660, 67, 3),
(1736, 660, 77, 7),
(1737, 660, 89, 1),
(1738, 661, 67, 7),
(1739, 661, 71, 1),
(1740, 661, 77, 1),
(1741, 661, 89, 1),
(1742, 662, 67, 3),
(1743, 662, 71, 1),
(1744, 662, 74, 6),
(1745, 662, 144, 3),
(1746, 662, 174, 1),
(1747, 663, 74, 2),
(1748, 663, 77, 1),
(1749, 664, 67, 3),
(1750, 664, 74, 5),
(1751, 664, 89, 1),
(1752, 665, 67, 5),
(1753, 666, 67, 7),
(1754, 667, 67, 15),
(1755, 667, 74, 2),
(1756, 667, 89, 5),
(1757, 667, 144, 5),
(1758, 668, 74, 2),
(1759, 669, 67, 2),
(1760, 669, 74, 7),
(1761, 669, 78, 1),
(1762, 669, 114, 5),
(1763, 669, 144, 1),
(1764, 670, 74, 2),
(1765, 670, 144, 1),
(1766, 672, 74, 6),
(1767, 673, 67, 4),
(1768, 673, 74, 5),
(1769, 673, 89, 1),
(1770, 674, 67, 10),
(1771, 674, 89, 1),
(1772, 675, 67, 4),
(1773, 675, 74, 21),
(1774, 675, 89, 1),
(1775, 675, 144, 2),
(1776, 676, 67, 27),
(1777, 677, 49, 2),
(1778, 677, 67, 4),
(1779, 677, 74, 10),
(1780, 677, 89, 4),
(1781, 678, 71, 2),
(1782, 679, 67, 1),
(1783, 679, 74, 5),
(1784, 679, 144, 1),
(1785, 680, 51, 2),
(1786, 680, 67, 14),
(1787, 680, 74, 9),
(1788, 680, 89, 11),
(1789, 680, 114, 8),
(1790, 681, 67, 1),
(1791, 682, 74, 7),
(1792, 682, 174, 2),
(1793, 683, 25, 1),
(1794, 683, 74, 1),
(1795, 684, 77, 5),
(1796, 685, 49, 2),
(1797, 685, 67, 2),
(1798, 685, 74, 4),
(1799, 685, 78, 1),
(1800, 685, 89, 3),
(1801, 685, 106, 1),
(1802, 686, 67, 1),
(1803, 687, 74, 7),
(1804, 688, 49, 2),
(1805, 688, 74, 10),
(1806, 688, 89, 2),
(1807, 689, 67, 2),
(1808, 689, 74, 3),
(1809, 690, 74, 1),
(1810, 691, 67, 6),
(1811, 691, 74, 14),
(1812, 692, 67, 16),
(1813, 692, 89, 3),
(1814, 693, 74, 3),
(1815, 693, 77, 1),
(1816, 693, 144, 1),
(1817, 694, 67, 3),
(1818, 694, 77, 1),
(1819, 694, 144, 1),
(1820, 696, 67, 5),
(1821, 696, 89, 3),
(1822, 697, 67, 3),
(1823, 697, 74, 3),
(1824, 697, 77, 1),
(1825, 698, 67, 4),
(1826, 698, 74, 5),
(1827, 698, 89, 1),
(1828, 699, 74, 2),
(1829, 699, 89, 2),
(1830, 699, 117, 2),
(1831, 699, 144, 2),
(1832, 700, 67, 3),
(1833, 700, 74, 13),
(1834, 700, 89, 4),
(1835, 700, 174, 3),
(1836, 701, 25, 1),
(1837, 701, 38, 3),
(1838, 701, 67, 2),
(1839, 701, 74, 8),
(1840, 701, 89, 5),
(1841, 701, 174, 1),
(1842, 702, 67, 16),
(1843, 702, 74, 15),
(1844, 702, 149, 1),
(1845, 703, 74, 2),
(1846, 703, 144, 1),
(1847, 703, 174, 3),
(1848, 704, 49, 1),
(1849, 704, 89, 3),
(1850, 705, 67, 1),
(1851, 705, 74, 3),
(1852, 705, 89, 1),
(1853, 706, 89, 1),
(1854, 707, 67, 24),
(1855, 708, 74, 1),
(1856, 709, 74, 4),
(1857, 709, 89, 2),
(1858, 710, 67, 8),
(1859, 710, 74, 1),
(1860, 710, 89, 4),
(1861, 710, 144, 1),
(1862, 711, 67, 1),
(1863, 711, 74, 6),
(1864, 711, 89, 4),
(1865, 711, 174, 1),
(1866, 712, 74, 3),
(1867, 713, 67, 1),
(1868, 713, 74, 13),
(1869, 713, 89, 1),
(1870, 714, 74, 3),
(1871, 715, 67, 4),
(1872, 715, 74, 3),
(1873, 715, 89, 3),
(1874, 716, 67, 1),
(1875, 716, 74, 9),
(1876, 716, 144, 3),
(1877, 717, 13, 1),
(1878, 717, 74, 2),
(1879, 717, 89, 2),
(1880, 718, 67, 3),
(1881, 719, 67, 2),
(1882, 719, 71, 10),
(1883, 719, 114, 2),
(1884, 720, 71, 1),
(1885, 720, 114, 7),
(1886, 721, 67, 2),
(1887, 721, 71, 7),
(1888, 721, 77, 1),
(1889, 721, 89, 3),
(1890, 721, 114, 4),
(1891, 722, 67, 3),
(1892, 722, 71, 9),
(1893, 722, 74, 1),
(1894, 722, 89, 2),
(1895, 723, 67, 12),
(1896, 723, 71, 21),
(1897, 723, 74, 2),
(1898, 723, 89, 1),
(1899, 724, 67, 2),
(1900, 724, 74, 4),
(1901, 725, 67, 1),
(1902, 725, 114, 9),
(1903, 726, 67, 6),
(1904, 726, 74, 4),
(1905, 726, 114, 7),
(1906, 727, 67, 1),
(1907, 727, 114, 1),
(1908, 728, 114, 27),
(1909, 729, 67, 8),
(1910, 729, 74, 8),
(1911, 729, 89, 2),
(1912, 730, 67, 11),
(1913, 730, 74, 15),
(1914, 730, 114, 6),
(1915, 731, 67, 10),
(1916, 731, 71, 13),
(1917, 731, 74, 75),
(1918, 731, 77, 2),
(1919, 731, 89, 10),
(1920, 731, 119, 1),
(1921, 732, 67, 25),
(1922, 732, 74, 35),
(1923, 732, 87, 3),
(1924, 732, 89, 10),
(1925, 733, 67, 15),
(1926, 733, 71, 10),
(1927, 733, 74, 26),
(1928, 733, 89, 5),
(1929, 734, 20, 1),
(1930, 734, 37, 3),
(1931, 734, 71, 2),
(1932, 734, 74, 12),
(1933, 734, 89, 3),
(1934, 735, 37, 1),
(1935, 735, 71, 3),
(1936, 735, 74, 3),
(1937, 735, 89, 2),
(1938, 736, 45, 1),
(1939, 736, 57, 2),
(1940, 736, 71, 2),
(1941, 736, 74, 8),
(1942, 736, 89, 1),
(1943, 737, 37, 1),
(1944, 737, 45, 5),
(1945, 737, 74, 8),
(1946, 737, 89, 3),
(1947, 738, 37, 1),
(1948, 738, 57, 1),
(1949, 738, 71, 3),
(1950, 738, 74, 7),
(1951, 738, 89, 6),
(1952, 739, 20, 1),
(1953, 739, 57, 3),
(1954, 739, 71, 1),
(1955, 739, 74, 1),
(1956, 739, 89, 4),
(1957, 740, 63, 1),
(1958, 740, 71, 1),
(1959, 740, 74, 3),
(1960, 741, 71, 3),
(1961, 741, 74, 2),
(1962, 741, 172, 1),
(1963, 742, 7, 1),
(1964, 742, 37, 4),
(1965, 742, 71, 4),
(1966, 742, 74, 15),
(1967, 742, 89, 7),
(1968, 743, 37, 1),
(1969, 743, 74, 8),
(1970, 743, 89, 6),
(1971, 744, 20, 1),
(1972, 744, 57, 1),
(1973, 744, 63, 1),
(1974, 744, 74, 10),
(1975, 744, 89, 2),
(1976, 745, 74, 4),
(1977, 745, 89, 7),
(1978, 746, 58, 1),
(1979, 746, 75, 1),
(1980, 746, 89, 4),
(1981, 747, 37, 2),
(1982, 747, 67, 2),
(1983, 747, 74, 4),
(1984, 747, 89, 1),
(1985, 747, 121, 1),
(1986, 747, 144, 2),
(1987, 748, 74, 1),
(1988, 748, 89, 1),
(1989, 749, 67, 1),
(1990, 749, 74, 3),
(1991, 749, 89, 1),
(1992, 749, 94, 1),
(1993, 750, 74, 13),
(1994, 750, 89, 2),
(1995, 751, 37, 2),
(1996, 751, 63, 1),
(1997, 751, 71, 2),
(1998, 751, 74, 4),
(1999, 751, 89, 7),
(2000, 752, 67, 2),
(2001, 752, 71, 2),
(2002, 752, 74, 5),
(2003, 752, 89, 4),
(2004, 753, 57, 1),
(2005, 753, 67, 0),
(2006, 753, 71, 5),
(2007, 753, 74, 7),
(2008, 753, 89, 5),
(2009, 754, 71, 2),
(2010, 754, 74, 4),
(2011, 754, 89, 4),
(2012, 755, 74, 3),
(2013, 755, 89, 1),
(2014, 756, 70, 1),
(2015, 756, 74, 5),
(2016, 756, 89, 6),
(2017, 757, 67, 1),
(2018, 757, 74, 10),
(2019, 757, 89, 6),
(2020, 758, 41, 1),
(2021, 758, 57, 3),
(2022, 758, 59, 1),
(2023, 758, 74, 4),
(2024, 758, 89, 15),
(2025, 758, 121, 1),
(2026, 759, 7, 1),
(2027, 759, 37, 1),
(2028, 759, 74, 10),
(2029, 759, 89, 5),
(2030, 760, 37, 1),
(2031, 760, 71, 4),
(2032, 760, 74, 3),
(2033, 760, 89, 3),
(2034, 761, 7, 1),
(2035, 761, 71, 3),
(2036, 761, 74, 3),
(2037, 761, 89, 10),
(2038, 761, 121, 1),
(2039, 762, 37, 1),
(2040, 762, 42, 2),
(2041, 762, 67, 2),
(2042, 762, 74, 3),
(2043, 762, 89, 4),
(2044, 762, 174, 2),
(2045, 763, 37, 2),
(2046, 763, 57, 1),
(2047, 763, 74, 3),
(2048, 763, 89, 1),
(2049, 764, 42, 2),
(2050, 764, 71, 1),
(2051, 764, 74, 18),
(2052, 764, 89, 6),
(2053, 764, 163, 1),
(2054, 765, 71, 2),
(2055, 765, 74, 3),
(2056, 765, 163, 1),
(2057, 766, 42, 1),
(2058, 766, 71, 5),
(2059, 766, 74, 6),
(2060, 766, 89, 2),
(2061, 767, 42, 1),
(2062, 767, 71, 6),
(2063, 767, 74, 5),
(2064, 767, 89, 7),
(2065, 767, 163, 1),
(2066, 768, 71, 6),
(2067, 768, 74, 1),
(2068, 768, 89, 1),
(2069, 769, 71, 1),
(2070, 769, 89, 6),
(2071, 770, 42, 1),
(2072, 770, 67, 1),
(2073, 770, 71, 1),
(2074, 770, 89, 3),
(2075, 771, 20, 2),
(2076, 771, 37, 1),
(2077, 771, 57, 4),
(2078, 771, 67, 3),
(2079, 771, 74, 4),
(2080, 771, 89, 2),
(2081, 772, 7, 1),
(2082, 772, 37, 1),
(2083, 772, 58, 1),
(2084, 772, 71, 3),
(2085, 772, 74, 3),
(2086, 772, 89, 5),
(2087, 773, 7, 1),
(2088, 773, 57, 1),
(2089, 773, 74, 3),
(2090, 773, 89, 3),
(2091, 774, 57, 6),
(2092, 774, 71, 1),
(2093, 774, 74, 10),
(2094, 774, 89, 1),
(2095, 774, 174, 1),
(2096, 775, 41, 1),
(2097, 775, 57, 2),
(2098, 775, 74, 4),
(2099, 775, 89, 5),
(2100, 775, 174, 6),
(2101, 776, 42, 3),
(2102, 776, 57, 1),
(2103, 776, 63, 1),
(2104, 776, 67, 1),
(2105, 776, 71, 8),
(2106, 776, 89, 3),
(2107, 776, 174, 2),
(2108, 777, 37, 1),
(2109, 777, 57, 1),
(2110, 777, 74, 2),
(2111, 777, 89, 5),
(2112, 778, 57, 3),
(2113, 778, 63, 1),
(2114, 778, 67, 4),
(2115, 778, 74, 12),
(2116, 778, 78, 1),
(2117, 778, 89, 1),
(2118, 779, 8, 1),
(2119, 779, 20, 1),
(2120, 779, 42, 2),
(2121, 779, 45, 1),
(2122, 779, 71, 2),
(2123, 779, 74, 9),
(2124, 779, 78, 1),
(2125, 779, 89, 2),
(2126, 780, 7, 1),
(2127, 780, 45, 1),
(2128, 780, 57, 4),
(2129, 780, 71, 1),
(2130, 780, 74, 12),
(2131, 780, 89, 2),
(2132, 781, 20, 2),
(2133, 781, 57, 1),
(2134, 781, 71, 1),
(2135, 781, 74, 3),
(2136, 781, 78, 1),
(2137, 781, 89, 1),
(2138, 781, 163, 1),
(2139, 782, 37, 3),
(2140, 782, 42, 2),
(2141, 782, 45, 1),
(2142, 782, 57, 3),
(2143, 782, 67, 2),
(2144, 782, 74, 5),
(2145, 782, 78, 1),
(2146, 782, 89, 4),
(2147, 782, 163, 1),
(2148, 782, 172, 1),
(2149, 783, 8, 2),
(2150, 783, 42, 1),
(2151, 783, 45, 1),
(2152, 783, 57, 4),
(2153, 783, 67, 4),
(2154, 783, 74, 4),
(2155, 783, 89, 5),
(2156, 784, 20, 1),
(2157, 784, 37, 2),
(2158, 784, 42, 1),
(2159, 784, 57, 2),
(2160, 784, 62, 1),
(2161, 784, 67, 2),
(2162, 784, 74, 5),
(2163, 784, 89, 5),
(2164, 784, 163, 2),
(2165, 785, 8, 1),
(2166, 785, 37, 1),
(2167, 785, 67, 2),
(2168, 785, 89, 1),
(2169, 785, 163, 1),
(2170, 786, 37, 2),
(2171, 786, 57, 1),
(2172, 786, 75, 2),
(2173, 786, 78, 1),
(2174, 787, 20, 1),
(2175, 787, 89, 3),
(2176, 788, 20, 3),
(2177, 788, 45, 1),
(2178, 788, 89, 3),
(2179, 789, 45, 4),
(2180, 789, 89, 4),
(2181, 790, 57, 2),
(2182, 790, 74, 2),
(2183, 791, 45, 2),
(2184, 791, 89, 1),
(2185, 792, 74, 2),
(2186, 792, 89, 1),
(2187, 793, 13, 3),
(2188, 793, 58, 2),
(2189, 793, 67, 1),
(2190, 793, 78, 1),
(2191, 793, 89, 18),
(2192, 794, 13, 2),
(2193, 794, 71, 3),
(2194, 794, 74, 1),
(2195, 794, 77, 4),
(2196, 794, 89, 8),
(2197, 794, 163, 1),
(2198, 794, 174, 4),
(2199, 795, 54, 1),
(2200, 795, 58, 2),
(2201, 795, 74, 9),
(2202, 795, 89, 6),
(2203, 796, 13, 3),
(2204, 796, 58, 1),
(2205, 796, 67, 3),
(2206, 796, 89, 18),
(2207, 797, 13, 1),
(2208, 797, 58, 1),
(2209, 797, 71, 1),
(2210, 797, 74, 2),
(2211, 797, 78, 1),
(2212, 797, 89, 6),
(2213, 797, 114, 5),
(2214, 797, 174, 1),
(2215, 798, 71, 2),
(2216, 798, 78, 4),
(2217, 798, 89, 30),
(2218, 799, 71, 3),
(2219, 799, 74, 5),
(2220, 799, 78, 1),
(2221, 799, 89, 24),
(2222, 800, 13, 2),
(2223, 800, 58, 2),
(2224, 800, 67, 4),
(2225, 800, 74, 1),
(2226, 800, 89, 6),
(2227, 800, 163, 3),
(2228, 801, 74, 1),
(2229, 801, 174, 1),
(2230, 802, 74, 1),
(2231, 802, 87, 1),
(2232, 802, 89, 7),
(2233, 803, 13, 2),
(2234, 803, 67, 6),
(2235, 803, 77, 1),
(2236, 803, 89, 30),
(2237, 803, 114, 3),
(2238, 803, 163, 1),
(2239, 804, 58, 3),
(2240, 804, 89, 5),
(2241, 804, 114, 1),
(2242, 804, 163, 1),
(2243, 804, 174, 2),
(2244, 805, 13, 1),
(2245, 805, 58, 2),
(2246, 805, 67, 2),
(2247, 805, 71, 2),
(2248, 805, 77, 1),
(2249, 805, 89, 18),
(2250, 805, 163, 2),
(2251, 806, 7, 3),
(2252, 806, 67, 1),
(2253, 806, 71, 2),
(2254, 806, 74, 2),
(2255, 806, 77, 3),
(2256, 806, 89, 2),
(2257, 806, 163, 1),
(2258, 806, 174, 8),
(2259, 807, 74, 5),
(2260, 807, 77, 1),
(2261, 807, 89, 4),
(2262, 807, 136, 2),
(2263, 807, 174, 2),
(2264, 808, 78, 2),
(2265, 809, 45, 7),
(2266, 809, 78, 1),
(2267, 809, 89, 1),
(2268, 809, 117, 1),
(2269, 810, 89, 0),
(2270, 811, 45, 1),
(2271, 811, 89, 1),
(2272, 811, 174, 2),
(2273, 812, 89, 6),
(2274, 812, 174, 1),
(2275, 813, 89, 4),
(2276, 813, 174, 1),
(2277, 814, 45, 2),
(2278, 814, 89, 5),
(2279, 814, 132, 2),
(2280, 814, 144, 1),
(2281, 815, 45, 1),
(2282, 815, 78, 1),
(2283, 815, 89, 1),
(2284, 815, 174, 1),
(2285, 816, 20, 1),
(2286, 816, 71, 6),
(2287, 816, 74, 7),
(2288, 816, 89, 3),
(2289, 817, 37, 2),
(2290, 817, 67, 1),
(2291, 817, 71, 1),
(2292, 817, 74, 2),
(2293, 817, 89, 2),
(2294, 818, 74, 1),
(2295, 818, 89, 5),
(2296, 819, 74, 1),
(2297, 819, 89, 5),
(2298, 820, 57, 2),
(2299, 820, 74, 1),
(2300, 820, 89, 3),
(2301, 821, 57, 1),
(2302, 821, 74, 2),
(2303, 821, 89, 9),
(2304, 822, 37, 1),
(2305, 822, 74, 1),
(2306, 822, 89, 6),
(2307, 822, 94, 1),
(2308, 823, 20, 1),
(2309, 823, 67, 1),
(2310, 823, 74, 5),
(2311, 823, 89, 5),
(2312, 824, 63, 1),
(2313, 824, 71, 3),
(2314, 824, 74, 6),
(2315, 824, 89, 4),
(2316, 825, 37, 2),
(2317, 825, 67, 2),
(2318, 825, 74, 3),
(2319, 826, 67, 1),
(2320, 826, 74, 5),
(2321, 826, 89, 4),
(2322, 826, 114, 1),
(2323, 827, 42, 1),
(2324, 827, 67, 1),
(2325, 827, 71, 3),
(2326, 827, 74, 4),
(2327, 827, 89, 2),
(2328, 827, 163, 1),
(2329, 828, 63, 1),
(2330, 828, 71, 2),
(2331, 828, 74, 1),
(2332, 828, 89, 1),
(2333, 828, 94, 1),
(2334, 828, 174, 1),
(2335, 829, 8, 1),
(2336, 829, 67, 1),
(2337, 829, 71, 2),
(2338, 829, 74, 2),
(2339, 829, 89, 4),
(2340, 830, 37, 2),
(2341, 830, 74, 2),
(2342, 830, 89, 5),
(2343, 830, 144, 1),
(2344, 831, 71, 1),
(2345, 831, 74, 1),
(2346, 831, 89, 2),
(2347, 831, 144, 1),
(2348, 831, 163, 2),
(2349, 832, 37, 2),
(2350, 832, 45, 2),
(2351, 832, 74, 3),
(2352, 832, 144, 1),
(2353, 833, 57, 1),
(2354, 833, 74, 5),
(2355, 833, 89, 3),
(2356, 833, 163, 1),
(2357, 834, 7, 1),
(2358, 834, 20, 1),
(2359, 834, 37, 1),
(2360, 834, 42, 1),
(2361, 834, 74, 2),
(2362, 834, 89, 3),
(2363, 834, 174, 1),
(2364, 835, 8, 1),
(2365, 835, 37, 1),
(2366, 835, 71, 2),
(2367, 835, 89, 1),
(2368, 836, 42, 1),
(2369, 836, 71, 1),
(2370, 836, 74, 1),
(2371, 836, 89, 3),
(2372, 836, 174, 2),
(2373, 837, 57, 2),
(2374, 837, 74, 1),
(2375, 837, 78, 1),
(2376, 837, 89, 1),
(2377, 838, 45, 2),
(2378, 838, 89, 10),
(2379, 839, 57, 1),
(2380, 839, 74, 1),
(2381, 839, 89, 4),
(2382, 840, 57, 1),
(2383, 840, 74, 2),
(2384, 840, 78, 1),
(2385, 841, 42, 1),
(2386, 841, 57, 1),
(2387, 841, 67, 1),
(2388, 841, 71, 2),
(2389, 841, 74, 1),
(2390, 841, 160, 1),
(2391, 842, 57, 2),
(2392, 843, 42, 1),
(2393, 843, 57, 1),
(2394, 843, 67, 1),
(2395, 844, 42, 1),
(2396, 844, 63, 1),
(2397, 844, 67, 2),
(2398, 844, 89, 2),
(2399, 845, 57, 3),
(2400, 845, 63, 3),
(2401, 845, 77, 7),
(2402, 845, 89, 2),
(2403, 845, 114, 2),
(2404, 846, 7, 1),
(2405, 846, 57, 12),
(2406, 846, 67, 2),
(2407, 846, 71, 2),
(2408, 846, 74, 2),
(2409, 846, 114, 5),
(2410, 847, 57, 3),
(2411, 847, 74, 5),
(2412, 847, 77, 1),
(2413, 847, 114, 9),
(2414, 848, 67, 11),
(2415, 849, 71, 1),
(2416, 849, 114, 6),
(2417, 849, 134, 1),
(2418, 850, 1, 1),
(2419, 850, 3, 1),
(2420, 850, 7, 1),
(2421, 850, 57, 8),
(2422, 850, 71, 1),
(2423, 850, 74, 12),
(2424, 850, 89, 7),
(2425, 850, 163, 1),
(2426, 851, 74, 6),
(2427, 851, 114, 1),
(2428, 852, 57, 5),
(2429, 852, 114, 6),
(2430, 853, 114, 4),
(2431, 854, 77, 3),
(2432, 854, 114, 12),
(2433, 855, 74, 6),
(2434, 855, 114, 1),
(2435, 856, 74, 1),
(2436, 856, 114, 17),
(2437, 857, 114, 2),
(2438, 858, 57, 10),
(2439, 858, 74, 19),
(2440, 858, 77, 3),
(2441, 858, 94, 1),
(2442, 858, 114, 1),
(2443, 859, 74, 1),
(2444, 859, 114, 6),
(2445, 860, 74, 1),
(2446, 860, 114, 2),
(2447, 861, 74, 7),
(2448, 861, 77, 3),
(2449, 861, 114, 6),
(2450, 862, 74, 1),
(2451, 862, 114, 3),
(2452, 863, 114, 1),
(2453, 864, 114, 9),
(2454, 865, 74, 15),
(2455, 865, 114, 3),
(2456, 866, 114, 9),
(2457, 867, 114, 2),
(2458, 868, 57, 1),
(2459, 868, 67, 3),
(2460, 868, 74, 3),
(2461, 868, 114, 2),
(2462, 869, 74, 7),
(2463, 869, 114, 10),
(2464, 870, 74, 5),
(2465, 870, 114, 1),
(2466, 871, 74, 3),
(2467, 871, 114, 20),
(2468, 872, 114, 4),
(2469, 873, 74, 1),
(2470, 873, 114, 3),
(2471, 874, 74, 1),
(2472, 874, 89, 1),
(2473, 874, 114, 6),
(2474, 875, 7, 1),
(2475, 875, 57, 1),
(2476, 875, 63, 1),
(2477, 875, 67, 1),
(2478, 875, 71, 2),
(2479, 875, 74, 1),
(2480, 875, 77, 2),
(2481, 875, 89, 6),
(2482, 875, 94, 1),
(2483, 875, 114, 3),
(2484, 875, 163, 1),
(2485, 876, 57, 3),
(2486, 876, 74, 3),
(2487, 876, 77, 1),
(2488, 876, 114, 13),
(2489, 877, 57, 3),
(2490, 877, 67, 2),
(2491, 877, 71, 3),
(2492, 877, 74, 9),
(2493, 877, 77, 2),
(2494, 877, 89, 1),
(2495, 877, 114, 5),
(2496, 878, 57, 3),
(2497, 878, 71, 1),
(2498, 878, 74, 11),
(2499, 878, 77, 1),
(2500, 878, 89, 1),
(2501, 878, 114, 16),
(2502, 879, 57, 2),
(2503, 879, 67, 2),
(2504, 879, 74, 5),
(2505, 879, 77, 3),
(2506, 879, 114, 11),
(2507, 880, 57, 4),
(2508, 880, 67, 1),
(2509, 880, 71, 2),
(2510, 880, 74, 6),
(2511, 880, 77, 3),
(2512, 880, 94, 1),
(2513, 880, 114, 18),
(2514, 880, 117, 1),
(2515, 881, 57, 3),
(2516, 881, 71, 3),
(2517, 881, 74, 3),
(2518, 881, 77, 1),
(2519, 881, 114, 17),
(2520, 882, 67, 2),
(2521, 882, 74, 7),
(2522, 882, 77, 1),
(2523, 882, 114, 11),
(2524, 883, 57, 3),
(2525, 883, 74, 7),
(2526, 883, 94, 5),
(2527, 883, 114, 10),
(2528, 884, 7, 1),
(2529, 884, 57, 3),
(2530, 884, 63, 1),
(2531, 884, 67, 7),
(2532, 884, 74, 2),
(2533, 884, 77, 1),
(2534, 884, 94, 1),
(2535, 884, 129, 1),
(2536, 885, 1, 1),
(2537, 885, 7, 1),
(2538, 885, 57, 2),
(2539, 885, 67, 3),
(2540, 885, 74, 1),
(2541, 885, 114, 4),
(2542, 886, 1, 1),
(2543, 886, 7, 1),
(2544, 886, 25, 1),
(2545, 886, 57, 1),
(2546, 886, 74, 1),
(2547, 886, 77, 2),
(2548, 886, 94, 2),
(2549, 886, 114, 3),
(2550, 887, 57, 2),
(2551, 887, 74, 2),
(2552, 887, 77, 1),
(2553, 887, 114, 13),
(2554, 888, 114, 3),
(2555, 889, 71, 4),
(2556, 889, 74, 8),
(2557, 890, 74, 4),
(2558, 890, 114, 10),
(2559, 891, 57, 1),
(2560, 891, 67, 1),
(2561, 891, 74, 2),
(2562, 891, 114, 1),
(2563, 892, 57, 6),
(2564, 892, 74, 3),
(2565, 892, 77, 5),
(2566, 892, 114, 1),
(2567, 893, 74, 5),
(2568, 893, 114, 12),
(2569, 894, 114, 10),
(2570, 895, 74, 3),
(2571, 895, 114, 16),
(2572, 896, 71, 3),
(2573, 896, 74, 5),
(2574, 896, 114, 5),
(2575, 897, 71, 3),
(2576, 897, 74, 4),
(2577, 898, 114, 15),
(2578, 899, 114, 4),
(2579, 900, 67, 1),
(2580, 900, 74, 4),
(2581, 900, 114, 9),
(2582, 901, 74, 1),
(2583, 901, 114, 20),
(2584, 902, 114, 16),
(2585, 903, 7, 1),
(2586, 903, 57, 6),
(2587, 903, 71, 3),
(2588, 903, 74, 2),
(2589, 903, 77, 5),
(2590, 903, 114, 9),
(2591, 904, 1, 1),
(2592, 904, 42, 2),
(2593, 904, 57, 5),
(2594, 904, 58, 1),
(2595, 904, 67, 7),
(2596, 904, 74, 6),
(2597, 904, 77, 7),
(2598, 905, 1, 3),
(2599, 905, 7, 1),
(2600, 905, 57, 7),
(2601, 905, 67, 2),
(2602, 905, 74, 7),
(2603, 905, 77, 3),
(2604, 905, 94, 1),
(2605, 905, 114, 10),
(2606, 906, 1, 2),
(2607, 906, 42, 1),
(2608, 906, 57, 6),
(2609, 906, 74, 5),
(2610, 906, 77, 6),
(2611, 906, 114, 1),
(2612, 907, 57, 2),
(2613, 907, 74, 5),
(2614, 907, 77, 1),
(2615, 907, 114, 7),
(2616, 908, 7, 6),
(2617, 908, 57, 16),
(2618, 908, 71, 7),
(2619, 908, 74, 4),
(2620, 908, 77, 11),
(2621, 908, 89, 8),
(2622, 908, 114, 19),
(2623, 909, 57, 4),
(2624, 909, 114, 24),
(2625, 910, 74, 6),
(2626, 910, 114, 2),
(2627, 911, 57, 2),
(2628, 911, 74, 3),
(2629, 911, 77, 1),
(2630, 911, 114, 11),
(2631, 912, 71, 1),
(2632, 912, 74, 2),
(2633, 912, 114, 12),
(2634, 913, 57, 1),
(2635, 913, 63, 2),
(2636, 913, 74, 1),
(2637, 913, 77, 1),
(2638, 914, 74, 2),
(2639, 914, 114, 12),
(2640, 915, 114, 11),
(2641, 916, 1, 1),
(2642, 916, 7, 1),
(2643, 916, 57, 3),
(2644, 916, 74, 1),
(2645, 916, 77, 2),
(2646, 916, 89, 2),
(2647, 916, 114, 1),
(2648, 917, 7, 1),
(2649, 917, 57, 7),
(2650, 917, 74, 2),
(2651, 917, 77, 2),
(2652, 917, 89, 3),
(2653, 917, 114, 3),
(2654, 918, 57, 3),
(2655, 918, 71, 1),
(2656, 918, 74, 2),
(2657, 918, 77, 2),
(2658, 918, 114, 19),
(2659, 919, 74, 2),
(2660, 919, 77, 2),
(2661, 919, 114, 15),
(2662, 920, 57, 3),
(2663, 920, 74, 3),
(2664, 920, 114, 8),
(2665, 921, 57, 2),
(2666, 921, 74, 1),
(2667, 921, 114, 19),
(2668, 922, 74, 1),
(2669, 922, 114, 8),
(2670, 923, 57, 3),
(2671, 923, 74, 1),
(2672, 923, 114, 35),
(2673, 924, 114, 13),
(2674, 925, 57, 3),
(2675, 925, 67, 1),
(2676, 925, 114, 44),
(2677, 926, 114, 22),
(2678, 927, 74, 3),
(2679, 927, 89, 5),
(2680, 927, 114, 32),
(2681, 928, 57, 2),
(2682, 928, 74, 2),
(2683, 929, 7, 1),
(2684, 930, 67, 3),
(2685, 930, 74, 15),
(2686, 930, 94, 1),
(2687, 931, 102, 1),
(2688, 932, 77, 3),
(2689, 932, 89, 20),
(2690, 932, 114, 8),
(2691, 933, 74, 12),
(2692, 934, 74, 12),
(2693, 935, 74, 2),
(2694, 936, 89, 20),
(2695, 936, 114, 3),
(2696, 937, 67, 1),
(2697, 937, 74, 6),
(2698, 937, 94, 1),
(2699, 938, 71, 1),
(2700, 938, 77, 2),
(2701, 938, 89, 1),
(2702, 938, 121, 1),
(2703, 939, 100, 1),
(2704, 940, 7, 1),
(2705, 940, 74, 4),
(2706, 940, 77, 2),
(2707, 940, 94, 1),
(2708, 940, 114, 2),
(2709, 941, 67, 1),
(2710, 941, 74, 8),
(2711, 941, 94, 1),
(2712, 942, 74, 4),
(2713, 942, 89, 2),
(2714, 943, 100, 1),
(2715, 943, 121, 1),
(2716, 945, 144, 1),
(2717, 946, 114, 1),
(2718, 947, 7, 1),
(2719, 947, 71, 2),
(2720, 947, 74, 14),
(2721, 947, 77, 1),
(2722, 947, 144, 1),
(2723, 948, 102, 1),
(2724, 949, 74, 1),
(2725, 949, 77, 18),
(2726, 950, 74, 2),
(2727, 950, 89, 2),
(2728, 951, 89, 1),
(2729, 952, 74, 12),
(2730, 952, 77, 9),
(2731, 952, 144, 1),
(2732, 953, 77, 2),
(2733, 953, 89, 5),
(2734, 954, 77, 8),
(2735, 954, 102, 1),
(2736, 955, 74, 8),
(2737, 955, 94, 1),
(2738, 955, 114, 2),
(2739, 956, 114, 9),
(2740, 957, 102, 2),
(2741, 958, 67, 1),
(2742, 958, 74, 20),
(2743, 958, 94, 2),
(2744, 959, 102, 1),
(2745, 959, 121, 1),
(2746, 960, 77, 2),
(2747, 960, 89, 3),
(2748, 961, 74, 23),
(2749, 961, 77, 6),
(2750, 962, 102, 1),
(2751, 963, 89, 1),
(2752, 966, 102, 2),
(2753, 967, 74, 1),
(2754, 967, 77, 5),
(2755, 967, 89, 2),
(2756, 968, 57, 2),
(2757, 968, 74, 9),
(2758, 968, 89, 7),
(2759, 969, 57, 5),
(2760, 969, 71, 4),
(2761, 969, 74, 8),
(2762, 969, 89, 2),
(2763, 970, 42, 1),
(2764, 970, 57, 1),
(2765, 970, 71, 7),
(2766, 970, 74, 10),
(2767, 970, 89, 1),
(2768, 971, 42, 1),
(2769, 971, 51, 1),
(2770, 971, 71, 4),
(2771, 971, 74, 5),
(2772, 971, 89, 2),
(2773, 972, 37, 3),
(2774, 972, 57, 6),
(2775, 972, 67, 2),
(2776, 972, 71, 4),
(2777, 972, 74, 1),
(2778, 972, 89, 1),
(2779, 973, 37, 2),
(2780, 973, 74, 1),
(2781, 974, 74, 2),
(2782, 974, 89, 2),
(2783, 975, 71, 5),
(2784, 975, 74, 2),
(2785, 976, 37, 1),
(2786, 976, 57, 2),
(2787, 976, 67, 1),
(2788, 976, 71, 8),
(2789, 976, 74, 3),
(2790, 976, 89, 3),
(2791, 977, 37, 1),
(2792, 977, 74, 6),
(2793, 977, 89, 4),
(2794, 978, 37, 2),
(2795, 978, 57, 1),
(2796, 978, 71, 8),
(2797, 978, 74, 7),
(2798, 978, 89, 3),
(2799, 979, 37, 2),
(2800, 979, 57, 1),
(2801, 979, 71, 2),
(2802, 979, 74, 2),
(2803, 979, 89, 1),
(2804, 980, 37, 7),
(2805, 980, 42, 7),
(2806, 980, 57, 6),
(2807, 980, 67, 1),
(2808, 980, 71, 7);
INSERT INTO `bird_specimens` (`id`, `bird_sample_id`, `species_id`, `frequency`) VALUES
(2809, 980, 74, 5),
(2810, 980, 89, 5),
(2811, 981, 37, 4),
(2812, 981, 57, 1),
(2813, 981, 71, 2),
(2814, 981, 74, 4),
(2815, 982, 57, 1),
(2816, 982, 74, 2),
(2817, 982, 89, 3),
(2818, 982, 91, 1),
(2819, 983, 57, 1),
(2820, 983, 71, 3),
(2821, 984, 37, 2),
(2822, 984, 57, 1),
(2823, 984, 71, 2),
(2824, 984, 74, 3),
(2825, 984, 89, 1),
(2826, 985, 20, 1),
(2827, 985, 57, 1),
(2828, 985, 71, 5),
(2829, 985, 74, 2),
(2830, 985, 89, 3),
(2831, 986, 57, 2),
(2832, 986, 71, 10),
(2833, 986, 74, 5),
(2834, 986, 89, 3),
(2835, 987, 57, 2),
(2836, 987, 71, 2),
(2837, 987, 89, 3),
(2838, 987, 94, 1),
(2839, 988, 57, 2),
(2840, 988, 71, 7),
(2841, 988, 74, 2),
(2842, 989, 37, 1),
(2843, 989, 57, 3),
(2844, 989, 71, 1),
(2845, 989, 74, 2),
(2846, 989, 89, 2),
(2847, 990, 57, 1),
(2848, 990, 71, 7),
(2849, 990, 74, 2),
(2850, 990, 89, 2),
(2851, 991, 57, 4),
(2852, 991, 67, 3),
(2853, 991, 71, 7),
(2854, 991, 74, 3),
(2855, 991, 89, 4),
(2856, 992, 57, 1),
(2857, 992, 71, 2),
(2858, 992, 74, 3),
(2859, 993, 89, 2),
(2860, 994, 58, 1),
(2861, 994, 74, 2),
(2862, 994, 89, 2),
(2863, 995, 45, 1),
(2864, 995, 51, 9),
(2865, 996, 71, 2),
(2866, 996, 74, 1),
(2867, 996, 89, 1),
(2868, 997, 42, 1),
(2869, 997, 71, 1),
(2870, 997, 74, 1),
(2871, 998, 71, 1),
(2872, 998, 74, 2),
(2873, 998, 89, 3),
(2874, 998, 166, 2),
(2875, 999, 57, 1),
(2876, 999, 71, 1),
(2877, 999, 89, 1),
(2878, 1000, 57, 1),
(2879, 1000, 71, 5),
(2880, 1000, 74, 5),
(2881, 1001, 37, 1),
(2882, 1001, 42, 3),
(2883, 1001, 57, 6),
(2884, 1001, 71, 8),
(2885, 1001, 74, 6),
(2886, 1001, 89, 2),
(2887, 1002, 57, 1),
(2888, 1002, 71, 13),
(2889, 1002, 74, 13),
(2890, 1002, 89, 7),
(2891, 1003, 8, 2),
(2892, 1003, 74, 3),
(2893, 1003, 89, 3),
(2894, 1004, 37, 2),
(2895, 1004, 42, 0),
(2896, 1004, 57, 3),
(2897, 1004, 63, 1),
(2898, 1004, 71, 2),
(2899, 1004, 74, 4),
(2900, 1004, 89, 3),
(2901, 1005, 67, 2),
(2902, 1005, 71, 2),
(2903, 1005, 89, 6),
(2904, 1006, 71, 4),
(2905, 1006, 89, 5),
(2906, 1007, 51, 1),
(2907, 1007, 57, 4),
(2908, 1007, 71, 4),
(2909, 1007, 74, 1),
(2910, 1007, 89, 2),
(2911, 1008, 37, 3),
(2912, 1008, 57, 2),
(2913, 1008, 71, 2),
(2914, 1008, 74, 1),
(2915, 1008, 89, 2),
(2916, 1009, 8, 1),
(2917, 1009, 74, 1),
(2918, 1009, 89, 2),
(2919, 1010, 37, 1),
(2920, 1010, 71, 2),
(2921, 1010, 89, 4),
(2922, 1011, 37, 1),
(2923, 1011, 57, 6),
(2924, 1011, 71, 5),
(2925, 1011, 74, 3),
(2926, 1011, 89, 4),
(2927, 1012, 37, 1),
(2928, 1012, 58, 3),
(2929, 1012, 71, 2),
(2930, 1012, 74, 1),
(2931, 1012, 89, 3),
(2932, 1013, 8, 2),
(2933, 1013, 71, 2),
(2934, 1013, 74, 2),
(2935, 1013, 89, 3),
(2936, 1014, 57, 1),
(2937, 1014, 71, 1),
(2938, 1014, 74, 1),
(2939, 1014, 89, 1),
(2940, 1014, 121, 2),
(2941, 1015, 58, 1),
(2942, 1015, 71, 5),
(2943, 1015, 89, 3),
(2944, 1016, 71, 2),
(2945, 1016, 163, 1),
(2946, 1017, 42, 1),
(2947, 1017, 78, 1),
(2948, 1017, 89, 3),
(2949, 1018, 42, 1),
(2950, 1018, 71, 1),
(2951, 1018, 74, 1),
(2952, 1019, 8, 1),
(2953, 1019, 57, 1),
(2954, 1019, 74, 5),
(2955, 1019, 89, 4),
(2956, 1019, 121, 1),
(2957, 1019, 163, 1),
(2958, 1020, 37, 2),
(2959, 1020, 58, 2),
(2960, 1020, 74, 4),
(2961, 1021, 8, 1),
(2962, 1021, 89, 2),
(2963, 1022, 42, 1),
(2964, 1022, 58, 2),
(2965, 1022, 89, 6),
(2966, 1023, 74, 2),
(2967, 1023, 89, 1),
(2968, 1024, 37, 1),
(2969, 1024, 45, 2),
(2970, 1024, 58, 7),
(2971, 1024, 74, 2),
(2972, 1024, 89, 2),
(2973, 1025, 25, 1),
(2974, 1025, 58, 2),
(2975, 1025, 74, 2),
(2976, 1026, 57, 1),
(2977, 1026, 58, 2),
(2978, 1026, 74, 1),
(2979, 1026, 89, 3),
(2980, 1026, 144, 1),
(2981, 1026, 163, 1),
(2982, 1027, 57, 3),
(2983, 1027, 67, 3),
(2984, 1027, 74, 6),
(2985, 1027, 89, 1),
(2986, 1028, 8, 1),
(2987, 1028, 89, 2),
(2988, 1028, 144, 1),
(2989, 1029, 37, 2),
(2990, 1029, 58, 2),
(2991, 1029, 74, 2),
(2992, 1030, 8, 1),
(2993, 1030, 25, 2),
(2994, 1030, 42, 1),
(2995, 1030, 58, 3),
(2996, 1030, 71, 2),
(2997, 1030, 89, 2),
(2998, 1030, 144, 2),
(2999, 1031, 41, 2),
(3000, 1031, 58, 1),
(3001, 1031, 71, 10),
(3002, 1031, 74, 4),
(3003, 1031, 89, 4),
(3004, 1032, 8, 1),
(3005, 1032, 37, 2),
(3006, 1032, 71, 1),
(3007, 1032, 74, 3),
(3008, 1033, 42, 1),
(3009, 1033, 57, 3),
(3010, 1033, 74, 8),
(3011, 1033, 89, 1),
(3012, 1034, 42, 1),
(3013, 1034, 57, 3),
(3014, 1034, 74, 8),
(3015, 1034, 89, 1),
(3016, 1035, 7, 1),
(3017, 1035, 37, 1),
(3018, 1035, 57, 1),
(3019, 1035, 78, 1),
(3020, 1035, 88, 2),
(3021, 1036, 89, 5),
(3022, 1037, 57, 1),
(3023, 1037, 89, 1),
(3024, 1037, 121, 1),
(3025, 1038, 58, 5),
(3026, 1038, 71, 1),
(3027, 1038, 89, 2),
(3028, 1039, 71, 4),
(3029, 1039, 163, 1),
(3030, 1040, 78, 2),
(3031, 1040, 89, 2),
(3032, 1040, 144, 1),
(3033, 1041, 42, 1),
(3034, 1041, 57, 1),
(3035, 1041, 67, 4),
(3036, 1041, 71, 4),
(3037, 1041, 74, 7),
(3038, 1042, 8, 1),
(3039, 1042, 20, 1),
(3040, 1042, 71, 1),
(3041, 1042, 89, 6),
(3042, 1042, 121, 1),
(3043, 1042, 163, 1),
(3044, 1043, 89, 1),
(3045, 1044, 8, 2),
(3046, 1044, 58, 2),
(3047, 1044, 71, 2),
(3048, 1044, 74, 2),
(3049, 1044, 89, 2),
(3050, 1044, 144, 1),
(3051, 1045, 7, 1),
(3052, 1045, 37, 1),
(3053, 1045, 89, 6),
(3054, 1046, 8, 1),
(3055, 1046, 37, 1),
(3056, 1046, 45, 2),
(3057, 1046, 71, 2),
(3058, 1046, 74, 1),
(3059, 1046, 89, 3),
(3060, 1047, 8, 3),
(3061, 1047, 45, 1),
(3062, 1047, 58, 1),
(3063, 1047, 74, 2),
(3064, 1047, 94, 1),
(3065, 1048, 42, 1),
(3066, 1048, 57, 4),
(3067, 1048, 74, 5),
(3068, 1048, 89, 3),
(3069, 1049, 8, 1),
(3070, 1049, 37, 1),
(3071, 1049, 45, 2),
(3072, 1049, 57, 2),
(3073, 1049, 74, 5),
(3074, 1049, 89, 2),
(3075, 1050, 67, 1),
(3076, 1050, 74, 15),
(3077, 1050, 89, 3),
(3078, 1050, 114, 3),
(3079, 1050, 174, 1),
(3080, 1051, 74, 5),
(3081, 1051, 89, 5),
(3082, 1051, 114, 1),
(3083, 1052, 57, 3),
(3084, 1052, 67, 2),
(3085, 1052, 74, 4),
(3086, 1052, 114, 3),
(3087, 1052, 174, 1),
(3088, 1053, 67, 2),
(3089, 1053, 74, 2),
(3090, 1054, 74, 1),
(3091, 1054, 114, 1),
(3092, 1055, 67, 1),
(3093, 1055, 74, 2),
(3094, 1055, 89, 2),
(3095, 1055, 114, 2),
(3096, 1055, 174, 1),
(3097, 1056, 74, 11),
(3098, 1056, 94, 2),
(3099, 1057, 74, 23),
(3100, 1058, 71, 3),
(3101, 1058, 74, 9),
(3102, 1058, 89, 1),
(3103, 1058, 114, 4),
(3104, 1059, 71, 1),
(3105, 1059, 74, 7),
(3106, 1059, 114, 2),
(3107, 1059, 140, 1),
(3108, 1060, 71, 13),
(3109, 1060, 77, 1),
(3110, 1060, 89, 1),
(3111, 1060, 114, 2),
(3112, 1061, 71, 16),
(3113, 1061, 114, 13),
(3114, 1061, 174, 1),
(3115, 1062, 67, 2),
(3116, 1062, 71, 14),
(3117, 1062, 77, 2),
(3118, 1062, 174, 2),
(3119, 1063, 67, 1),
(3120, 1063, 74, 1),
(3121, 1063, 174, 3),
(3122, 1064, 57, 1),
(3123, 1064, 67, 6),
(3124, 1064, 74, 11),
(3125, 1064, 114, 5),
(3126, 1064, 174, 1),
(3127, 1065, 67, 3),
(3128, 1065, 71, 6),
(3129, 1065, 74, 3),
(3130, 1065, 114, 6),
(3131, 1065, 174, 3),
(3132, 1066, 74, 1),
(3133, 1067, 77, 2),
(3134, 1067, 114, 5),
(3135, 1068, 67, 1),
(3136, 1068, 114, 3),
(3137, 1068, 174, 1),
(3138, 1069, 57, 1),
(3139, 1069, 67, 2),
(3140, 1069, 74, 11),
(3141, 1069, 89, 1),
(3142, 1069, 114, 2),
(3143, 1069, 144, 1),
(3144, 1070, 74, 22),
(3145, 1070, 114, 12),
(3146, 1070, 174, 2),
(3147, 1071, 57, 1),
(3148, 1071, 67, 4),
(3149, 1071, 71, 1),
(3150, 1071, 74, 1),
(3151, 1071, 114, 3),
(3152, 1071, 174, 1),
(3153, 1072, 74, 9),
(3154, 1072, 89, 1),
(3155, 1072, 114, 3),
(3156, 1073, 67, 1),
(3157, 1073, 74, 5),
(3158, 1073, 114, 4),
(3159, 1074, 74, 20),
(3160, 1074, 89, 1),
(3161, 1074, 114, 1),
(3162, 1075, 67, 3),
(3163, 1075, 71, 5),
(3164, 1075, 77, 1),
(3165, 1075, 114, 3),
(3166, 1076, 67, 1),
(3167, 1076, 74, 8),
(3168, 1076, 77, 2),
(3169, 1077, 67, 2),
(3170, 1077, 71, 1),
(3171, 1077, 74, 5),
(3172, 1077, 114, 3),
(3173, 1078, 67, 2),
(3174, 1078, 74, 10),
(3175, 1078, 114, 5),
(3176, 1079, 67, 5),
(3177, 1079, 74, 7),
(3178, 1079, 114, 4),
(3179, 1080, 74, 2),
(3180, 1080, 114, 1),
(3181, 1081, 57, 3),
(3182, 1081, 67, 1),
(3183, 1081, 74, 10),
(3184, 1081, 114, 1),
(3185, 1082, 67, 4),
(3186, 1082, 74, 17),
(3187, 1082, 94, 2),
(3188, 1082, 114, 3),
(3189, 1083, 67, 1),
(3190, 1083, 74, 23),
(3191, 1083, 114, 1),
(3192, 1084, 67, 7),
(3193, 1084, 74, 5),
(3194, 1084, 89, 10),
(3195, 1084, 94, 5),
(3196, 1084, 144, 1),
(3197, 1084, 174, 9),
(3198, 1085, 57, 1),
(3199, 1085, 67, 2),
(3200, 1085, 77, 1),
(3201, 1085, 89, 4),
(3202, 1085, 174, 1),
(3203, 1086, 114, 1),
(3204, 1087, 74, 1),
(3205, 1087, 89, 2),
(3206, 1087, 114, 4),
(3207, 1088, 74, 2),
(3208, 1088, 114, 7),
(3209, 1089, 77, 1),
(3210, 1090, 77, 6),
(3211, 1090, 121, 1),
(3212, 1090, 139, 1),
(3213, 1091, 102, 2),
(3214, 1092, 102, 1),
(3215, 1092, 121, 1),
(3216, 1093, 89, 0),
(3217, 1093, 102, 0),
(3218, 1094, 77, 12),
(3219, 1095, 102, 2),
(3220, 1095, 114, 3),
(3221, 1096, 102, 1),
(3222, 1097, 114, 5),
(3223, 1098, 77, 6),
(3224, 1098, 102, 1),
(3225, 1098, 114, 4),
(3226, 1099, 102, 1),
(3227, 1099, 121, 1),
(3228, 1100, 114, 3),
(3229, 1101, 77, 13),
(3230, 1101, 114, 11),
(3231, 1102, 77, 9),
(3232, 1102, 114, 1),
(3233, 1103, 77, 0),
(3234, 1104, 114, 18),
(3235, 1105, 77, 1),
(3236, 1106, 77, 5),
(3237, 1106, 114, 6),
(3238, 1106, 140, 9),
(3239, 1107, 71, 7),
(3240, 1107, 74, 5),
(3241, 1108, 7, 1),
(3242, 1108, 74, 2),
(3243, 1109, 74, 18),
(3244, 1110, 7, 1),
(3245, 1110, 71, 1),
(3246, 1110, 74, 9),
(3247, 1110, 114, 1),
(3248, 1111, 74, 25),
(3249, 1112, 7, 1),
(3250, 1112, 74, 23),
(3251, 1113, 7, 1),
(3252, 1113, 74, 32),
(3253, 1113, 94, 1),
(3254, 1114, 71, 3),
(3255, 1114, 74, 54),
(3256, 1114, 89, 3),
(3257, 1115, 67, 12),
(3258, 1115, 74, 30),
(3259, 1116, 67, 5),
(3260, 1116, 74, 40),
(3261, 1117, 67, 3),
(3262, 1117, 74, 12),
(3263, 1118, 74, 2),
(3264, 1118, 114, 1),
(3265, 1119, 74, 4),
(3266, 1120, 74, 2),
(3267, 1121, 67, 4),
(3268, 1121, 74, 6),
(3269, 1122, 74, 3),
(3270, 1123, 67, 2),
(3271, 1123, 71, 2),
(3272, 1123, 74, 1),
(3273, 1124, 71, 1),
(3274, 1124, 114, 3),
(3275, 1124, 117, 2),
(3276, 1125, 67, 1),
(3277, 1125, 74, 1),
(3278, 1125, 114, 6),
(3279, 1126, 67, 2),
(3280, 1126, 71, 2),
(3281, 1126, 74, 3),
(3282, 1127, 71, 1),
(3283, 1128, 67, 3),
(3284, 1128, 71, 1),
(3285, 1129, 67, 9),
(3286, 1130, 67, 2),
(3287, 1130, 71, 1),
(3288, 1131, 77, 1),
(3289, 1132, 114, 6),
(3290, 1133, 77, 0),
(3291, 1134, 77, 0),
(3292, 1135, 77, 0),
(3293, 1136, 71, 3),
(3294, 1136, 74, 2),
(3295, 1137, 71, 2),
(3296, 1137, 74, 3),
(3297, 1138, 114, 30),
(3298, 1139, 67, 1),
(3299, 1139, 77, 3),
(3300, 1140, 67, 1),
(3301, 1140, 89, 0),
(3302, 1140, 143, 1),
(3303, 1141, 77, 9),
(3304, 1141, 89, 3),
(3305, 1142, 77, 0),
(3306, 1143, 143, 1),
(3307, 1144, 77, 0),
(3308, 1145, 77, 0),
(3309, 1146, 77, 12),
(3310, 1147, 89, 1),
(3311, 1148, 77, 4),
(3312, 1148, 89, 1),
(3313, 1149, 71, 8),
(3314, 1149, 77, 4),
(3315, 1149, 89, 3),
(3316, 1150, 71, 0),
(3317, 1150, 114, 1),
(3318, 1151, 71, 3),
(3319, 1151, 77, 3),
(3320, 1152, 71, 16),
(3321, 1152, 77, 4),
(3322, 1153, 77, 3),
(3323, 1154, 42, 1),
(3324, 1154, 57, 1),
(3325, 1154, 63, 1),
(3326, 1154, 67, 1),
(3327, 1154, 74, 2),
(3328, 1154, 114, 1),
(3329, 1155, 42, 1),
(3330, 1155, 63, 2),
(3331, 1155, 67, 3),
(3332, 1155, 74, 30),
(3333, 1155, 94, 3),
(3334, 1155, 114, 15),
(3335, 1155, 134, 1),
(3336, 1156, 42, 1),
(3337, 1156, 57, 24),
(3338, 1156, 67, 1),
(3339, 1156, 71, 1),
(3340, 1156, 74, 6),
(3341, 1156, 77, 2),
(3342, 1157, 57, 7),
(3343, 1157, 114, 3),
(3344, 1158, 57, 5),
(3345, 1158, 114, 7),
(3346, 1159, 67, 1),
(3347, 1159, 74, 2),
(3348, 1159, 114, 4),
(3349, 1160, 57, 4),
(3350, 1160, 114, 4),
(3351, 1161, 74, 8),
(3352, 1161, 114, 6),
(3353, 1162, 67, 4),
(3354, 1162, 74, 23),
(3355, 1162, 114, 34),
(3356, 1163, 74, 5),
(3357, 1163, 114, 1),
(3358, 1164, 67, 1),
(3359, 1164, 114, 2),
(3360, 1165, 63, 1),
(3361, 1165, 67, 1),
(3362, 1165, 74, 1),
(3363, 1165, 114, 3),
(3364, 1166, 67, 1),
(3365, 1167, 57, 13),
(3366, 1167, 67, 12),
(3367, 1167, 71, 1),
(3368, 1167, 74, 13),
(3369, 1167, 89, 2),
(3370, 1167, 114, 6),
(3371, 1168, 57, 30),
(3372, 1168, 67, 13),
(3373, 1168, 74, 45),
(3374, 1168, 89, 1),
(3375, 1168, 114, 1),
(3376, 1169, 57, 1),
(3377, 1169, 114, 1),
(3378, 1170, 57, 2),
(3379, 1170, 67, 6),
(3380, 1170, 74, 18),
(3381, 1170, 77, 8),
(3382, 1170, 114, 8),
(3383, 1170, 117, 1),
(3384, 1171, 57, 16),
(3385, 1171, 67, 3),
(3386, 1171, 71, 2),
(3387, 1171, 74, 5),
(3388, 1171, 89, 3),
(3389, 1172, 57, 47),
(3390, 1172, 71, 1),
(3391, 1172, 74, 10),
(3392, 1173, 57, 4),
(3393, 1173, 67, 1),
(3394, 1173, 74, 2),
(3395, 1173, 89, 1),
(3396, 1173, 114, 1),
(3397, 1174, 67, 2),
(3398, 1174, 71, 8),
(3399, 1174, 74, 9),
(3400, 1174, 77, 9),
(3401, 1174, 114, 1),
(3402, 1175, 74, 9),
(3403, 1175, 114, 6),
(3404, 1176, 74, 4),
(3405, 1177, 7, 1),
(3406, 1177, 57, 35),
(3407, 1177, 67, 2),
(3408, 1177, 74, 30),
(3409, 1177, 114, 4),
(3410, 1178, 57, 16),
(3411, 1178, 63, 1),
(3412, 1178, 114, 5),
(3413, 1179, 67, 10),
(3414, 1179, 71, 1),
(3415, 1179, 74, 51),
(3416, 1179, 77, 1),
(3417, 1179, 114, 4),
(3418, 1180, 57, 3),
(3419, 1180, 67, 4),
(3420, 1180, 71, 2),
(3421, 1180, 74, 4),
(3422, 1180, 77, 4),
(3423, 1180, 94, 4),
(3424, 1180, 114, 3),
(3425, 1181, 57, 6),
(3426, 1181, 67, 1),
(3427, 1181, 71, 2),
(3428, 1181, 74, 6),
(3429, 1181, 77, 4),
(3430, 1181, 89, 2),
(3431, 1181, 114, 5),
(3432, 1181, 174, 1),
(3433, 1182, 7, 1),
(3434, 1182, 57, 47),
(3435, 1182, 63, 1),
(3436, 1182, 71, 8),
(3437, 1182, 77, 2),
(3438, 1182, 140, 1),
(3439, 1182, 166, 1),
(3440, 1183, 7, 1),
(3441, 1183, 57, 27),
(3442, 1183, 63, 2),
(3443, 1183, 67, 11),
(3444, 1183, 71, 5),
(3445, 1183, 74, 37),
(3446, 1183, 77, 9),
(3447, 1183, 89, 2),
(3448, 1184, 57, 1),
(3449, 1184, 67, 2),
(3450, 1184, 71, 1),
(3451, 1184, 74, 3),
(3452, 1184, 114, 1),
(3453, 1185, 7, 1),
(3454, 1185, 57, 6),
(3455, 1185, 71, 5),
(3456, 1185, 77, 4),
(3457, 1185, 114, 12),
(3458, 1185, 140, 1),
(3459, 1185, 163, 1),
(3460, 1186, 57, 6),
(3461, 1186, 67, 1),
(3462, 1186, 71, 4),
(3463, 1186, 74, 1),
(3464, 1186, 114, 3),
(3465, 1187, 7, 2),
(3466, 1187, 57, 12),
(3467, 1187, 63, 1),
(3468, 1187, 67, 1),
(3469, 1187, 71, 2),
(3470, 1187, 74, 4),
(3471, 1187, 77, 1),
(3472, 1187, 89, 1),
(3473, 1187, 114, 1),
(3474, 1187, 166, 1),
(3475, 1188, 57, 6),
(3476, 1188, 78, 2),
(3477, 1189, 7, 2),
(3478, 1189, 63, 1),
(3479, 1189, 67, 4),
(3480, 1189, 74, 15),
(3481, 1190, 7, 1),
(3482, 1190, 57, 13),
(3483, 1190, 67, 2),
(3484, 1190, 71, 2),
(3485, 1190, 74, 3),
(3486, 1190, 77, 11),
(3487, 1190, 89, 5),
(3488, 1190, 114, 8),
(3489, 1190, 140, 1),
(3490, 1191, 74, 3),
(3491, 1192, 74, 4),
(3492, 1192, 89, 2),
(3493, 1193, 67, 1),
(3494, 1193, 74, 1),
(3495, 1194, 67, 2),
(3496, 1194, 89, 3),
(3497, 1195, 67, 2),
(3498, 1195, 74, 6),
(3499, 1196, 67, 2),
(3500, 1196, 114, 7),
(3501, 1197, 7, 1),
(3502, 1197, 67, 6),
(3503, 1198, 114, 5),
(3504, 1199, 67, 4),
(3505, 1199, 74, 3),
(3506, 1199, 114, 1),
(3507, 1200, 89, 1),
(3508, 1200, 114, 2),
(3509, 1201, 67, 3),
(3510, 1202, 67, 16),
(3511, 1203, 74, 2),
(3512, 1204, 42, 1),
(3513, 1204, 67, 46),
(3514, 1204, 74, 30),
(3515, 1204, 174, 1),
(3516, 1205, 67, 5),
(3517, 1205, 74, 2),
(3518, 1206, 67, 2),
(3519, 1206, 74, 2),
(3520, 1207, 67, 3),
(3521, 1208, 67, 1),
(3522, 1209, 67, 2),
(3523, 1209, 74, 1),
(3524, 1210, 67, 3),
(3525, 1210, 140, 1),
(3526, 1211, 67, 1),
(3527, 1211, 74, 2),
(3528, 1211, 114, 1),
(3529, 1212, 67, 1),
(3530, 1213, 67, 6),
(3531, 1213, 71, 3),
(3532, 1214, 67, 5),
(3533, 1214, 89, 2),
(3534, 1215, 67, 1),
(3535, 1215, 74, 5),
(3536, 1215, 89, 1),
(3537, 1215, 114, 3),
(3538, 1216, 67, 7),
(3539, 1217, 67, 4),
(3540, 1218, 67, 2),
(3541, 1218, 71, 4),
(3542, 1219, 174, 3),
(3543, 1220, 71, 4),
(3544, 1220, 74, 2),
(3545, 1220, 114, 3),
(3546, 1221, 67, 4),
(3547, 1221, 74, 2),
(3548, 1222, 67, 4),
(3549, 1222, 74, 1),
(3550, 1222, 77, 2),
(3551, 1223, 42, 1),
(3552, 1223, 67, 6),
(3553, 1223, 71, 5),
(3554, 1223, 74, 2),
(3555, 1223, 89, 4),
(3556, 1223, 174, 1),
(3557, 1224, 67, 1),
(3558, 1224, 71, 1),
(3559, 1224, 89, 2),
(3560, 1225, 74, 4),
(3561, 1226, 67, 1),
(3562, 1226, 114, 3),
(3563, 1227, 67, 1),
(3564, 1227, 74, 2),
(3565, 1228, 67, 3),
(3566, 1228, 89, 2),
(3567, 1229, 42, 2),
(3568, 1229, 67, 9),
(3569, 1230, 67, 3),
(3570, 1230, 133, 1),
(3571, 1231, 67, 1),
(3572, 1231, 89, 3),
(3573, 1232, 42, 2),
(3574, 1232, 71, 3),
(3575, 1232, 89, 4),
(3576, 1233, 67, 8),
(3577, 1233, 89, 4),
(3578, 1234, 71, 2),
(3579, 1234, 74, 4),
(3580, 1235, 67, 2),
(3581, 1235, 89, 7),
(3582, 1236, 67, 2),
(3583, 1236, 74, 3),
(3584, 1237, 74, 2),
(3585, 1238, 1, 2),
(3586, 1238, 67, 4),
(3587, 1239, 7, 1),
(3588, 1239, 67, 4),
(3589, 1239, 71, 8),
(3590, 1239, 89, 2),
(3591, 1240, 7, 1),
(3592, 1240, 67, 11),
(3593, 1240, 74, 2),
(3594, 1241, 89, 2),
(3595, 1241, 133, 1),
(3596, 1242, 89, 3),
(3597, 1242, 151, 2),
(3598, 1243, 67, 4),
(3599, 1244, 67, 3),
(3600, 1244, 74, 1),
(3601, 1245, 67, 4),
(3602, 1245, 74, 1),
(3603, 1245, 89, 3),
(3604, 1246, 67, 3),
(3605, 1246, 74, 1),
(3606, 1247, 67, 15),
(3607, 1247, 71, 2),
(3608, 1247, 89, 1),
(3609, 1247, 94, 1),
(3610, 1248, 67, 16),
(3611, 1248, 74, 7),
(3612, 1249, 7, 1),
(3613, 1249, 67, 6),
(3614, 1249, 89, 1),
(3615, 1250, 67, 2),
(3616, 1251, 42, 1),
(3617, 1251, 74, 15),
(3618, 1252, 67, 2),
(3619, 1252, 89, 1),
(3620, 1253, 67, 14),
(3621, 1253, 74, 7),
(3622, 1253, 89, 4),
(3623, 1254, 7, 2),
(3624, 1254, 71, 1),
(3625, 1254, 89, 7),
(3626, 1255, 67, 15),
(3627, 1256, 74, 6),
(3628, 1257, 74, 3),
(3629, 1257, 94, 1),
(3630, 1258, 67, 3),
(3631, 1258, 74, 2),
(3632, 1259, 67, 13),
(3633, 1259, 94, 1),
(3634, 1260, 67, 9),
(3635, 1260, 74, 6),
(3636, 1261, 67, 15),
(3637, 1261, 74, 2),
(3638, 1262, 67, 7),
(3639, 1262, 74, 4),
(3640, 1263, 71, 2),
(3641, 1264, 67, 5),
(3642, 1264, 71, 1),
(3643, 1264, 74, 2),
(3644, 1265, 67, 2),
(3645, 1265, 89, 3),
(3646, 1266, 67, 3),
(3647, 1267, 67, 9),
(3648, 1267, 74, 3),
(3649, 1267, 89, 1),
(3650, 1267, 94, 2),
(3651, 1268, 1, 4),
(3652, 1268, 2, 2),
(3653, 1268, 3, 4),
(3654, 1268, 5, 8),
(3655, 1268, 8, 0),
(3656, 1268, 9, 10),
(3657, 1268, 11, 1),
(3658, 1268, 21, 3),
(3659, 1268, 67, 99),
(3660, 1268, 120, 2),
(3661, 1269, 1, 1),
(3662, 1269, 67, 4),
(3663, 1270, 67, 4),
(3664, 1270, 74, 4),
(3665, 1271, 67, 5),
(3666, 1271, 74, 4),
(3667, 1272, 1, 4),
(3668, 1272, 2, 2),
(3669, 1272, 3, 4),
(3670, 1272, 5, 8),
(3671, 1272, 8, 0),
(3672, 1272, 9, 10),
(3673, 1272, 11, 1),
(3674, 1272, 21, 3),
(3675, 1272, 67, 99),
(3676, 1272, 120, 2),
(3677, 1273, 67, 1),
(3678, 1274, 42, 1),
(3679, 1275, 42, 1),
(3680, 1275, 49, 1),
(3681, 1275, 67, 6),
(3682, 1275, 74, 1),
(3683, 1276, 71, 1),
(3684, 1276, 89, 2),
(3685, 1277, 67, 7),
(3686, 1278, 67, 0),
(3687, 1279, 74, 1),
(3688, 1280, 67, 1),
(3689, 1280, 89, 8),
(3690, 1281, 89, 4),
(3691, 1281, 174, 1),
(3692, 1282, 67, 1),
(3693, 1282, 71, 1),
(3694, 1282, 77, 7),
(3695, 1282, 89, 1),
(3696, 1282, 163, 2),
(3697, 1283, 74, 1),
(3698, 1284, 67, 1),
(3699, 1285, 67, 2),
(3700, 1285, 89, 1),
(3701, 1286, 7, 0),
(3702, 1287, 67, 5),
(3703, 1287, 74, 3),
(3704, 1288, 74, 1),
(3705, 1289, 42, 1),
(3706, 1289, 49, 1),
(3707, 1289, 67, 9),
(3708, 1289, 74, 1),
(3709, 1290, 89, 2),
(3710, 1291, 89, 1),
(3711, 1292, 9, 0),
(3712, 1293, 67, 1),
(3713, 1294, 74, 1),
(3714, 1295, 67, 2),
(3715, 1296, 74, 0),
(3716, 1297, 74, 3),
(3717, 1298, 67, 2),
(3718, 1299, 67, 1),
(3719, 1299, 89, 3),
(3720, 1300, 67, 2),
(3721, 1301, 1, 0),
(3722, 1302, 67, 11),
(3723, 1303, 89, 1),
(3724, 1304, 67, 3),
(3725, 1304, 89, 2),
(3726, 1305, 74, 0),
(3727, 1306, 67, 4),
(3728, 1306, 74, 4),
(3729, 1306, 89, 4),
(3730, 1307, 67, 4),
(3731, 1307, 77, 1),
(3732, 1308, 67, 6),
(3733, 1308, 77, 3),
(3734, 1309, 1, 0),
(3735, 1310, 89, 0),
(3736, 1311, 67, 1),
(3737, 1311, 89, 2),
(3738, 1312, 67, 4),
(3739, 1312, 77, 1),
(3740, 1313, 67, 3),
(3741, 1313, 74, 1),
(3742, 1314, 67, 1),
(3743, 1314, 89, 5),
(3744, 1314, 94, 2),
(3745, 1315, 74, 0),
(3746, 1316, 67, 6),
(3747, 1316, 77, 5),
(3748, 1317, 89, 1),
(3749, 1318, 67, 7),
(3750, 1318, 74, 5),
(3751, 1318, 94, 1),
(3752, 1319, 1, 1),
(3753, 1319, 67, 7),
(3754, 1320, 49, 1),
(3755, 1320, 67, 2),
(3756, 1320, 74, 1),
(3757, 1320, 89, 2),
(3758, 1321, 67, 13),
(3759, 1321, 74, 5),
(3760, 1321, 89, 1),
(3761, 1322, 67, 11),
(3762, 1322, 74, 5),
(3763, 1323, 67, 16),
(3764, 1323, 74, 10),
(3765, 1323, 89, 2),
(3766, 1324, 67, 1),
(3767, 1324, 89, 1),
(3768, 1324, 174, 2),
(3769, 1325, 49, 1),
(3770, 1325, 67, 2),
(3771, 1325, 74, 4),
(3772, 1326, 67, 20),
(3773, 1327, 74, 3),
(3774, 1328, 57, 1),
(3775, 1329, 89, 1),
(3776, 1330, 74, 2),
(3777, 1331, 7, 1),
(3778, 1331, 67, 8),
(3779, 1331, 74, 2),
(3780, 1331, 89, 2),
(3781, 1332, 114, 6),
(3782, 1333, 67, 0),
(3783, 1334, 67, 2),
(3784, 1334, 89, 2),
(3785, 1335, 67, 4),
(3786, 1335, 74, 4),
(3787, 1335, 89, 2),
(3788, 1336, 2, 8),
(3789, 1336, 7, 7),
(3790, 1336, 9, 5),
(3791, 1336, 174, 6),
(3792, 1337, 67, 3),
(3793, 1338, 67, 2),
(3794, 1339, 49, 1),
(3795, 1339, 94, 1),
(3796, 1339, 133, 1),
(3797, 1340, 67, 2),
(3798, 1340, 89, 1),
(3799, 1341, 67, 1),
(3800, 1342, 67, 2),
(3801, 1342, 89, 1),
(3802, 1343, 67, 1),
(3803, 1343, 71, 3),
(3804, 1343, 74, 1),
(3805, 1344, 2, 0),
(3806, 1345, 67, 4),
(3807, 1345, 89, 3),
(3808, 1346, 67, 7),
(3809, 1346, 74, 2),
(3810, 1346, 77, 1),
(3811, 1347, 67, 11),
(3812, 1348, 71, 2),
(3813, 1349, 67, 1),
(3814, 1349, 74, 2),
(3815, 1349, 77, 3),
(3816, 1350, 49, 1),
(3817, 1350, 67, 2),
(3818, 1350, 77, 1),
(3819, 1350, 89, 1),
(3820, 1351, 67, 5),
(3821, 1351, 89, 2),
(3822, 1351, 174, 1),
(3823, 1352, 67, 3),
(3824, 1353, 67, 3),
(3825, 1354, 2, 0),
(3826, 1355, 67, 1),
(3827, 1355, 74, 2),
(3828, 1356, 89, 22),
(3829, 1357, 74, 0),
(3830, 1358, 1, 0),
(3831, 1359, 49, 1),
(3832, 1359, 77, 1),
(3833, 1359, 94, 1),
(3834, 1360, 49, 1),
(3835, 1360, 67, 11),
(3836, 1360, 71, 5),
(3837, 1360, 74, 3),
(3838, 1360, 174, 1),
(3839, 1361, 67, 2),
(3840, 1361, 89, 1),
(3841, 1362, 67, 2),
(3842, 1363, 67, 3),
(3843, 1363, 125, 2),
(3844, 1364, 67, 1),
(3845, 1365, 67, 7),
(3846, 1365, 74, 2),
(3847, 1365, 114, 3),
(3848, 1366, 67, 4),
(3849, 1366, 71, 2),
(3850, 1366, 89, 3),
(3851, 1367, 67, 2),
(3852, 1367, 74, 4),
(3853, 1367, 174, 1),
(3854, 1368, 67, 4),
(3855, 1368, 89, 3),
(3856, 1369, 67, 2),
(3857, 1370, 7, 1),
(3858, 1370, 67, 5),
(3859, 1370, 74, 3),
(3860, 1370, 89, 1),
(3861, 1371, 89, 1),
(3862, 1372, 67, 7),
(3863, 1372, 71, 2),
(3864, 1372, 89, 4),
(3865, 1372, 114, 1),
(3866, 1373, 67, 6),
(3867, 1374, 67, 4),
(3868, 1374, 89, 2),
(3869, 1375, 89, 3),
(3870, 1376, 67, 3),
(3871, 1376, 74, 1),
(3872, 1376, 114, 3),
(3873, 1377, 7, 1),
(3874, 1377, 67, 1),
(3875, 1377, 71, 4),
(3876, 1378, 49, 1),
(3877, 1378, 89, 1),
(3878, 1378, 94, 1),
(3879, 1379, 67, 5),
(3880, 1380, 7, 1),
(3881, 1380, 67, 7),
(3882, 1380, 74, 1),
(3883, 1381, 77, 2),
(3884, 1381, 114, 1),
(3885, 1382, 67, 1),
(3886, 1382, 74, 2),
(3887, 1382, 114, 10),
(3888, 1383, 1, 0),
(3889, 1384, 114, 3),
(3890, 1385, 67, 7),
(3891, 1385, 74, 1),
(3892, 1386, 114, 2),
(3893, 1387, 7, 1),
(3894, 1387, 94, 1),
(3895, 1387, 133, 2),
(3896, 1388, 67, 1),
(3897, 1388, 114, 3),
(3898, 1389, 89, 7),
(3899, 1389, 133, 1),
(3900, 1390, 89, 1),
(3901, 1391, 89, 10),
(3902, 1391, 114, 1),
(3903, 1392, 67, 9),
(3904, 1392, 74, 2),
(3905, 1392, 94, 4),
(3906, 1393, 67, 4),
(3907, 1393, 71, 2),
(3908, 1393, 89, 2),
(3909, 1394, 94, 1),
(3910, 1395, 67, 3),
(3911, 1395, 74, 2),
(3912, 1395, 89, 1),
(3913, 1395, 94, 2),
(3914, 1396, 67, 1),
(3915, 1396, 71, 1),
(3916, 1396, 74, 1),
(3917, 1396, 89, 1),
(3918, 1396, 174, 1),
(3919, 1397, 2, 4),
(3920, 1397, 26, 2),
(3921, 1397, 174, 6),
(3922, 1398, 37, 1),
(3923, 1398, 67, 4),
(3924, 1398, 89, 2),
(3925, 1398, 117, 1),
(3926, 1399, 67, 1),
(3927, 1399, 74, 1),
(3928, 1399, 89, 2),
(3929, 1400, 67, 9),
(3930, 1400, 74, 15),
(3931, 1400, 89, 2),
(3932, 1401, 87, 10),
(3933, 1401, 89, 5),
(3934, 1401, 114, 7),
(3935, 1402, 57, 1),
(3936, 1402, 67, 2),
(3937, 1403, 67, 7),
(3938, 1403, 74, 5),
(3939, 1403, 89, 2),
(3940, 1404, 57, 1),
(3941, 1404, 89, 1),
(3942, 1405, 67, 3),
(3943, 1405, 74, 2),
(3944, 1405, 89, 6),
(3945, 1405, 114, 1),
(3946, 1406, 89, 3),
(3947, 1406, 114, 1),
(3948, 1407, 71, 2),
(3949, 1408, 67, 2),
(3950, 1408, 89, 1),
(3951, 1409, 76, 1),
(3952, 1410, 71, 4),
(3953, 1411, 89, 1),
(3954, 1411, 114, 1),
(3955, 1412, 74, 4),
(3956, 1412, 114, 2),
(3957, 1413, 13, 1),
(3958, 1413, 74, 3),
(3959, 1413, 77, 1),
(3960, 1413, 89, 1),
(3961, 1413, 94, 1),
(3962, 1413, 114, 2),
(3963, 1414, 67, 2),
(3964, 1415, 67, 3),
(3965, 1415, 114, 5),
(3966, 1416, 67, 4),
(3967, 1416, 74, 2),
(3968, 1417, 67, 1),
(3969, 1417, 74, 1),
(3970, 1417, 136, 2),
(3971, 1418, 67, 4),
(3972, 1418, 74, 1),
(3973, 1418, 77, 1),
(3974, 1418, 89, 8),
(3975, 1419, 67, 1),
(3976, 1419, 89, 1),
(3977, 1419, 114, 4),
(3978, 1420, 74, 1),
(3979, 1420, 89, 2),
(3980, 1420, 94, 2),
(3981, 1420, 114, 1),
(3982, 1420, 174, 1),
(3983, 1421, 77, 1),
(3984, 1422, 74, 2),
(3985, 1422, 77, 2),
(3986, 1422, 89, 2),
(3987, 1422, 114, 1),
(3988, 1423, 13, 1),
(3989, 1423, 71, 1),
(3990, 1423, 89, 1),
(3991, 1423, 94, 1),
(3992, 1423, 174, 1),
(3993, 1424, 67, 1),
(3994, 1424, 71, 3),
(3995, 1424, 74, 6),
(3996, 1424, 89, 3),
(3997, 1424, 136, 1),
(3998, 1425, 67, 1),
(3999, 1425, 74, 1),
(4000, 1425, 89, 2),
(4001, 1426, 67, 3),
(4002, 1426, 71, 1),
(4003, 1426, 74, 4),
(4004, 1426, 77, 1),
(4005, 1426, 89, 3),
(4006, 1426, 174, 1),
(4007, 1427, 67, 2),
(4008, 1427, 74, 4),
(4009, 1427, 89, 3),
(4010, 1427, 114, 1),
(4011, 1428, 67, 1),
(4012, 1428, 74, 20),
(4013, 1428, 89, 1),
(4014, 1429, 67, 7),
(4015, 1429, 71, 1),
(4016, 1429, 74, 7),
(4017, 1429, 89, 1),
(4018, 1429, 94, 3),
(4019, 1430, 67, 8),
(4020, 1430, 74, 10),
(4021, 1430, 94, 1),
(4022, 1430, 174, 2),
(4023, 1431, 67, 5),
(4024, 1431, 74, 5),
(4025, 1431, 89, 2),
(4026, 1432, 67, 4),
(4027, 1432, 71, 2),
(4028, 1432, 74, 11),
(4029, 1432, 94, 2),
(4030, 1432, 144, 1),
(4031, 1432, 174, 4),
(4032, 1433, 67, 3),
(4033, 1433, 74, 4),
(4034, 1433, 89, 2),
(4035, 1433, 174, 4),
(4036, 1434, 67, 8),
(4037, 1434, 71, 3),
(4038, 1434, 74, 7),
(4039, 1434, 89, 4),
(4040, 1434, 174, 2),
(4041, 1435, 67, 2),
(4042, 1435, 71, 2),
(4043, 1435, 74, 2),
(4044, 1435, 89, 7),
(4045, 1435, 114, 1),
(4046, 1436, 67, 7),
(4047, 1436, 71, 2),
(4048, 1436, 74, 3),
(4049, 1436, 89, 4),
(4050, 1436, 174, 1),
(4051, 1437, 67, 3),
(4052, 1437, 74, 7),
(4053, 1437, 89, 2),
(4054, 1438, 67, 7),
(4055, 1438, 74, 15),
(4056, 1438, 89, 2),
(4057, 1439, 67, 15),
(4058, 1439, 74, 16),
(4059, 1439, 89, 2),
(4060, 1439, 168, 1),
(4061, 1439, 174, 7),
(4062, 1440, 7, 1),
(4063, 1440, 42, 1),
(4064, 1440, 57, 4),
(4065, 1440, 63, 1),
(4066, 1440, 67, 2),
(4067, 1440, 71, 3),
(4068, 1440, 74, 9),
(4069, 1440, 77, 4),
(4070, 1440, 89, 10),
(4071, 1440, 94, 2),
(4072, 1440, 114, 2),
(4073, 1440, 174, 14),
(4074, 1441, 89, 3),
(4075, 1441, 114, 3),
(4076, 1442, 57, 1),
(4077, 1442, 74, 2),
(4078, 1442, 89, 1),
(4079, 1442, 114, 2),
(4080, 1442, 136, 1),
(4081, 1442, 174, 9),
(4082, 1443, 45, 4),
(4083, 1443, 57, 1),
(4084, 1443, 71, 1),
(4085, 1443, 74, 11),
(4086, 1443, 89, 10),
(4087, 1443, 94, 1),
(4088, 1443, 114, 5),
(4089, 1444, 74, 23),
(4090, 1444, 77, 1),
(4091, 1444, 89, 1),
(4092, 1444, 114, 2),
(4093, 1444, 174, 3),
(4094, 1445, 1, 1),
(4095, 1445, 57, 3),
(4096, 1445, 67, 4),
(4097, 1445, 71, 1),
(4098, 1445, 74, 2),
(4099, 1445, 89, 7),
(4100, 1445, 174, 4),
(4101, 1446, 74, 2),
(4102, 1446, 89, 2),
(4103, 1446, 114, 6),
(4104, 1446, 174, 5),
(4105, 1447, 57, 2),
(4106, 1447, 67, 2),
(4107, 1447, 74, 3),
(4108, 1447, 77, 1),
(4109, 1447, 89, 3),
(4110, 1447, 114, 1),
(4111, 1447, 174, 2),
(4112, 1448, 57, 7),
(4113, 1448, 67, 3),
(4114, 1448, 71, 1),
(4115, 1448, 74, 9),
(4116, 1448, 77, 3),
(4117, 1448, 89, 1),
(4118, 1448, 114, 5),
(4119, 1448, 174, 1),
(4120, 1449, 57, 4),
(4121, 1449, 71, 1),
(4122, 1449, 74, 4),
(4123, 1449, 89, 12),
(4124, 1449, 166, 1),
(4125, 1449, 174, 1),
(4126, 1450, 7, 2),
(4127, 1450, 42, 1),
(4128, 1450, 57, 4),
(4129, 1450, 67, 1),
(4130, 1450, 71, 2),
(4131, 1450, 74, 3),
(4132, 1450, 89, 1),
(4133, 1450, 114, 1),
(4134, 1450, 163, 3),
(4135, 1450, 174, 9),
(4136, 1451, 74, 9),
(4137, 1451, 77, 2),
(4138, 1451, 89, 3),
(4139, 1451, 114, 4),
(4140, 1452, 57, 2),
(4141, 1452, 67, 1),
(4142, 1452, 74, 1),
(4143, 1452, 78, 1),
(4144, 1452, 89, 6),
(4145, 1452, 114, 2),
(4146, 1452, 174, 2),
(4147, 1453, 57, 2),
(4148, 1453, 67, 3),
(4149, 1453, 71, 2),
(4150, 1453, 74, 3),
(4151, 1453, 77, 6),
(4152, 1453, 114, 3),
(4153, 1453, 174, 1),
(4154, 1454, 57, 1),
(4155, 1454, 67, 1),
(4156, 1454, 71, 3),
(4157, 1454, 74, 50),
(4158, 1454, 77, 1),
(4159, 1454, 89, 10),
(4160, 1454, 114, 5),
(4161, 1454, 174, 4),
(4162, 1455, 74, 5),
(4163, 1455, 114, 10),
(4164, 1455, 163, 1),
(4165, 1456, 7, 1),
(4166, 1456, 57, 7),
(4167, 1456, 71, 2),
(4168, 1456, 74, 7),
(4169, 1456, 89, 5),
(4170, 1456, 114, 1),
(4171, 1457, 57, 1),
(4172, 1457, 67, 2),
(4173, 1457, 71, 3),
(4174, 1457, 74, 7),
(4175, 1457, 77, 1),
(4176, 1457, 89, 1),
(4177, 1457, 94, 1),
(4178, 1457, 114, 3),
(4179, 1457, 117, 1),
(4180, 1458, 3, 2),
(4181, 1458, 7, 1),
(4182, 1458, 71, 3),
(4183, 1458, 74, 4),
(4184, 1458, 89, 5),
(4185, 1458, 114, 2),
(4186, 1459, 57, 3),
(4187, 1459, 74, 4),
(4188, 1459, 89, 1),
(4189, 1459, 114, 1),
(4190, 1460, 37, 1),
(4191, 1460, 42, 1),
(4192, 1460, 57, 1),
(4193, 1460, 63, 2),
(4194, 1460, 67, 1),
(4195, 1460, 71, 2),
(4196, 1460, 74, 2),
(4197, 1460, 89, 7),
(4198, 1461, 57, 1),
(4199, 1461, 71, 3),
(4200, 1461, 74, 1),
(4201, 1461, 89, 1),
(4202, 1462, 71, 3),
(4203, 1462, 74, 11),
(4204, 1462, 89, 7),
(4205, 1462, 163, 3),
(4206, 1463, 57, 1),
(4207, 1463, 67, 1),
(4208, 1463, 71, 1),
(4209, 1463, 74, 3),
(4210, 1463, 89, 8),
(4211, 1464, 57, 1),
(4212, 1464, 74, 4),
(4213, 1464, 89, 2),
(4214, 1465, 57, 2),
(4215, 1465, 58, 1),
(4216, 1465, 89, 1),
(4217, 1466, 45, 2),
(4218, 1466, 71, 1),
(4219, 1466, 74, 8),
(4220, 1466, 89, 1),
(4221, 1467, 20, 1),
(4222, 1467, 42, 1),
(4223, 1467, 57, 2),
(4224, 1467, 71, 1),
(4225, 1467, 78, 1),
(4226, 1467, 89, 3),
(4227, 1468, 7, 1),
(4228, 1468, 20, 1),
(4229, 1468, 57, 5),
(4230, 1468, 58, 3),
(4231, 1468, 67, 1),
(4232, 1468, 71, 1),
(4233, 1468, 74, 2),
(4234, 1468, 78, 1),
(4235, 1468, 89, 5),
(4236, 1469, 37, 1),
(4237, 1469, 57, 2),
(4238, 1469, 67, 1),
(4239, 1469, 74, 1),
(4240, 1469, 89, 3),
(4241, 1469, 144, 1),
(4242, 1469, 174, 1),
(4243, 1470, 37, 1),
(4244, 1470, 57, 2),
(4245, 1470, 74, 5),
(4246, 1470, 89, 7),
(4247, 1471, 57, 1),
(4248, 1471, 71, 2),
(4249, 1471, 74, 5),
(4250, 1471, 89, 3),
(4251, 1471, 163, 2),
(4252, 1472, 89, 2),
(4253, 1473, 37, 1),
(4254, 1473, 45, 7),
(4255, 1473, 57, 1),
(4256, 1473, 58, 4),
(4257, 1473, 67, 1),
(4258, 1473, 71, 1),
(4259, 1473, 74, 4),
(4260, 1473, 89, 6),
(4261, 1473, 118, 1),
(4262, 1473, 174, 1),
(4263, 1474, 37, 1),
(4264, 1474, 57, 9),
(4265, 1474, 67, 1),
(4266, 1474, 74, 11),
(4267, 1474, 89, 2),
(4268, 1475, 45, 1),
(4269, 1475, 71, 1),
(4270, 1475, 89, 2),
(4271, 1476, 89, 2),
(4272, 1477, 37, 1),
(4273, 1477, 42, 1),
(4274, 1477, 57, 1),
(4275, 1477, 89, 7),
(4276, 1477, 94, 1),
(4277, 1477, 120, 16),
(4278, 1478, 42, 1),
(4279, 1478, 45, 1),
(4280, 1478, 57, 1),
(4281, 1478, 58, 1),
(4282, 1478, 73, 1),
(4283, 1478, 89, 5),
(4284, 1479, 57, 3),
(4285, 1479, 71, 1),
(4286, 1479, 74, 10),
(4287, 1479, 89, 6),
(4288, 1480, 37, 1),
(4289, 1480, 67, 1),
(4290, 1480, 71, 3),
(4291, 1480, 74, 4),
(4292, 1480, 89, 7),
(4293, 1481, 37, 1),
(4294, 1481, 42, 1),
(4295, 1481, 57, 1),
(4296, 1481, 71, 2),
(4297, 1481, 74, 2),
(4298, 1481, 89, 4),
(4299, 1482, 37, 2),
(4300, 1482, 57, 1),
(4301, 1482, 58, 3),
(4302, 1482, 71, 1),
(4303, 1482, 74, 11),
(4304, 1482, 89, 3),
(4305, 1482, 163, 2),
(4306, 1483, 7, 2),
(4307, 1483, 8, 1),
(4308, 1483, 42, 1),
(4309, 1483, 57, 6),
(4310, 1483, 58, 8),
(4311, 1483, 71, 1),
(4312, 1483, 74, 3),
(4313, 1483, 78, 3),
(4314, 1483, 89, 6),
(4315, 1484, 42, 1),
(4316, 1484, 58, 7),
(4317, 1484, 71, 2),
(4318, 1484, 74, 3),
(4319, 1484, 78, 1),
(4320, 1484, 89, 13),
(4321, 1484, 163, 1),
(4322, 1485, 57, 1),
(4323, 1485, 74, 6),
(4324, 1485, 89, 2),
(4325, 1486, 57, 2),
(4326, 1486, 70, 2),
(4327, 1486, 74, 13),
(4328, 1486, 89, 1),
(4329, 1487, 37, 1),
(4330, 1487, 71, 2),
(4331, 1487, 74, 2),
(4332, 1488, 7, 3),
(4333, 1488, 57, 5),
(4334, 1488, 71, 1),
(4335, 1488, 74, 5),
(4336, 1488, 89, 3),
(4337, 1488, 174, 2),
(4338, 1489, 57, 1),
(4339, 1489, 67, 2),
(4340, 1489, 89, 2),
(4341, 1489, 94, 1),
(4342, 1489, 114, 5),
(4343, 1489, 174, 1),
(4344, 1490, 57, 2),
(4345, 1490, 67, 3),
(4346, 1490, 74, 5),
(4347, 1490, 89, 2),
(4348, 1490, 114, 2),
(4349, 1490, 163, 1),
(4350, 1491, 67, 2),
(4351, 1491, 74, 1),
(4352, 1491, 77, 1),
(4353, 1491, 78, 2),
(4354, 1491, 89, 3),
(4355, 1491, 114, 2),
(4356, 1492, 57, 3),
(4357, 1492, 78, 1),
(4358, 1492, 94, 1),
(4359, 1492, 114, 2),
(4360, 1493, 7, 1),
(4361, 1493, 57, 10),
(4362, 1493, 67, 3),
(4363, 1493, 74, 9),
(4364, 1493, 77, 5),
(4365, 1493, 89, 13),
(4366, 1493, 114, 2),
(4367, 1493, 174, 1),
(4368, 1494, 67, 8),
(4369, 1494, 74, 1),
(4370, 1494, 77, 8),
(4371, 1494, 89, 1),
(4372, 1494, 114, 9),
(4373, 1494, 174, 3),
(4374, 1495, 57, 1),
(4375, 1495, 67, 5),
(4376, 1495, 89, 1),
(4377, 1495, 114, 2),
(4378, 1495, 174, 2),
(4379, 1496, 74, 1),
(4380, 1496, 78, 1),
(4381, 1496, 89, 1),
(4382, 1496, 114, 2),
(4383, 1496, 174, 3),
(4384, 1497, 67, 2),
(4385, 1497, 74, 11),
(4386, 1497, 89, 3),
(4387, 1497, 114, 25),
(4388, 1497, 174, 1),
(4389, 1498, 7, 2),
(4390, 1498, 74, 1),
(4391, 1498, 89, 3),
(4392, 1499, 7, 1),
(4393, 1499, 57, 4),
(4394, 1499, 74, 6),
(4395, 1499, 77, 1),
(4396, 1499, 114, 1),
(4397, 1499, 163, 1),
(4398, 1500, 7, 1),
(4399, 1500, 25, 1),
(4400, 1500, 57, 2),
(4401, 1500, 63, 1),
(4402, 1500, 71, 4),
(4403, 1500, 74, 5),
(4404, 1500, 77, 2),
(4405, 1500, 89, 1),
(4406, 1500, 174, 1),
(4407, 1501, 74, 19),
(4408, 1501, 89, 1),
(4409, 1501, 114, 1),
(4410, 1502, 57, 1),
(4411, 1502, 71, 1),
(4412, 1502, 114, 8),
(4413, 1503, 37, 3),
(4414, 1503, 42, 1),
(4415, 1503, 57, 2),
(4416, 1503, 71, 2),
(4417, 1503, 74, 5),
(4418, 1503, 89, 6),
(4419, 1504, 37, 3),
(4420, 1504, 57, 4),
(4421, 1504, 74, 8),
(4422, 1504, 89, 5),
(4423, 1504, 94, 1),
(4424, 1505, 58, 2),
(4425, 1505, 74, 7),
(4426, 1505, 89, 3),
(4427, 1506, 37, 1),
(4428, 1506, 57, 2),
(4429, 1506, 67, 1),
(4430, 1506, 74, 7),
(4431, 1506, 89, 4),
(4432, 1506, 166, 1),
(4433, 1507, 37, 3),
(4434, 1507, 57, 6),
(4435, 1507, 74, 12),
(4436, 1507, 89, 8),
(4437, 1508, 57, 7),
(4438, 1508, 71, 1),
(4439, 1508, 74, 20),
(4440, 1508, 89, 3),
(4441, 1509, 42, 2),
(4442, 1509, 57, 4),
(4443, 1509, 71, 2),
(4444, 1509, 74, 6),
(4445, 1509, 144, 1),
(4446, 1510, 57, 1),
(4447, 1510, 67, 1),
(4448, 1510, 71, 1),
(4449, 1510, 74, 5),
(4450, 1510, 89, 8),
(4451, 1511, 8, 1),
(4452, 1511, 42, 1),
(4453, 1511, 58, 1),
(4454, 1511, 71, 1),
(4455, 1511, 89, 2),
(4456, 1512, 74, 2),
(4457, 1512, 89, 8),
(4458, 1513, 37, 2),
(4459, 1513, 57, 3),
(4460, 1513, 74, 8),
(4461, 1513, 89, 7),
(4462, 1514, 74, 3),
(4463, 1514, 89, 2),
(4464, 1515, 8, 1),
(4465, 1515, 37, 1),
(4466, 1515, 45, 1),
(4467, 1515, 57, 2),
(4468, 1515, 74, 8),
(4469, 1515, 89, 1),
(4470, 1515, 132, 1),
(4471, 1516, 37, 3),
(4472, 1516, 57, 7),
(4473, 1516, 71, 5),
(4474, 1516, 89, 7),
(4475, 1517, 37, 3),
(4476, 1517, 57, 3),
(4477, 1517, 58, 14),
(4478, 1517, 63, 1),
(4479, 1517, 74, 3),
(4480, 1517, 89, 7),
(4481, 1517, 163, 1),
(4482, 1518, 7, 1),
(4483, 1518, 57, 5),
(4484, 1518, 67, 3),
(4485, 1518, 71, 2),
(4486, 1518, 74, 2),
(4487, 1518, 89, 7),
(4488, 1518, 114, 5),
(4489, 1518, 174, 6),
(4490, 1519, 57, 2),
(4491, 1519, 67, 1),
(4492, 1519, 74, 3),
(4493, 1519, 114, 7),
(4494, 1520, 67, 3),
(4495, 1520, 71, 2),
(4496, 1520, 74, 5),
(4497, 1520, 77, 1),
(4498, 1520, 114, 2),
(4499, 1520, 152, 2),
(4500, 1520, 163, 1),
(4501, 1520, 174, 1),
(4502, 1521, 57, 2),
(4503, 1521, 74, 3),
(4504, 1521, 78, 2),
(4505, 1521, 89, 7),
(4506, 1521, 114, 6),
(4507, 1521, 152, 1),
(4508, 1521, 163, 1),
(4509, 1522, 57, 5),
(4510, 1522, 67, 1),
(4511, 1522, 74, 21),
(4512, 1522, 77, 3),
(4513, 1522, 114, 1),
(4514, 1522, 152, 1),
(4515, 1523, 57, 3),
(4516, 1523, 67, 1),
(4517, 1523, 74, 2),
(4518, 1523, 77, 2),
(4519, 1523, 89, 6),
(4520, 1524, 7, 1),
(4521, 1524, 67, 4),
(4522, 1524, 74, 4),
(4523, 1524, 77, 7),
(4524, 1524, 89, 1),
(4525, 1524, 114, 12),
(4526, 1524, 174, 2),
(4527, 1525, 7, 2),
(4528, 1525, 57, 1),
(4529, 1525, 67, 1),
(4530, 1525, 74, 4),
(4531, 1525, 89, 3),
(4532, 1525, 114, 3),
(4533, 1525, 174, 6),
(4534, 1526, 57, 3),
(4535, 1526, 67, 5),
(4536, 1526, 71, 1),
(4537, 1526, 74, 14),
(4538, 1526, 78, 4),
(4539, 1526, 89, 5),
(4540, 1526, 114, 11),
(4541, 1526, 174, 6),
(4542, 1527, 57, 1),
(4543, 1527, 74, 20),
(4544, 1527, 89, 2),
(4545, 1527, 114, 2),
(4546, 1527, 174, 4),
(4547, 1528, 7, 2),
(4548, 1528, 57, 6),
(4549, 1528, 67, 1),
(4550, 1528, 71, 2),
(4551, 1528, 74, 7),
(4552, 1528, 77, 7),
(4553, 1528, 89, 7),
(4554, 1528, 114, 4),
(4555, 1529, 7, 2),
(4556, 1529, 57, 6),
(4557, 1529, 67, 3),
(4558, 1529, 71, 4),
(4559, 1529, 74, 8),
(4560, 1529, 77, 1),
(4561, 1529, 89, 2),
(4562, 1529, 94, 2),
(4563, 1529, 114, 7),
(4564, 1530, 57, 4),
(4565, 1530, 67, 1),
(4566, 1530, 89, 6),
(4567, 1530, 114, 2),
(4568, 1530, 174, 2),
(4569, 1531, 20, 1),
(4570, 1531, 57, 3),
(4571, 1531, 67, 4),
(4572, 1531, 74, 18),
(4573, 1531, 89, 5),
(4574, 1531, 114, 20),
(4575, 1532, 57, 1),
(4576, 1532, 67, 1),
(4577, 1532, 74, 10),
(4578, 1532, 89, 3),
(4579, 1533, 7, 1),
(4580, 1533, 57, 5),
(4581, 1533, 67, 3),
(4582, 1533, 71, 2),
(4583, 1533, 74, 2),
(4584, 1533, 89, 7),
(4585, 1533, 114, 5),
(4586, 1533, 174, 7),
(4587, 1534, 7, 4),
(4588, 1534, 57, 6),
(4589, 1534, 67, 1),
(4590, 1534, 71, 2),
(4591, 1534, 74, 7),
(4592, 1534, 77, 1),
(4593, 1534, 89, 7),
(4594, 1534, 114, 4),
(4595, 1535, 7, 1),
(4596, 1535, 57, 10),
(4597, 1535, 67, 3),
(4598, 1535, 71, 1),
(4599, 1535, 74, 9),
(4600, 1535, 77, 5),
(4601, 1535, 89, 14),
(4602, 1535, 114, 2),
(4603, 1535, 174, 1),
(4604, 1536, 7, 5),
(4605, 1536, 67, 2),
(4606, 1536, 71, 3),
(4607, 1536, 74, 2),
(4608, 1536, 77, 2),
(4609, 1536, 89, 3),
(4610, 1536, 94, 6),
(4611, 1536, 163, 1),
(4612, 1536, 174, 10),
(4613, 1537, 57, 3),
(4614, 1537, 67, 6),
(4615, 1537, 77, 1),
(4616, 1537, 89, 2),
(4617, 1537, 114, 1),
(4618, 1537, 136, 2),
(4619, 1537, 174, 5),
(4620, 1538, 67, 1),
(4621, 1539, 67, 2),
(4622, 1539, 77, 2),
(4623, 1539, 89, 1),
(4624, 1540, 67, 2),
(4625, 1540, 77, 2),
(4626, 1540, 89, 1),
(4627, 1541, 67, 2),
(4628, 1541, 77, 2),
(4629, 1541, 89, 1),
(4630, 1542, 67, 2),
(4631, 1542, 77, 2),
(4632, 1542, 89, 1),
(4633, 1543, 38, 2),
(4634, 1543, 74, 1),
(4635, 1543, 77, 1),
(4636, 1544, 114, 1),
(4637, 1545, 114, 2),
(4638, 1546, 74, 4),
(4639, 1547, 7, 2),
(4640, 1547, 67, 6),
(4641, 1547, 89, 9),
(4642, 1547, 94, 4),
(4643, 1548, 74, 4),
(4644, 1549, 74, 4),
(4645, 1550, 7, 1),
(4646, 1551, 67, 8),
(4647, 1551, 74, 1),
(4648, 1551, 94, 1),
(4649, 1552, 7, 1),
(4650, 1552, 67, 7),
(4651, 1552, 71, 1),
(4652, 1552, 89, 4),
(4653, 1552, 163, 4),
(4654, 1553, 67, 9),
(4655, 1553, 74, 3),
(4656, 1554, 67, 12),
(4657, 1555, 67, 3),
(4658, 1555, 71, 1),
(4659, 1555, 94, 1),
(4660, 1556, 67, 1),
(4661, 1557, 67, 6),
(4662, 1558, 67, 3),
(4663, 1559, 67, 2),
(4664, 1560, 67, 2),
(4665, 1560, 163, 3),
(4666, 1561, 67, 3),
(4667, 1562, 67, 2),
(4668, 1563, 67, 1),
(4669, 1564, 67, 13),
(4670, 1564, 74, 2),
(4671, 1564, 89, 2),
(4672, 1564, 114, 6),
(4673, 1565, 67, 1),
(4674, 1566, 7, 1),
(4675, 1566, 67, 2),
(4676, 1567, 7, 1),
(4677, 1567, 67, 1),
(4678, 1567, 174, 1),
(4679, 1568, 67, 3),
(4680, 1568, 74, 2),
(4681, 1568, 114, 6),
(4682, 1569, 67, 2),
(4683, 1570, 67, 7),
(4684, 1571, 57, 6),
(4685, 1571, 67, 16),
(4686, 1571, 71, 1),
(4687, 1571, 94, 5),
(4688, 1571, 114, 3),
(4689, 1572, 7, 1),
(4690, 1572, 67, 4),
(4691, 1573, 42, 2),
(4692, 1573, 67, 10),
(4693, 1573, 89, 2),
(4694, 1573, 94, 1),
(4695, 1573, 114, 1),
(4696, 1574, 42, 2),
(4697, 1574, 67, 2),
(4698, 1574, 94, 1),
(4699, 1575, 67, 4),
(4700, 1575, 89, 1),
(4701, 1576, 67, 1),
(4702, 1577, 67, 1),
(4703, 1578, 42, 3),
(4704, 1578, 67, 9),
(4705, 1578, 74, 4),
(4706, 1578, 89, 2),
(4707, 1578, 174, 3),
(4708, 1579, 67, 3),
(4709, 1579, 114, 3),
(4710, 1580, 42, 3),
(4711, 1580, 67, 9),
(4712, 1580, 74, 4),
(4713, 1580, 89, 2),
(4714, 1580, 174, 3),
(4715, 1581, 67, 9),
(4716, 1582, 67, 7),
(4717, 1582, 74, 3),
(4718, 1582, 89, 1),
(4719, 1582, 114, 4),
(4720, 1583, 95, 0),
(4721, 1584, 67, 2),
(4722, 1584, 74, 1),
(4723, 1585, 67, 1),
(4724, 1586, 67, 3),
(4725, 1586, 114, 5),
(4726, 1587, 25, 2),
(4727, 1587, 57, 1),
(4728, 1587, 67, 7),
(4729, 1587, 89, 1),
(4730, 1587, 94, 1),
(4731, 1587, 114, 2),
(4732, 1588, 67, 10),
(4733, 1588, 74, 4),
(4734, 1588, 89, 2),
(4735, 1589, 67, 10),
(4736, 1589, 74, 4),
(4737, 1589, 89, 2),
(4738, 1590, 95, 0),
(4739, 1591, 136, 9),
(4740, 1592, 74, 1),
(4741, 1593, 67, 1),
(4742, 1593, 136, 9),
(4743, 1594, 67, 17),
(4744, 1594, 89, 3),
(4745, 1594, 92, 4),
(4746, 1595, 67, 13),
(4747, 1595, 71, 4),
(4748, 1595, 92, 1),
(4749, 1596, 7, 5),
(4750, 1596, 13, 1),
(4751, 1596, 42, 1),
(4752, 1596, 67, 2),
(4753, 1596, 71, 6),
(4754, 1596, 74, 3),
(4755, 1596, 89, 2),
(4756, 1596, 94, 1),
(4757, 1596, 114, 3),
(4758, 1597, 74, 1),
(4759, 1597, 89, 5),
(4760, 1597, 174, 3),
(4761, 1598, 114, 2),
(4762, 1599, 67, 0),
(4763, 1600, 67, 9),
(4764, 1600, 89, 1),
(4765, 1601, 67, 1),
(4766, 1602, 89, 1),
(4767, 1602, 114, 2),
(4768, 1603, 89, 1),
(4769, 1603, 114, 2),
(4770, 1604, 89, 1),
(4771, 1605, 95, 0),
(4772, 1606, 95, 0),
(4773, 1607, 95, 0),
(4774, 1608, 37, 1),
(4775, 1608, 57, 4),
(4776, 1608, 58, 10),
(4777, 1608, 67, 3),
(4778, 1608, 89, 2),
(4779, 1608, 132, 3),
(4780, 1609, 58, 7),
(4781, 1609, 89, 12),
(4782, 1609, 114, 4),
(4783, 1609, 132, 3),
(4784, 1610, 37, 1),
(4785, 1610, 67, 7),
(4786, 1611, 7, 2),
(4787, 1611, 37, 1),
(4788, 1611, 67, 12),
(4789, 1611, 89, 5),
(4790, 1611, 174, 7),
(4791, 1612, 7, 1),
(4792, 1612, 67, 5),
(4793, 1613, 37, 3),
(4794, 1613, 67, 11),
(4795, 1613, 74, 4),
(4796, 1613, 89, 9),
(4797, 1613, 94, 2),
(4798, 1613, 114, 5),
(4799, 1614, 74, 4),
(4800, 1615, 7, 2),
(4801, 1615, 42, 1),
(4802, 1615, 67, 4),
(4803, 1615, 71, 1),
(4804, 1615, 74, 2),
(4805, 1615, 174, 2),
(4806, 1616, 67, 3),
(4807, 1616, 74, 2),
(4808, 1617, 7, 2),
(4809, 1617, 67, 11),
(4810, 1617, 74, 24),
(4811, 1617, 94, 2),
(4812, 1618, 95, 0),
(4813, 1619, 67, 13),
(4814, 1619, 74, 6),
(4815, 1619, 89, 1),
(4816, 1619, 94, 1),
(4817, 1619, 114, 3),
(4818, 1620, 95, 0),
(4819, 1621, 67, 4),
(4820, 1621, 74, 2),
(4821, 1621, 89, 4),
(4822, 1622, 67, 4),
(4823, 1622, 74, 2),
(4824, 1622, 89, 4),
(4825, 1623, 42, 3),
(4826, 1623, 67, 9),
(4827, 1624, 114, 19),
(4828, 1625, 67, 1),
(4829, 1626, 57, 3),
(4830, 1626, 67, 8),
(4831, 1627, 7, 1),
(4832, 1627, 67, 2),
(4833, 1628, 7, 1),
(4834, 1628, 67, 1),
(4835, 1629, 67, 3),
(4836, 1630, 67, 3),
(4837, 1631, 74, 7),
(4838, 1632, 67, 2),
(4839, 1632, 114, 1),
(4840, 1633, 67, 1),
(4841, 1634, 74, 7),
(4842, 1635, 42, 1),
(4843, 1635, 74, 1),
(4844, 1636, 7, 1),
(4845, 1636, 67, 7),
(4846, 1636, 71, 3),
(4847, 1636, 74, 8),
(4848, 1636, 94, 3),
(4849, 1637, 67, 1),
(4850, 1638, 7, 2),
(4851, 1638, 67, 5),
(4852, 1638, 71, 2),
(4853, 1638, 74, 7),
(4854, 1638, 174, 1),
(4855, 1639, 67, 3),
(4856, 1639, 89, 2),
(4857, 1640, 1, 0),
(4858, 1640, 2, 0),
(4859, 1640, 3, 0),
(4860, 1640, 4, 0),
(4861, 1640, 5, 0),
(4862, 1640, 6, 0),
(4863, 1640, 7, 0),
(4864, 1640, 8, 0),
(4865, 1640, 53, 0),
(4866, 1640, 83, 0),
(4867, 1640, 114, 0),
(4868, 1640, 164, 0),
(4869, 1640, 165, 0),
(4870, 1640, 176, 0),
(4871, 1641, 67, 16),
(4872, 1641, 74, 3),
(4873, 1641, 114, 1),
(4874, 1642, 67, 1),
(4875, 1643, 74, 3),
(4876, 1643, 94, 1),
(4877, 1644, 67, 14),
(4878, 1644, 71, 2),
(4879, 1644, 74, 12),
(4880, 1644, 89, 6),
(4881, 1645, 67, 0),
(4882, 1646, 67, 3),
(4883, 1646, 89, 20),
(4884, 1647, 67, 1),
(4885, 1648, 67, 1),
(4886, 1649, 67, 6),
(4887, 1650, 67, 3),
(4888, 1650, 89, 20),
(4889, 1651, 67, 11),
(4890, 1651, 74, 2),
(4891, 1652, 67, 2),
(4892, 1653, 67, 9),
(4893, 1653, 89, 1),
(4894, 1653, 94, 1),
(4895, 1653, 114, 6),
(4896, 1654, 42, 1),
(4897, 1654, 67, 10),
(4898, 1654, 114, 1),
(4899, 1655, 67, 9),
(4900, 1655, 89, 1),
(4901, 1655, 94, 1),
(4902, 1655, 114, 6),
(4903, 1656, 7, 1),
(4904, 1656, 67, 1),
(4905, 1657, 67, 11),
(4906, 1657, 74, 3),
(4907, 1657, 89, 4),
(4908, 1657, 114, 1),
(4909, 1658, 7, 0),
(4910, 1658, 67, 0),
(4911, 1659, 95, 0),
(4912, 1660, 67, 3),
(4913, 1660, 74, 2),
(4914, 1660, 114, 5),
(4915, 1661, 95, 0),
(4916, 1662, 67, 2),
(4917, 1662, 114, 5),
(4918, 1663, 95, 0),
(4919, 1664, 67, 1),
(4920, 1664, 94, 1),
(4921, 1664, 144, 1),
(4922, 1665, 95, 0),
(4923, 1666, 67, 3),
(4924, 1666, 71, 2),
(4925, 1667, 67, 4),
(4926, 1668, 57, 5),
(4927, 1668, 67, 8),
(4928, 1668, 71, 8),
(4929, 1668, 89, 2),
(4930, 1668, 94, 2),
(4931, 1668, 114, 11),
(4932, 1669, 95, 0),
(4933, 1670, 25, 1),
(4934, 1670, 67, 11),
(4935, 1670, 74, 1),
(4936, 1670, 89, 1),
(4937, 1671, 67, 15),
(4938, 1671, 74, 12),
(4939, 1671, 174, 3),
(4940, 1672, 95, 0),
(4941, 1673, 67, 7),
(4942, 1673, 74, 3),
(4943, 1673, 94, 1),
(4944, 1673, 119, 1),
(4945, 1674, 67, 1),
(4946, 1674, 74, 1),
(4947, 1675, 95, 0),
(4948, 1676, 95, 0),
(4949, 1677, 95, 0),
(4950, 1678, 67, 12),
(4951, 1678, 74, 3),
(4952, 1678, 89, 2),
(4953, 1679, 67, 20),
(4954, 1679, 89, 4),
(4955, 1680, 67, 1),
(4956, 1680, 71, 5),
(4957, 1681, 37, 3),
(4958, 1681, 67, 5),
(4959, 1682, 37, 3),
(4960, 1682, 67, 5),
(4961, 1682, 114, 1),
(4962, 1683, 67, 1),
(4963, 1684, 57, 1),
(4964, 1684, 67, 9),
(4965, 1685, 95, 0),
(4966, 1686, 7, 2),
(4967, 1687, 67, 22),
(4968, 1687, 120, 4),
(4969, 1688, 67, 7),
(4970, 1689, 67, 18),
(4971, 1689, 74, 3),
(4972, 1690, 95, 0),
(4973, 1691, 67, 3),
(4974, 1691, 89, 1),
(4975, 1692, 67, 1),
(4976, 1692, 71, 3),
(4977, 1692, 74, 4),
(4978, 1692, 89, 3),
(4979, 1692, 114, 7),
(4980, 1693, 67, 3),
(4981, 1693, 89, 1),
(4982, 1694, 67, 1),
(4983, 1695, 89, 4),
(4984, 1696, 163, 3),
(4985, 1697, 7, 1),
(4986, 1697, 74, 1),
(4987, 1697, 94, 1),
(4988, 1697, 114, 2),
(4989, 1698, 74, 10),
(4990, 1699, 53, 1),
(4991, 1699, 67, 3),
(4992, 1699, 114, 3),
(4993, 1700, 95, 0),
(4994, 1701, 94, 1),
(4995, 1701, 136, 1),
(4996, 1702, 95, 0),
(4997, 1703, 114, 2),
(4998, 1704, 53, 1),
(4999, 1704, 74, 4),
(5000, 1705, 77, 1),
(5001, 1705, 91, 1),
(5002, 1706, 89, 3),
(5003, 1707, 1, 0),
(5004, 1707, 2, 0),
(5005, 1707, 10, 0),
(5006, 1707, 138, 0),
(5007, 1708, 67, 7),
(5008, 1708, 94, 1),
(5009, 1709, 67, 3),
(5010, 1709, 74, 10),
(5011, 1709, 89, 8),
(5012, 1710, 3, 1),
(5013, 1710, 67, 5),
(5014, 1710, 94, 2),
(5015, 1711, 7, 2),
(5016, 1711, 67, 24),
(5017, 1711, 89, 8),
(5018, 1712, 95, 0),
(5019, 1713, 95, 0),
(5020, 1714, 174, 1),
(5021, 1715, 7, 2),
(5022, 1715, 49, 1),
(5023, 1715, 57, 3),
(5024, 1715, 67, 9),
(5025, 1715, 71, 2),
(5026, 1715, 74, 5),
(5027, 1715, 94, 1),
(5028, 1715, 114, 8),
(5029, 1716, 174, 1),
(5030, 1717, 67, 1),
(5031, 1718, 67, 9),
(5032, 1718, 89, 1),
(5033, 1718, 114, 4),
(5034, 1719, 67, 10),
(5035, 1719, 74, 1),
(5036, 1719, 114, 1),
(5037, 1720, 67, 6),
(5038, 1720, 74, 1),
(5039, 1720, 114, 2),
(5040, 1721, 42, 1),
(5041, 1721, 67, 4),
(5042, 1721, 114, 3),
(5043, 1722, 42, 2),
(5044, 1722, 67, 7),
(5045, 1722, 89, 1),
(5046, 1722, 94, 2),
(5047, 1722, 114, 1),
(5048, 1723, 67, 11),
(5049, 1723, 74, 4),
(5050, 1723, 89, 3),
(5051, 1724, 67, 1),
(5052, 1724, 114, 2),
(5053, 1725, 53, 1),
(5054, 1725, 67, 22),
(5055, 1725, 71, 6),
(5056, 1725, 74, 2),
(5057, 1725, 89, 1),
(5058, 1726, 7, 1),
(5059, 1727, 67, 1),
(5060, 1728, 89, 13),
(5061, 1729, 7, 1),
(5062, 1729, 67, 1),
(5063, 1729, 94, 1),
(5064, 1730, 95, 0),
(5065, 1731, 67, 3),
(5066, 1731, 74, 1),
(5067, 1731, 114, 3),
(5068, 1731, 123, 1),
(5069, 1731, 163, 1),
(5070, 1732, 7, 1),
(5071, 1733, 95, 0),
(5072, 1734, 67, 2),
(5073, 1734, 144, 1),
(5074, 1735, 67, 2),
(5075, 1736, 67, 3),
(5076, 1737, 67, 3),
(5077, 1738, 7, 1),
(5078, 1739, 95, 0),
(5079, 1740, 67, 1),
(5080, 1741, 67, 9),
(5081, 1741, 74, 1),
(5082, 1741, 114, 1),
(5083, 1742, 67, 5),
(5084, 1742, 74, 2),
(5085, 1742, 174, 1),
(5086, 1743, 74, 1),
(5087, 1744, 94, 2),
(5088, 1745, 67, 4),
(5089, 1745, 114, 3),
(5090, 1746, 7, 1),
(5091, 1746, 67, 3),
(5092, 1746, 94, 1),
(5093, 1747, 37, 3),
(5094, 1748, 53, 3),
(5095, 1748, 67, 38),
(5096, 1748, 89, 4),
(5097, 1748, 163, 1),
(5098, 1748, 174, 2),
(5099, 1749, 49, 1),
(5100, 1749, 67, 2),
(5101, 1749, 74, 9),
(5102, 1749, 89, 3),
(5103, 1750, 67, 2),
(5104, 1751, 67, 4),
(5105, 1752, 67, 1),
(5106, 1753, 67, 3),
(5107, 1754, 67, 18),
(5108, 1754, 89, 2),
(5109, 1754, 114, 3),
(5110, 1754, 163, 1),
(5111, 1755, 67, 1),
(5112, 1756, 71, 3),
(5113, 1756, 74, 7),
(5114, 1756, 77, 9),
(5115, 1756, 89, 3),
(5116, 1756, 114, 4),
(5117, 1756, 163, 1),
(5118, 1757, 37, 1),
(5119, 1757, 67, 3),
(5120, 1757, 114, 6),
(5121, 1758, 67, 6),
(5122, 1758, 89, 1),
(5123, 1759, 67, 1),
(5124, 1759, 174, 1),
(5125, 1760, 67, 6),
(5126, 1760, 89, 2),
(5127, 1760, 114, 1),
(5128, 1761, 37, 3),
(5129, 1761, 67, 5),
(5130, 1761, 89, 1),
(5131, 1762, 95, 0),
(5132, 1763, 67, 3),
(5133, 1764, 67, 12),
(5134, 1764, 74, 2),
(5135, 1764, 114, 5),
(5136, 1765, 95, 0),
(5137, 1766, 38, 2),
(5138, 1766, 67, 1),
(5139, 1767, 38, 2),
(5140, 1767, 77, 2),
(5141, 1767, 89, 1),
(5142, 1767, 114, 1),
(5143, 1768, 38, 2),
(5144, 1768, 51, 4),
(5145, 1768, 89, 13),
(5146, 1768, 114, 1),
(5147, 1768, 132, 1),
(5148, 1769, 38, 2),
(5149, 1770, 67, 2),
(5150, 1770, 71, 1),
(5151, 1770, 89, 1),
(5152, 1771, 67, 2),
(5153, 1771, 77, 2),
(5154, 1771, 89, 1),
(5155, 1772, 67, 2),
(5156, 1772, 89, 2),
(5157, 1773, 89, 7),
(5158, 1773, 136, 1),
(5159, 1774, 7, 1),
(5160, 1774, 74, 1),
(5161, 1774, 77, 1),
(5162, 1774, 89, 2),
(5163, 1774, 114, 2),
(5164, 1775, 89, 3),
(5165, 1776, 67, 2),
(5166, 1776, 77, 2),
(5167, 1776, 78, 1),
(5168, 1776, 89, 1),
(5169, 1776, 114, 1),
(5170, 1777, 89, 4),
(5171, 1778, 51, 4),
(5172, 1778, 71, 1),
(5173, 1778, 77, 1),
(5174, 1778, 89, 8),
(5175, 1778, 114, 12),
(5176, 1778, 132, 1),
(5177, 1778, 163, 1),
(5178, 1779, 95, 0),
(5179, 1780, 89, 2),
(5180, 1781, 95, 0),
(5181, 1782, 89, 1),
(5182, 1783, 58, 7),
(5183, 1783, 74, 1),
(5184, 1783, 89, 1),
(5185, 1784, 58, 3),
(5186, 1784, 89, 4),
(5187, 1785, 74, 4),
(5188, 1785, 89, 4),
(5189, 1786, 174, 4),
(5190, 1787, 37, 1),
(5191, 1787, 71, 4),
(5192, 1787, 74, 23),
(5193, 1788, 57, 1),
(5194, 1788, 71, 30),
(5195, 1788, 74, 1),
(5196, 1788, 102, 1),
(5197, 1788, 132, 1),
(5198, 1788, 174, 2),
(5199, 1789, 57, 2),
(5200, 1789, 63, 1),
(5201, 1789, 74, 7),
(5202, 1789, 89, 1),
(5203, 1789, 132, 1),
(5204, 1790, 74, 1),
(5205, 1790, 89, 1),
(5206, 1790, 114, 2),
(5207, 1791, 89, 1),
(5208, 1791, 114, 1),
(5209, 1792, 174, 1),
(5210, 1793, 114, 1),
(5211, 1793, 174, 2),
(5212, 1794, 89, 3),
(5213, 1794, 114, 3),
(5214, 1795, 89, 2),
(5215, 1795, 114, 2),
(5216, 1796, 71, 2),
(5217, 1796, 74, 8),
(5218, 1796, 114, 7),
(5219, 1796, 132, 1),
(5220, 1797, 8, 3),
(5221, 1797, 67, 1),
(5222, 1797, 71, 2),
(5223, 1797, 74, 4),
(5224, 1797, 114, 8),
(5225, 1798, 89, 2),
(5226, 1798, 114, 1),
(5227, 1799, 57, 1),
(5228, 1799, 74, 1),
(5229, 1799, 89, 2),
(5230, 1799, 114, 4),
(5231, 1800, 67, 1),
(5232, 1800, 71, 3),
(5233, 1800, 74, 2),
(5234, 1800, 89, 1),
(5235, 1801, 95, 0),
(5236, 1802, 78, 1),
(5237, 1802, 114, 2),
(5238, 1803, 114, 1),
(5239, 1804, 67, 1),
(5240, 1804, 89, 4),
(5241, 1805, 74, 1),
(5242, 1805, 77, 1),
(5243, 1805, 89, 1),
(5244, 1806, 74, 2),
(5245, 1806, 77, 1),
(5246, 1807, 67, 1),
(5247, 1807, 74, 7),
(5248, 1807, 77, 1),
(5249, 1807, 89, 3),
(5250, 1808, 67, 2),
(5251, 1808, 71, 1),
(5252, 1808, 74, 2),
(5253, 1808, 89, 1),
(5254, 1809, 67, 1),
(5255, 1810, 74, 5),
(5256, 1810, 89, 2),
(5257, 1810, 132, 1),
(5258, 1811, 67, 4),
(5259, 1811, 74, 7),
(5260, 1811, 89, 1),
(5261, 1812, 67, 7),
(5262, 1812, 71, 1),
(5263, 1812, 74, 7),
(5264, 1812, 89, 1),
(5265, 1812, 94, 3),
(5266, 1813, 67, 8),
(5267, 1813, 74, 10),
(5268, 1813, 89, 1),
(5269, 1813, 174, 2),
(5270, 1814, 67, 5),
(5271, 1814, 74, 5),
(5272, 1814, 89, 2),
(5273, 1815, 67, 3),
(5274, 1815, 74, 4),
(5275, 1815, 89, 2),
(5276, 1815, 174, 4),
(5277, 1816, 67, 2),
(5278, 1816, 71, 2),
(5279, 1816, 74, 10),
(5280, 1816, 89, 7),
(5281, 1816, 114, 1),
(5282, 1817, 67, 3),
(5283, 1817, 74, 7),
(5284, 1817, 89, 2),
(5285, 1818, 67, 7),
(5286, 1818, 71, 2),
(5287, 1818, 74, 6),
(5288, 1818, 89, 1),
(5289, 1818, 174, 1),
(5290, 1819, 67, 15),
(5291, 1819, 74, 16),
(5292, 1819, 89, 7),
(5293, 1819, 160, 1),
(5294, 1819, 174, 6),
(5295, 1820, 13, 1),
(5296, 1820, 67, 4),
(5297, 1820, 71, 2),
(5298, 1820, 74, 11),
(5299, 1820, 94, 2),
(5300, 1820, 174, 4),
(5301, 1821, 67, 8),
(5302, 1821, 71, 3),
(5303, 1821, 74, 7),
(5304, 1821, 89, 4),
(5305, 1821, 174, 2),
(5306, 1822, 67, 7),
(5307, 1822, 71, 2),
(5308, 1822, 74, 3),
(5309, 1822, 89, 4),
(5310, 1823, 67, 7),
(5311, 1823, 74, 15),
(5312, 1823, 89, 1),
(5313, 1824, 67, 4),
(5314, 1824, 74, 1),
(5315, 1824, 77, 1),
(5316, 1824, 89, 8),
(5317, 1825, 74, 1),
(5318, 1825, 94, 2),
(5319, 1825, 114, 1),
(5320, 1825, 174, 3),
(5321, 1826, 77, 1),
(5322, 1827, 67, 2),
(5323, 1827, 89, 2),
(5324, 1827, 174, 2),
(5325, 1828, 67, 1),
(5326, 1828, 71, 3),
(5327, 1828, 74, 6),
(5328, 1828, 89, 3),
(5329, 1829, 67, 3),
(5330, 1829, 71, 1),
(5331, 1829, 74, 4),
(5332, 1829, 77, 1),
(5333, 1829, 89, 3),
(5334, 1829, 174, 3),
(5335, 1830, 13, 1),
(5336, 1830, 89, 1),
(5337, 1830, 114, 4),
(5338, 1831, 67, 2),
(5339, 1831, 74, 4),
(5340, 1831, 89, 3),
(5341, 1831, 114, 1),
(5342, 1832, 74, 2),
(5343, 1832, 77, 2),
(5344, 1832, 89, 2),
(5345, 1832, 114, 1),
(5346, 1833, 13, 1),
(5347, 1833, 71, 1),
(5348, 1833, 89, 1),
(5349, 1833, 136, 1),
(5350, 1833, 174, 1),
(5351, 1834, 67, 1),
(5352, 1834, 74, 1),
(5353, 1834, 89, 2),
(5354, 1835, 67, 1),
(5355, 1835, 74, 20),
(5356, 1835, 89, 1),
(5357, 1836, 114, 1),
(5358, 1836, 174, 1),
(5359, 1837, 13, 1),
(5360, 1837, 74, 3),
(5361, 1837, 77, 1),
(5362, 1837, 89, 1),
(5363, 1837, 94, 1),
(5364, 1837, 114, 1),
(5365, 1838, 67, 2),
(5366, 1839, 67, 1),
(5367, 1839, 74, 1),
(5368, 1840, 74, 4),
(5369, 1840, 114, 18),
(5370, 1841, 67, 5),
(5371, 1841, 114, 25),
(5372, 1842, 67, 4),
(5373, 1842, 74, 2),
(5374, 1843, 67, 2),
(5375, 1843, 74, 2),
(5376, 1844, 67, 9),
(5377, 1844, 74, 6),
(5378, 1844, 144, 1),
(5379, 1845, 42, 1),
(5380, 1845, 67, 6),
(5381, 1846, 67, 1),
(5382, 1847, 1, 0),
(5383, 1848, 67, 11),
(5384, 1848, 71, 1),
(5385, 1849, 67, 5),
(5386, 1849, 74, 2),
(5387, 1850, 57, 3),
(5388, 1850, 67, 2),
(5389, 1851, 1, 4),
(5390, 1851, 2, 1),
(5391, 1851, 3, 1),
(5392, 1852, 49, 1),
(5393, 1852, 67, 4),
(5394, 1853, 67, 5),
(5395, 1854, 67, 2),
(5396, 1855, 67, 5),
(5397, 1856, 67, 4),
(5398, 1857, 49, 1),
(5399, 1858, 95, 0),
(5400, 1859, 67, 2),
(5401, 1860, 7, 1),
(5402, 1860, 67, 3),
(5403, 1861, 1, 2),
(5404, 1861, 83, 2),
(5405, 1861, 89, 1),
(5406, 1862, 66, 1),
(5407, 1862, 67, 10),
(5408, 1862, 71, 2),
(5409, 1862, 74, 3),
(5410, 1863, 57, 3),
(5411, 1863, 67, 2),
(5412, 1864, 95, 0);
INSERT INTO `bird_specimens` (`id`, `bird_sample_id`, `species_id`, `frequency`) VALUES
(5413, 1865, 9, 8),
(5414, 1865, 104, 6),
(5415, 1866, 95, 0),
(5416, 1867, 74, 4),
(5417, 1868, 3, 37),
(5418, 1868, 70, 7),
(5419, 1868, 102, 3),
(5420, 1869, 7, 1),
(5421, 1869, 42, 1),
(5422, 1869, 89, 2),
(5423, 1870, 67, 6),
(5424, 1870, 71, 3),
(5425, 1870, 114, 4),
(5426, 1871, 95, 0),
(5427, 1872, 67, 7),
(5428, 1872, 74, 2),
(5429, 1872, 89, 3),
(5430, 1873, 7, 1),
(5431, 1873, 42, 1),
(5432, 1873, 89, 2),
(5433, 1874, 67, 13),
(5434, 1874, 74, 4),
(5435, 1874, 89, 5),
(5436, 1874, 114, 2),
(5437, 1875, 67, 6),
(5438, 1875, 71, 3),
(5439, 1875, 74, 1),
(5440, 1875, 89, 4),
(5441, 1875, 114, 3),
(5442, 1876, 67, 10),
(5443, 1876, 89, 1),
(5444, 1876, 114, 2),
(5445, 1877, 1, 3),
(5446, 1877, 3, 4),
(5447, 1877, 67, 3),
(5448, 1878, 67, 2),
(5449, 1879, 67, 3),
(5450, 1880, 67, 5),
(5451, 1881, 67, 5),
(5452, 1881, 89, 3),
(5453, 1882, 67, 12),
(5454, 1882, 74, 1),
(5455, 1882, 89, 5),
(5456, 1882, 174, 2),
(5457, 1883, 95, 0),
(5458, 1884, 67, 3),
(5459, 1885, 67, 3),
(5460, 1886, 67, 5),
(5461, 1887, 95, 0),
(5462, 1888, 67, 2),
(5463, 1888, 89, 1),
(5464, 1889, 37, 1),
(5465, 1889, 67, 2),
(5466, 1889, 114, 6),
(5467, 1890, 67, 8),
(5468, 1890, 74, 2),
(5469, 1890, 174, 2),
(5470, 1891, 67, 5),
(5471, 1891, 71, 3),
(5472, 1892, 67, 1),
(5473, 1893, 67, 3),
(5474, 1894, 95, 0),
(5475, 1895, 67, 1),
(5476, 1896, 67, 8),
(5477, 1896, 74, 2),
(5478, 1896, 174, 2),
(5479, 1897, 67, 3),
(5480, 1897, 89, 3),
(5481, 1897, 104, 1),
(5482, 1898, 67, 1),
(5483, 1898, 94, 1),
(5484, 1899, 67, 4),
(5485, 1900, 67, 20),
(5486, 1900, 89, 3),
(5487, 1900, 104, 1),
(5488, 1901, 67, 5),
(5489, 1901, 89, 1),
(5490, 1902, 37, 1),
(5491, 1902, 57, 6),
(5492, 1902, 67, 11),
(5493, 1902, 114, 5),
(5494, 1903, 95, 0),
(5495, 1904, 67, 4),
(5496, 1904, 71, 1),
(5497, 1904, 77, 1),
(5498, 1904, 78, 1),
(5499, 1904, 89, 3),
(5500, 1904, 94, 1),
(5501, 1904, 114, 1),
(5502, 1904, 174, 1),
(5503, 1905, 57, 2),
(5504, 1905, 67, 4),
(5505, 1905, 71, 7),
(5506, 1905, 74, 8),
(5507, 1905, 77, 4),
(5508, 1905, 89, 7),
(5509, 1905, 94, 3),
(5510, 1905, 114, 1),
(5511, 1906, 67, 5),
(5512, 1906, 74, 3),
(5513, 1906, 94, 1),
(5514, 1907, 67, 7),
(5515, 1907, 74, 2),
(5516, 1907, 89, 1),
(5517, 1907, 114, 3),
(5518, 1908, 58, 1),
(5519, 1908, 67, 5),
(5520, 1908, 71, 8),
(5521, 1908, 74, 6),
(5522, 1908, 94, 2),
(5523, 1908, 114, 3),
(5524, 1908, 174, 6),
(5525, 1909, 67, 3),
(5526, 1909, 71, 6),
(5527, 1909, 74, 4),
(5528, 1909, 94, 2),
(5529, 1909, 114, 1),
(5530, 1909, 174, 4),
(5531, 1910, 67, 1),
(5532, 1910, 71, 2),
(5533, 1910, 74, 2),
(5534, 1910, 89, 1),
(5535, 1910, 114, 2),
(5536, 1911, 67, 4),
(5537, 1911, 71, 3),
(5538, 1911, 77, 1),
(5539, 1911, 89, 3),
(5540, 1911, 114, 2),
(5541, 1912, 57, 9),
(5542, 1912, 63, 3),
(5543, 1912, 67, 3),
(5544, 1912, 71, 2),
(5545, 1912, 74, 3),
(5546, 1912, 89, 9),
(5547, 1912, 94, 1),
(5548, 1912, 119, 1),
(5549, 1913, 57, 1),
(5550, 1913, 71, 3),
(5551, 1913, 74, 1),
(5552, 1913, 78, 1),
(5553, 1913, 114, 2),
(5554, 1913, 174, 1),
(5555, 1914, 57, 2),
(5556, 1914, 67, 3),
(5557, 1914, 74, 4),
(5558, 1914, 78, 4),
(5559, 1914, 114, 14),
(5560, 1914, 174, 4),
(5561, 1915, 71, 1),
(5562, 1915, 74, 3),
(5563, 1915, 89, 2),
(5564, 1916, 57, 3),
(5565, 1916, 67, 1),
(5566, 1916, 71, 6),
(5567, 1916, 74, 29),
(5568, 1916, 77, 1),
(5569, 1916, 89, 1),
(5570, 1916, 114, 3),
(5571, 1916, 174, 8),
(5572, 1917, 7, 1),
(5573, 1917, 20, 2),
(5574, 1917, 28, 1),
(5575, 1917, 57, 5),
(5576, 1917, 63, 2),
(5577, 1917, 67, 1),
(5578, 1917, 71, 4),
(5579, 1917, 74, 7),
(5580, 1917, 77, 3),
(5581, 1917, 89, 2),
(5582, 1917, 151, 1),
(5583, 1917, 174, 3),
(5584, 1918, 57, 3),
(5585, 1918, 74, 7),
(5586, 1918, 89, 15),
(5587, 1918, 114, 3),
(5588, 1919, 57, 1),
(5589, 1919, 71, 1),
(5590, 1919, 74, 5),
(5591, 1919, 78, 1),
(5592, 1919, 89, 2),
(5593, 1919, 114, 4),
(5594, 1920, 8, 2),
(5595, 1920, 67, 3),
(5596, 1920, 71, 5),
(5597, 1920, 74, 5),
(5598, 1920, 78, 1),
(5599, 1920, 114, 10),
(5600, 1921, 57, 7),
(5601, 1921, 71, 8),
(5602, 1921, 74, 9),
(5603, 1921, 77, 3),
(5604, 1921, 114, 3),
(5605, 1922, 1, 1),
(5606, 1922, 7, 2),
(5607, 1922, 42, 2),
(5608, 1922, 57, 6),
(5609, 1922, 63, 2),
(5610, 1922, 67, 3),
(5611, 1922, 71, 3),
(5612, 1922, 74, 3),
(5613, 1922, 77, 1),
(5614, 1922, 89, 2),
(5615, 1922, 94, 1),
(5616, 1922, 163, 1),
(5617, 1922, 174, 1),
(5618, 1923, 57, 3),
(5619, 1923, 74, 1),
(5620, 1923, 89, 4),
(5621, 1924, 57, 5),
(5622, 1924, 67, 2),
(5623, 1924, 89, 5),
(5624, 1924, 114, 2),
(5625, 1924, 174, 1),
(5626, 1925, 57, 1),
(5627, 1925, 67, 1),
(5628, 1925, 77, 1),
(5629, 1925, 78, 1),
(5630, 1925, 89, 1),
(5631, 1925, 114, 14),
(5632, 1926, 74, 26),
(5633, 1926, 77, 11),
(5634, 1926, 89, 1),
(5635, 1927, 57, 5),
(5636, 1927, 63, 1),
(5637, 1927, 67, 2),
(5638, 1927, 71, 2),
(5639, 1927, 74, 5),
(5640, 1927, 77, 1),
(5641, 1927, 89, 3),
(5642, 1927, 94, 1),
(5643, 1927, 114, 1),
(5644, 1927, 163, 1),
(5645, 1928, 7, 1),
(5646, 1928, 57, 1),
(5647, 1928, 63, 1),
(5648, 1928, 67, 1),
(5649, 1928, 74, 5),
(5650, 1928, 77, 7),
(5651, 1928, 89, 6),
(5652, 1929, 57, 10),
(5653, 1929, 63, 2),
(5654, 1929, 67, 6),
(5655, 1929, 74, 2),
(5656, 1929, 78, 3),
(5657, 1929, 89, 2),
(5658, 1929, 114, 7),
(5659, 1929, 174, 3),
(5660, 1930, 57, 5),
(5661, 1930, 67, 1),
(5662, 1930, 71, 1),
(5663, 1930, 74, 15),
(5664, 1930, 114, 6),
(5665, 1931, 57, 2),
(5666, 1931, 67, 4),
(5667, 1931, 71, 4),
(5668, 1931, 74, 8),
(5669, 1931, 77, 2),
(5670, 1931, 89, 3),
(5671, 1931, 114, 1),
(5672, 1931, 174, 1),
(5673, 1932, 57, 1),
(5674, 1932, 67, 3),
(5675, 1932, 71, 3),
(5676, 1932, 74, 21),
(5677, 1932, 89, 1),
(5678, 1933, 57, 20),
(5679, 1933, 67, 2),
(5680, 1933, 74, 3),
(5681, 1933, 78, 1),
(5682, 1933, 89, 2),
(5683, 1933, 114, 4),
(5684, 1933, 174, 2),
(5685, 1934, 57, 3),
(5686, 1934, 67, 1),
(5687, 1934, 71, 1),
(5688, 1934, 74, 5),
(5689, 1934, 114, 7),
(5690, 1935, 7, 2),
(5691, 1935, 57, 2),
(5692, 1935, 67, 1),
(5693, 1935, 74, 2),
(5694, 1935, 89, 4),
(5695, 1935, 114, 1),
(5696, 1936, 57, 9),
(5697, 1936, 67, 4),
(5698, 1936, 74, 5),
(5699, 1936, 77, 2),
(5700, 1936, 78, 1),
(5701, 1936, 89, 6),
(5702, 1936, 114, 5),
(5703, 1937, 7, 3),
(5704, 1937, 57, 3),
(5705, 1937, 74, 5),
(5706, 1937, 77, 1),
(5707, 1937, 89, 3),
(5708, 1937, 114, 1),
(5709, 1938, 57, 2),
(5710, 1938, 74, 14),
(5711, 1938, 77, 2),
(5712, 1938, 114, 3),
(5713, 1939, 57, 4),
(5714, 1939, 74, 10),
(5715, 1939, 77, 2),
(5716, 1939, 89, 2),
(5717, 1939, 114, 3),
(5718, 1940, 57, 10),
(5719, 1940, 67, 5),
(5720, 1940, 71, 6),
(5721, 1940, 74, 17),
(5722, 1940, 89, 1),
(5723, 1940, 114, 5),
(5724, 1941, 71, 2),
(5725, 1941, 78, 1),
(5726, 1941, 89, 1),
(5727, 1941, 97, 1),
(5728, 1942, 1, 5),
(5729, 1942, 7, 2),
(5730, 1942, 57, 5),
(5731, 1942, 67, 1),
(5732, 1942, 74, 27),
(5733, 1942, 89, 1),
(5734, 1942, 94, 1),
(5735, 1942, 163, 1),
(5736, 1943, 74, 12),
(5737, 1943, 114, 3),
(5738, 1944, 67, 1),
(5739, 1944, 71, 1),
(5740, 1944, 74, 6),
(5741, 1944, 94, 1),
(5742, 1944, 114, 2),
(5743, 1945, 57, 5),
(5744, 1945, 67, 1),
(5745, 1945, 74, 11),
(5746, 1945, 89, 1),
(5747, 1945, 114, 6),
(5748, 1946, 57, 6),
(5749, 1946, 67, 1),
(5750, 1946, 74, 8),
(5751, 1946, 78, 1),
(5752, 1946, 89, 1),
(5753, 1946, 114, 2),
(5754, 1947, 7, 3),
(5755, 1947, 20, 1),
(5756, 1947, 57, 2),
(5757, 1947, 63, 1),
(5758, 1947, 67, 2),
(5759, 1947, 71, 2),
(5760, 1947, 74, 15),
(5761, 1947, 89, 1),
(5762, 1947, 174, 1),
(5763, 1948, 7, 1),
(5764, 1948, 57, 5),
(5765, 1948, 74, 6),
(5766, 1948, 77, 1),
(5767, 1948, 78, 1),
(5768, 1948, 89, 8),
(5769, 1948, 114, 1),
(5770, 1949, 57, 6),
(5771, 1949, 71, 1),
(5772, 1949, 74, 1),
(5773, 1949, 78, 2),
(5774, 1949, 89, 6),
(5775, 1949, 94, 1),
(5776, 1949, 114, 1),
(5777, 1950, 57, 3),
(5778, 1950, 67, 1),
(5779, 1950, 71, 2),
(5780, 1950, 74, 10),
(5781, 1950, 89, 4),
(5782, 1950, 114, 5),
(5783, 1950, 174, 1),
(5784, 1951, 57, 2),
(5785, 1951, 74, 20),
(5786, 1951, 77, 1),
(5787, 1952, 45, 2),
(5788, 1953, 71, 1),
(5789, 1953, 74, 3),
(5790, 1953, 89, 1),
(5791, 1954, 7, 1),
(5792, 1954, 89, 1),
(5793, 1955, 37, 0),
(5794, 1955, 42, 0),
(5795, 1955, 57, 0),
(5796, 1955, 67, 0),
(5797, 1955, 71, 4),
(5798, 1955, 74, 1),
(5799, 1955, 89, 1),
(5800, 1955, 163, 1),
(5801, 1956, 71, 1),
(5802, 1957, 37, 0),
(5803, 1957, 42, 0),
(5804, 1957, 57, 0),
(5805, 1957, 67, 0),
(5806, 1957, 71, 0),
(5807, 1957, 74, 0),
(5808, 1957, 89, 0),
(5809, 1958, 7, 1),
(5810, 1958, 63, 1),
(5811, 1958, 67, 2),
(5812, 1959, 67, 1),
(5813, 1959, 74, 1),
(5814, 1960, 74, 2),
(5815, 1960, 89, 1),
(5816, 1961, 37, 0),
(5817, 1961, 42, 0),
(5818, 1961, 57, 0),
(5819, 1961, 67, 0),
(5820, 1961, 71, 0),
(5821, 1961, 74, 1),
(5822, 1961, 89, 1),
(5823, 1962, 7, 1),
(5824, 1962, 37, 1),
(5825, 1962, 58, 3),
(5826, 1962, 71, 1),
(5827, 1962, 92, 1),
(5828, 1963, 8, 1),
(5829, 1964, 37, 0),
(5830, 1964, 42, 0),
(5831, 1964, 57, 0),
(5832, 1964, 58, 1),
(5833, 1964, 67, 0),
(5834, 1964, 71, 2),
(5835, 1964, 74, 0),
(5836, 1964, 89, 3),
(5837, 1964, 92, 1),
(5838, 1965, 7, 1),
(5839, 1965, 45, 1),
(5840, 1965, 71, 2),
(5841, 1965, 89, 2),
(5842, 1966, 37, 0),
(5843, 1966, 42, 0),
(5844, 1966, 45, 4),
(5845, 1966, 57, 0),
(5846, 1966, 67, 0),
(5847, 1966, 71, 0),
(5848, 1966, 74, 0),
(5849, 1966, 89, 1),
(5850, 1966, 132, 2),
(5851, 1967, 45, 4),
(5852, 1967, 71, 2),
(5853, 1967, 74, 1),
(5854, 1967, 89, 2),
(5855, 1968, 37, 1),
(5856, 1968, 71, 1),
(5857, 1969, 42, 1),
(5858, 1969, 45, 1),
(5859, 1969, 58, 4),
(5860, 1969, 89, 2),
(5861, 1970, 63, 1),
(5862, 1971, 71, 1),
(5863, 1971, 74, 1),
(5864, 1971, 89, 2),
(5865, 1972, 89, 1),
(5866, 1973, 71, 1),
(5867, 1974, 7, 1),
(5868, 1974, 45, 1),
(5869, 1974, 58, 2),
(5870, 1974, 71, 2),
(5871, 1974, 74, 4),
(5872, 1975, 7, 1),
(5873, 1975, 67, 1),
(5874, 1975, 94, 1),
(5875, 1976, 57, 5),
(5876, 1976, 71, 1),
(5877, 1976, 74, 2),
(5878, 1976, 89, 1),
(5879, 1977, 37, 3),
(5880, 1977, 42, 1),
(5881, 1977, 89, 1),
(5882, 1978, 37, 0),
(5883, 1978, 42, 0),
(5884, 1978, 57, 0),
(5885, 1978, 67, 1),
(5886, 1978, 71, 1),
(5887, 1978, 74, 0),
(5888, 1978, 89, 0),
(5889, 1979, 45, 4),
(5890, 1979, 58, 2),
(5891, 1979, 114, 3),
(5892, 1980, 58, 3),
(5893, 1981, 7, 1),
(5894, 1981, 74, 1),
(5895, 1982, 37, 1),
(5896, 1982, 42, 1),
(5897, 1982, 58, 2),
(5898, 1982, 89, 1),
(5899, 1983, 71, 1),
(5900, 1983, 74, 1),
(5901, 1984, 37, 0),
(5902, 1984, 42, 0),
(5903, 1984, 57, 0),
(5904, 1984, 67, 0),
(5905, 1984, 71, 1),
(5906, 1984, 74, 0),
(5907, 1984, 89, 0),
(5908, 1985, 7, 2),
(5909, 1985, 89, 2),
(5910, 1985, 114, 2),
(5911, 1986, 58, 3),
(5912, 1986, 67, 1),
(5913, 1986, 71, 7),
(5914, 1986, 74, 9),
(5915, 1986, 89, 8),
(5916, 1987, 45, 1),
(5917, 1987, 57, 3),
(5918, 1987, 67, 1),
(5919, 1987, 71, 2),
(5920, 1987, 74, 1),
(5921, 1988, 37, 0),
(5922, 1988, 42, 0),
(5923, 1988, 57, 2),
(5924, 1988, 67, 0),
(5925, 1988, 71, 5),
(5926, 1988, 74, 5),
(5927, 1988, 89, 2),
(5928, 1989, 58, 2),
(5929, 1989, 71, 1),
(5930, 1989, 89, 2),
(5931, 1990, 42, 1),
(5932, 1990, 58, 2),
(5933, 1990, 67, 1),
(5934, 1990, 74, 2),
(5935, 1990, 89, 3),
(5936, 1990, 92, 1),
(5937, 1991, 37, 3),
(5938, 1991, 67, 2),
(5939, 1991, 71, 8),
(5940, 1991, 74, 6),
(5941, 1991, 89, 2),
(5942, 1992, 67, 1),
(5943, 1993, 67, 1),
(5944, 1993, 71, 2),
(5945, 1993, 89, 2),
(5946, 1994, 71, 1),
(5947, 1995, 7, 1),
(5948, 1995, 42, 1),
(5949, 1995, 71, 1),
(5950, 1995, 74, 7),
(5951, 1995, 89, 1),
(5952, 1995, 114, 2),
(5953, 1996, 57, 1),
(5954, 1996, 71, 3),
(5955, 1996, 74, 1),
(5956, 1996, 89, 1),
(5957, 1997, 95, 0),
(5958, 1998, 7, 1),
(5959, 1998, 89, 3),
(5960, 1999, 37, 1),
(5961, 1999, 42, 2),
(5962, 1999, 63, 1),
(5963, 1999, 67, 1),
(5964, 1999, 74, 6),
(5965, 1999, 89, 4),
(5966, 2000, 71, 1),
(5967, 2001, 37, 2),
(5968, 2001, 42, 4),
(5969, 2001, 57, 1),
(5970, 2001, 78, 1),
(5971, 2001, 114, 3),
(5972, 2001, 163, 2),
(5973, 2002, 67, 1),
(5974, 2003, 37, 0),
(5975, 2004, 37, 1),
(5976, 2004, 71, 3),
(5977, 2004, 89, 2),
(5978, 2005, 7, 2),
(5979, 2005, 37, 1),
(5980, 2005, 42, 1),
(5981, 2005, 67, 3),
(5982, 2005, 74, 5),
(5983, 2005, 89, 8),
(5984, 2006, 74, 1),
(5985, 2007, 37, 0),
(5986, 2008, 89, 2),
(5987, 2009, 37, 2),
(5988, 2009, 42, 1),
(5989, 2009, 67, 1),
(5990, 2010, 58, 3),
(5991, 2010, 67, 1),
(5992, 2010, 71, 1),
(5993, 2010, 74, 2),
(5994, 2011, 89, 1),
(5995, 2012, 67, 1),
(5996, 2013, 67, 1),
(5997, 2014, 57, 1),
(5998, 2014, 67, 1),
(5999, 2014, 71, 3),
(6000, 2015, 37, 2),
(6001, 2015, 42, 2),
(6002, 2015, 67, 1),
(6003, 2015, 74, 3),
(6004, 2016, 42, 1),
(6005, 2016, 71, 2),
(6006, 2016, 163, 1),
(6007, 2017, 37, 1),
(6008, 2017, 42, 2),
(6009, 2017, 57, 1),
(6010, 2017, 67, 3),
(6011, 2017, 74, 3),
(6012, 2017, 89, 1),
(6013, 2018, 42, 1),
(6014, 2018, 67, 1),
(6015, 2018, 71, 1),
(6016, 2018, 74, 1),
(6017, 2018, 89, 2),
(6018, 2018, 163, 1),
(6019, 2019, 67, 1),
(6020, 2020, 67, 1),
(6021, 2021, 37, 1),
(6022, 2021, 42, 2),
(6023, 2021, 71, 1),
(6024, 2022, 58, 2),
(6025, 2023, 42, 1),
(6026, 2023, 57, 4),
(6027, 2023, 71, 1),
(6028, 2023, 74, 2),
(6029, 2023, 89, 3),
(6030, 2024, 37, 1),
(6031, 2024, 58, 1),
(6032, 2024, 71, 4),
(6033, 2025, 7, 1),
(6034, 2025, 37, 1),
(6035, 2025, 57, 5),
(6036, 2025, 67, 4),
(6037, 2025, 71, 4),
(6038, 2025, 74, 12),
(6039, 2025, 89, 1),
(6040, 2026, 95, 0),
(6041, 2027, 37, 2),
(6042, 2027, 42, 1),
(6043, 2027, 57, 10),
(6044, 2027, 67, 2),
(6045, 2027, 71, 9),
(6046, 2027, 74, 14),
(6047, 2027, 89, 1),
(6048, 2027, 163, 2),
(6049, 2028, 37, 2),
(6050, 2029, 42, 1),
(6051, 2029, 57, 1),
(6052, 2029, 74, 1),
(6053, 2029, 89, 2),
(6054, 2030, 71, 3),
(6055, 2030, 74, 1),
(6056, 2031, 42, 1),
(6057, 2031, 57, 6),
(6058, 2031, 58, 2),
(6059, 2031, 71, 7),
(6060, 2031, 74, 20),
(6061, 2031, 89, 2),
(6062, 2032, 37, 2),
(6063, 2032, 57, 3),
(6064, 2032, 78, 2),
(6065, 2033, 37, 1),
(6066, 2033, 42, 2),
(6067, 2033, 57, 2),
(6068, 2033, 58, 3),
(6069, 2033, 67, 1),
(6070, 2033, 74, 1),
(6071, 2034, 37, 1),
(6072, 2034, 42, 2),
(6073, 2034, 57, 2),
(6074, 2034, 58, 2),
(6075, 2034, 67, 14),
(6076, 2034, 74, 1),
(6077, 2034, 89, 8),
(6078, 2035, 63, 1),
(6079, 2035, 78, 2),
(6080, 2035, 89, 1),
(6081, 2035, 121, 1),
(6082, 2036, 37, 1),
(6083, 2036, 58, 12),
(6084, 2036, 71, 1),
(6085, 2036, 74, 1),
(6086, 2036, 144, 1),
(6087, 2036, 163, 1),
(6088, 2037, 42, 1),
(6089, 2037, 57, 5),
(6090, 2037, 63, 1),
(6091, 2037, 67, 11),
(6092, 2037, 71, 1),
(6093, 2037, 74, 3),
(6094, 2038, 71, 3),
(6095, 2039, 67, 9),
(6096, 2039, 74, 1),
(6097, 2040, 89, 1),
(6098, 2040, 114, 1),
(6099, 2041, 42, 1),
(6100, 2041, 45, 2),
(6101, 2041, 57, 8),
(6102, 2041, 58, 5),
(6103, 2041, 67, 9),
(6104, 2041, 74, 5),
(6105, 2041, 89, 5),
(6106, 2042, 57, 6),
(6107, 2042, 67, 14),
(6108, 2042, 94, 1),
(6109, 2042, 163, 1),
(6110, 2043, 37, 2),
(6111, 2043, 45, 1),
(6112, 2043, 57, 3),
(6113, 2043, 67, 1),
(6114, 2043, 71, 1),
(6115, 2043, 89, 3),
(6116, 2044, 57, 2),
(6117, 2044, 67, 5),
(6118, 2044, 78, 1),
(6119, 2045, 38, 1),
(6120, 2045, 42, 1),
(6121, 2045, 45, 1),
(6122, 2045, 67, 1),
(6123, 2046, 7, 1),
(6124, 2046, 57, 7),
(6125, 2046, 58, 6),
(6126, 2046, 67, 13),
(6127, 2046, 74, 6),
(6128, 2046, 89, 3),
(6129, 2047, 144, 1),
(6130, 2048, 37, 1),
(6131, 2049, 37, 1),
(6132, 2049, 45, 2),
(6133, 2049, 58, 2),
(6134, 2049, 67, 4),
(6135, 2049, 89, 3),
(6136, 2050, 7, 1),
(6137, 2050, 57, 7),
(6138, 2050, 67, 15),
(6139, 2050, 74, 7),
(6140, 2050, 78, 1),
(6141, 2050, 89, 1),
(6142, 2051, 37, 1),
(6143, 2051, 42, 3),
(6144, 2051, 57, 2),
(6145, 2051, 58, 3),
(6146, 2051, 67, 9),
(6147, 2051, 71, 2),
(6148, 2051, 74, 9),
(6149, 2051, 89, 9),
(6150, 2052, 37, 1),
(6151, 2052, 58, 12),
(6152, 2052, 67, 3),
(6153, 2053, 7, 1),
(6154, 2053, 8, 1),
(6155, 2053, 37, 2),
(6156, 2053, 58, 7),
(6157, 2053, 71, 4),
(6158, 2053, 89, 1),
(6159, 2053, 104, 1),
(6160, 2053, 163, 1),
(6161, 2054, 37, 1),
(6162, 2054, 58, 1),
(6163, 2054, 132, 1),
(6164, 2055, 42, 1),
(6165, 2055, 45, 1),
(6166, 2055, 57, 6),
(6167, 2055, 58, 10),
(6168, 2055, 67, 8),
(6169, 2055, 74, 5),
(6170, 2055, 89, 8),
(6171, 2056, 37, 2),
(6172, 2056, 42, 1),
(6173, 2056, 57, 2),
(6174, 2056, 58, 4),
(6175, 2056, 67, 15),
(6176, 2056, 74, 3),
(6177, 2056, 78, 2),
(6178, 2056, 89, 10),
(6179, 2056, 166, 1),
(6180, 2057, 57, 3),
(6181, 2057, 67, 4),
(6182, 2057, 71, 1),
(6183, 2058, 42, 1),
(6184, 2058, 45, 1),
(6185, 2058, 58, 5),
(6186, 2058, 67, 9),
(6187, 2058, 89, 3),
(6188, 2059, 37, 1),
(6189, 2059, 57, 3),
(6190, 2059, 67, 3),
(6191, 2059, 71, 8),
(6192, 2059, 74, 5),
(6193, 2059, 163, 1),
(6194, 2060, 45, 1),
(6195, 2060, 67, 4),
(6196, 2060, 74, 3),
(6197, 2060, 78, 1),
(6198, 2060, 166, 2),
(6199, 2061, 45, 1),
(6200, 2061, 57, 1),
(6201, 2061, 63, 1),
(6202, 2061, 67, 15),
(6203, 2061, 74, 1),
(6204, 2061, 92, 1),
(6205, 2062, 37, 1),
(6206, 2062, 45, 2),
(6207, 2062, 57, 10),
(6208, 2062, 58, 7),
(6209, 2062, 67, 2),
(6210, 2062, 74, 7),
(6211, 2062, 89, 3),
(6212, 2063, 37, 1),
(6213, 2063, 57, 2),
(6214, 2063, 67, 3),
(6215, 2063, 163, 2),
(6216, 2063, 166, 1),
(6217, 2064, 57, 6),
(6218, 2064, 58, 2),
(6219, 2064, 67, 3),
(6220, 2064, 74, 4),
(6221, 2064, 89, 2),
(6222, 2065, 67, 5),
(6223, 2065, 74, 3),
(6224, 2066, 8, 2),
(6225, 2066, 37, 2),
(6226, 2066, 45, 1),
(6227, 2066, 57, 2),
(6228, 2066, 58, 1),
(6229, 2066, 67, 1),
(6230, 2066, 74, 1),
(6231, 2066, 89, 5),
(6232, 2066, 163, 1),
(6233, 2067, 42, 1),
(6234, 2067, 57, 5),
(6235, 2067, 63, 2),
(6236, 2067, 67, 6),
(6237, 2067, 89, 2),
(6238, 2068, 67, 2),
(6239, 2068, 71, 2),
(6240, 2068, 74, 1),
(6241, 2068, 163, 1),
(6242, 2069, 37, 2),
(6243, 2069, 42, 2),
(6244, 2069, 57, 4),
(6245, 2069, 67, 2),
(6246, 2069, 144, 2),
(6247, 2070, 57, 1),
(6248, 2070, 71, 3),
(6249, 2070, 74, 4),
(6250, 2070, 89, 2),
(6251, 2071, 57, 1),
(6252, 2071, 74, 4),
(6253, 2072, 37, 0),
(6254, 2072, 42, 1),
(6255, 2072, 57, 3),
(6256, 2072, 58, 1),
(6257, 2072, 67, 13),
(6258, 2072, 71, 0),
(6259, 2072, 74, 0),
(6260, 2072, 89, 2),
(6261, 2072, 94, 2),
(6262, 2073, 7, 2),
(6263, 2073, 57, 1),
(6264, 2073, 67, 1),
(6265, 2073, 89, 1),
(6266, 2074, 57, 8),
(6267, 2074, 67, 16),
(6268, 2074, 74, 2),
(6269, 2074, 89, 1),
(6270, 2075, 37, 1),
(6271, 2075, 57, 5),
(6272, 2075, 58, 3),
(6273, 2075, 67, 1),
(6274, 2075, 74, 5),
(6275, 2076, 7, 3),
(6276, 2076, 42, 2),
(6277, 2076, 57, 4),
(6278, 2076, 67, 2),
(6279, 2076, 89, 1),
(6280, 2076, 94, 2),
(6281, 2076, 118, 1),
(6282, 2077, 7, 1),
(6283, 2077, 37, 0),
(6284, 2077, 42, 1),
(6285, 2077, 57, 3),
(6286, 2077, 67, 8),
(6287, 2077, 71, 0),
(6288, 2077, 74, 0),
(6289, 2077, 89, 0),
(6290, 2077, 94, 1),
(6291, 2078, 7, 1),
(6292, 2078, 57, 2),
(6293, 2078, 58, 27),
(6294, 2078, 67, 1),
(6295, 2078, 71, 1),
(6296, 2078, 89, 4),
(6297, 2078, 94, 1),
(6298, 2079, 58, 7),
(6299, 2079, 67, 6),
(6300, 2079, 89, 1),
(6301, 2080, 37, 2),
(6302, 2080, 45, 1),
(6303, 2080, 57, 2),
(6304, 2080, 67, 1),
(6305, 2080, 94, 1),
(6306, 2081, 37, 0),
(6307, 2081, 42, 0),
(6308, 2081, 57, 3),
(6309, 2081, 58, 6),
(6310, 2081, 67, 6),
(6311, 2081, 71, 0),
(6312, 2081, 74, 0),
(6313, 2081, 89, 0),
(6314, 2081, 94, 2),
(6315, 2082, 7, 1),
(6316, 2082, 37, 1),
(6317, 2082, 42, 2),
(6318, 2082, 57, 7),
(6319, 2082, 58, 2),
(6320, 2082, 67, 5),
(6321, 2082, 89, 4),
(6322, 2082, 94, 1),
(6323, 2083, 57, 1),
(6324, 2083, 89, 1),
(6325, 2084, 7, 1),
(6326, 2084, 67, 2),
(6327, 2084, 89, 1),
(6328, 2085, 7, 1),
(6329, 2085, 37, 2),
(6330, 2085, 42, 5),
(6331, 2085, 45, 2),
(6332, 2085, 57, 1),
(6333, 2085, 67, 13),
(6334, 2085, 74, 1),
(6335, 2085, 89, 20),
(6336, 2086, 7, 1),
(6337, 2086, 42, 2),
(6338, 2086, 58, 2),
(6339, 2086, 67, 3),
(6340, 2086, 89, 1),
(6341, 2086, 94, 1),
(6342, 2086, 163, 1),
(6343, 2086, 166, 1),
(6344, 2087, 57, 9),
(6345, 2087, 67, 1),
(6346, 2087, 74, 1),
(6347, 2087, 163, 2),
(6348, 2088, 89, 1),
(6349, 2089, 37, 0),
(6350, 2089, 42, 1),
(6351, 2089, 45, 1),
(6352, 2089, 57, 3),
(6353, 2089, 58, 1),
(6354, 2089, 67, 4),
(6355, 2089, 71, 0),
(6356, 2089, 74, 0),
(6357, 2089, 78, 1),
(6358, 2089, 89, 1),
(6359, 2089, 94, 2),
(6360, 2089, 166, 2),
(6361, 2090, 57, 6),
(6362, 2090, 58, 17),
(6363, 2090, 67, 9),
(6364, 2090, 74, 9),
(6365, 2090, 89, 7),
(6366, 2091, 7, 1),
(6367, 2091, 42, 1),
(6368, 2091, 57, 2),
(6369, 2091, 58, 1),
(6370, 2091, 67, 7),
(6371, 2092, 7, 1),
(6372, 2092, 42, 1),
(6373, 2092, 57, 2),
(6374, 2092, 67, 2),
(6375, 2092, 89, 1),
(6376, 2092, 163, 2),
(6377, 2093, 37, 2),
(6378, 2093, 57, 4),
(6379, 2093, 67, 3),
(6380, 2093, 78, 1),
(6381, 2094, 57, 4),
(6382, 2094, 67, 3),
(6383, 2094, 74, 2),
(6384, 2094, 89, 1),
(6385, 2094, 166, 2),
(6386, 2095, 45, 2),
(6387, 2095, 67, 1),
(6388, 2096, 37, 1),
(6389, 2096, 42, 3),
(6390, 2096, 57, 3),
(6391, 2096, 58, 5),
(6392, 2096, 67, 14),
(6393, 2096, 71, 5),
(6394, 2096, 74, 5),
(6395, 2096, 89, 8),
(6396, 2096, 163, 1),
(6397, 2097, 7, 1),
(6398, 2097, 37, 0),
(6399, 2097, 42, 0),
(6400, 2097, 45, 2),
(6401, 2097, 57, 1),
(6402, 2097, 58, 3),
(6403, 2097, 67, 4),
(6404, 2097, 71, 0),
(6405, 2097, 74, 0),
(6406, 2097, 89, 0),
(6407, 2097, 94, 1),
(6408, 2097, 166, 1),
(6409, 2098, 37, 2),
(6410, 2098, 67, 2),
(6411, 2098, 89, 1),
(6412, 2099, 57, 4),
(6413, 2099, 89, 2),
(6414, 2100, 37, 1),
(6415, 2100, 45, 1),
(6416, 2100, 57, 1),
(6417, 2100, 58, 18),
(6418, 2100, 67, 4),
(6419, 2100, 74, 7),
(6420, 2100, 89, 10),
(6421, 2101, 67, 1),
(6422, 2101, 71, 5),
(6423, 2101, 163, 2),
(6424, 2102, 7, 1),
(6425, 2102, 8, 1),
(6426, 2102, 42, 1),
(6427, 2102, 45, 1),
(6428, 2102, 57, 1),
(6429, 2102, 63, 1),
(6430, 2102, 67, 1),
(6431, 2102, 74, 3),
(6432, 2102, 89, 3),
(6433, 2102, 94, 1),
(6434, 2103, 95, 0),
(6435, 2104, 42, 1),
(6436, 2104, 58, 15),
(6437, 2104, 67, 5),
(6438, 2104, 74, 4),
(6439, 2104, 89, 3),
(6440, 2105, 37, 0),
(6441, 2105, 42, 0),
(6442, 2105, 57, 2),
(6443, 2105, 67, 1),
(6444, 2105, 71, 0),
(6445, 2105, 74, 0),
(6446, 2105, 89, 2),
(6447, 2105, 94, 1),
(6448, 2106, 74, 1),
(6449, 2106, 89, 2),
(6450, 2107, 8, 1),
(6451, 2107, 37, 0),
(6452, 2107, 42, 0),
(6453, 2107, 57, 0),
(6454, 2107, 58, 4),
(6455, 2107, 67, 1),
(6456, 2107, 71, 0),
(6457, 2107, 74, 1),
(6458, 2107, 78, 1),
(6459, 2107, 89, 0),
(6460, 2107, 94, 2),
(6461, 2107, 166, 2),
(6462, 2108, 89, 3),
(6463, 2109, 37, 1),
(6464, 2109, 42, 0),
(6465, 2109, 57, 3),
(6466, 2109, 58, 1),
(6467, 2109, 67, 0),
(6468, 2109, 71, 1),
(6469, 2109, 74, 2),
(6470, 2109, 89, 3),
(6471, 2110, 57, 1),
(6472, 2110, 58, 2),
(6473, 2110, 74, 6),
(6474, 2110, 78, 3),
(6475, 2111, 45, 1),
(6476, 2111, 63, 1),
(6477, 2111, 71, 3),
(6478, 2111, 74, 4),
(6479, 2111, 89, 3),
(6480, 2111, 163, 1),
(6481, 2111, 166, 1),
(6482, 2112, 8, 2),
(6483, 2112, 37, 1),
(6484, 2112, 42, 1),
(6485, 2112, 57, 3),
(6486, 2112, 58, 1),
(6487, 2112, 67, 5),
(6488, 2112, 71, 9),
(6489, 2112, 74, 7),
(6490, 2112, 89, 1),
(6491, 2112, 163, 1),
(6492, 2113, 37, 2),
(6493, 2113, 42, 2),
(6494, 2113, 67, 1),
(6495, 2113, 71, 8),
(6496, 2113, 89, 3),
(6497, 2114, 8, 1),
(6498, 2114, 37, 1),
(6499, 2114, 42, 1),
(6500, 2114, 45, 1),
(6501, 2114, 58, 1),
(6502, 2114, 67, 2),
(6503, 2114, 71, 4),
(6504, 2114, 74, 1),
(6505, 2114, 89, 1),
(6506, 2114, 92, 1),
(6507, 2115, 8, 1),
(6508, 2115, 45, 1),
(6509, 2115, 57, 1),
(6510, 2115, 67, 2),
(6511, 2115, 84, 1),
(6512, 2115, 89, 2),
(6513, 2115, 92, 1),
(6514, 2116, 37, 1),
(6515, 2116, 45, 1),
(6516, 2116, 58, 1),
(6517, 2116, 71, 2),
(6518, 2116, 89, 1),
(6519, 2116, 141, 1),
(6520, 2116, 163, 2),
(6521, 2117, 8, 2),
(6522, 2117, 37, 1),
(6523, 2117, 45, 2),
(6524, 2117, 58, 1),
(6525, 2117, 67, 5),
(6526, 2117, 71, 1),
(6527, 2117, 89, 3),
(6528, 2117, 121, 2),
(6529, 2117, 163, 1),
(6530, 2118, 8, 2),
(6531, 2118, 37, 2),
(6532, 2118, 45, 4),
(6533, 2118, 58, 2),
(6534, 2118, 67, 1),
(6535, 2118, 71, 14),
(6536, 2118, 89, 5),
(6537, 2118, 94, 1),
(6538, 2118, 163, 1),
(6539, 2119, 57, 1),
(6540, 2119, 67, 1),
(6541, 2119, 71, 3),
(6542, 2119, 74, 2),
(6543, 2119, 89, 3),
(6544, 2119, 174, 5),
(6545, 2120, 1, 5),
(6546, 2120, 7, 4),
(6547, 2120, 57, 5),
(6548, 2120, 74, 5),
(6549, 2120, 77, 7),
(6550, 2120, 94, 4),
(6551, 2120, 114, 1),
(6552, 2120, 163, 1),
(6553, 2120, 174, 12),
(6554, 2121, 7, 1),
(6555, 2121, 8, 6),
(6556, 2121, 13, 4),
(6557, 2121, 28, 1),
(6558, 2121, 42, 2),
(6559, 2121, 57, 2),
(6560, 2121, 58, 2),
(6561, 2121, 63, 2),
(6562, 2121, 71, 7),
(6563, 2121, 89, 6),
(6564, 2121, 163, 2),
(6565, 2121, 174, 18),
(6566, 2122, 8, 1),
(6567, 2122, 13, 2),
(6568, 2122, 37, 1),
(6569, 2122, 71, 1),
(6570, 2122, 89, 3),
(6571, 2122, 144, 1),
(6572, 2122, 163, 3),
(6573, 2122, 174, 4),
(6574, 2123, 7, 2),
(6575, 2123, 45, 3),
(6576, 2123, 57, 3),
(6577, 2123, 61, 1),
(6578, 2123, 63, 3),
(6579, 2123, 64, 1),
(6580, 2123, 67, 4),
(6581, 2123, 71, 9),
(6582, 2123, 89, 2),
(6583, 2123, 174, 4),
(6584, 2124, 1, 1),
(6585, 2124, 7, 1),
(6586, 2124, 13, 3),
(6587, 2124, 35, 2),
(6588, 2124, 37, 1),
(6589, 2124, 45, 2),
(6590, 2124, 89, 1),
(6591, 2124, 163, 2),
(6592, 2124, 174, 1),
(6593, 2125, 1, 2),
(6594, 2125, 45, 9),
(6595, 2125, 67, 8),
(6596, 2125, 74, 11),
(6597, 2125, 77, 2),
(6598, 2125, 87, 10),
(6599, 2125, 89, 6),
(6600, 2125, 144, 1),
(6601, 2125, 163, 2),
(6602, 2125, 174, 2),
(6603, 2126, 1, 2),
(6604, 2126, 45, 18),
(6605, 2126, 67, 1),
(6606, 2126, 71, 1),
(6607, 2126, 74, 7),
(6608, 2126, 89, 11),
(6609, 2126, 144, 1),
(6610, 2126, 163, 1),
(6611, 2127, 71, 3),
(6612, 2127, 74, 2),
(6613, 2127, 114, 5),
(6614, 2128, 57, 1),
(6615, 2128, 74, 1),
(6616, 2128, 89, 7),
(6617, 2128, 114, 6),
(6618, 2129, 89, 2),
(6619, 2129, 114, 8),
(6620, 2129, 174, 1),
(6621, 2130, 57, 2),
(6622, 2130, 71, 1),
(6623, 2130, 74, 1),
(6624, 2130, 114, 8),
(6625, 2131, 71, 1),
(6626, 2131, 74, 1),
(6627, 2131, 89, 3),
(6628, 2131, 114, 2),
(6629, 2132, 114, 5),
(6630, 2133, 67, 1),
(6631, 2133, 71, 1),
(6632, 2133, 89, 1),
(6633, 2133, 114, 3),
(6634, 2133, 174, 1),
(6635, 2134, 74, 4),
(6636, 2135, 67, 1),
(6637, 2136, 67, 1),
(6638, 2136, 114, 9),
(6639, 2137, 7, 2),
(6640, 2137, 67, 2),
(6641, 2137, 94, 1),
(6642, 2137, 174, 4),
(6643, 2138, 67, 2),
(6644, 2138, 136, 1),
(6645, 2139, 67, 2),
(6646, 2139, 89, 1),
(6647, 2140, 114, 6),
(6648, 2141, 78, 3),
(6649, 2142, 74, 1),
(6650, 2143, 67, 2),
(6651, 2144, 74, 1),
(6652, 2145, 95, 0),
(6653, 2146, 95, 0),
(6654, 2147, 67, 3),
(6655, 2148, 7, 1),
(6656, 2148, 67, 3),
(6657, 2148, 71, 2),
(6658, 2149, 67, 10),
(6659, 2149, 71, 1),
(6660, 2150, 95, 0),
(6661, 2151, 95, 0),
(6662, 2152, 114, 2),
(6663, 2153, 95, 0),
(6664, 2154, 67, 3),
(6665, 2154, 74, 1),
(6666, 2155, 7, 2),
(6667, 2155, 67, 2),
(6668, 2155, 71, 5),
(6669, 2155, 89, 2),
(6670, 2155, 114, 3),
(6671, 2156, 67, 1),
(6672, 2156, 89, 1),
(6673, 2157, 67, 2),
(6674, 2157, 74, 1),
(6675, 2157, 89, 3),
(6676, 2157, 114, 2),
(6677, 2158, 7, 3),
(6678, 2158, 67, 8),
(6679, 2159, 95, 0),
(6680, 2160, 95, 0),
(6681, 2161, 67, 4),
(6682, 2161, 114, 6),
(6683, 2162, 67, 4),
(6684, 2163, 95, 0),
(6685, 2164, 67, 2),
(6686, 2164, 89, 5),
(6687, 2165, 67, 1),
(6688, 2165, 114, 2),
(6689, 2166, 95, 0),
(6690, 2167, 67, 4),
(6691, 2167, 114, 7),
(6692, 2168, 7, 2),
(6693, 2168, 71, 2),
(6694, 2168, 74, 3),
(6695, 2168, 89, 5),
(6696, 2168, 114, 3),
(6697, 2169, 37, 2),
(6698, 2169, 57, 1),
(6699, 2169, 74, 1),
(6700, 2169, 77, 2),
(6701, 2170, 74, 4),
(6702, 2170, 114, 2),
(6703, 2170, 151, 1),
(6704, 2171, 57, 1),
(6705, 2172, 7, 1),
(6706, 2172, 47, 2),
(6707, 2172, 71, 1),
(6708, 2172, 74, 4),
(6709, 2173, 1, 0),
(6710, 2173, 4, 0),
(6711, 2174, 47, 2),
(6712, 2174, 71, 11),
(6713, 2174, 74, 11),
(6714, 2174, 77, 2),
(6715, 2174, 89, 19),
(6716, 2175, 47, 3),
(6717, 2175, 71, 5),
(6718, 2175, 74, 10),
(6719, 2175, 77, 1),
(6720, 2175, 89, 23),
(6721, 2176, 71, 6),
(6722, 2176, 74, 5),
(6723, 2176, 89, 5),
(6724, 2177, 47, 6),
(6725, 2177, 71, 18),
(6726, 2177, 74, 20),
(6727, 2177, 89, 24),
(6728, 2177, 163, 1),
(6729, 2178, 47, 6),
(6730, 2178, 71, 18),
(6731, 2178, 74, 20),
(6732, 2178, 89, 24),
(6733, 2178, 163, 1),
(6734, 2179, 42, 1),
(6735, 2179, 71, 4),
(6736, 2179, 74, 15),
(6737, 2179, 77, 3),
(6738, 2179, 89, 16),
(6739, 2179, 91, 1),
(6740, 2179, 163, 1),
(6741, 2180, 71, 5),
(6742, 2180, 89, 5),
(6743, 2181, 47, 6),
(6744, 2181, 71, 18),
(6745, 2181, 74, 21),
(6746, 2181, 89, 23),
(6747, 2181, 163, 1),
(6748, 2182, 71, 3),
(6749, 2182, 74, 5),
(6750, 2182, 89, 5),
(6751, 2182, 163, 1),
(6752, 2183, 71, 6),
(6753, 2183, 89, 9),
(6754, 2183, 120, 9),
(6755, 2183, 163, 2),
(6756, 2184, 71, 1),
(6757, 2184, 89, 2),
(6758, 2185, 77, 1),
(6759, 2185, 89, 1),
(6760, 2185, 114, 1),
(6761, 2185, 174, 1),
(6762, 2186, 47, 1),
(6763, 2186, 74, 2),
(6764, 2186, 114, 2),
(6765, 2187, 57, 1),
(6766, 2188, 74, 3),
(6767, 2188, 89, 2),
(6768, 2188, 114, 3),
(6769, 2189, 95, 0),
(6770, 2190, 67, 1),
(6771, 2190, 71, 1),
(6772, 2190, 74, 5),
(6773, 2190, 77, 1),
(6774, 2190, 114, 1),
(6775, 2191, 42, 2),
(6776, 2191, 67, 14),
(6777, 2191, 71, 2),
(6778, 2191, 74, 9),
(6779, 2191, 89, 7),
(6780, 2191, 114, 2),
(6781, 2192, 42, 1),
(6782, 2193, 67, 10),
(6783, 2193, 71, 1),
(6784, 2193, 77, 1),
(6785, 2193, 89, 1),
(6786, 2193, 94, 1),
(6787, 2194, 57, 1),
(6788, 2194, 67, 11),
(6789, 2194, 71, 5),
(6790, 2194, 74, 9),
(6791, 2194, 89, 1),
(6792, 2194, 94, 1),
(6793, 2195, 67, 8),
(6794, 2195, 89, 2),
(6795, 2196, 94, 0),
(6796, 2197, 67, 2),
(6797, 2197, 74, 3),
(6798, 2197, 89, 5),
(6799, 2198, 42, 1),
(6800, 2198, 67, 7),
(6801, 2198, 89, 1),
(6802, 2198, 94, 3),
(6803, 2199, 67, 1),
(6804, 2199, 71, 2),
(6805, 2199, 74, 1),
(6806, 2199, 89, 1),
(6807, 2200, 95, 0),
(6808, 2201, 7, 1),
(6809, 2201, 57, 2),
(6810, 2201, 74, 2),
(6811, 2202, 7, 1),
(6812, 2202, 57, 1),
(6813, 2202, 58, 3),
(6814, 2202, 67, 1),
(6815, 2202, 89, 16),
(6816, 2202, 114, 2),
(6817, 2202, 163, 2),
(6818, 2203, 95, 0),
(6819, 2204, 42, 1),
(6820, 2204, 67, 2),
(6821, 2205, 67, 22),
(6822, 2206, 89, 3),
(6823, 2206, 114, 1),
(6824, 2207, 95, 0),
(6825, 2208, 57, 8),
(6826, 2208, 67, 5),
(6827, 2208, 89, 3),
(6828, 2209, 57, 41),
(6829, 2209, 74, 1),
(6830, 2209, 89, 4),
(6831, 2210, 57, 4),
(6832, 2210, 67, 2),
(6833, 2211, 114, 2),
(6834, 2212, 57, 2),
(6835, 2212, 67, 1),
(6836, 2212, 89, 3),
(6837, 2213, 57, 1),
(6838, 2213, 67, 25),
(6839, 2213, 74, 1),
(6840, 2213, 89, 1),
(6841, 2214, 57, 7),
(6842, 2214, 67, 5),
(6843, 2214, 71, 4),
(6844, 2214, 74, 3),
(6845, 2214, 89, 13),
(6846, 2214, 114, 3),
(6847, 2215, 57, 15),
(6848, 2215, 67, 5),
(6849, 2215, 74, 5),
(6850, 2215, 89, 6),
(6851, 2215, 114, 1),
(6852, 2215, 140, 1),
(6853, 2216, 57, 5),
(6854, 2216, 67, 27),
(6855, 2216, 74, 2),
(6856, 2216, 89, 1),
(6857, 2216, 140, 3),
(6858, 2217, 95, 0),
(6859, 2218, 57, 13),
(6860, 2218, 67, 3),
(6861, 2218, 89, 2),
(6862, 2219, 67, 1),
(6863, 2219, 89, 1),
(6864, 2219, 140, 4),
(6865, 2220, 95, 0),
(6866, 2221, 67, 4),
(6867, 2221, 89, 1),
(6868, 2222, 20, 2),
(6869, 2222, 57, 16),
(6870, 2222, 67, 3),
(6871, 2222, 71, 4),
(6872, 2223, 57, 1),
(6873, 2224, 95, 0),
(6874, 2225, 57, 2),
(6875, 2225, 67, 2),
(6876, 2225, 89, 9),
(6877, 2226, 42, 1),
(6878, 2226, 89, 3),
(6879, 2226, 94, 1),
(6880, 2227, 95, 0),
(6881, 2228, 71, 1),
(6882, 2228, 74, 9),
(6883, 2228, 77, 3),
(6884, 2229, 71, 2),
(6885, 2229, 77, 2),
(6886, 2229, 89, 2),
(6887, 2230, 63, 1),
(6888, 2230, 71, 2),
(6889, 2230, 74, 3),
(6890, 2230, 89, 1),
(6891, 2230, 114, 2),
(6892, 2230, 174, 1),
(6893, 2231, 57, 2),
(6894, 2231, 67, 6),
(6895, 2231, 71, 3),
(6896, 2231, 89, 2),
(6897, 2231, 114, 2),
(6898, 2232, 67, 1),
(6899, 2232, 71, 3),
(6900, 2232, 74, 5),
(6901, 2233, 57, 2),
(6902, 2233, 67, 9),
(6903, 2233, 71, 3),
(6904, 2233, 74, 6),
(6905, 2234, 67, 3),
(6906, 2234, 71, 11),
(6907, 2234, 74, 100),
(6908, 2234, 77, 2),
(6909, 2235, 57, 2),
(6910, 2235, 67, 3),
(6911, 2235, 71, 2),
(6912, 2235, 74, 3),
(6913, 2236, 42, 1),
(6914, 2236, 57, 4),
(6915, 2236, 67, 1),
(6916, 2236, 71, 3),
(6917, 2236, 77, 1),
(6918, 2236, 114, 2),
(6919, 2237, 57, 1),
(6920, 2237, 71, 3),
(6921, 2237, 74, 5),
(6922, 2238, 42, 2),
(6923, 2238, 67, 5),
(6924, 2238, 71, 1),
(6925, 2238, 74, 8),
(6926, 2239, 67, 5),
(6927, 2239, 71, 3),
(6928, 2239, 74, 5),
(6929, 2239, 77, 2),
(6930, 2239, 114, 1),
(6931, 2240, 67, 7),
(6932, 2240, 71, 2),
(6933, 2240, 74, 6),
(6934, 2241, 67, 30),
(6935, 2241, 71, 1),
(6936, 2241, 74, 16),
(6937, 2241, 77, 1),
(6938, 2241, 89, 2),
(6939, 2242, 57, 1),
(6940, 2242, 114, 1),
(6941, 2243, 67, 1),
(6942, 2243, 71, 2),
(6943, 2243, 74, 1),
(6944, 2244, 8, 2),
(6945, 2244, 89, 6),
(6946, 2244, 114, 8),
(6947, 2245, 89, 1),
(6948, 2245, 114, 5),
(6949, 2246, 7, 1),
(6950, 2246, 67, 2),
(6951, 2246, 71, 24),
(6952, 2246, 74, 2),
(6953, 2246, 77, 13),
(6954, 2246, 114, 8),
(6955, 2247, 7, 1),
(6956, 2247, 67, 2),
(6957, 2247, 71, 24),
(6958, 2247, 74, 2),
(6959, 2247, 77, 6),
(6960, 2247, 114, 4),
(6961, 2248, 71, 5),
(6962, 2248, 74, 1),
(6963, 2248, 77, 18),
(6964, 2248, 89, 2),
(6965, 2248, 114, 1),
(6966, 2249, 67, 11),
(6967, 2249, 71, 5),
(6968, 2249, 77, 3),
(6969, 2249, 89, 3),
(6970, 2249, 114, 7),
(6971, 2250, 71, 1),
(6972, 2250, 74, 2),
(6973, 2250, 77, 2),
(6974, 2251, 26, 13),
(6975, 2251, 74, 2),
(6976, 2251, 114, 5),
(6977, 2252, 42, 1),
(6978, 2252, 57, 1),
(6979, 2252, 71, 1),
(6980, 2252, 94, 1),
(6981, 2252, 163, 1),
(6982, 2253, 7, 1),
(6983, 2253, 57, 1),
(6984, 2253, 58, 1),
(6985, 2253, 63, 1),
(6986, 2253, 77, 1),
(6987, 2253, 163, 5),
(6988, 2254, 13, 2),
(6989, 2254, 42, 1),
(6990, 2254, 71, 1),
(6991, 2254, 74, 1),
(6992, 2254, 89, 1),
(6993, 2254, 140, 4),
(6994, 2254, 163, 2),
(6995, 2255, 71, 3),
(6996, 2255, 74, 1),
(6997, 2255, 94, 1),
(6998, 2256, 57, 1),
(6999, 2256, 71, 2),
(7000, 2256, 74, 1),
(7001, 2257, 7, 1),
(7002, 2257, 37, 1),
(7003, 2257, 71, 1),
(7004, 2257, 89, 2),
(7005, 2258, 7, 1),
(7006, 2258, 57, 4),
(7007, 2258, 63, 1),
(7008, 2258, 71, 14),
(7009, 2258, 81, 1),
(7010, 2258, 89, 1),
(7011, 2258, 94, 2),
(7012, 2258, 140, 15),
(7013, 2258, 144, 1),
(7014, 2258, 163, 1),
(7015, 2259, 57, 7),
(7016, 2259, 67, 5),
(7017, 2259, 71, 4),
(7018, 2259, 74, 3),
(7019, 2259, 89, 13),
(7020, 2259, 114, 3),
(7021, 2260, 57, 15),
(7022, 2260, 67, 5),
(7023, 2260, 74, 5),
(7024, 2260, 89, 6),
(7025, 2260, 114, 1),
(7026, 2261, 67, 3),
(7027, 2261, 71, 5),
(7028, 2261, 74, 3),
(7029, 2261, 104, 7),
(7030, 2261, 163, 2),
(7031, 2261, 174, 2),
(7032, 2262, 58, 1),
(7033, 2262, 67, 6),
(7034, 2262, 71, 1),
(7035, 2262, 74, 1),
(7036, 2262, 174, 5),
(7037, 2263, 7, 1),
(7038, 2263, 71, 1),
(7039, 2263, 74, 3),
(7040, 2263, 89, 2),
(7041, 2263, 91, 1),
(7042, 2263, 163, 1),
(7043, 2263, 174, 1),
(7044, 2264, 67, 1),
(7045, 2264, 71, 3),
(7046, 2264, 74, 4),
(7047, 2264, 114, 2),
(7048, 2265, 67, 2),
(7049, 2265, 74, 4),
(7050, 2265, 77, 3),
(7051, 2266, 67, 1),
(7052, 2267, 67, 1),
(7053, 2267, 71, 1),
(7054, 2267, 74, 1),
(7055, 2268, 67, 1),
(7056, 2268, 71, 1),
(7057, 2268, 114, 1),
(7058, 2268, 134, 2),
(7059, 2269, 67, 8),
(7060, 2269, 71, 4),
(7061, 2269, 74, 7),
(7062, 2269, 114, 1),
(7063, 2270, 71, 6),
(7064, 2270, 74, 4),
(7065, 2271, 57, 1),
(7066, 2271, 67, 10),
(7067, 2271, 71, 6),
(7068, 2271, 74, 4),
(7069, 2271, 114, 3),
(7070, 2272, 57, 40),
(7071, 2272, 74, 5),
(7072, 2273, 74, 5),
(7073, 2274, 71, 2),
(7074, 2275, 57, 14),
(7075, 2275, 74, 7),
(7076, 2275, 78, 3),
(7077, 2276, 57, 2),
(7078, 2276, 67, 2),
(7079, 2276, 71, 7),
(7080, 2276, 77, 5),
(7081, 2276, 114, 1),
(7082, 2277, 67, 1),
(7083, 2277, 74, 1),
(7084, 2277, 89, 1),
(7085, 2277, 114, 2),
(7086, 2278, 67, 1),
(7087, 2278, 71, 2),
(7088, 2278, 74, 7),
(7089, 2278, 89, 1),
(7090, 2278, 114, 1),
(7091, 2279, 71, 2),
(7092, 2279, 74, 3),
(7093, 2280, 114, 10),
(7094, 2281, 57, 2),
(7095, 2281, 67, 1),
(7096, 2282, 42, 1),
(7097, 2282, 67, 2),
(7098, 2282, 71, 3),
(7099, 2283, 95, 0),
(7100, 2284, 67, 1),
(7101, 2285, 37, 2),
(7102, 2285, 74, 5),
(7103, 2285, 89, 7),
(7104, 2286, 37, 2),
(7105, 2287, 77, 1),
(7106, 2287, 89, 5),
(7107, 2288, 74, 3),
(7108, 2289, 37, 1),
(7109, 2289, 58, 2),
(7110, 2289, 63, 1),
(7111, 2289, 67, 2),
(7112, 2289, 74, 5),
(7113, 2289, 77, 7),
(7114, 2290, 74, 2),
(7115, 2290, 89, 1),
(7116, 2291, 95, 0),
(7117, 2292, 95, 0),
(7118, 2293, 7, 1),
(7119, 2293, 37, 1),
(7120, 2293, 51, 1),
(7121, 2293, 58, 6),
(7122, 2293, 67, 1),
(7123, 2293, 74, 4),
(7124, 2293, 89, 1),
(7125, 2294, 51, 3),
(7126, 2294, 89, 1),
(7127, 2294, 122, 1),
(7128, 2295, 37, 1),
(7129, 2295, 58, 2),
(7130, 2295, 63, 1),
(7131, 2295, 67, 2),
(7132, 2295, 74, 5),
(7133, 2295, 77, 7),
(7134, 2296, 51, 1),
(7135, 2296, 67, 1),
(7136, 2297, 37, 1),
(7137, 2297, 71, 3),
(7138, 2297, 74, 2),
(7139, 2297, 89, 1),
(7140, 2298, 9, 0),
(7141, 2299, 37, 2),
(7142, 2299, 74, 3),
(7143, 2299, 75, 1),
(7144, 2300, 37, 1),
(7145, 2300, 74, 2),
(7146, 2300, 89, 1),
(7147, 2301, 42, 1),
(7148, 2301, 63, 1),
(7149, 2301, 67, 2),
(7150, 2301, 71, 1),
(7151, 2301, 74, 17),
(7152, 2301, 77, 2),
(7153, 2301, 114, 2),
(7154, 2302, 32, 1),
(7155, 2302, 89, 1),
(7156, 2303, 67, 2),
(7157, 2303, 74, 2),
(7158, 2303, 89, 3),
(7159, 2304, 37, 1),
(7160, 2304, 71, 1),
(7161, 2304, 74, 7),
(7162, 2304, 89, 3),
(7163, 2305, 20, 5),
(7164, 2305, 77, 2),
(7165, 2305, 174, 1),
(7166, 2306, 95, 0),
(7167, 2307, 37, 2),
(7168, 2307, 51, 5),
(7169, 2307, 67, 1),
(7170, 2307, 74, 6),
(7171, 2307, 77, 3),
(7172, 2308, 74, 1),
(7173, 2309, 25, 1),
(7174, 2309, 74, 4),
(7175, 2309, 89, 1),
(7176, 2309, 174, 2),
(7177, 2310, 51, 1),
(7178, 2310, 63, 1),
(7179, 2310, 67, 1),
(7180, 2310, 74, 11),
(7181, 2310, 77, 2),
(7182, 2310, 89, 3),
(7183, 2311, 72, 1),
(7184, 2311, 74, 2),
(7185, 2311, 89, 2),
(7186, 2311, 166, 1),
(7187, 2311, 174, 2),
(7188, 2312, 58, 5),
(7189, 2312, 67, 4),
(7190, 2312, 74, 15),
(7191, 2312, 89, 1),
(7192, 2313, 32, 2),
(7193, 2313, 37, 1),
(7194, 2314, 20, 1),
(7195, 2314, 74, 5),
(7196, 2314, 75, 2),
(7197, 2314, 89, 3),
(7198, 2315, 58, 5),
(7199, 2315, 67, 2),
(7200, 2315, 74, 13),
(7201, 2315, 77, 3),
(7202, 2316, 1, 0),
(7203, 2317, 37, 2),
(7204, 2317, 74, 8),
(7205, 2317, 174, 3),
(7206, 2318, 74, 3),
(7207, 2318, 77, 1),
(7208, 2319, 89, 5),
(7209, 2320, 74, 14),
(7210, 2320, 89, 2),
(7211, 2321, 58, 6),
(7212, 2321, 67, 3),
(7213, 2321, 74, 14),
(7214, 2322, 74, 16),
(7215, 2322, 75, 2),
(7216, 2322, 89, 2),
(7217, 2323, 37, 1),
(7218, 2323, 89, 2),
(7219, 2324, 71, 3),
(7220, 2324, 89, 7),
(7221, 2325, 27, 1),
(7222, 2325, 37, 2),
(7223, 2325, 74, 3),
(7224, 2325, 89, 8),
(7225, 2326, 32, 6),
(7226, 2327, 37, 1),
(7227, 2327, 42, 0),
(7228, 2327, 57, 0),
(7229, 2327, 67, 1),
(7230, 2327, 71, 6),
(7231, 2327, 74, 4),
(7232, 2327, 89, 2),
(7233, 2328, 37, 1),
(7234, 2328, 57, 3),
(7235, 2328, 58, 1),
(7236, 2328, 67, 3),
(7237, 2328, 71, 22),
(7238, 2328, 74, 4),
(7239, 2328, 89, 1),
(7240, 2329, 37, 1),
(7241, 2329, 42, 0),
(7242, 2329, 57, 7),
(7243, 2329, 67, 0),
(7244, 2329, 71, 20),
(7245, 2329, 74, 12),
(7246, 2330, 7, 1),
(7247, 2330, 37, 0),
(7248, 2330, 42, 0),
(7249, 2330, 57, 3),
(7250, 2330, 67, 1),
(7251, 2330, 71, 21),
(7252, 2330, 74, 0),
(7253, 2330, 89, 3),
(7254, 2330, 166, 6),
(7255, 2331, 37, 0),
(7256, 2331, 42, 0),
(7257, 2331, 57, 8),
(7258, 2331, 67, 0),
(7259, 2331, 71, 9),
(7260, 2331, 74, 5),
(7261, 2332, 7, 2),
(7262, 2332, 37, 3),
(7263, 2332, 42, 0),
(7264, 2332, 57, 0),
(7265, 2332, 67, 4),
(7266, 2332, 71, 7),
(7267, 2332, 74, 8),
(7268, 2332, 89, 2),
(7269, 2332, 166, 7),
(7270, 2333, 37, 0),
(7271, 2333, 42, 0),
(7272, 2333, 70, 1),
(7273, 2333, 71, 4),
(7274, 2333, 74, 3),
(7275, 2334, 57, 5),
(7276, 2334, 58, 1),
(7277, 2334, 67, 2),
(7278, 2334, 71, 8),
(7279, 2334, 166, 3),
(7280, 2335, 7, 1),
(7281, 2335, 71, 1),
(7282, 2335, 89, 3),
(7283, 2335, 166, 16),
(7284, 2336, 7, 1),
(7285, 2336, 71, 1),
(7286, 2336, 89, 3),
(7287, 2336, 166, 16),
(7288, 2337, 7, 2),
(7289, 2337, 37, 1),
(7290, 2337, 42, 1),
(7291, 2337, 71, 5),
(7292, 2337, 74, 4),
(7293, 2337, 89, 1),
(7294, 2337, 166, 6),
(7295, 2338, 7, 1),
(7296, 2338, 57, 1),
(7297, 2338, 71, 19),
(7298, 2338, 74, 8),
(7299, 2338, 89, 4),
(7300, 2338, 166, 1),
(7301, 2339, 37, 2),
(7302, 2339, 57, 6),
(7303, 2339, 71, 17),
(7304, 2339, 74, 19),
(7305, 2339, 89, 4),
(7306, 2339, 166, 4),
(7307, 2340, 37, 2),
(7308, 2340, 57, 6),
(7309, 2340, 71, 17),
(7310, 2340, 74, 19),
(7311, 2340, 89, 4),
(7312, 2340, 166, 4),
(7313, 2341, 37, 2),
(7314, 2341, 57, 6),
(7315, 2341, 71, 17),
(7316, 2341, 74, 19),
(7317, 2341, 89, 4),
(7318, 2341, 166, 4),
(7319, 2342, 57, 4),
(7320, 2342, 67, 2),
(7321, 2342, 71, 13),
(7322, 2342, 166, 4),
(7323, 2343, 57, 4),
(7324, 2343, 67, 2),
(7325, 2343, 71, 13),
(7326, 2343, 166, 4),
(7327, 2344, 7, 1),
(7328, 2344, 71, 7),
(7329, 2344, 166, 30),
(7330, 2345, 7, 1),
(7331, 2345, 71, 7),
(7332, 2345, 166, 30),
(7333, 2346, 7, 1),
(7334, 2346, 71, 7),
(7335, 2346, 166, 30),
(7336, 2347, 7, 1),
(7337, 2347, 57, 8),
(7338, 2347, 59, 1),
(7339, 2347, 67, 2),
(7340, 2347, 71, 2),
(7341, 2347, 89, 1),
(7342, 2348, 7, 1),
(7343, 2348, 37, 2),
(7344, 2348, 42, 1),
(7345, 2348, 57, 1),
(7346, 2348, 71, 9),
(7347, 2348, 89, 3),
(7348, 2348, 163, 1),
(7349, 2349, 7, 1),
(7350, 2349, 57, 3),
(7351, 2349, 58, 5),
(7352, 2349, 67, 5),
(7353, 2349, 89, 3),
(7354, 2349, 94, 1),
(7355, 2349, 163, 1),
(7356, 2350, 7, 1),
(7357, 2350, 57, 1),
(7358, 2350, 71, 1),
(7359, 2350, 74, 1),
(7360, 2350, 89, 2),
(7361, 2351, 7, 1),
(7362, 2351, 74, 1),
(7363, 2351, 78, 1),
(7364, 2351, 89, 3),
(7365, 2352, 58, 11),
(7366, 2352, 78, 2),
(7367, 2353, 37, 1),
(7368, 2354, 45, 2),
(7369, 2354, 58, 3),
(7370, 2354, 67, 1),
(7371, 2354, 74, 2),
(7372, 2355, 37, 3),
(7373, 2355, 42, 3),
(7374, 2355, 57, 1),
(7375, 2355, 58, 3),
(7376, 2355, 74, 2),
(7377, 2355, 78, 1),
(7378, 2355, 89, 1),
(7379, 2355, 94, 1),
(7380, 2355, 163, 4),
(7381, 2356, 37, 2),
(7382, 2356, 74, 2),
(7383, 2357, 67, 7),
(7384, 2357, 71, 5),
(7385, 2357, 74, 2),
(7386, 2357, 89, 2),
(7387, 2358, 7, 1),
(7388, 2358, 71, 1),
(7389, 2359, 37, 5),
(7390, 2359, 67, 1),
(7391, 2359, 104, 1),
(7392, 2360, 7, 1),
(7393, 2360, 57, 1),
(7394, 2360, 67, 3),
(7395, 2360, 71, 1),
(7396, 2360, 89, 2),
(7397, 2360, 163, 1),
(7398, 2361, 7, 1),
(7399, 2361, 37, 2),
(7400, 2361, 42, 1),
(7401, 2361, 89, 1),
(7402, 2362, 7, 1),
(7403, 2362, 42, 1),
(7404, 2362, 67, 1),
(7405, 2362, 71, 1),
(7406, 2362, 89, 2),
(7407, 2363, 7, 1),
(7408, 2363, 58, 3),
(7409, 2363, 67, 3),
(7410, 2363, 74, 1),
(7411, 2363, 163, 2),
(7412, 2364, 67, 1),
(7413, 2364, 77, 1),
(7414, 2364, 89, 2),
(7415, 2364, 114, 1),
(7416, 2365, 67, 2),
(7417, 2365, 89, 9),
(7418, 2365, 114, 4),
(7419, 2366, 67, 1),
(7420, 2366, 77, 1),
(7421, 2366, 89, 7),
(7422, 2366, 114, 4),
(7423, 2367, 67, 3),
(7424, 2367, 77, 1),
(7425, 2367, 89, 1),
(7426, 2368, 67, 3),
(7427, 2368, 77, 10),
(7428, 2368, 89, 7),
(7429, 2369, 7, 1),
(7430, 2369, 67, 8),
(7431, 2369, 77, 2),
(7432, 2369, 89, 1),
(7433, 2370, 89, 5),
(7434, 2371, 42, 1),
(7435, 2371, 74, 15),
(7436, 2372, 7, 1),
(7437, 2372, 67, 3),
(7438, 2372, 74, 0),
(7439, 2372, 89, 2),
(7440, 2373, 7, 1),
(7441, 2373, 67, 4),
(7442, 2373, 74, 25),
(7443, 2373, 89, 1),
(7444, 2374, 67, 1),
(7445, 2374, 71, 2),
(7446, 2374, 74, 10),
(7447, 2375, 7, 2),
(7448, 2375, 67, 6),
(7449, 2375, 71, 2),
(7450, 2375, 74, 5),
(7451, 2375, 77, 2),
(7452, 2375, 89, 1),
(7453, 2376, 7, 1),
(7454, 2376, 67, 2),
(7455, 2376, 74, 16),
(7456, 2376, 77, 2),
(7457, 2376, 89, 5),
(7458, 2377, 7, 1),
(7459, 2378, 64, 1),
(7460, 2378, 67, 2),
(7461, 2378, 74, 1),
(7462, 2378, 89, 1),
(7463, 2378, 114, 5),
(7464, 2379, 16, 1),
(7465, 2379, 67, 2),
(7466, 2380, 7, 3),
(7467, 2380, 71, 2),
(7468, 2380, 89, 10),
(7469, 2381, 67, 1),
(7470, 2381, 89, 5),
(7471, 2382, 67, 5),
(7472, 2382, 89, 6),
(7473, 2382, 114, 1),
(7474, 2383, 67, 2),
(7475, 2383, 77, 1),
(7476, 2383, 114, 8),
(7477, 2384, 67, 3),
(7478, 2384, 71, 1),
(7479, 2384, 74, 2),
(7480, 2384, 78, 3),
(7481, 2385, 59, 1),
(7482, 2385, 67, 3),
(7483, 2385, 114, 8),
(7484, 2386, 67, 5),
(7485, 2386, 74, 2),
(7486, 2387, 51, 1),
(7487, 2387, 57, 1),
(7488, 2387, 67, 6),
(7489, 2387, 74, 4),
(7490, 2387, 89, 2),
(7491, 2387, 114, 11),
(7492, 2388, 67, 1),
(7493, 2388, 74, 6),
(7494, 2389, 67, 2),
(7495, 2389, 89, 2),
(7496, 2390, 59, 1),
(7497, 2390, 67, 9),
(7498, 2390, 74, 1),
(7499, 2390, 89, 16),
(7500, 2391, 59, 1),
(7501, 2391, 74, 5),
(7502, 2391, 77, 2),
(7503, 2391, 89, 8),
(7504, 2391, 114, 7),
(7505, 2392, 67, 5),
(7506, 2392, 74, 1),
(7507, 2392, 77, 3),
(7508, 2392, 89, 1),
(7509, 2392, 114, 2),
(7510, 2393, 24, 4),
(7511, 2393, 57, 4),
(7512, 2393, 77, 2),
(7513, 2393, 114, 1),
(7514, 2394, 67, 2),
(7515, 2394, 89, 3),
(7516, 2395, 67, 2),
(7517, 2395, 89, 1),
(7518, 2395, 114, 3),
(7519, 2396, 67, 2),
(7520, 2396, 74, 5),
(7521, 2396, 77, 1),
(7522, 2397, 59, 1),
(7523, 2397, 67, 3),
(7524, 2397, 74, 4),
(7525, 2397, 77, 1),
(7526, 2398, 59, 1),
(7527, 2398, 74, 2),
(7528, 2398, 77, 1),
(7529, 2398, 89, 3),
(7530, 2398, 94, 1),
(7531, 2399, 57, 1),
(7532, 2399, 77, 2),
(7533, 2399, 94, 1),
(7534, 2400, 67, 1),
(7535, 2400, 114, 1),
(7536, 2401, 67, 6),
(7537, 2401, 74, 15),
(7538, 2401, 77, 1),
(7539, 2401, 78, 2),
(7540, 2401, 94, 2),
(7541, 2402, 74, 6),
(7542, 2402, 77, 1),
(7543, 2403, 7, 5),
(7544, 2403, 25, 1),
(7545, 2403, 74, 2),
(7546, 2404, 74, 5),
(7547, 2404, 114, 3),
(7548, 2405, 53, 1),
(7549, 2405, 74, 2),
(7550, 2405, 114, 3),
(7551, 2406, 74, 1),
(7552, 2406, 89, 1),
(7553, 2406, 114, 3),
(7554, 2407, 7, 1),
(7555, 2407, 9, 2),
(7556, 2407, 57, 5),
(7557, 2407, 67, 1),
(7558, 2407, 74, 6),
(7559, 2407, 94, 1),
(7560, 2407, 114, 23),
(7561, 2407, 163, 1),
(7562, 2408, 67, 1),
(7563, 2408, 74, 6),
(7564, 2408, 114, 4),
(7565, 2409, 114, 4),
(7566, 2410, 7, 3),
(7567, 2410, 74, 2),
(7568, 2410, 114, 3),
(7569, 2410, 163, 2),
(7570, 2411, 53, 2),
(7571, 2411, 71, 1),
(7572, 2411, 74, 1),
(7573, 2411, 114, 5),
(7574, 2412, 67, 4),
(7575, 2412, 74, 3),
(7576, 2412, 94, 2),
(7577, 2412, 114, 24),
(7578, 2413, 74, 1),
(7579, 2413, 89, 2),
(7580, 2413, 114, 5),
(7581, 2414, 74, 1),
(7582, 2414, 89, 2),
(7583, 2414, 114, 10),
(7584, 2415, 67, 13),
(7585, 2415, 71, 3),
(7586, 2415, 74, 16),
(7587, 2415, 89, 1),
(7588, 2415, 94, 3),
(7589, 2415, 114, 6),
(7590, 2415, 163, 1),
(7591, 2416, 67, 2),
(7592, 2416, 74, 9),
(7593, 2416, 77, 18),
(7594, 2416, 78, 9),
(7595, 2416, 121, 1),
(7596, 2417, 67, 7),
(7597, 2417, 71, 3),
(7598, 2417, 74, 10),
(7599, 2417, 89, 8),
(7600, 2417, 114, 6),
(7601, 2418, 77, 1),
(7602, 2418, 114, 3),
(7603, 2419, 9, 1),
(7604, 2419, 57, 17),
(7605, 2419, 74, 1),
(7606, 2419, 94, 2),
(7607, 2419, 114, 24),
(7608, 2420, 28, 1),
(7609, 2420, 89, 4),
(7610, 2420, 98, 2),
(7611, 2420, 114, 1),
(7612, 2421, 42, 1),
(7613, 2421, 57, 1),
(7614, 2421, 67, 1),
(7615, 2421, 71, 1),
(7616, 2421, 74, 2),
(7617, 2421, 89, 3),
(7618, 2421, 114, 1),
(7619, 2421, 174, 15),
(7620, 2422, 57, 1),
(7621, 2422, 74, 3),
(7622, 2422, 89, 2),
(7623, 2422, 114, 3),
(7624, 2422, 174, 26),
(7625, 2423, 7, 1),
(7626, 2423, 67, 1),
(7627, 2423, 74, 1),
(7628, 2423, 89, 7),
(7629, 2423, 174, 15),
(7630, 2424, 57, 1),
(7631, 2424, 74, 7),
(7632, 2424, 77, 1),
(7633, 2424, 89, 3),
(7634, 2424, 94, 1),
(7635, 2424, 174, 1),
(7636, 2425, 63, 1),
(7637, 2425, 67, 4),
(7638, 2425, 71, 1),
(7639, 2425, 74, 4),
(7640, 2425, 77, 1),
(7641, 2425, 114, 6),
(7642, 2425, 174, 4),
(7643, 2426, 1, 1),
(7644, 2426, 7, 3),
(7645, 2426, 57, 2),
(7646, 2426, 71, 1),
(7647, 2426, 74, 11),
(7648, 2426, 89, 1),
(7649, 2426, 163, 3),
(7650, 2426, 174, 7),
(7651, 2427, 7, 1),
(7652, 2427, 57, 1),
(7653, 2427, 63, 2),
(7654, 2427, 67, 1),
(7655, 2427, 71, 1),
(7656, 2427, 74, 3),
(7657, 2427, 77, 3),
(7658, 2427, 89, 2),
(7659, 2427, 174, 2),
(7660, 2428, 57, 1),
(7661, 2428, 77, 1),
(7662, 2428, 103, 1),
(7663, 2428, 163, 1),
(7664, 2428, 174, 3),
(7665, 2429, 7, 1),
(7666, 2429, 67, 1),
(7667, 2429, 74, 4),
(7668, 2429, 77, 8),
(7669, 2429, 89, 19),
(7670, 2429, 114, 7),
(7671, 2429, 174, 5),
(7672, 2430, 67, 1),
(7673, 2430, 71, 7),
(7674, 2430, 74, 14),
(7675, 2430, 163, 2),
(7676, 2430, 174, 3),
(7677, 2431, 67, 1),
(7678, 2431, 71, 7),
(7679, 2431, 74, 14),
(7680, 2431, 163, 2),
(7681, 2431, 174, 3),
(7682, 2432, 57, 3),
(7683, 2432, 67, 3),
(7684, 2432, 71, 1),
(7685, 2432, 74, 4),
(7686, 2432, 77, 1),
(7687, 2432, 89, 10),
(7688, 2432, 94, 1),
(7689, 2432, 174, 4),
(7690, 2433, 57, 1),
(7691, 2433, 67, 5),
(7692, 2433, 74, 47),
(7693, 2433, 77, 5),
(7694, 2433, 89, 9),
(7695, 2433, 94, 2),
(7696, 2433, 114, 2),
(7697, 2433, 174, 20),
(7698, 2434, 67, 2),
(7699, 2434, 74, 12),
(7700, 2434, 89, 5),
(7701, 2434, 174, 1),
(7702, 2435, 74, 1),
(7703, 2435, 89, 2),
(7704, 2435, 94, 2),
(7705, 2435, 114, 3),
(7706, 2435, 174, 4),
(7707, 2436, 57, 2),
(7708, 2436, 67, 2),
(7709, 2436, 71, 1),
(7710, 2436, 74, 13),
(7711, 2436, 77, 3),
(7712, 2436, 89, 1),
(7713, 2436, 94, 1),
(7714, 2436, 114, 2),
(7715, 2436, 174, 15),
(7716, 2436, 177, 1),
(7717, 2437, 7, 1),
(7718, 2437, 57, 1),
(7719, 2437, 74, 1),
(7720, 2437, 94, 1),
(7721, 2437, 157, 1),
(7722, 2437, 174, 2),
(7723, 2438, 1, 1),
(7724, 2438, 7, 1),
(7725, 2438, 67, 2),
(7726, 2438, 71, 2),
(7727, 2438, 74, 7),
(7728, 2438, 89, 1),
(7729, 2438, 94, 2),
(7730, 2438, 174, 9),
(7731, 2439, 57, 1),
(7732, 2439, 63, 1),
(7733, 2439, 67, 2),
(7734, 2439, 74, 2),
(7735, 2439, 77, 1),
(7736, 2439, 89, 4),
(7737, 2439, 174, 7),
(7738, 2440, 57, 6),
(7739, 2440, 67, 1),
(7740, 2440, 74, 3),
(7741, 2440, 77, 6),
(7742, 2440, 89, 1),
(7743, 2440, 94, 1),
(7744, 2440, 174, 6),
(7745, 2441, 63, 1),
(7746, 2441, 67, 1),
(7747, 2441, 71, 2),
(7748, 2441, 74, 7),
(7749, 2441, 77, 1),
(7750, 2441, 94, 1),
(7751, 2441, 114, 4),
(7752, 2441, 174, 2),
(7753, 2442, 1, 1),
(7754, 2442, 7, 1),
(7755, 2442, 57, 5),
(7756, 2442, 74, 1),
(7757, 2442, 77, 1),
(7758, 2442, 89, 1),
(7759, 2442, 94, 1),
(7760, 2442, 163, 1),
(7761, 2443, 1, 1),
(7762, 2443, 74, 2),
(7763, 2443, 89, 25),
(7764, 2443, 114, 6),
(7765, 2443, 174, 4),
(7766, 2444, 57, 2),
(7767, 2444, 67, 1),
(7768, 2444, 74, 4),
(7769, 2444, 89, 15),
(7770, 2444, 114, 6),
(7771, 2444, 174, 25),
(7772, 2445, 74, 2),
(7773, 2445, 89, 5),
(7774, 2446, 67, 2),
(7775, 2446, 74, 14),
(7776, 2446, 77, 2),
(7777, 2446, 89, 3),
(7778, 2446, 114, 2),
(7779, 2446, 174, 7),
(7780, 2447, 57, 1),
(7781, 2447, 74, 4),
(7782, 2447, 94, 2),
(7783, 2447, 103, 2),
(7784, 2447, 177, 8),
(7785, 2448, 7, 2),
(7786, 2448, 57, 1),
(7787, 2448, 67, 3),
(7788, 2448, 74, 15),
(7789, 2448, 89, 3),
(7790, 2448, 174, 4),
(7791, 2449, 1, 1),
(7792, 2449, 7, 1),
(7793, 2449, 57, 1),
(7794, 2449, 74, 3),
(7795, 2449, 77, 1),
(7796, 2449, 89, 6),
(7797, 2449, 114, 1),
(7798, 2449, 174, 5),
(7799, 2450, 71, 1),
(7800, 2450, 74, 5),
(7801, 2450, 89, 5),
(7802, 2450, 114, 6),
(7803, 2450, 174, 3),
(7804, 2451, 67, 5),
(7805, 2451, 74, 15),
(7806, 2451, 77, 1),
(7807, 2451, 174, 22),
(7808, 2452, 63, 2),
(7809, 2452, 71, 3),
(7810, 2452, 74, 2),
(7811, 2452, 163, 6),
(7812, 2452, 174, 3),
(7813, 2453, 7, 2),
(7814, 2453, 63, 1),
(7815, 2453, 71, 2),
(7816, 2453, 74, 2),
(7817, 2453, 174, 15),
(7818, 2454, 42, 1),
(7819, 2454, 67, 3),
(7820, 2454, 71, 2),
(7821, 2454, 74, 4),
(7822, 2454, 89, 3),
(7823, 2454, 114, 8),
(7824, 2454, 174, 20),
(7825, 2455, 67, 16),
(7826, 2455, 74, 5),
(7827, 2455, 77, 8),
(7828, 2455, 89, 5),
(7829, 2455, 94, 4),
(7830, 2455, 114, 12),
(7831, 2455, 174, 18),
(7832, 2456, 7, 1),
(7833, 2456, 63, 1),
(7834, 2456, 67, 5),
(7835, 2456, 71, 1),
(7836, 2456, 74, 11),
(7837, 2456, 77, 1),
(7838, 2456, 89, 1),
(7839, 2456, 114, 1),
(7840, 2456, 174, 5),
(7841, 2457, 7, 1),
(7842, 2457, 67, 1),
(7843, 2457, 77, 1),
(7844, 2457, 94, 2),
(7845, 2458, 57, 7),
(7846, 2458, 67, 6),
(7847, 2458, 74, 10),
(7848, 2458, 89, 3),
(7849, 2458, 114, 6),
(7850, 2458, 174, 2),
(7851, 2459, 57, 2),
(7852, 2459, 67, 3),
(7853, 2459, 74, 4),
(7854, 2459, 174, 17),
(7855, 2460, 57, 3),
(7856, 2460, 67, 1),
(7857, 2460, 74, 2),
(7858, 2460, 77, 5),
(7859, 2461, 57, 1),
(7860, 2461, 67, 1),
(7861, 2461, 74, 10),
(7862, 2461, 89, 3),
(7863, 2461, 114, 4),
(7864, 2461, 174, 1),
(7865, 2462, 7, 1),
(7866, 2462, 57, 5),
(7867, 2462, 77, 1),
(7868, 2462, 174, 3),
(7869, 2462, 177, 1),
(7870, 2463, 7, 1),
(7871, 2463, 57, 1),
(7872, 2463, 71, 1),
(7873, 2463, 74, 1),
(7874, 2463, 77, 4),
(7875, 2463, 78, 5),
(7876, 2463, 89, 4),
(7877, 2463, 94, 1),
(7878, 2463, 114, 10),
(7879, 2464, 57, 4),
(7880, 2464, 67, 1),
(7881, 2464, 78, 1),
(7882, 2464, 89, 2),
(7883, 2464, 94, 1),
(7884, 2464, 114, 6),
(7885, 2464, 152, 2),
(7886, 2464, 163, 1),
(7887, 2465, 57, 7),
(7888, 2465, 71, 1),
(7889, 2465, 74, 12),
(7890, 2465, 77, 7),
(7891, 2465, 89, 7),
(7892, 2465, 114, 8),
(7893, 2465, 174, 2),
(7894, 2466, 57, 1),
(7895, 2466, 67, 5),
(7896, 2466, 71, 2),
(7897, 2466, 74, 13),
(7898, 2466, 89, 36),
(7899, 2466, 114, 15),
(7900, 2466, 152, 1),
(7901, 2467, 57, 1),
(7902, 2467, 67, 5),
(7903, 2467, 71, 2),
(7904, 2467, 74, 13),
(7905, 2467, 89, 36),
(7906, 2467, 114, 15),
(7907, 2467, 152, 1),
(7908, 2468, 57, 1),
(7909, 2468, 71, 2),
(7910, 2468, 74, 1),
(7911, 2468, 94, 3),
(7912, 2468, 174, 3),
(7913, 2469, 57, 2),
(7914, 2469, 67, 1),
(7915, 2469, 71, 8),
(7916, 2469, 77, 9),
(7917, 2469, 94, 6),
(7918, 2469, 144, 4),
(7919, 2469, 174, 1),
(7920, 2470, 57, 1),
(7921, 2470, 67, 4),
(7922, 2470, 74, 9),
(7923, 2470, 89, 7),
(7924, 2470, 151, 2),
(7925, 2471, 54, 3),
(7926, 2471, 67, 5),
(7927, 2471, 71, 3),
(7928, 2471, 74, 10),
(7929, 2471, 87, 13),
(7930, 2471, 89, 5),
(7931, 2471, 151, 3),
(7932, 2472, 71, 6),
(7933, 2472, 74, 2),
(7934, 2472, 77, 1),
(7935, 2472, 114, 2),
(7936, 2473, 71, 1),
(7937, 2473, 89, 6),
(7938, 2473, 114, 2),
(7939, 2474, 57, 2),
(7940, 2474, 71, 2),
(7941, 2474, 89, 2),
(7942, 2474, 114, 5),
(7943, 2475, 67, 9),
(7944, 2475, 71, 4),
(7945, 2475, 77, 1),
(7946, 2475, 114, 12),
(7947, 2476, 74, 2),
(7948, 2476, 114, 11),
(7949, 2477, 74, 5),
(7950, 2477, 114, 3),
(7951, 2478, 67, 1),
(7952, 2478, 74, 1),
(7953, 2478, 89, 4),
(7954, 2478, 114, 4),
(7955, 2479, 8, 1),
(7956, 2479, 57, 9),
(7957, 2479, 74, 2),
(7958, 2479, 78, 1),
(7959, 2479, 94, 2),
(7960, 2479, 114, 5),
(7961, 2479, 121, 1),
(7962, 2480, 42, 1),
(7963, 2480, 57, 4),
(7964, 2480, 71, 4),
(7965, 2480, 74, 5),
(7966, 2480, 89, 1),
(7967, 2480, 114, 6),
(7968, 2481, 57, 1),
(7969, 2481, 67, 3),
(7970, 2481, 71, 7),
(7971, 2481, 74, 20),
(7972, 2481, 89, 2),
(7973, 2481, 94, 1),
(7974, 2481, 114, 4),
(7975, 2482, 67, 3),
(7976, 2482, 74, 5),
(7977, 2482, 114, 6),
(7978, 2483, 89, 5),
(7979, 2483, 114, 3),
(7980, 2484, 3, 1),
(7981, 2484, 42, 1),
(7982, 2484, 57, 1),
(7983, 2484, 67, 4),
(7984, 2484, 77, 1),
(7985, 2484, 78, 4),
(7986, 2484, 114, 1),
(7987, 2485, 67, 2),
(7988, 2485, 71, 2),
(7989, 2485, 114, 14),
(7990, 2486, 47, 5),
(7991, 2486, 74, 4),
(7992, 2486, 114, 9),
(7993, 2487, 47, 4),
(7994, 2487, 74, 5),
(7995, 2487, 114, 8),
(7996, 2488, 47, 4),
(7997, 2488, 74, 1),
(7998, 2488, 89, 6),
(7999, 2489, 47, 5),
(8000, 2489, 89, 3),
(8001, 2490, 1, 1),
(8002, 2490, 7, 1),
(8003, 2490, 42, 0),
(8004, 2490, 57, 5),
(8005, 2490, 63, 0),
(8006, 2490, 67, 0),
(8007, 2490, 71, 0),
(8008, 2490, 74, 1),
(8009, 2490, 77, 1),
(8010, 2490, 89, 1),
(8011, 2490, 94, 1),
(8012, 2490, 163, 1),
(8013, 2491, 57, 1),
(8014, 2491, 74, 4),
(8015, 2491, 94, 2),
(8016, 2491, 103, 2);
INSERT INTO `bird_specimens` (`id`, `bird_sample_id`, `species_id`, `frequency`) VALUES
(8017, 2491, 177, 8),
(8018, 2492, 1, 1),
(8019, 2492, 74, 2),
(8020, 2492, 89, 25),
(8021, 2492, 114, 6),
(8022, 2492, 174, 4),
(8023, 2493, 57, 2),
(8024, 2493, 67, 1),
(8025, 2493, 74, 4),
(8026, 2493, 89, 15),
(8027, 2493, 114, 6),
(8028, 2493, 174, 25),
(8029, 2494, 74, 2),
(8030, 2494, 89, 5),
(8031, 2495, 67, 2),
(8032, 2495, 74, 14),
(8033, 2495, 77, 2),
(8034, 2495, 89, 3),
(8035, 2495, 114, 2),
(8036, 2495, 163, 2),
(8037, 2495, 174, 7),
(8038, 2496, 7, 2),
(8039, 2496, 57, 1),
(8040, 2496, 67, 3),
(8041, 2496, 74, 15),
(8042, 2496, 89, 3),
(8043, 2496, 174, 4),
(8044, 2497, 1, 1),
(8045, 2497, 7, 1),
(8046, 2497, 57, 1),
(8047, 2497, 74, 3),
(8048, 2497, 77, 1),
(8049, 2497, 89, 7),
(8050, 2497, 114, 1),
(8051, 2497, 174, 5),
(8052, 2498, 71, 1),
(8053, 2498, 74, 5),
(8054, 2498, 89, 5),
(8055, 2498, 114, 5),
(8056, 2499, 67, 5),
(8057, 2499, 74, 15),
(8058, 2499, 77, 1),
(8059, 2499, 174, 22),
(8060, 2500, 7, 1),
(8061, 2500, 67, 1),
(8062, 2500, 77, 1),
(8063, 2500, 94, 2),
(8064, 2501, 57, 7),
(8065, 2501, 67, 6),
(8066, 2501, 74, 10),
(8067, 2501, 89, 3),
(8068, 2501, 114, 6),
(8069, 2501, 174, 2),
(8070, 2502, 57, 2),
(8071, 2502, 67, 3),
(8072, 2502, 74, 4),
(8073, 2502, 174, 17),
(8074, 2503, 57, 3),
(8075, 2503, 67, 1),
(8076, 2503, 74, 2),
(8077, 2503, 77, 5),
(8078, 2504, 57, 1),
(8079, 2504, 67, 1),
(8080, 2504, 74, 10),
(8081, 2504, 89, 3),
(8082, 2504, 114, 4),
(8083, 2504, 174, 1),
(8084, 2505, 63, 2),
(8085, 2505, 71, 3),
(8086, 2505, 74, 2),
(8087, 2505, 163, 6),
(8088, 2505, 174, 3),
(8089, 2506, 7, 2),
(8090, 2506, 63, 1),
(8091, 2506, 71, 2),
(8092, 2506, 74, 2),
(8093, 2506, 174, 15),
(8094, 2507, 42, 1),
(8095, 2507, 67, 3),
(8096, 2507, 71, 2),
(8097, 2507, 74, 4),
(8098, 2507, 89, 3),
(8099, 2507, 114, 8),
(8100, 2507, 174, 20),
(8101, 2508, 67, 15),
(8102, 2508, 74, 4),
(8103, 2508, 77, 8),
(8104, 2508, 89, 4),
(8105, 2508, 94, 4),
(8106, 2508, 174, 18),
(8107, 2509, 67, 15),
(8108, 2509, 74, 4),
(8109, 2509, 77, 8),
(8110, 2509, 89, 4),
(8111, 2509, 94, 4),
(8112, 2509, 174, 18),
(8113, 2510, 7, 1),
(8114, 2510, 63, 1),
(8115, 2510, 67, 5),
(8116, 2510, 71, 1),
(8117, 2510, 74, 11),
(8118, 2510, 77, 1),
(8119, 2510, 89, 1),
(8120, 2510, 114, 1),
(8121, 2510, 174, 5),
(8122, 2511, 7, 1),
(8123, 2511, 57, 1),
(8124, 2511, 74, 1),
(8125, 2511, 94, 1),
(8126, 2511, 174, 2),
(8127, 2511, 177, 1),
(8128, 2512, 1, 1),
(8129, 2512, 7, 1),
(8130, 2512, 67, 2),
(8131, 2512, 71, 2),
(8132, 2512, 74, 8),
(8133, 2512, 89, 1),
(8134, 2512, 94, 2),
(8135, 2512, 174, 9),
(8136, 2513, 57, 1),
(8137, 2513, 63, 1),
(8138, 2513, 67, 2),
(8139, 2513, 74, 2),
(8140, 2513, 77, 1),
(8141, 2513, 89, 4),
(8142, 2513, 174, 7),
(8143, 2514, 57, 6),
(8144, 2514, 67, 1),
(8145, 2514, 74, 3),
(8146, 2514, 77, 6),
(8147, 2514, 89, 1),
(8148, 2514, 94, 1),
(8149, 2514, 174, 6),
(8150, 2515, 63, 1),
(8151, 2515, 67, 1),
(8152, 2515, 71, 2),
(8153, 2515, 74, 7),
(8154, 2515, 77, 1),
(8155, 2515, 94, 1),
(8156, 2515, 114, 4),
(8157, 2515, 174, 2),
(8158, 2516, 57, 3),
(8159, 2516, 67, 3),
(8160, 2516, 71, 1),
(8161, 2516, 74, 4),
(8162, 2516, 77, 1),
(8163, 2516, 89, 10),
(8164, 2516, 94, 1),
(8165, 2516, 174, 4),
(8166, 2517, 57, 1),
(8167, 2517, 67, 5),
(8168, 2517, 74, 47),
(8169, 2517, 77, 5),
(8170, 2517, 89, 9),
(8171, 2517, 94, 2),
(8172, 2517, 114, 2),
(8173, 2517, 174, 20),
(8174, 2518, 67, 2),
(8175, 2518, 74, 12),
(8176, 2518, 89, 5),
(8177, 2518, 174, 1),
(8178, 2519, 74, 1),
(8179, 2519, 89, 2),
(8180, 2519, 94, 2),
(8181, 2519, 114, 3),
(8182, 2519, 174, 4),
(8183, 2520, 57, 2),
(8184, 2520, 67, 2),
(8185, 2520, 71, 1),
(8186, 2520, 74, 13),
(8187, 2520, 77, 3),
(8188, 2520, 89, 1),
(8189, 2520, 94, 1),
(8190, 2520, 114, 2),
(8191, 2520, 174, 15),
(8192, 2520, 177, 1),
(8193, 2521, 42, 1),
(8194, 2521, 57, 1),
(8195, 2521, 67, 1),
(8196, 2521, 71, 1),
(8197, 2521, 74, 2),
(8198, 2521, 89, 3),
(8199, 2521, 114, 1),
(8200, 2521, 174, 15),
(8201, 2522, 57, 1),
(8202, 2522, 74, 3),
(8203, 2522, 89, 2),
(8204, 2522, 114, 3),
(8205, 2522, 174, 26),
(8206, 2523, 7, 1),
(8207, 2523, 67, 1),
(8208, 2523, 74, 1),
(8209, 2523, 89, 7),
(8210, 2523, 174, 15),
(8211, 2524, 57, 1),
(8212, 2524, 74, 7),
(8213, 2524, 77, 1),
(8214, 2524, 89, 3),
(8215, 2524, 94, 1),
(8216, 2524, 174, 1),
(8217, 2525, 63, 1),
(8218, 2525, 67, 4),
(8219, 2525, 71, 1),
(8220, 2525, 74, 4),
(8221, 2525, 114, 6),
(8222, 2525, 174, 4),
(8223, 2526, 1, 1),
(8224, 2526, 7, 3),
(8225, 2526, 57, 2),
(8226, 2526, 71, 1),
(8227, 2526, 74, 11),
(8228, 2526, 89, 1),
(8229, 2526, 163, 3),
(8230, 2526, 174, 7),
(8231, 2527, 7, 1),
(8232, 2527, 57, 1),
(8233, 2527, 63, 2),
(8234, 2527, 67, 1),
(8235, 2527, 71, 1),
(8236, 2527, 74, 3),
(8237, 2527, 77, 3),
(8238, 2527, 89, 2),
(8239, 2527, 174, 2),
(8240, 2528, 57, 1),
(8241, 2528, 77, 1),
(8242, 2528, 103, 1),
(8243, 2528, 163, 1),
(8244, 2528, 174, 3),
(8245, 2529, 7, 1),
(8246, 2529, 67, 1),
(8247, 2529, 74, 4),
(8248, 2529, 77, 8),
(8249, 2529, 89, 19),
(8250, 2529, 114, 7),
(8251, 2529, 174, 5),
(8252, 2530, 67, 1),
(8253, 2530, 71, 7),
(8254, 2530, 74, 14),
(8255, 2530, 163, 2),
(8256, 2530, 174, 3);

-- --------------------------------------------------------

--
-- Table structure for table `bird_taxon`
--

CREATE TABLE `bird_taxon` (
  `id` int(11) NOT NULL AUTO_INCREMENT,
  `species_id` varchar(4) NOT NULL,
  `common_name` varchar(100) DEFAULT NULL,
  `date_entered` datetime DEFAULT NULL,
  PRIMARY KEY (`id`),
  UNIQUE KEY `species_id` (`species_id`)
) ENGINE=InnoDB  DEFAULT CHARSET=latin1 AUTO_INCREMENT=178 ;

--
-- Dumping data for table `bird_taxon`
--

INSERT INTO `bird_taxon` (`id`, `species_id`, `common_name`, `date_entered`) VALUES
(1, 'ABTO', 'Abert''s Towhee', '2014-03-13 13:01:54'),
(2, 'AMCO', 'American Coot', '2014-03-13 13:01:54'),
(3, 'AMKE', 'American Kestrel', '2014-03-13 13:01:54'),
(4, 'AMPI', 'America Pipit', '2014-03-13 13:01:54'),
(5, 'AMRO', 'American Robin', '2014-03-13 13:01:54'),
(6, 'AMWI', 'American Wigeon', '2014-03-13 13:01:54'),
(7, 'ANHU', 'Anna''s Hummingbird', '2014-03-13 13:01:54'),
(8, 'ATFL', 'Ash-throated Flycatcher', '2014-03-13 13:01:54'),
(9, 'AUWA', 'Audubon''s Warbler', '2014-03-13 13:01:54'),
(10, 'BAOR', 'Baltimore Oriole', '2014-03-13 13:01:54'),
(11, 'BBLH', 'Broad-billed Hummingbird', '2014-03-13 13:01:54'),
(12, 'BCFL', 'Brown-crested Flycatcher', '2014-03-13 13:01:54'),
(13, 'BCHU', 'Black-chinned Hummingbird', '2014-03-13 13:01:54'),
(14, 'BCNH', 'Black-crowned Night Heron', '2014-03-13 13:01:54'),
(15, 'BCSP', 'Black-chinned Sparrow', '2014-03-13 13:01:54'),
(16, 'BEKI', 'Belted Kingfisher', '2014-03-13 13:01:54'),
(17, 'BETH', 'Bendire''s Thrasher', '2014-03-13 13:01:54'),
(18, 'BEVI', 'Bell''s Vireo', '2014-03-13 13:01:54'),
(19, 'BGGN', 'Blue-grey Gnatcatcher', '2014-03-13 13:01:54'),
(20, 'BHCO', 'Brown-headed Cowbird', '2014-03-13 13:01:54'),
(21, 'BHGR', 'Black-headed Grosbeak', '2014-03-13 13:01:54'),
(22, 'BLGR', 'Blue Grosbeak', '2014-03-13 13:01:54'),
(23, 'BLPH', 'Black Phoebe', '2014-03-13 13:01:54'),
(24, 'BNST', 'Black-necked Stilt', '2014-03-13 13:01:54'),
(25, 'BRBL', 'Brewer''s Blackbird', '2014-03-13 13:01:54'),
(26, 'broc', 'Bronzed Cowbird', '2014-03-13 13:01:54'),
(27, 'BRSP', 'Brewer''s Sparrow', '2014-03-13 13:01:54'),
(28, 'BTGN', 'Black-tailed Gnatcatcher', '2014-03-13 13:01:54'),
(29, 'BTGW', 'Black-throated Grey  Warbler', '2014-03-13 13:01:54'),
(30, 'BTJR', 'Black-tailed Jackrabbit', '2014-03-13 13:01:54'),
(31, 'BTLH', 'Broad-tailed Hummingbird', '2014-03-13 13:01:54'),
(32, 'BTSP', 'Black-throated Sparrow', '2014-03-13 13:01:54'),
(33, 'BTYW', 'Black-throated Gray Warbler', '2014-03-13 13:01:54'),
(34, 'BUOR', 'Bullock''s Oriole', '2014-03-13 13:01:54'),
(35, 'BUOW', 'Burrowing Owl', '2014-03-13 13:01:54'),
(36, 'BUSH', 'Bushtit', '2014-03-13 13:01:54'),
(37, 'CACW', 'Cactus Wren', '2014-03-13 13:01:54'),
(38, 'CAGO', 'Canada Goose', '2014-03-13 13:01:54'),
(39, 'CAKI', 'Cassin''s Kingbird', '2014-03-13 13:01:54'),
(40, 'CANT', 'Canyon Towhee', '2014-03-13 13:01:54'),
(41, 'CANW', 'Canyon Wren', '2014-03-13 13:01:54'),
(42, 'CBTH', 'Curve-Billed Thrasher', '2014-03-13 13:01:54'),
(43, 'CEDW', 'Cedar Waxwing', '2014-03-13 13:01:54'),
(44, 'CHSP', 'Chipping Sparrow', '2014-03-13 13:01:54'),
(45, 'CLSW', 'Cliff Swallow', '2014-03-13 13:01:54'),
(46, 'COGD', 'Common Ground Dove', '2014-03-13 13:01:54'),
(47, 'COGR', 'Common Grackle', '2014-03-13 13:01:54'),
(48, 'COHA', 'Cooper''s Hawk', '2014-03-13 13:01:54'),
(49, 'COHU', 'Costa''s Hummingbird', '2014-03-13 13:01:54'),
(50, 'COPO', 'Common Poorwill', '2014-03-13 13:01:54'),
(51, 'CORA', 'Common Raven', '2014-03-13 13:01:54'),
(52, 'COYE', 'Common Yellowthroat', '2014-03-13 13:01:54'),
(53, 'DEJU', 'Dark eyed Junco', '2014-03-13 13:01:54'),
(54, 'DODU', 'Domesticated Duck', '2014-03-13 13:01:54'),
(55, 'DOGO', 'Domesticated Goose', '2014-03-13 13:01:54'),
(56, 'EMPI', 'Empidonax species', '2014-03-13 13:01:54'),
(57, 'EUST', 'European Starling', '2014-03-13 13:01:54'),
(58, 'GAQU', 'Gambel''s Quail', '2014-03-13 13:01:54'),
(59, 'GBHE', 'Great Blue Heron', '2014-03-13 13:01:54'),
(60, 'GGTO', 'Green-tailed Towhee', '2014-03-13 13:01:54'),
(61, 'GHOW', 'Great Horned Owl', '2014-03-13 13:01:54'),
(62, 'GIFL', 'Gilded Flicker', '2014-03-13 13:01:54'),
(63, 'GIWO', 'Gila Woodpecker', '2014-03-13 13:01:54'),
(64, 'GRHE', 'Green Heron', '2014-03-13 13:01:54'),
(65, 'GRRO', 'Greater Roadrunner', '2014-03-13 13:01:54'),
(66, 'GRVI', 'Gray Vireo', '2014-03-13 13:01:54'),
(67, 'GTGR', 'Great-tailed Grackle', '2014-03-13 13:01:54'),
(68, 'GTTO', 'Green-tailed Towhee', '2014-03-13 13:01:54'),
(69, 'HAGS', 'Harris'' Antelope Ground Squirrel', '2014-03-13 13:01:54'),
(70, 'HAHA', 'Harris Hawk', '2014-03-13 13:01:54'),
(71, 'HOFI', 'House Finch', '2014-03-13 13:01:54'),
(72, 'HOLA', 'Horned Lark', '2014-03-13 13:01:54'),
(73, 'HOOR', 'Hooded Oriole', '2014-03-13 13:01:54'),
(74, 'HOSP', 'House Sparrow', '2014-03-13 13:01:54'),
(75, 'HOWR', 'House Wren', '2014-03-13 13:01:54'),
(76, 'HUVI', 'Hutton''s Vireo', '2014-03-13 13:01:54'),
(77, 'INDO', 'Inca Dove', '2014-03-13 13:01:54'),
(78, 'KILL', 'Killdeer', '2014-03-13 13:01:54'),
(79, 'LABU', 'Lazuli Bunting', '2014-03-13 13:01:54'),
(80, 'LASP', 'Lark Sparrow', '2014-03-13 13:01:54'),
(81, 'LBWO', 'Ladder-backed Woodpecker', '2014-03-13 13:01:54'),
(82, 'LCTH', 'Le Conte''s Thrasher', '2014-03-13 13:01:54'),
(83, 'LEGO', 'Lesser Goldfinch', '2014-03-13 13:01:54'),
(84, 'LENI', 'Lesser Nighthawk', '2014-03-13 13:01:54'),
(85, 'LOSH', 'Loggerhead Shrike', '2014-03-13 13:01:54'),
(86, 'LSGO', 'Lesser Snow Goose', '2014-03-13 13:01:54'),
(87, 'MALL', 'Mallard', '2014-03-13 13:01:54'),
(88, 'MGWA', 'Magillivray''s  Warbler', '2014-03-13 13:01:54'),
(89, 'MODO', 'Mourning Dove', '2014-03-13 13:01:54'),
(90, 'NAWA', 'Nashville Warbler', '2014-03-13 13:01:54'),
(91, 'noca', 'Nothern Cardinal', '2014-03-13 13:01:54'),
(92, 'NOFL', 'Northern Flicker', '2014-03-13 13:01:54'),
(93, 'NOHA', 'Nothern Harrier', '2014-03-13 13:01:54'),
(94, 'NOMO', 'Nothern Mockingbird', '2014-03-13 13:01:54'),
(95, 'NONE', 'No birds were observed', '2014-03-13 13:01:54'),
(96, 'NOPI', 'Nothern Pintail', '2014-03-13 13:01:54'),
(97, 'nrws', 'Nothern-roughed winged swallow', '2014-03-13 13:01:54'),
(98, 'OCWA', 'Orange-crowned Warbler', '2014-03-13 13:01:54'),
(99, 'OSFL', 'Olive-sided Flycatcher', '2014-03-13 13:01:54'),
(100, 'OSPR', 'Osprey', '2014-03-13 13:01:54'),
(101, 'PBGR', 'Pied-billed Grebe', '2014-03-13 13:01:54'),
(102, 'PEFA', 'Peregrine Falcon', '2014-03-13 13:01:54'),
(103, 'PFLB', 'Peach-faced lovebird', '2014-03-13 13:01:54'),
(104, 'PHAI', 'Phainopepla', '2014-03-13 13:01:54'),
(105, 'PLTI', 'Plain Tuftmouse', '2014-03-13 13:01:54'),
(106, 'PRFA', 'Prairie Falcon', '2014-03-13 13:01:54'),
(107, 'PROW', 'Prothonotary Warbler', '2014-03-13 13:01:54'),
(108, 'PYRR', 'Pyrrhuloxia', '2014-03-13 13:01:54'),
(109, 'RCKI', 'Ruby-crowned Kinglet', '2014-03-13 13:01:54'),
(110, 'RCSP', 'Rufous-crowned sparrow', '2014-03-13 13:01:54'),
(111, 'RNDU', 'Ring-necked Duck', '2014-03-13 13:01:54'),
(112, 'RNSA', 'Red-naped Sapsucker', '2014-03-13 13:01:54'),
(113, 'ROAD', 'Roadrunner', '2014-03-13 13:01:54'),
(114, 'RODO', 'Rock Dove', '2014-03-13 13:01:54'),
(115, 'ROWR', 'Rock Wren', '2014-03-13 13:01:54'),
(116, 'RTDO', 'Ringed-turtle Dove', '2014-03-13 13:01:54'),
(117, 'RTHA', 'Red-tailed Hawk', '2014-03-13 13:01:54'),
(118, 'RUHU', 'Rufous Hummingbird', '2014-03-13 13:01:54'),
(119, 'RWBL', 'Red-winged Blackbird', '2014-03-13 13:01:54'),
(120, 'SAGS', 'Sage Sparrow', '2014-03-13 13:01:54'),
(121, 'SAPH', 'Say''s Phoebe', '2014-03-13 13:01:54'),
(122, 'SASP', 'Savannah sparrow', '2014-03-13 13:01:54'),
(123, 'SCJU', 'Slate-colored Junco', '2014-03-13 13:01:54'),
(124, 'SNEG', 'Snowy Egret', '2014-03-13 13:01:54'),
(125, 'SOSP', 'Song Sparrow', '2014-03-13 13:01:54'),
(126, 'SOVI', 'Solitary Vireo', '2014-03-13 13:01:54'),
(127, 'SPSA', 'Spotted Sandpiper', '2014-03-13 13:01:54'),
(128, 'SSHA', 'Sharp-shinned Hawk', '2014-03-13 13:01:54'),
(129, 'SUTA', 'Summer Tanager', '2014-03-13 13:01:54'),
(130, 'TEWA', 'Tennessee Warbler', '2014-03-13 13:01:54'),
(131, 'TOWA', 'Townsend''s Warbler', '2014-03-13 13:01:54'),
(132, 'TUVU', 'Turkey Vulture', '2014-03-13 13:01:54'),
(133, 'UDES', 'Unidentified Dark-eyed Junco', '2014-03-13 13:01:54'),
(134, 'UNBL', 'Unidentified Blackbird', '2014-03-13 13:01:54'),
(135, 'UNCO', 'Unidentified Cowbird', '2014-03-13 13:01:54'),
(136, 'UNDO', 'Unidentified Doves', '2014-03-13 13:01:54'),
(137, 'UNDU', 'Unidentified  Duck', '2014-03-13 13:01:54'),
(138, 'UNEM', 'Unidentified Empidonax', '2014-03-13 13:01:54'),
(139, 'UNFA', 'Unidentified Falcon', '2014-03-13 13:01:54'),
(140, 'UNFI', 'Unidentified House Sparrow or Finch', '2014-03-13 13:01:54'),
(141, 'UNFL', 'Unidentified Flycatcher', '2014-03-13 13:01:54'),
(142, 'UNGN', 'Unidentified Gnatcatcher', '2014-03-13 13:01:54'),
(143, 'UNHA', 'Unindentified Hawk', '2014-03-13 13:01:54'),
(144, 'unhu', 'Unidentified Hummingbird', '2014-03-13 13:01:54'),
(145, 'UNMA', 'Unidentified Macaw', '2014-03-13 13:01:54'),
(146, 'UNOW', 'Unidentified Owl', '2014-03-13 13:01:54'),
(147, 'UNPA', 'Unidentified Parrot', '2014-03-13 13:01:54'),
(148, 'UNPK', 'Unidentified Parakeet', '2014-03-13 13:01:54'),
(149, 'UNRA', 'Unidentified Raptor', '2014-03-13 13:01:54'),
(150, 'UNSA', 'Unidentified Sandpiper', '2014-03-13 13:01:54'),
(151, 'unsp', 'Unidentified Sparrow', '2014-03-13 13:01:54'),
(152, 'UNSW', 'Unidentified Swallow', '2014-03-13 13:01:54'),
(153, 'UNTA', 'Unidentified Tanager', '2014-03-13 13:01:54'),
(154, 'UNTH', 'Unidentified Thrasher', '2014-03-13 13:01:54'),
(155, 'UNTO', 'Unidentified Towhee', '2014-03-13 13:01:54'),
(156, 'UNVI', 'Unidentified Vireo', '2014-03-13 13:01:54'),
(157, 'unwa', 'Unidentified Warbler', '2014-03-13 13:01:54'),
(158, 'UNWO', 'Unidentified Woodpecker', '2014-03-13 13:01:54'),
(159, 'UNWR', 'Unidentified Wren', '2014-03-13 13:01:54'),
(160, 'UYRW', 'Unknown Yellow-rumped Warbler', '2014-03-13 13:01:54'),
(161, 'VASW', 'Vaux''s Swift', '2014-03-13 13:01:54'),
(162, 'VEFL', 'Vermilion Flycatcher', '2014-03-13 13:01:54'),
(163, 'VERD', 'Verdin', '2014-03-13 13:01:54'),
(164, 'VIWA', 'Virginia''s Warbler', '2014-03-13 13:01:54'),
(165, 'WAVI', 'Warbling Vireo', '2014-03-13 13:01:54'),
(166, 'WCSP', 'White-Crowned Sparrow', '2014-03-13 13:01:54'),
(167, 'WEKI', 'Western Kingbird', '2014-03-13 13:01:54'),
(168, 'WEME', 'Western Meadowlark', '2014-03-13 13:01:54'),
(169, 'WETA', 'Western Tanager', '2014-03-13 13:01:54'),
(170, 'WEWP', 'Western Wood-Pewee', '2014-03-13 13:01:54'),
(171, 'WFIB', 'White-faced Ibis', '2014-03-13 13:01:54'),
(172, 'WIWA', 'Wilson''s Warbler', '2014-03-13 13:01:54'),
(173, 'WTSW', 'White-throated Swift', '2014-03-13 13:01:54'),
(174, 'WWDO', 'White-winged Dove', '2014-03-13 13:01:54'),
(175, 'YBSA', 'Yellow-bellied Sapsucker', '2014-03-13 13:01:54'),
(176, 'YHBL', 'Yellow-headed Blackbird', '2014-03-13 13:01:54'),
(177, 'YWAR', 'Yellow Warbler', '2014-03-13 13:01:54');

-- --------------------------------------------------------

--
-- Table structure for table `bruchid_samples`
--

CREATE TABLE `bruchid_samples` (
  `id` int(11) NOT NULL AUTO_INCREMENT,
  `site_type` varchar(20) DEFAULT NULL,
  `tree_type` varchar(10) DEFAULT NULL,
  `location` varchar(255) DEFAULT NULL,
  `observer` varchar(255) DEFAULT NULL,
  `collection_date` date DEFAULT NULL,
  `date_entered` datetime DEFAULT NULL,
  `site_id` int(11) NOT NULL,
  `teachers_class_id` int(11) NOT NULL,
  PRIMARY KEY (`id`),
  KEY `teachers_class_id` (`teachers_class_id`),
  KEY `site_id` (`site_id`)
) ENGINE=InnoDB  DEFAULT CHARSET=latin1 AUTO_INCREMENT=30 ;

--
-- Dumping data for table `bruchid_samples`
--

INSERT INTO `bruchid_samples` (`id`, `site_type`, `tree_type`, `location`, `observer`, `collection_date`, `date_entered`, `site_id`, `teachers_class_id`) VALUES
(1, 'Urban', 'B', NULL, 'unknown', '2000-02-04', '2000-06-05 11:15:49', 195, 2),
(2, 'Urban', 'B', 'community around MRHS campus', 'unknown', '2000-01-18', '2000-06-05 11:15:49', 223, 14),
(3, 'Urban', 'B', 'pods Tim Craig brought us', 'unknown', '2000-01-27', '2000-06-05 11:15:49', 197, 11),
(4, 'Desert', 'B', '24th St and Carefree Hwy', 'unknown', '1999-11-01', '2000-06-26 10:49:17', 348, 15),
(5, 'Urban', 'B', NULL, 'unknown', '1999-09-15', '2000-08-29 16:03:45', 329, 12),
(6, 'Desert', 'B', NULL, 'unknown', '1999-09-29', '2000-09-05 12:28:16', 120, 12),
(7, 'Urban', 'B', NULL, 'unknown', '1999-09-29', '2000-09-05 13:12:50', 111, 12),
(8, 'Urban', 'B', 'Loop 101 north of Thunderbird', 'unknown', '1999-12-06', '2000-06-27 08:03:15', 347, 15),
(9, 'Urban', 'B', 'Park at Squaw Peak / Thomas to Virginia', 'unknown', '2000-06-09', '2000-09-07 09:16:59', 312, 11),
(10, 'Urban', 'B', 'Mill and Curry', 'Tina', '2002-07-20', '2002-06-21 13:37:00', 323, 41),
(11, 'Urban', 'B', 'Mill and Curry', 'Mike Brand', '2002-07-20', '2002-06-21 13:37:42', 323, 41),
(12, 'Urban', 'B', 'Mill and Curry', 'Chris Mayer', '2002-07-20', '2002-06-21 13:38:27', 323, 41),
(13, 'Urban', 'B', 'Mill & Curry', 'Gary Dotterer', '2002-07-20', '2002-06-21 13:39:05', 323, 41),
(14, 'Urban', 'B', 'Mill and Curry', 'Sara', '2002-07-20', '2002-06-21 13:39:13', 323, 41),
(15, 'Urban', 'B', 'Mill and curry', 'Miles', '2002-07-20', '2002-06-21 13:39:16', 323, 41),
(16, 'Urban', 'B', 'Mill and Curry', 'LIdol', '2002-07-20', '2002-06-21 13:39:29', 323, 41),
(17, 'Urban', 'B', 'MILL AND CURRY\r\n', 'HARROLD', '2002-07-20', '2002-06-27 10:14:22', 323, 41),
(18, 'Urban', 'B', 'SE corner of Mill and Curry ', 'Jennifer Freed', '2003-07-19', '2003-06-19 12:39:37', 323, 41),
(19, 'Urban', 'B', 'SE corner Mill and Curry', 'john Dole', '2003-07-19', '2003-06-19 12:40:09', 323, 41),
(20, 'Urban', 'B', 'SE Cornor Miller and Curry', 'John W.', '2003-07-19', '2003-06-19 12:42:39', 323, 41),
(21, 'Urban', 'B', 'SE corner of Mill and curry', 'Trish Zaput', '2003-07-19', '2003-06-19 12:42:40', 323, 41),
(22, 'Urban', 'B', 'SE corner of Mill and Curry', 'Kathleen Arola', '2003-07-19', '2003-06-19 12:44:18', 323, 41),
(23, 'Urban', 'B', 'Southwest corner of Mill and Curry', 'Brandy and Amy', '2004-08-15', '2004-07-15 11:11:47', 323, 41),
(24, 'Urban', 'B', 'SW corner of mill and curry', 'jon and rob', '2004-08-15', '2004-07-15 11:11:57', 323, 41),
(25, 'Urban', 'B', 'SW corner Mill and Curry', 'Linda McAteer', '2004-08-15', '2004-07-15 11:12:06', 323, 41),
(26, 'Urban', 'B', 'Southwest corner of Mill  and Curry', 'Kristy, Kaesha', '2004-08-15', '2004-07-15 11:13:18', 323, 41),
(27, 'Urban', 'B', 'SW corner Mill and Curry', 'Kimberly Shaffer', '2004-08-15', '2004-07-15 11:14:22', 323, 41),
(28, 'Urban', 'B', 'mill', 'summer teachers', '2006-06-22', '2006-06-22 12:00:45', 323, 131),
(29, 'Urban', 'B', 'mill', 'summer intern', '2006-06-22', '2006-06-22 12:05:04', 323, 131);

-- --------------------------------------------------------

--
-- Table structure for table `bruchid_specimens`
--

CREATE TABLE `bruchid_specimens` (
  `id` int(11) NOT NULL AUTO_INCREMENT,
  `tree_no` varchar(10) NOT NULL,
  `pod_no` varchar(10) NOT NULL,
  `bruchid_sample_id` int(11) NOT NULL,
  `hole_count` int(10) DEFAULT NULL,
  `seed_count` int(10) DEFAULT NULL,
  PRIMARY KEY (`id`),
  KEY `bruchid_sample_id` (`bruchid_sample_id`)
) ENGINE=InnoDB  DEFAULT CHARSET=latin1 AUTO_INCREMENT=1150 ;

--
-- Dumping data for table `bruchid_specimens`
--

INSERT INTO `bruchid_specimens` (`id`, `tree_no`, `pod_no`, `bruchid_sample_id`, `hole_count`, `seed_count`) VALUES
(1, '1', '1', 4, 3, 1),
(2, '1', '1', 8, 1, 2),
(3, '1', '1', 10, 1, 1),
(4, '1', '1', 19, 0, 2),
(5, '1', '1', 27, 0, 3),
(6, '1', '1', 28, 0, 2),
(7, '1', '2', 4, 3, 3),
(8, '1', '2', 8, 3, 6),
(9, '1', '2', 10, 0, 4),
(10, '1', '2', 19, 0, 2),
(11, '1', '2', 27, 0, 2),
(12, '1', '2', 28, 0, 1),
(13, '1', '3', 4, 0, 1),
(14, '1', '3', 8, 0, 2),
(15, '1', '3', 10, 0, 4),
(16, '1', '3', 19, 0, 2),
(17, '1', '3', 27, 0, 4),
(18, '1', '3', 28, 0, 2),
(19, '1', '4', 4, 1, 1),
(20, '1', '4', 8, 0, 3),
(21, '1', '4', 10, 0, 3),
(22, '1', '4', 19, 0, 2),
(23, '1', '4', 27, 0, 4),
(24, '1', '4', 28, 0, 1),
(25, '1', '5', 4, 2, 2),
(26, '1', '5', 8, 2, 6),
(27, '1', '5', 10, 0, 2),
(28, '1', '5', 19, 0, 1),
(29, '1', '5', 27, 0, 2),
(30, '1', '5', 28, 0, 3),
(31, '10', '1', 4, 0, 3),
(32, '10', '2', 4, 1, 2),
(33, '10', '3', 4, 0, 3),
(34, '10', '4', 4, 1, 2),
(35, '10', '5', 4, 0, 4),
(36, '13', '1', 9, 0, 4),
(37, '13', '10', 9, 0, 2),
(38, '13', '100', 9, 0, 2),
(39, '13', '101', 9, 0, 2),
(40, '13', '102', 9, 0, 1),
(41, '13', '103', 9, 1, 2),
(42, '13', '104', 9, 1, 3),
(43, '13', '105', 9, 0, 1),
(44, '13', '106', 9, 0, 2),
(45, '13', '109', 9, 0, 3),
(46, '13', '11', 9, 1, 3),
(47, '13', '110', 9, 0, 3),
(48, '13', '111', 9, 0, 2),
(49, '13', '112', 9, 0, 1),
(50, '13', '113', 9, 0, 2),
(51, '13', '114', 9, 0, 3),
(52, '13', '115', 9, 0, 3),
(53, '13', '116', 9, 0, 3),
(54, '13', '117', 9, 0, 2),
(55, '13', '118', 9, 0, 2),
(56, '13', '119', 9, 0, 1),
(57, '13', '12', 9, 0, 4),
(58, '13', '120', 9, 0, 1),
(59, '13', '121', 9, 0, 1),
(60, '13', '122', 9, 0, 1),
(61, '13', '123', 9, 1, 2),
(62, '13', '124', 9, 0, 1),
(63, '13', '125', 9, 0, 1),
(64, '13', '126', 9, 1, 2),
(65, '13', '127', 9, 0, 1),
(66, '13', '128', 9, 0, 1),
(67, '13', '129', 9, 0, 1),
(68, '13', '13', 9, 0, 2),
(69, '13', '130', 9, 0, 1),
(70, '13', '131', 9, 0, 1),
(71, '13', '132', 9, 0, 1),
(72, '13', '14', 9, 0, 3),
(73, '13', '15', 9, 0, 2),
(74, '13', '16', 9, 0, 2),
(75, '13', '17', 9, 0, 4),
(76, '13', '18', 9, 0, 2),
(77, '13', '188', 9, 0, 4),
(78, '13', '19', 9, 0, 2),
(79, '13', '2', 9, 0, 4),
(80, '13', '20', 9, 0, 1),
(81, '13', '21', 9, 0, 2),
(82, '13', '22', 9, 0, 4),
(83, '13', '23', 9, 0, 2),
(84, '13', '24', 9, 0, 1),
(85, '13', '25', 9, 0, 2),
(86, '13', '26', 9, 0, 5),
(87, '13', '27', 9, 0, 4),
(88, '13', '28', 9, 0, 3),
(89, '13', '29', 9, 0, 2),
(90, '13', '3', 9, 0, 3),
(91, '13', '30', 9, 0, 8),
(92, '13', '31', 9, 0, 1),
(93, '13', '32', 9, 0, 3),
(94, '13', '33', 9, 0, 3),
(95, '13', '34', 9, 0, 2),
(96, '13', '35', 9, 0, 2),
(97, '13', '36', 9, 0, 3),
(98, '13', '37', 9, 0, 1),
(99, '13', '38', 9, 1, 2),
(100, '13', '39', 9, 4, 2),
(101, '13', '4', 9, 0, 2),
(102, '13', '40', 9, 0, 3),
(103, '13', '41', 9, 1, 4),
(104, '13', '42', 9, 0, 1),
(105, '13', '43', 9, 0, 2),
(106, '13', '44', 9, 0, 2),
(107, '13', '46', 9, 0, 1),
(108, '13', '47', 9, 0, 2),
(109, '13', '48', 9, 0, 3),
(110, '13', '5', 9, 0, 2),
(111, '13', '50', 9, 0, 3),
(112, '13', '51', 9, 0, 2),
(113, '13', '52', 9, 0, 4),
(114, '13', '53', 9, 0, 3),
(115, '13', '54', 9, 0, 3),
(116, '13', '55', 9, 0, 2),
(117, '13', '56', 9, 0, 3),
(118, '13', '57', 9, 0, 1),
(119, '13', '58', 9, 0, 3),
(120, '13', '59', 9, 0, 3),
(121, '13', '6', 9, 0, 3),
(122, '13', '60', 9, 0, 4),
(123, '13', '61', 9, 0, 4),
(124, '13', '62', 9, 0, 4),
(125, '13', '63', 9, 0, 2),
(126, '13', '64', 9, 0, 1),
(127, '13', '65', 9, 1, 3),
(128, '13', '66', 9, 0, 2),
(129, '13', '67', 9, 0, 2),
(130, '13', '69', 9, 0, 2),
(131, '13', '7', 9, 0, 4),
(132, '13', '70', 9, 0, 3),
(133, '13', '71', 9, 0, 2),
(134, '13', '72', 9, 0, 4),
(135, '13', '73', 9, 0, 3),
(136, '13', '74', 9, 0, 4),
(137, '13', '75', 9, 0, 2),
(138, '13', '76', 9, 0, 3),
(139, '13', '77', 9, 0, 2),
(140, '13', '78', 9, 0, 1),
(141, '13', '79', 9, 0, 2),
(142, '13', '8', 9, 0, 2),
(143, '13', '80', 9, 3, 4),
(144, '13', '81', 9, 0, 3),
(145, '13', '82', 9, 0, 2),
(146, '13', '83', 9, 0, 6),
(147, '13', '84', 9, 1, 3),
(148, '13', '85', 9, 0, 2),
(149, '13', '87', 9, 0, 4),
(150, '13', '88', 9, 0, 2),
(151, '13', '89', 9, 0, 4),
(152, '13', '9', 9, 0, 2),
(153, '13', '90', 9, 0, 4),
(154, '13', '91', 9, 0, 3),
(155, '13', '92', 9, 0, 2),
(156, '13', '93', 9, 0, 2),
(157, '13', '94', 9, 0, 2),
(158, '13', '95', 9, 3, 2),
(159, '13', '96', 9, 0, 3),
(160, '13', '97', 9, 0, 2),
(161, '13', '98', 9, 0, 1),
(162, '13', '99', 9, 0, 4),
(163, '2', '1', 4, 1, 4),
(164, '2', '1', 8, 0, 3),
(165, '2', '1', 15, 1, 1),
(166, '2', '1', 21, 0, 1),
(167, '2', '1', 25, 0, 1),
(168, '2', '1', 28, 0, 1),
(169, '2', '2', 4, 2, 3),
(170, '2', '2', 8, 1, 3),
(171, '2', '2', 15, 0, 2),
(172, '2', '2', 21, 1, 1),
(173, '2', '2', 25, 0, 1),
(174, '2', '2', 28, 0, 3),
(175, '2', '3', 4, 1, 3),
(176, '2', '3', 8, 0, 4),
(177, '2', '3', 15, 0, 2),
(178, '2', '3', 21, 0, 5),
(179, '2', '3', 25, 0, 3),
(180, '2', '3', 28, 0, 3),
(181, '2', '4', 4, 1, 5),
(182, '2', '4', 8, 0, 2),
(183, '2', '4', 15, 1, 2),
(184, '2', '4', 21, 1, 3),
(185, '2', '4', 25, 0, 1),
(186, '2', '4', 28, 0, 2),
(187, '2', '5', 4, 2, 4),
(188, '2', '5', 8, 1, 4),
(189, '2', '5', 15, 0, 1),
(190, '2', '5', 21, 0, 3),
(191, '2', '5', 25, 0, 2),
(192, '2', '5', 28, 0, 4),
(193, '3', '1', 4, 1, 2),
(194, '3', '1', 8, 0, 4),
(195, '3', '1', 14, 0, 3),
(196, '3', '1', 20, 0, 1),
(197, '3', '1', 26, 0, 2),
(198, '3', '1', 28, 0, 2),
(199, '3', '2', 4, 0, 1),
(200, '3', '2', 8, 4, 5),
(201, '3', '2', 14, 0, 1),
(202, '3', '2', 20, 0, 2),
(203, '3', '2', 26, 1, 4),
(204, '3', '2', 28, 0, 3),
(205, '3', '3', 4, 0, 2),
(206, '3', '3', 8, 2, 5),
(207, '3', '3', 14, 0, 1),
(208, '3', '3', 20, 0, 2),
(209, '3', '3', 26, 0, 4),
(210, '3', '3', 28, 0, 2),
(211, '3', '4', 4, 1, 1),
(212, '3', '4', 8, 1, 2),
(213, '3', '4', 14, 0, 3),
(214, '3', '4', 20, 0, 5),
(215, '3', '4', 26, 0, 1),
(216, '3', '4', 28, 0, 2),
(217, '3', '5', 4, 2, 3),
(218, '3', '5', 8, 0, 3),
(219, '3', '5', 14, 0, 2),
(220, '3', '5', 20, 0, 2),
(221, '3', '5', 26, 0, 2),
(222, '3', '5', 28, 0, 3),
(223, '4', '1', 4, 1, 3),
(224, '4', '1', 8, 2, 5),
(225, '4', '1', 16, 0, 4),
(226, '4', '1', 22, 0, 5),
(227, '4', '1', 24, 0, 6),
(228, '4', '1', 28, 0, 1),
(229, '4', '2', 4, 1, 1),
(230, '4', '2', 8, 1, 5),
(231, '4', '2', 16, 0, 4),
(232, '4', '2', 22, 0, 4),
(233, '4', '2', 24, 0, 2),
(234, '4', '2', 28, 0, 2),
(235, '4', '3', 4, 1, 1),
(236, '4', '3', 8, 0, 2),
(237, '4', '3', 16, 0, 1),
(238, '4', '3', 22, 0, 1),
(239, '4', '3', 24, 0, 3),
(240, '4', '3', 28, 0, 1),
(241, '4', '4', 4, 2, 2),
(242, '4', '4', 8, 2, 5),
(243, '4', '4', 16, 0, 3),
(244, '4', '4', 22, 2, 5),
(245, '4', '4', 24, 0, 1),
(246, '4', '4', 28, 0, 1),
(247, '4', '5', 4, 1, 1),
(248, '4', '5', 8, 2, 5),
(249, '4', '5', 16, 0, 2),
(250, '4', '5', 22, 0, 1),
(251, '4', '5', 24, 1, 3),
(252, '4', '5', 28, 0, 1),
(253, '5', 'NULL', 4, 1, 3),
(254, '5', '1', 4, 1, 4),
(255, '5', '1', 8, 2, 3),
(256, '5', '1', 12, 0, 4),
(257, '5', '1', 18, 0, 5),
(258, '5', '1', 23, 0, 1),
(259, '5', '1', 28, 0, 1),
(260, '5', '2', 4, 0, 2),
(261, '5', '2', 8, 2, 4),
(262, '5', '2', 12, 0, 6),
(263, '5', '2', 18, 0, 2),
(264, '5', '2', 23, 0, 3),
(265, '5', '2', 28, 0, 1),
(266, '5', '3', 4, 1, 3),
(267, '5', '3', 8, 2, 3),
(268, '5', '3', 12, 0, 5),
(269, '5', '3', 18, 0, 2),
(270, '5', '3', 23, 0, 2),
(271, '5', '3', 28, 0, 2),
(272, '5', '4', 4, 1, 4),
(273, '5', '4', 8, 4, 2),
(274, '5', '4', 12, 0, 3),
(275, '5', '4', 18, 0, 1),
(276, '5', '4', 23, 0, 1),
(277, '5', '4', 28, 0, 2),
(278, '5', '5', 4, 2, 2),
(279, '5', '5', 8, 2, 4),
(280, '5', '5', 12, 1, 3),
(281, '5', '5', 18, 0, 2),
(282, '5', '5', 23, 0, 1),
(283, '5', '5', 29, 0, 3),
(284, '6', '1', 8, 0, 3),
(285, '6', '1', 13, 0, 2),
(286, '6', '1', 18, 0, 1),
(287, '6', '1', 23, 0, 2),
(288, '6', '1', 29, 0, 5),
(289, '6', '2', 8, 0, 1),
(290, '6', '2', 13, 0, 1),
(291, '6', '2', 18, 0, 2),
(292, '6', '2', 23, 0, 2),
(293, '6', '2', 29, 0, 4),
(294, '6', '3', 8, 1, 3),
(295, '6', '3', 13, 0, 2),
(296, '6', '3', 18, 0, 1),
(297, '6', '3', 23, 0, 2),
(298, '6', '3', 29, 0, 3),
(299, '6', '4', 8, 2, 2),
(300, '6', '4', 13, 0, 5),
(301, '6', '4', 18, 0, 1),
(302, '6', '4', 23, 0, 1),
(303, '6', '4', 29, 0, 1),
(304, '6', '5', 8, 2, 3),
(305, '6', '5', 13, 0, 5),
(306, '6', '5', 18, 0, 1),
(307, '6', '5', 23, 0, 2),
(308, '6', '5', 29, 0, 1),
(309, '7', '1', 17, 3, 0),
(310, '7', '2', 17, 0, 1),
(311, '7', '3', 17, 0, 2),
(312, '7', '4', 17, 0, 4),
(313, '7', '5', 17, 0, 2),
(314, '8', '1', 11, 1, 3),
(315, '8', '2', 11, 0, 4),
(316, '8', '3', 11, 0, 5),
(317, '8', '4', 11, 0, 3),
(318, '8', '5', 11, 0, 3),
(319, 'AB        ', '1         ', 2, 0, 2),
(320, 'AB        ', '10        ', 2, 2, 3),
(321, 'AB        ', '11        ', 2, 2, 4),
(322, 'AB        ', '12        ', 2, 1, 3),
(323, 'AB        ', '13        ', 2, 1, 2),
(324, 'AB        ', '14        ', 2, 3, 4),
(325, 'AB        ', '15        ', 2, 1, 2),
(326, 'AB        ', '16        ', 2, 2, 2),
(327, 'AB        ', '17        ', 2, 0, 3),
(328, 'AB        ', '18        ', 2, 2, 2),
(329, 'AB        ', '19        ', 2, 1, 2),
(330, 'AB        ', '2         ', 2, 5, 5),
(331, 'AB        ', '20        ', 2, 1, 2),
(332, 'AB        ', '21        ', 2, 7, 5),
(333, 'AB        ', '22        ', 2, 3, 5),
(334, 'AB        ', '23        ', 2, 2, 3),
(335, 'AB        ', '24        ', 2, 1, 3),
(336, 'AB        ', '25        ', 2, 0, 1),
(337, 'AB        ', '26        ', 2, 0, 3),
(338, 'AB        ', '27        ', 2, 1, 3),
(339, 'AB        ', '28        ', 2, 0, 4),
(340, 'AB        ', '29        ', 2, 3, 3),
(341, 'AB        ', '3         ', 2, 3, 3),
(342, 'AB        ', '30        ', 2, 5, 1),
(343, 'AB        ', '4         ', 2, 1, 5),
(344, 'AB        ', '5         ', 2, 1, 2),
(345, 'AB        ', '6         ', 2, 1, 2),
(346, 'AB        ', '7         ', 2, 0, 2),
(347, 'AB        ', '8         ', 2, 1, 2),
(348, 'AB        ', '9         ', 2, 1, 4),
(349, 'CF2', '0', 6, 1, 2),
(350, 'CF2', '1', 6, 0, 2),
(351, 'CF2', '12', 6, 0, 1),
(352, 'CF2', '15', 6, 0, 4),
(353, 'CF2', '16', 6, 0, 2),
(354, 'CF2', '17', 6, 1, 3),
(355, 'CF2', '18', 6, 0, 2),
(356, 'CF2', '19', 6, 2, 1),
(357, 'CF2', '2', 6, 0, 3),
(358, 'CF2', '21', 6, 0, 2),
(359, 'CF2', '22', 6, 0, 2),
(360, 'CF2', '23', 6, 0, 1),
(361, 'CF2', '24', 6, 0, 3),
(362, 'CF2', '28', 6, 0, 2),
(363, 'CF2', '29', 6, 0, 1),
(364, 'CF2', '3', 6, 0, 2),
(365, 'CF2', '30', 6, 1, 1),
(366, 'CF2', '32', 6, 2, 2),
(367, 'CF2', '4', 6, 0, 2),
(368, 'CF2', '5', 6, 0, 2),
(369, 'CF5', '1', 6, 0, 2),
(370, 'CF5', '10', 6, 0, 1),
(371, 'CF5', '11', 6, 0, 1),
(372, 'CF5', '13', 6, 2, 2),
(373, 'CF5', '14', 6, 2, 2),
(374, 'CF5', '15', 6, 5, 3),
(375, 'CF5', '16', 6, 0, 1),
(376, 'CF5', '17', 6, 0, 1),
(377, 'CF5', '18', 6, 0, 2),
(378, 'CF5', '19', 6, 2, 2),
(379, 'CF5', '2', 6, 1, 2),
(380, 'CF5', '20', 6, 1, 1),
(381, 'CF5', '22', 6, 3, 1),
(382, 'CF5', '23', 6, 1, 1),
(383, 'CF5', '24', 6, 0, 1),
(384, 'CF5', '25', 6, 2, 1),
(385, 'CF5', '3', 6, 0, 1),
(386, 'CF5', '4', 6, 0, 2),
(387, 'CF5', '5', 6, 0, 1),
(388, 'CF5', '6', 6, 0, 2),
(389, 'CF5', '7', 6, 0, 1),
(390, 'CF5', '8', 6, 0, 2),
(391, 'CF5', '9', 6, 0, 1),
(392, 'Hes-40-3', '1', 6, 1, 0),
(393, 'Hes-40-3', '10', 6, 0, 1),
(394, 'Hes-40-3', '11', 6, 0, 1),
(395, 'Hes-40-3', '12', 6, 0, 2),
(396, 'Hes-40-3', '13', 6, 0, 1),
(397, 'Hes-40-3', '14', 6, 0, 0),
(398, 'Hes-40-3', '15', 6, 0, 2),
(399, 'Hes-40-3', '16', 6, 0, 2),
(400, 'Hes-40-3', '17', 6, 0, 2),
(401, 'Hes-40-3', '18', 6, 0, 2),
(402, 'Hes-40-3', '19', 6, 0, 1),
(403, 'Hes-40-3', '2', 6, 2, 0),
(404, 'Hes-40-3', '20', 6, 0, 3),
(405, 'Hes-40-3', '21', 6, 0, 1),
(406, 'Hes-40-3', '22', 6, 0, 1),
(407, 'Hes-40-3', '23', 6, 0, 2),
(408, 'Hes-40-3', '24', 6, 0, 1),
(409, 'Hes-40-3', '25', 6, 0, 1),
(410, 'Hes-40-3', '26', 6, 0, 2),
(411, 'Hes-40-3', '27', 6, 0, 1),
(412, 'Hes-40-3', '28', 6, 0, 1),
(413, 'Hes-40-3', '29', 6, 0, 1),
(414, 'Hes-40-3', '3', 6, 1, 1),
(415, 'Hes-40-3', '30', 6, 0, 1),
(416, 'Hes-40-3', '4', 6, 1, 0),
(417, 'Hes-40-3', '5', 6, 1, 0),
(418, 'Hes-40-3', '6', 6, 3, 2),
(419, 'Hes-40-3', '7', 6, 1, 2),
(420, 'Hes-40-3', '8', 6, 5, 2),
(421, 'Hes-40-3', '9', 6, 1, 1),
(422, 'j2        ', '1         ', 1, 3, 2),
(423, 'j2        ', '10        ', 1, 1, 1),
(424, 'j2        ', '11        ', 1, 2, 2),
(425, 'j2        ', '12        ', 1, 1, 0),
(426, 'j2        ', '13        ', 1, 1, 1),
(427, 'j2        ', '14        ', 1, 2, 3),
(428, 'j2        ', '15        ', 1, 1, 1),
(429, 'j2        ', '16        ', 1, 1, 0),
(430, 'j2        ', '17        ', 1, 2, 2),
(431, 'j2        ', '18        ', 1, 1, 0),
(432, 'j2        ', '19        ', 1, 2, 0),
(433, 'j2        ', '2         ', 1, 2, 2),
(434, 'j2        ', '20        ', 1, 2, 3),
(435, 'j2        ', '22        ', 1, 2, 1),
(436, 'j2        ', '23        ', 1, 1, 0),
(437, 'j2        ', '24        ', 1, 2, 1),
(438, 'j2        ', '25        ', 1, 2, 2),
(439, 'j2        ', '26        ', 1, 1, 1),
(440, 'j2        ', '27        ', 1, 0, 0),
(441, 'j2        ', '28        ', 1, 1, 1),
(442, 'j2        ', '3         ', 1, 1, 1),
(443, 'j2        ', '30        ', 1, 2, 1),
(444, 'j2        ', '31        ', 1, 1, 1),
(445, 'j2        ', '32        ', 1, 0, 2),
(446, 'j2        ', '33        ', 1, 1, 1),
(447, 'j2        ', '4         ', 1, 1, 1),
(448, 'j2        ', '5         ', 1, 1, 2),
(449, 'j2        ', '6         ', 1, 1, 1),
(450, 'j2        ', '7         ', 1, 1, 1),
(451, 'j2        ', '8         ', 1, 2, 1),
(452, 'j2        ', '9         ', 1, 1, 2),
(453, 'j3        ', '1         ', 1, 1, 1),
(454, 'j3        ', '10        ', 1, 1, 2),
(455, 'j3        ', '11        ', 1, 1, 2),
(456, 'j3        ', '12        ', 1, 0, 1),
(457, 'j3        ', '13        ', 1, 1, 1),
(458, 'j3        ', '14        ', 1, 1, 2),
(459, 'j3        ', '15        ', 1, 0, 1),
(460, 'j3        ', '16        ', 1, 2, 2),
(461, 'j3        ', '17        ', 1, 1, 1),
(462, 'j3        ', '18        ', 1, 1, 2),
(463, 'j3        ', '19        ', 1, 2, 2),
(464, 'j3        ', '2         ', 1, 0, 2),
(465, 'j3        ', '20        ', 1, 1, 1),
(466, 'j3        ', '21        ', 1, 1, 1),
(467, 'j3        ', '22        ', 1, 2, 2),
(468, 'j3        ', '23        ', 1, 1, 1),
(469, 'j3        ', '24        ', 1, 1, 1),
(470, 'j3        ', '25        ', 1, 1, 3),
(471, 'j3        ', '26        ', 1, 3, 2),
(472, 'j3        ', '27        ', 1, 1, 1),
(473, 'j3        ', '28        ', 1, 0, 2),
(474, 'j3        ', '29        ', 1, 3, 3),
(475, 'j3        ', '3         ', 1, 1, 1),
(476, 'j3        ', '30        ', 1, 2, 3),
(477, 'j3        ', '31        ', 1, 2, 2),
(478, 'j3        ', '32        ', 1, 1, 3),
(479, 'j3        ', '33        ', 1, 3, 2),
(480, 'j3        ', '34        ', 1, 2, 3),
(481, 'j3        ', '35        ', 1, 1, 1),
(482, 'j3        ', '36        ', 1, 3, 2),
(483, 'j3        ', '37        ', 1, 3, 2),
(484, 'j3        ', '38        ', 1, 2, 3),
(485, 'j3        ', '39        ', 1, 1, 1),
(486, 'j3        ', '4         ', 1, 1, 0),
(487, 'j3        ', '40        ', 1, 2, 2),
(488, 'j3        ', '41        ', 1, 1, 3),
(489, 'j3        ', '42        ', 1, 1, 2),
(490, 'j3        ', '43        ', 1, 2, 0),
(491, 'j3        ', '44        ', 1, 1, 2),
(492, 'j3        ', '45        ', 1, 1, 0),
(493, 'j3        ', '46        ', 1, 0, 3),
(494, 'j3        ', '47        ', 1, 2, 4),
(495, 'j3        ', '48        ', 1, 0, 2),
(496, 'j3        ', '49        ', 1, 1, 2),
(497, 'j3        ', '5         ', 1, 0, 2),
(498, 'j3        ', '50        ', 1, 1, 2),
(499, 'j3        ', '51        ', 1, 2, 2),
(500, 'j3        ', '52        ', 1, 1, 2),
(501, 'j3        ', '53        ', 1, 2, 2),
(502, 'j3        ', '54        ', 1, 3, 3),
(503, 'j3        ', '55        ', 1, 1, 2),
(504, 'j3        ', '56        ', 1, 1, 2),
(505, 'j3        ', '57        ', 1, 1, 2),
(506, 'j3        ', '58        ', 1, 0, 3),
(507, 'j3        ', '59        ', 1, 2, 3),
(508, 'j3        ', '6         ', 1, 1, 2),
(509, 'j3        ', '60        ', 1, 1, 3),
(510, 'j3        ', '7         ', 1, 1, 2),
(511, 'j3        ', '8         ', 1, 0, 1),
(512, 'j3        ', '9         ', 1, 1, 0),
(513, 'j5        ', '1         ', 1, 3, 3),
(514, 'j5        ', '10        ', 1, 3, 3),
(515, 'j5        ', '11        ', 1, 1, 1),
(516, 'j5        ', '12        ', 1, 3, 0),
(517, 'j5        ', '13        ', 1, 3, 3),
(518, 'j5        ', '14        ', 1, 1, 1),
(519, 'j5        ', '15        ', 1, 4, 0),
(520, 'j5        ', '16        ', 1, 1, 2),
(521, 'j5        ', '17        ', 1, 1, 1),
(522, 'j5        ', '18        ', 1, 1, 1),
(523, 'j5        ', '19        ', 1, 4, 2),
(524, 'j5        ', '2         ', 1, 2, 2),
(525, 'j5        ', '20        ', 1, 1, 1),
(526, 'j5        ', '21        ', 1, 3, 0),
(527, 'j5        ', '22        ', 1, 3, 1),
(528, 'j5        ', '23        ', 1, 1, 1),
(529, 'j5        ', '24        ', 1, 2, 1),
(530, 'j5        ', '25        ', 1, 2, 1),
(531, 'j5        ', '26        ', 1, 1, 1),
(532, 'j5        ', '27        ', 1, 2, 1),
(533, 'j5        ', '28        ', 1, 0, 3),
(534, 'j5        ', '29        ', 1, 1, 2),
(535, 'j5        ', '3         ', 1, 1, 1),
(536, 'j5        ', '30        ', 1, 1, 1),
(537, 'j5        ', '31        ', 1, 3, 3),
(538, 'j5        ', '32        ', 1, 2, 2),
(539, 'j5        ', '33        ', 1, 1, 1),
(540, 'j5        ', '34        ', 1, 0, 3),
(541, 'j5        ', '35        ', 1, 2, 2),
(542, 'j5        ', '36        ', 1, 1, 3),
(543, 'j5        ', '37        ', 1, 2, 3),
(544, 'j5        ', '38        ', 1, 3, 2),
(545, 'j5        ', '39        ', 1, 1, 2),
(546, 'j5        ', '4         ', 1, 0, 3),
(547, 'j5        ', '40        ', 1, 3, 3),
(548, 'j5        ', '41        ', 1, 1, 2),
(549, 'j5        ', '42        ', 1, 1, 1),
(550, 'j5        ', '43        ', 1, 0, 1),
(551, 'j5        ', '44        ', 1, 0, 1),
(552, 'j5        ', '45        ', 1, 0, 1),
(553, 'j5        ', '46        ', 1, 2, 2),
(554, 'j5        ', '47        ', 1, 1, 1),
(555, 'j5        ', '48        ', 1, 2, 2),
(556, 'j5        ', '49        ', 1, 1, 2),
(557, 'j5        ', '5         ', 1, 2, 2),
(558, 'j5        ', '50        ', 1, 3, 1),
(559, 'j5        ', '51        ', 1, 1, 2),
(560, 'j5        ', '52        ', 1, 0, 1),
(561, 'j5        ', '53        ', 1, 0, 1),
(562, 'j5        ', '54        ', 1, 0, 1),
(563, 'j5        ', '55        ', 1, 0, 1),
(564, 'j5        ', '56        ', 1, 2, 2),
(565, 'j5        ', '57        ', 1, 1, 1),
(566, 'j5        ', '58        ', 1, 1, 2),
(567, 'j5        ', '59        ', 1, 1, 1),
(568, 'j5        ', '6         ', 1, 1, 3),
(569, 'j5        ', '60        ', 1, 3, 1),
(570, 'j5        ', '61        ', 1, 1, 1),
(571, 'j5        ', '62        ', 1, 1, 1),
(572, 'j5        ', '63        ', 1, 1, 1),
(573, 'j5        ', '64        ', 1, 2, 2),
(574, 'j5        ', '65        ', 1, 2, 2),
(575, 'j5        ', '66        ', 1, 1, 1),
(576, 'j5        ', '67        ', 1, 2, 1),
(577, 'j5        ', '68        ', 1, 1, 1),
(578, 'j5        ', '69        ', 1, 1, 1),
(579, 'j5        ', '7         ', 1, 2, 3),
(580, 'j5        ', '70        ', 1, 1, 1),
(581, 'j5        ', '71        ', 1, 3, 2),
(582, 'j5        ', '72        ', 1, 0, 2),
(583, 'j5        ', '73        ', 1, 1, 1),
(584, 'j5        ', '74        ', 1, 2, 0),
(585, 'j5        ', '75        ', 1, 2, 2),
(586, 'j5        ', '76        ', 1, 2, 2),
(587, 'j5        ', '77        ', 1, 2, 3),
(588, 'j5        ', '78        ', 1, 1, 1),
(589, 'j5        ', '79        ', 1, 2, 2),
(590, 'j5        ', '8         ', 1, 3, 2),
(591, 'j5        ', '80        ', 1, 1, 2),
(592, 'j5        ', '81        ', 1, 1, 2),
(593, 'j5        ', '82        ', 1, 1, 1),
(594, 'j5        ', '83        ', 1, 1, 2),
(595, 'j5        ', '84        ', 1, 2, 2),
(596, 'j5        ', '85        ', 1, 1, 1),
(597, 'j5        ', '86        ', 1, 2, 2),
(598, 'j5        ', '87        ', 1, 4, 2),
(599, 'j5        ', '88        ', 1, 0, 2),
(600, 'j5        ', '89        ', 1, 1, 1),
(601, 'j5        ', '9         ', 1, 1, 2),
(602, 'j5        ', '90        ', 1, 3, 1),
(603, 'j5        ', '91        ', 1, 1, 1),
(604, 'j5        ', '92        ', 1, 0, 1),
(605, 'j5        ', '93        ', 1, 2, 2),
(606, 'j5        ', '94        ', 1, 0, 2),
(607, 'j6        ', '          ', 1, NULL, NULL),
(608, 'j6        ', '1         ', 1, 1, 2),
(609, 'j6        ', '10        ', 1, 0, 1),
(610, 'j6        ', '11        ', 1, 0, 2),
(611, 'j6        ', '12        ', 1, 0, 2),
(612, 'j6        ', '13        ', 1, 1, 1),
(613, 'j6        ', '14        ', 1, 0, 2),
(614, 'j6        ', '15        ', 1, 0, 1),
(615, 'j6        ', '16        ', 1, 1, 1),
(616, 'j6        ', '17        ', 1, 0, 1),
(617, 'j6        ', '18        ', 1, 0, 2),
(618, 'j6        ', '19        ', 1, 1, 3),
(619, 'j6        ', '2         ', 1, 1, 1),
(620, 'j6        ', '20        ', 1, 1, 1),
(621, 'j6        ', '21        ', 1, 1, 3),
(622, 'j6        ', '22        ', 1, 3, 4),
(623, 'j6        ', '23        ', 1, 1, 5),
(624, 'j6        ', '24        ', 1, 0, 4),
(625, 'j6        ', '25        ', 1, 0, 2),
(626, 'j6        ', '26        ', 1, 0, 5),
(627, 'j6        ', '27        ', 1, 0, 2),
(628, 'j6        ', '28        ', 1, 0, 3),
(629, 'j6        ', '29        ', 1, 0, 3),
(630, 'j6        ', '3         ', 1, 2, 2),
(631, 'j6        ', '30        ', 1, 0, 2),
(632, 'j6        ', '31        ', 1, 2, 3),
(633, 'j6        ', '32        ', 1, 1, 1),
(634, 'j6        ', '33        ', 1, 1, 3),
(635, 'j6        ', '34        ', 1, 2, 4),
(636, 'j6        ', '35        ', 1, 1, 2),
(637, 'j6        ', '4         ', 1, 2, 2),
(638, 'j6        ', '5         ', 1, 1, 2),
(639, 'j6        ', '6         ', 1, 1, 3),
(640, 'j6        ', '7         ', 1, 1, 3),
(641, 'j6        ', '8         ', 1, 1, 3),
(642, 'j6        ', '9         ', 1, 2, 3),
(643, 'JK        ', '1         ', 2, 2, 4),
(644, 'JK        ', '10        ', 2, 2, 3),
(645, 'JK        ', '11        ', 2, 2, 1),
(646, 'JK        ', '13        ', 2, 0, 2),
(647, 'JK        ', '132       ', 2, 1, 3),
(648, 'JK        ', '14        ', 2, 2, 3),
(649, 'JK        ', '15        ', 2, 2, 5),
(650, 'JK        ', '2         ', 2, 1, 3),
(651, 'JK        ', '3         ', 2, 2, 3),
(652, 'JK        ', '4         ', 2, 0, 3),
(653, 'JK        ', '5         ', 2, 0, 4),
(654, 'JK        ', '6         ', 2, 3, 5),
(655, 'JK        ', '7         ', 2, 2, 4),
(656, 'JK        ', '8         ', 2, 0, 4),
(657, 'JK        ', '9         ', 2, 0, 4),
(658, 'KR        ', '1         ', 2, 0, 2),
(659, 'KR        ', '10        ', 2, 0, 8),
(660, 'KR        ', '100       ', 2, 0, 2),
(661, 'KR        ', '11        ', 2, 1, 2),
(662, 'KR        ', '12        ', 2, 1, 3),
(663, 'KR        ', '13        ', 2, 0, 2),
(664, 'KR        ', '14        ', 2, 3, 5),
(665, 'KR        ', '15        ', 2, 0, 2),
(666, 'KR        ', '16        ', 2, 0, 3),
(667, 'KR        ', '17        ', 2, 0, 3),
(668, 'KR        ', '18        ', 2, 0, 6),
(669, 'KR        ', '19        ', 2, 0, 2),
(670, 'KR        ', '2         ', 2, 0, 3),
(671, 'KR        ', '20        ', 2, 0, 4),
(672, 'KR        ', '21        ', 2, 0, 4),
(673, 'KR        ', '22        ', 2, 2, 4),
(674, 'KR        ', '23        ', 2, 0, 3),
(675, 'KR        ', '24        ', 2, 0, 2),
(676, 'KR        ', '25        ', 2, 0, 4),
(677, 'KR        ', '26        ', 2, 0, 4),
(678, 'KR        ', '27        ', 2, 0, 2),
(679, 'KR        ', '28        ', 2, 0, 4),
(680, 'KR        ', '29        ', 2, 0, 4),
(681, 'KR        ', '3         ', 2, 0, 4),
(682, 'KR        ', '30        ', 2, 0, 3),
(683, 'KR        ', '31        ', 2, 0, 3),
(684, 'KR        ', '32        ', 2, 0, 2),
(685, 'KR        ', '33        ', 2, 0, 2),
(686, 'KR        ', '34        ', 2, 0, 5),
(687, 'KR        ', '35        ', 2, 0, 3),
(688, 'KR        ', '36        ', 2, 0, 2),
(689, 'KR        ', '37        ', 2, 0, 2),
(690, 'KR        ', '38        ', 2, 0, 2),
(691, 'KR        ', '39        ', 2, 0, 1),
(692, 'KR        ', '4         ', 2, 0, 2),
(693, 'KR        ', '40        ', 2, 0, 3),
(694, 'KR        ', '41        ', 2, 0, 1),
(695, 'KR        ', '42        ', 2, 0, 2),
(696, 'KR        ', '43        ', 2, 0, 4),
(697, 'KR        ', '44        ', 2, 1, 3),
(698, 'KR        ', '45        ', 2, 0, 5),
(699, 'KR        ', '46        ', 2, 0, 5),
(700, 'KR        ', '47        ', 2, 0, 4),
(701, 'KR        ', '48        ', 2, 0, 4),
(702, 'KR        ', '49        ', 2, 0, 3),
(703, 'KR        ', '5         ', 2, 1, 4),
(704, 'KR        ', '50        ', 2, 0, 3),
(705, 'KR        ', '51        ', 2, 0, 3),
(706, 'KR        ', '52        ', 2, 0, 2),
(707, 'KR        ', '53        ', 2, 0, 3),
(708, 'KR        ', '54        ', 2, 0, 2),
(709, 'KR        ', '55        ', 2, 0, 2),
(710, 'KR        ', '56        ', 2, 0, 2),
(711, 'KR        ', '57        ', 2, 0, 2),
(712, 'KR        ', '58        ', 2, 0, 4),
(713, 'KR        ', '59        ', 2, 0, 4),
(714, 'KR        ', '6         ', 2, 0, 3),
(715, 'KR        ', '60        ', 2, 0, 2),
(716, 'KR        ', '61        ', 2, 0, 5),
(717, 'KR        ', '62        ', 2, 0, 4),
(718, 'KR        ', '63        ', 2, 1, 4),
(719, 'KR        ', '64        ', 2, 0, 2),
(720, 'KR        ', '65        ', 2, 0, 3),
(721, 'KR        ', '66        ', 2, 0, 2),
(722, 'KR        ', '67        ', 2, 1, 5),
(723, 'KR        ', '68        ', 2, 0, 2),
(724, 'KR        ', '69        ', 2, 0, 5),
(725, 'KR        ', '7         ', 2, 0, 4),
(726, 'KR        ', '70        ', 2, 0, 2),
(727, 'KR        ', '71        ', 2, 1, 2),
(728, 'KR        ', '72        ', 2, 1, 2),
(729, 'KR        ', '73        ', 2, 0, 3),
(730, 'KR        ', '74        ', 2, 0, 5),
(731, 'KR        ', '75        ', 2, 2, 3),
(732, 'KR        ', '76        ', 2, 0, 4),
(733, 'KR        ', '77        ', 2, 1, 4),
(734, 'KR        ', '78        ', 2, 0, 3),
(735, 'KR        ', '79        ', 2, 0, 3),
(736, 'KR        ', '8         ', 2, 0, 4),
(737, 'KR        ', '80        ', 2, 1, 1),
(738, 'KR        ', '81        ', 2, 0, 2),
(739, 'KR        ', '82        ', 2, 1, 1),
(740, 'KR        ', '83        ', 2, 0, 1),
(741, 'KR        ', '84        ', 2, 0, 2),
(742, 'KR        ', '85        ', 2, 0, 3),
(743, 'KR        ', '86        ', 2, 0, 3),
(744, 'KR        ', '87        ', 2, 0, 3),
(745, 'KR        ', '88        ', 2, 0, 2),
(746, 'KR        ', '89        ', 2, 0, 2),
(747, 'KR        ', '9         ', 2, 1, 4),
(748, 'KR        ', '90        ', 2, 0, 2),
(749, 'KR        ', '91        ', 2, 1, 2),
(750, 'KR        ', '92        ', 2, 0, 2),
(751, 'KR        ', '93        ', 2, 2, 3),
(752, 'KR        ', '94        ', 2, 0, 3),
(753, 'KR        ', '95        ', 2, 1, 3),
(754, 'KR        ', '96        ', 2, 0, 3),
(755, 'KR        ', '97        ', 2, 0, 2),
(756, 'KR        ', '98        ', 2, 0, 2),
(757, 'KR        ', '99        ', 2, 0, 3),
(758, 'm1        ', '1         ', 2, 2, 4),
(759, 'm1        ', '10        ', 2, 1, 2),
(760, 'm1        ', '100       ', 2, 1, 2),
(761, 'm1        ', '101       ', 2, 1, 2),
(762, 'm1        ', '102       ', 2, 0, 2),
(763, 'm1        ', '103       ', 2, 1, 2),
(764, 'm1        ', '104       ', 2, 0, 3),
(765, 'm1        ', '105       ', 2, 2, 3),
(766, 'm1        ', '106       ', 2, 0, 3),
(767, 'm1        ', '107       ', 2, 1, 2),
(768, 'm1        ', '108       ', 2, 1, 2),
(769, 'm1        ', '109       ', 2, 0, 3),
(770, 'm1        ', '11        ', 2, 1, 3),
(771, 'm1        ', '110       ', 2, 0, 1),
(772, 'm1        ', '111       ', 2, 0, 3),
(773, 'm1        ', '112       ', 2, 2, 4),
(774, 'm1        ', '113       ', 2, 2, 5),
(775, 'm1        ', '114       ', 2, 0, 2),
(776, 'm1        ', '115       ', 2, 0, 2),
(777, 'm1        ', '116       ', 2, 3, 5),
(778, 'm1        ', '117       ', 2, 2, 3),
(779, 'm1        ', '118       ', 2, 1, 3),
(780, 'm1        ', '119       ', 2, 0, 1),
(781, 'm1        ', '12        ', 2, 2, 4),
(782, 'm1        ', '120       ', 2, 0, 1),
(783, 'm1        ', '121       ', 2, 0, 1),
(784, 'm1        ', '122       ', 2, 1, 3),
(785, 'm1        ', '123       ', 2, 2, 3),
(786, 'm1        ', '124       ', 2, 1, 2),
(787, 'm1        ', '125       ', 2, 3, 3),
(788, 'm1        ', '126       ', 2, 1, 2),
(789, 'm1        ', '127       ', 2, 0, 2),
(790, 'm1        ', '128       ', 2, 1, 2),
(791, 'm1        ', '13        ', 2, 0, 1),
(792, 'm1        ', '130       ', 2, 1, 5),
(793, 'm1        ', '131       ', 2, 0, 0),
(794, 'm1        ', '132       ', 2, 2, 2),
(795, 'm1        ', '133       ', 2, 2, 5),
(796, 'm1        ', '134       ', 2, 0, 2),
(797, 'm1        ', '135       ', 2, 2, 3),
(798, 'm1        ', '136       ', 2, 3, 5),
(799, 'm1        ', '137       ', 2, 1, 2),
(800, 'm1        ', '138       ', 2, 1, 2),
(801, 'm1        ', '139       ', 2, 1, 2),
(802, 'm1        ', '14        ', 2, 0, 3),
(803, 'm1        ', '140       ', 2, 2, 3),
(804, 'm1        ', '141       ', 2, 1, 3),
(805, 'm1        ', '142       ', 2, 2, 5),
(806, 'm1        ', '143       ', 2, 1, 3),
(807, 'm1        ', '144       ', 2, 3, 4),
(808, 'm1        ', '145       ', 2, 1, 2),
(809, 'm1        ', '146       ', 2, 0, 2),
(810, 'm1        ', '147       ', 2, 0, 2),
(811, 'm1        ', '148       ', 2, 0, 2),
(812, 'm1        ', '149       ', 2, 1, 3),
(813, 'm1        ', '15        ', 2, 0, 4),
(814, 'm1        ', '150       ', 2, 1, 3),
(815, 'm1        ', '151       ', 2, 5, 3),
(816, 'm1        ', '152       ', 2, 2, 3),
(817, 'm1        ', '153       ', 2, 2, 2),
(818, 'm1        ', '154       ', 2, 0, 1),
(819, 'm1        ', '155       ', 2, 0, 4),
(820, 'm1        ', '156       ', 2, 1, 2),
(821, 'm1        ', '157       ', 2, 1, 4),
(822, 'm1        ', '158       ', 2, 0, 3),
(823, 'm1        ', '159       ', 2, 2, 6),
(824, 'm1        ', '16        ', 2, 0, 2),
(825, 'm1        ', '160       ', 2, 1, 2),
(826, 'm1        ', '161       ', 2, 1, 2),
(827, 'm1        ', '162       ', 2, 1, 1),
(828, 'm1        ', '163       ', 2, 1, 4),
(829, 'm1        ', '164       ', 2, 1, 1),
(830, 'm1        ', '165       ', 2, 1, 3),
(831, 'm1        ', '166       ', 2, 0, 1),
(832, 'm1        ', '167       ', 2, 0, 1),
(833, 'm1        ', '168       ', 2, 1, 1),
(834, 'm1        ', '169       ', 2, 1, 2),
(835, 'm1        ', '17        ', 2, 1, 2),
(836, 'm1        ', '170       ', 2, 0, 2),
(837, 'm1        ', '171       ', 2, 2, 6),
(838, 'm1        ', '172       ', 2, 0, 3),
(839, 'm1        ', '173       ', 2, 1, 2),
(840, 'm1        ', '174       ', 2, 1, 3),
(841, 'm1        ', '175       ', 2, 4, 3),
(842, 'm1        ', '176       ', 2, 1, 3),
(843, 'm1        ', '177       ', 2, 1, 2),
(844, 'm1        ', '178       ', 2, 2, 3),
(845, 'm1        ', '179       ', 2, 1, 4),
(846, 'm1        ', '18        ', 2, 1, 1),
(847, 'm1        ', '180       ', 2, 1, 3),
(848, 'm1        ', '181       ', 2, 2, 3),
(849, 'm1        ', '182       ', 2, 1, 2),
(850, 'm1        ', '183       ', 2, 1, 2),
(851, 'm1        ', '184       ', 2, 0, 2),
(852, 'm1        ', '185       ', 2, 2, 4),
(853, 'm1        ', '186       ', 2, 1, 1),
(854, 'm1        ', '187       ', 2, 1, 2),
(855, 'm1        ', '188       ', 2, 0, 2),
(856, 'm1        ', '189       ', 2, 1, 3),
(857, 'm1        ', '19        ', 2, 2, 4),
(858, 'm1        ', '190       ', 2, 0, 1),
(859, 'm1        ', '191       ', 2, 1, 2),
(860, 'm1        ', '192       ', 2, 1, 4),
(861, 'm1        ', '193       ', 2, 0, 1),
(862, 'm1        ', '194       ', 2, 1, 2),
(863, 'm1        ', '195       ', 2, 0, 1),
(864, 'm1        ', '196       ', 2, 2, 2),
(865, 'm1        ', '197       ', 2, 2, 4),
(866, 'm1        ', '198       ', 2, 1, 2),
(867, 'm1        ', '199       ', 2, 1, 3),
(868, 'm1        ', '2         ', 2, 2, 5),
(869, 'm1        ', '20        ', 2, 0, 3),
(870, 'm1        ', '200       ', 2, 1, 4),
(871, 'm1        ', '201       ', 2, 0, 1),
(872, 'm1        ', '202       ', 2, 1, 1),
(873, 'm1        ', '203       ', 2, 2, 2),
(874, 'm1        ', '204       ', 2, 0, 1),
(875, 'm1        ', '205       ', 2, 0, 1),
(876, 'm1        ', '206       ', 2, 2, 1),
(877, 'm1        ', '207       ', 2, 0, 1),
(878, 'm1        ', '208       ', 2, 0, 1),
(879, 'm1        ', '209       ', 2, 0, 2),
(880, 'm1        ', '21        ', 2, 1, 2),
(881, 'm1        ', '210       ', 2, 2, 2),
(882, 'm1        ', '211       ', 2, 4, 4),
(883, 'm1        ', '212       ', 2, 1, 4),
(884, 'm1        ', '213       ', 2, 3, 5),
(885, 'm1        ', '214       ', 2, 0, 3),
(886, 'm1        ', '215       ', 2, 2, 5),
(887, 'm1        ', '216       ', 2, 1, 2),
(888, 'm1        ', '217       ', 2, 1, 4),
(889, 'm1        ', '218       ', 2, 2, 5),
(890, 'm1        ', '219       ', 2, 2, 4),
(891, 'm1        ', '22        ', 2, 1, 2),
(892, 'm1        ', '220       ', 2, 2, 2),
(893, 'm1        ', '23        ', 2, 1, 3),
(894, 'm1        ', '24        ', 2, 1, 1),
(895, 'm1        ', '25        ', 2, 2, 2),
(896, 'm1        ', '26        ', 2, 0, 2),
(897, 'm1        ', '27        ', 2, 0, 3),
(898, 'm1        ', '28        ', 2, 1, 1),
(899, 'm1        ', '29        ', 2, 3, 3),
(900, 'm1        ', '3         ', 2, 2, 4),
(901, 'm1        ', '30        ', 2, 0, 1),
(902, 'm1        ', '31        ', 2, 2, 1),
(903, 'm1        ', '32        ', 2, 1, 0),
(904, 'm1        ', '33        ', 2, 1, 0),
(905, 'm1        ', '34        ', 2, 2, 2),
(906, 'm1        ', '35        ', 2, 2, 4),
(907, 'm1        ', '36        ', 2, 3, 5),
(908, 'm1        ', '37        ', 2, 4, 5),
(909, 'm1        ', '38        ', 2, 0, 1),
(910, 'm1        ', '39        ', 2, 1, 1),
(911, 'm1        ', '4         ', 2, 2, 1),
(912, 'm1        ', '40        ', 2, 1, 2),
(913, 'm1        ', '41        ', 2, 2, 3),
(914, 'm1        ', '42        ', 2, 0, 3),
(915, 'm1        ', '43        ', 2, 1, 3),
(916, 'm1        ', '44        ', 2, 2, 3),
(917, 'm1        ', '45        ', 2, 3, 3),
(918, 'm1        ', '46        ', 2, 2, 3),
(919, 'm1        ', '47        ', 2, 1, 2),
(920, 'm1        ', '48        ', 2, 1, 5),
(921, 'm1        ', '49        ', 2, 1, 4),
(922, 'm1        ', '5         ', 2, 0, 4),
(923, 'm1        ', '50        ', 2, 1, 3),
(924, 'm1        ', '51        ', 2, 1, 3),
(925, 'm1        ', '52        ', 2, 3, 3),
(926, 'm1        ', '53        ', 2, 5, 9),
(927, 'm1        ', '54        ', 2, 2, 3),
(928, 'm1        ', '56        ', 2, 4, 3),
(929, 'm1        ', '57        ', 2, 2, 4),
(930, 'm1        ', '58        ', 2, 0, 5),
(931, 'm1        ', '59        ', 2, 1, 2),
(932, 'm1        ', '6         ', 2, 1, 4),
(933, 'm1        ', '60        ', 2, 2, 3),
(934, 'm1        ', '61        ', 2, 3, 5),
(935, 'm1        ', '62        ', 2, 4, 4),
(936, 'm1        ', '63        ', 2, 1, 4),
(937, 'm1        ', '64        ', 2, 0, 4),
(938, 'm1        ', '65        ', 2, 7, 5),
(939, 'm1        ', '66        ', 2, 1, 4),
(940, 'm1        ', '67        ', 2, 6, 4),
(941, 'm1        ', '68        ', 2, 4, 2),
(942, 'm1        ', '69        ', 2, 3, 4),
(943, 'm1        ', '7         ', 2, 1, 3),
(944, 'm1        ', '70        ', 2, 0, 4),
(945, 'm1        ', '71        ', 2, 1, 1),
(946, 'm1        ', '72        ', 2, 0, 2),
(947, 'm1        ', '73        ', 2, 0, 1),
(948, 'm1        ', '74        ', 2, 0, 2),
(949, 'm1        ', '75        ', 2, 0, 2),
(950, 'm1        ', '76        ', 2, 1, 1),
(951, 'm1        ', '77        ', 2, 0, 1),
(952, 'm1        ', '78        ', 2, 1, 2),
(953, 'm1        ', '79        ', 2, 0, 1),
(954, 'm1        ', '8         ', 2, 3, 3),
(955, 'm1        ', '80        ', 2, 0, 1),
(956, 'm1        ', '81        ', 2, 2, 5),
(957, 'm1        ', '82        ', 2, 1, 2),
(958, 'm1        ', '83        ', 2, 3, 7),
(959, 'm1        ', '84        ', 2, 0, 1),
(960, 'm1        ', '85        ', 2, 1, 3),
(961, 'm1        ', '86        ', 2, 0, 3),
(962, 'm1        ', '87        ', 2, 1, 4),
(963, 'm1        ', '88        ', 2, 1, 0),
(964, 'm1        ', '89        ', 2, 0, 1),
(965, 'm1        ', '9         ', 2, 2, 4),
(966, 'm1        ', '90        ', 2, 3, 6),
(967, 'm1        ', '91        ', 2, 1, 5),
(968, 'm1        ', '92        ', 2, 0, 1),
(969, 'm1        ', '93        ', 2, 0, 1),
(970, 'm1        ', '94        ', 2, 2, 3),
(971, 'm1        ', '95        ', 2, 1, 2),
(972, 'm1        ', '96        ', 2, 1, 5),
(973, 'm1        ', '97        ', 2, 1, 3),
(974, 'm1        ', '98        ', 2, 1, 1),
(975, 'm1        ', '99        ', 2, 1, 3),
(976, 'M2        ', '1         ', 2, 1, 3),
(977, 'M2        ', '10        ', 2, 0, 2),
(978, 'M2        ', '11        ', 2, 0, 7),
(979, 'M2        ', '12        ', 2, 1, 3),
(980, 'M2        ', '13        ', 2, 1, 4),
(981, 'M2        ', '14        ', 2, 1, 3),
(982, 'M2        ', '15        ', 2, 0, 2),
(983, 'M2        ', '16        ', 2, 1, 3),
(984, 'M2        ', '17        ', 2, 0, 1),
(985, 'M2        ', '18        ', 2, 2, 3),
(986, 'M2        ', '19        ', 2, 0, 2),
(987, 'M2        ', '2         ', 2, 0, 3),
(988, 'M2        ', '20        ', 2, 0, 1),
(989, 'M2        ', '21        ', 2, 0, 5),
(990, 'M2        ', '22        ', 2, 1, 5),
(991, 'M2        ', '23        ', 2, 0, 3),
(992, 'M2        ', '24        ', 2, 1, 6),
(993, 'M2        ', '25        ', 2, 0, 5),
(994, 'M2        ', '26        ', 2, 0, 3),
(995, 'M2        ', '3         ', 2, 0, 2),
(996, 'M2        ', '4         ', 2, 0, 4),
(997, 'M2        ', '5         ', 2, 0, 3),
(998, 'M2        ', '6         ', 2, 1, 3),
(999, 'M2        ', '7         ', 2, 0, 2),
(1000, 'M2        ', '8         ', 2, 0, 3),
(1001, 'M2        ', '9         ', 2, 0, 4),
(1002, 'm4        ', '1         ', 2, 1, 1),
(1003, 'm4        ', '10        ', 2, 0, 1),
(1004, 'm4        ', '11        ', 2, 2, 2),
(1005, 'm4        ', '12        ', 2, 1, 1),
(1006, 'm4        ', '13        ', 2, 1, 3),
(1007, 'm4        ', '14        ', 2, 2, 2),
(1008, 'm4        ', '15        ', 2, 1, 2),
(1009, 'm4        ', '16        ', 2, 3, 3),
(1010, 'm4        ', '17        ', 2, 1, 5),
(1011, 'm4        ', '18        ', 2, 0, 2),
(1012, 'm4        ', '19        ', 2, 1, 3),
(1013, 'm4        ', '2         ', 2, 0, 1),
(1014, 'm4        ', '20        ', 2, 0, 1),
(1015, 'm4        ', '21        ', 2, 1, 4),
(1016, 'm4        ', '22        ', 2, 2, 6),
(1017, 'm4        ', '23        ', 2, 0, 4),
(1018, 'm4        ', '24        ', 2, 0, 4),
(1019, 'm4        ', '25        ', 2, 2, 2),
(1020, 'm4        ', '26        ', 2, 1, 2),
(1021, 'm4        ', '27        ', 2, 1, 3),
(1022, 'm4        ', '28        ', 2, 2, 2),
(1023, 'm4        ', '29        ', 2, 1, 1),
(1024, 'm4        ', '3         ', 2, 0, 1),
(1025, 'm4        ', '30        ', 2, 0, 2),
(1026, 'm4        ', '31        ', 2, 3, 3),
(1027, 'm4        ', '32        ', 2, 1, 2),
(1028, 'm4        ', '33        ', 2, 2, 2),
(1029, 'm4        ', '34        ', 2, 0, 1),
(1030, 'm4        ', '35        ', 2, 3, 3),
(1031, 'm4        ', '36        ', 2, 2, 2),
(1032, 'm4        ', '37        ', 2, 0, 1),
(1033, 'm4        ', '38        ', 2, 0, 2),
(1034, 'm4        ', '39        ', 2, 1, 3),
(1035, 'm4        ', '4         ', 2, 0, 2),
(1036, 'm4        ', '40        ', 2, 0, 1),
(1037, 'm4        ', '41        ', 2, 3, 3),
(1038, 'm4        ', '42        ', 2, 3, 5),
(1039, 'm4        ', '43        ', 2, 0, 3),
(1040, 'm4        ', '44        ', 2, 0, 2),
(1041, 'm4        ', '45        ', 2, 1, 2),
(1042, 'm4        ', '46        ', 2, 0, 2),
(1043, 'm4        ', '47        ', 2, 2, 3),
(1044, 'm4        ', '48        ', 2, 0, 3),
(1045, 'm4        ', '49        ', 2, 0, 2),
(1046, 'm4        ', '5         ', 2, 0, 1),
(1047, 'm4        ', '50        ', 2, 0, 1),
(1048, 'm4        ', '51        ', 2, 0, 6),
(1049, 'm4        ', '52        ', 2, 0, 2),
(1050, 'm4        ', '53        ', 2, 1, 2),
(1051, 'm4        ', '54        ', 2, 0, 3),
(1052, 'm4        ', '55        ', 2, 1, 3),
(1053, 'm4        ', '56        ', 2, 1, 3),
(1054, 'm4        ', '57        ', 2, 0, 4),
(1055, 'm4        ', '58        ', 2, 1, 2),
(1056, 'm4        ', '59        ', 2, 1, 1),
(1057, 'm4        ', '6         ', 2, 0, 1),
(1058, 'm4        ', '60        ', 2, 0, 2),
(1059, 'm4        ', '7         ', 2, 0, 1),
(1060, 'm4        ', '8         ', 2, 0, 1),
(1061, 'm4        ', '9         ', 2, 0, 1),
(1062, 'RR        ', '1         ', 2, 3, 3),
(1063, 'RR        ', '10        ', 2, 0, 4),
(1064, 'RR        ', '11        ', 2, 0, 2),
(1065, 'RR        ', '12        ', 2, 0, 2),
(1066, 'RR        ', '13        ', 2, 1, 3),
(1067, 'RR        ', '14        ', 2, 0, 2),
(1068, 'RR        ', '15        ', 2, 2, 2),
(1069, 'RR        ', '16        ', 2, 1, 7),
(1070, 'RR        ', '17        ', 2, 0, 3),
(1071, 'RR        ', '18        ', 2, 3, 3),
(1072, 'RR        ', '2         ', 2, 2, 3),
(1073, 'RR        ', '3         ', 2, 0, 2),
(1074, 'RR        ', '4         ', 2, 1, 3),
(1075, 'RR        ', '5         ', 2, 3, 5),
(1076, 'RR        ', '6         ', 2, 2, 2),
(1077, 'RR        ', '7         ', 2, 0, 1),
(1078, 'RR        ', '8         ', 2, 1, 4),
(1079, 'RR        ', '9         ', 2, 1, 4),
(1080, 'sw1       ', '1         ', 1, 10, 4),
(1081, 'sw1       ', '2         ', 1, 8, 3),
(1082, 'THS-W1', '1', 7, 0, 3),
(1083, 'THS-W1', '10', 7, 0, 1),
(1084, 'THS-W1', '11', 7, 2, 2),
(1085, 'THS-W1', '12', 7, 1, 1),
(1086, 'THS-W1', '13', 7, 0, 3),
(1087, 'THS-W1', '14', 7, 0, 4),
(1088, 'THS-W1', '15', 7, 1, 2),
(1089, 'THS-W1', '17', 7, 0, 2),
(1090, 'THS-W1', '18', 7, 0, 1),
(1091, 'THS-W1', '19', 7, 0, 2),
(1092, 'THS-W1', '2', 7, 0, 1),
(1093, 'THS-W1', '20', 7, 1, 2),
(1094, 'THS-W1', '21', 7, 0, 2),
(1095, 'THS-W1', '22', 7, 0, 2),
(1096, 'THS-W1', '24', 7, 0, 3),
(1097, 'THS-W1', '25', 7, 0, 2),
(1098, 'THS-W1', '26', 7, 0, 2),
(1099, 'THS-W1', '27', 7, 0, 2),
(1100, 'THS-W1', '28', 7, 0, 1),
(1101, 'THS-W1', '29', 7, 0, 1),
(1102, 'THS-W1', '3', 7, 0, 2),
(1103, 'THS-W1', '30', 7, 0, 1),
(1104, 'THS-W1', '4', 7, 0, 1),
(1105, 'THS-W1', '5', 7, 1, 2),
(1106, 'THS-W1', '7', 7, 0, 2),
(1107, 'THS-W1', '8', 7, 0, 2),
(1108, 'THS-W1', '9', 7, 0, 3),
(1109, 'THS-W2', '1', 7, 0, 2),
(1110, 'THS-W2', '11', 7, 1, 1),
(1111, 'THS-W2', '12', 7, 0, 4),
(1112, 'THS-W2', '15', 7, 0, 2),
(1113, 'THS-W2', '16', 7, 0, 1),
(1114, 'THS-W2', '17', 7, 1, 2),
(1115, 'THS-W2', '18', 7, 0, 1),
(1116, 'THS-W2', '19', 7, 0, 1),
(1117, 'THS-W2', '2', 7, 0, 3),
(1118, 'THS-W2', '20', 7, 3, 0),
(1119, 'THS-W2', '21', 7, 0, 3),
(1120, 'THS-W2', '23', 7, 0, 1),
(1121, 'THS-W2', '24', 7, 0, 2),
(1122, 'THS-W2', '25', 7, 0, 3),
(1123, 'THS-W2', '26', 7, 0, 2),
(1124, 'THS-W2', '27', 7, 0, 2),
(1125, 'THS-W2', '28', 7, 0, 1),
(1126, 'THS-W2', '29', 7, 0, 2),
(1127, 'THS-W2', '3', 7, 0, 3),
(1128, 'THS-W2', '30', 7, 0, 3),
(1129, 'THS-W2', '4', 7, 0, 1),
(1130, 'THS-W2', '5', 7, 7, 3),
(1131, 'THS-W2', '7', 7, 2, 0),
(1132, 'THS-W2', '8', 7, 1, 1),
(1133, 'THS-W2', '9', 7, 0, 2),
(1134, 'THS-W3', '1', 7, 1, 3),
(1135, 'THS-W3', '10', 7, 1, 4),
(1136, 'THS-W3', '11', 7, 0, 1),
(1137, 'THS-W3', '12', 7, 0, 2),
(1138, 'THS-W3', '16', 7, 0, 2),
(1139, 'THS-W3', '2', 7, 0, 2),
(1140, 'THS-W3', '21', 7, 0, 4),
(1141, 'THS-W3', '22', 7, 0, 3),
(1142, 'THS-W3', '25', 7, 0, 1),
(1143, 'THS-W3', '27', 7, 0, 3),
(1144, 'THS-W3', '28', 7, 0, 3),
(1145, 'THS-W3', '29', 7, 0, 2),
(1146, 'THS-W3', '30', 7, 0, 2),
(1147, 'THS-W3', '5', 7, 1, 1),
(1148, 'THS-W3', '7', 7, 0, 2),
(1149, 'THS-W3', '9', 7, 0, 3);

-- --------------------------------------------------------

--
-- Table structure for table `cloud_cover`
--

CREATE TABLE `cloud_cover` (
  `id` int(11) NOT NULL AUTO_INCREMENT,
  `cloud_cover_name` varchar(50) DEFAULT NULL,
  PRIMARY KEY (`id`)
) ENGINE=InnoDB  DEFAULT CHARSET=latin1 AUTO_INCREMENT=4 ;

--
-- Dumping data for table `cloud_cover`
--

INSERT INTO `cloud_cover` (`id`, `cloud_cover_name`) VALUES
(1, 'no cloud cover'),
(2, 'scattered clouds'),
(3, 'overcast skys');

-- --------------------------------------------------------

--
-- Table structure for table `habitats`
--

CREATE TABLE `habitats` (
  `id` int(11) NOT NULL AUTO_INCREMENT,
  `type` varchar(2) NOT NULL,
  `recording_date` date DEFAULT NULL,
  `area` smallint(6) DEFAULT NULL,
  `shrubcover` smallint(6) DEFAULT NULL,
  `tree_canopy` smallint(6) DEFAULT NULL,
  `lawn` tinyint(4) DEFAULT NULL,
  `other` tinyint(4) DEFAULT NULL,
  `paved_building` tinyint(4) DEFAULT NULL,
  `gravel_soil` tinyint(4) DEFAULT NULL,
  `water` tinyint(4) DEFAULT NULL,
  `num_traps` smallint(6) DEFAULT NULL,
  `trap_arrange` varchar(255) DEFAULT NULL,
  `percent_observed` tinyint(4) DEFAULT NULL,
  `radius` smallint(6) DEFAULT NULL,
  `date_entered` datetime DEFAULT NULL,
  `site_id` int(11) NOT NULL,
  `school_id` int(11) NOT NULL,
  PRIMARY KEY (`id`),
  KEY `school_id` (`school_id`),
  KEY `site_id` (`site_id`)
) ENGINE=InnoDB  DEFAULT CHARSET=latin1 AUTO_INCREMENT=488 ;

--
-- Dumping data for table `habitats`
--

INSERT INTO `habitats` (`id`, `type`, `recording_date`, `area`, `shrubcover`, `tree_canopy`, `lawn`, `other`, `paved_building`, `gravel_soil`, `water`, `num_traps`, `trap_arrange`, `percent_observed`, `radius`, `date_entered`, `site_id`, `school_id`) VALUES
(1, 'AR', '2002-03-30', 0, 0, 0, 0, 0, 0, 0, NULL, 10, 'Line', NULL, NULL, '2002-03-28 09:33:51', 2, 59),
(2, 'AR', '2002-01-10', 0, 0, 0, 0, 0, 0, 0, NULL, 10, 'Line', NULL, NULL, '2002-01-10 12:31:27', 6, 59),
(3, 'AR', '2002-03-29', 0, 0, 0, 100, 0, 0, 0, NULL, 10, 'Line', NULL, NULL, '2002-03-29 21:04:58', 6, 59),
(4, 'AR', '2002-03-29', 500, 0, 0, 100, 0, 0, 0, NULL, 10, 'Line', NULL, NULL, '2002-03-29 21:05:42', 6, 59),
(5, 'AR', '2004-08-20', 250, 0, 0, 0, 70, 0, 30, NULL, 10, 'Line', NULL, NULL, '2005-05-17 07:05:51', 13, 59),
(6, 'AR', '2002-02-03', 0, 0, 0, 0, 0, 0, 0, NULL, 10, 'Line', NULL, NULL, '2002-03-28 14:17:29', 74, 59),
(7, 'AR', '1995-01-01', 0, 0, 0, 0, 20, 0, 80, 0, 10, 'Line', NULL, NULL, NULL, 78, 59),
(8, 'AR', '1995-01-01', 250, 0, 0, 0, 20, 0, 80, 0, 10, 'Line', NULL, NULL, NULL, 78, 59),
(9, 'AR', '2007-03-30', 50, 35, 0, 100, 0, 0, 0, 0, 10, 'Line', NULL, NULL, '2007-03-30 08:59:57', 88, 57),
(10, 'AR', '2004-04-19', 50, 0, 10, 65, 5, 0, 30, NULL, 10, 'Line', NULL, NULL, '2004-04-19 06:29:48', 91, 90),
(11, 'AR', NULL, 0, 0, 0, 0, 0, 0, 0, NULL, 10, 'Straight line from West to East', NULL, NULL, '2000-06-05 10:18:38', 98, 13),
(12, 'AR', NULL, 0, 0, 0, 0, 0, 0, 0, NULL, 10, 'Straight line from north to south', NULL, NULL, '2000-06-05 10:18:38', 99, 13),
(13, 'AR', NULL, 0, 0, 0, 0, 0, 0, 0, NULL, 10, 'Aligned in a straight line from west to east', NULL, NULL, '2000-06-05 10:18:38', 100, 13),
(14, 'AR', NULL, 0, 0, 0, 0, 0, 0, 0, NULL, 10, 'Aligned in a straight line from north to south', NULL, NULL, '2000-06-05 10:18:38', 101, 13),
(15, 'AR', NULL, 0, 0, 0, 0, 0, 0, 0, NULL, 10, 'Arranged in a line\\r\\nfrom East to West', NULL, NULL, '2000-06-05 10:18:38', 102, 13),
(16, 'AR', NULL, 0, 0, 0, 0, 0, 0, 0, NULL, 10, 'Straight line', NULL, NULL, '2000-09-29 12:38:01', 103, 13),
(17, 'AR', '2011-02-17', 45, 0, 0, 100, 0, 0, 0, 0, 10, 'Line', NULL, NULL, NULL, 104, 78),
(18, 'AR', '2007-03-30', 0, 30, 35, 80, 0, 0, 20, 0, 10, 'Line', NULL, NULL, '2007-03-30 09:03:27', 105, 57),
(19, 'AR', '2007-10-26', 0, 40, 0, 0, 0, 0, 60, 0, 10, 'Line', NULL, NULL, '2007-10-26 13:37:04', 109, 84),
(20, 'AR', '2003-01-23', 50, 0, 0, 0, 10, 0, 90, NULL, 10, 'Line', NULL, NULL, '2003-01-23 11:44:22', 110, 128),
(21, 'AR', '2003-12-14', 50, 5, 0, 0, 0, 0, 95, NULL, 10, 'Line', NULL, NULL, '2003-12-14 21:45:35', 118, 128),
(22, 'AR', '2003-02-04', 0, 20, 80, 35, 0, 5, 60, NULL, 10, 'Line', NULL, NULL, '2003-02-04 13:45:12', 121, 101),
(23, 'AR', NULL, 0, 0, 0, 0, 0, 0, 0, NULL, 10, 'line', NULL, NULL, '2000-11-21 15:11:24', 141, 48),
(24, 'AR', '2002-01-24', 0, 0, 0, 0, 0, 0, 0, NULL, 10, 'Line', NULL, NULL, '2002-01-24 17:55:09', 142, 59),
(25, 'AR', '2002-03-29', 250, 0, 0, 40, 30, 0, 30, NULL, 10, 'Line', NULL, NULL, '2002-04-01 11:53:54', 142, 59),
(26, 'AR', '2006-04-26', 500, 0, 0, 25, 65, 0, 10, NULL, 10, 'Line', NULL, NULL, '2004-04-26 21:13:49', 142, 59),
(27, 'AR', '2004-04-26', 500, 0, 0, 25, 65, 0, 10, NULL, 10, 'Line', NULL, NULL, '2004-04-26 21:14:41', 142, 59),
(28, 'AR', NULL, 0, 0, 0, 0, 0, 0, 0, NULL, 16, 'line', NULL, NULL, '2000-06-05 10:18:38', 143, 77),
(29, 'AR', '2006-10-23', 100, 45, 15, 0, 10, 5, 85, 0, 10, 'Line', NULL, NULL, '2006-10-23 10:22:06', 144, 77),
(30, 'AR', '2013-04-29', 0, 50, 40, 0, 0, 0, 100, 0, 10, 'Line', NULL, NULL, NULL, 144, 77),
(31, 'AR', '2006-10-23', 100, 0, 5, 100, 0, 0, 0, 0, 10, 'l shape', NULL, NULL, '2006-10-23 11:32:01', 145, 77),
(32, 'AR', '2007-09-27', 0, 0, 5, 100, 0, 0, 0, 0, 10, 'Line', NULL, NULL, '2007-10-02 12:14:25', 145, 77),
(33, 'AR', '1995-01-01', 100, 0, 10, 70, 0, 25, 5, 0, 10, 'Line', NULL, NULL, NULL, 145, 77),
(34, 'AR', '2004-09-30', 100, 55, 5, 0, 0, 40, 60, NULL, 10, 'Line', NULL, NULL, '2004-09-30 09:03:21', 146, 77),
(35, 'AR', '2007-10-02', 100, 50, 15, 0, 0, 0, 100, 0, 10, 'Line', NULL, NULL, '2007-10-02 09:10:11', 146, 77),
(36, 'AR', NULL, 0, 0, 0, 0, 0, 0, 0, NULL, 16, 'line', NULL, NULL, '2000-06-05 10:18:38', 147, 47),
(37, 'AR', '2006-10-05', 0, 0, 0, 0, 0, 0, 0, 0, 10, 'Line', NULL, NULL, '2006-10-05 12:19:46', 148, 77),
(38, 'AR', '2006-10-12', 216, 0, 5, 95, 0, 0, 0, 0, 10, 'Line', NULL, NULL, '2006-10-23 08:21:35', 148, 77),
(39, 'AR', '2006-10-23', 100, 0, 5, 95, 0, 0, 0, 0, 10, 'Line', NULL, NULL, '2006-10-23 08:33:16', 148, 77),
(40, 'AR', '2007-10-02', 100, 0, 5, 100, 0, 0, 0, 0, 10, 'Line', NULL, NULL, '2007-10-02 08:21:28', 148, 77),
(41, 'AR', NULL, 0, 0, 0, 0, 0, 0, 0, NULL, 10, 'line', NULL, NULL, '2001-08-29 13:09:29', 151, 48),
(42, 'AR', NULL, 0, 0, 0, 0, 0, 0, 0, NULL, 11, 'line', NULL, NULL, '2001-01-18 08:36:31', 152, 48),
(43, 'AR', '1995-01-01', 0, 0, 0, 0, 0, 0, 100, 0, 10, 'Line', NULL, NULL, NULL, 155, 77),
(44, 'AR', '2013-04-29', 0, 30, 25, 0, 0, 0, 100, 0, 10, 'Line', NULL, NULL, NULL, 155, 77),
(45, 'AR', '2013-04-29', 0, 70, 30, 0, 0, 0, 100, 0, 10, 'Line', NULL, NULL, NULL, 155, 77),
(46, 'AR', '2004-09-30', 100, 60, 25, 0, 0, 0, 100, NULL, 10, 'Line', NULL, NULL, '2004-09-30 12:00:42', 156, 77),
(47, 'AR', '2005-10-07', 100, 60, 15, 0, 0, 5, 95, NULL, 10, 'Line', NULL, NULL, '2005-10-24 07:14:49', 156, 77),
(48, 'AR', '2007-09-27', 0, 15, 65, 0, 0, 0, 100, 0, 10, 'Line', NULL, NULL, '2007-10-02 13:04:59', 156, 77),
(49, 'AR', '2013-04-29', 0, 85, 45, 0, 0, 0, 100, 0, 10, 'Line', NULL, NULL, NULL, 156, 77),
(50, 'AR', '2005-10-24', 100, 0, 0, 0, 0, 0, 0, NULL, 10, 'Line', NULL, NULL, '2005-10-24 09:18:25', 157, 77),
(51, 'AR', '2005-10-24', 0, 75, 10, 0, 0, 5, 95, NULL, 10, 'Line', NULL, NULL, '2005-10-24 09:19:48', 157, 77),
(52, 'AR', '2007-09-27', 0, 0, 60, 0, 0, 0, 100, 0, 10, 'Line', NULL, NULL, '2007-10-02 14:00:08', 157, 77),
(53, 'AR', '2013-04-29', 0, 40, 45, 0, 0, 0, 100, 0, 10, 'Line', NULL, NULL, NULL, 157, 77),
(54, 'AR', NULL, 0, 0, 0, 0, 0, 0, 0, NULL, 10, 'line', NULL, NULL, '2000-11-20 09:36:12', 158, 48),
(55, 'AR', '2002-01-24', 0, 0, 0, 0, 0, 0, 0, NULL, 10, 'Line', NULL, NULL, '2002-01-24 16:12:10', 160, 59),
(56, 'AR', '2002-03-29', 0, 0, 0, 100, 0, 0, 0, NULL, 10, 'Line', NULL, NULL, '2002-03-29 21:00:19', 160, 59),
(57, 'AR', '2002-03-29', 250, 0, 0, 100, 0, 0, 0, NULL, 10, 'Line', NULL, NULL, '2002-04-01 11:57:40', 160, 59),
(58, 'AR', '2003-10-24', 100, 0, 5, 80, 0, 10, 0, NULL, 10, 'Line', NULL, NULL, '2003-10-24 12:06:09', 173, 77),
(59, 'AR', '2013-05-09', 24, 20, 0, 0, 80, 0, 0, 0, 12, 'Line', NULL, NULL, NULL, 174, 23),
(60, 'AR', '2009-09-21', 0, 0, 0, 0, 40, 0, 60, 0, 10, 'Line', NULL, NULL, NULL, 176, 78),
(61, 'AR', '2003-04-29', 50, 15, 5, 0, 20, 0, 80, NULL, 10, 'Line', NULL, NULL, '2003-04-29 07:53:15', 178, 90),
(62, 'AR', '2003-05-01', 50, 15, 5, 0, 40, 10, 50, NULL, 10, 'Line', NULL, NULL, '2003-05-01 11:57:03', 179, 90),
(63, 'AR', NULL, 0, 0, 0, 0, 0, 0, 0, NULL, 10, 'diagonal line', NULL, NULL, '2001-05-24 15:09:19', 183, 35),
(64, 'AR', NULL, 0, 0, 0, 0, 0, 0, 0, NULL, 10, 'line', NULL, NULL, '2001-08-29 13:02:19', 184, 59),
(65, 'AR', NULL, 0, 0, 0, 0, 0, 0, 0, NULL, 10, 'east-west, linear, 5 meter spacing', NULL, NULL, '2000-06-05 10:18:38', 186, 59),
(66, 'AR', '2002-03-27', 0, 0, 0, 0, 0, 0, 0, NULL, 10, 'Line', NULL, NULL, '2002-03-28 13:20:09', 186, 59),
(67, 'AR', '2002-05-02', 250, 0, 0, 20, 60, 0, 20, NULL, 10, 'Line', NULL, NULL, '2002-05-02 15:59:10', 186, 59),
(68, 'AR', '2003-11-06', 0, 0, 0, 0, 50, 0, 50, NULL, 10, 'Line', NULL, NULL, '2003-11-06 22:21:48', 186, 59),
(69, 'AR', '2004-04-19', 250, 0, 0, 10, 75, 0, 15, NULL, 10, 'Line', NULL, NULL, '2004-04-27 06:48:51', 186, 59),
(70, 'AR', NULL, 0, 0, 0, 0, 0, 0, 0, NULL, 10, 'northeast-southwest, linear, 5 meter separation', NULL, NULL, '2000-06-05 10:18:38', 187, 59),
(71, 'AR', '2002-04-19', 0, 0, 50, 100, 0, 0, 0, NULL, 10, 'Line', NULL, NULL, '2002-04-30 20:53:51', 187, 59),
(72, 'AR', '2002-04-19', 250, 0, 70, 100, 0, 0, 0, NULL, 10, 'Line', NULL, NULL, '2002-04-30 21:27:59', 187, 59),
(73, 'AR', '1995-01-01', 0, 0, 0, 0, 0, 0, 0, 0, 10, 'Line', NULL, NULL, NULL, 195, 8),
(74, 'AR', '2012-11-05', 50, 10, 50, 75, 15, 0, 10, 0, 10, 'Line', NULL, NULL, NULL, 196, 22),
(75, 'AR', NULL, 0, 0, 0, 0, 0, 0, 0, NULL, 10, 'line', NULL, NULL, '2000-06-05 10:18:38', 205, 75),
(76, 'AR', NULL, 0, 0, 0, 0, 0, 0, 0, NULL, 10, 'Straight line in grass field west of main campus', NULL, NULL, '2000-06-05 10:18:38', 216, 77),
(77, 'AR', NULL, 0, 0, 0, 0, 0, 0, 0, NULL, 10, 'straight line', NULL, NULL, '2000-06-05 10:18:38', 217, 77),
(78, 'AR', NULL, 0, 0, 0, 0, 0, 0, 0, NULL, 10, 'straight line', NULL, NULL, '2000-06-05 10:18:38', 218, 77),
(79, 'AR', '2006-10-25', 50, 40, 10, 0, 25, 0, 25, 0, 10, 'semi-circle', NULL, NULL, '2006-10-25 17:05:05', 219, 78),
(80, 'AR', '2006-10-25', 50, 0, 5, 95, 0, 0, 0, 0, 10, 'Line', NULL, NULL, '2006-10-25 17:07:10', 220, 78),
(81, 'AR', '2003-10-10', 50, 0, 0, 0, 0, 0, 100, NULL, 10, 'Line', NULL, NULL, '2003-10-15 09:28:12', 223, 83),
(82, 'AR', '2003-10-01', 0, 0, 0, 0, 5, 0, 95, NULL, 10, 'Line', NULL, NULL, '2003-10-01 07:51:38', 225, 83),
(83, 'AR', '2003-10-10', 50, 0, 0, 0, 5, 0, 95, NULL, 10, 'Line', NULL, NULL, '2003-10-09 15:53:32', 225, 83),
(84, 'AR', '2012-04-16', 50, 0, 80, 45, 20, 0, 35, 0, 10, 'Line', NULL, NULL, NULL, 270, 22),
(85, 'AR', NULL, 0, 0, 0, 0, 0, 0, 0, NULL, 10, 'line', NULL, NULL, '2001-04-25 20:35:16', 273, 75),
(86, 'AR', NULL, 0, 0, 0, 0, 0, 0, 0, NULL, 10, 'line', NULL, NULL, '2001-04-25 20:37:04', 274, 75),
(87, 'AR', NULL, 0, 0, 0, 0, 0, 0, 0, NULL, 10, 'quarter circle shape', NULL, NULL, '2001-05-24 15:08:08', 283, 35),
(88, 'AR', '2004-04-14', 0, 0, 10, 100, 0, 0, 0, NULL, 18, 'Line', NULL, NULL, '2004-04-14 18:12:29', 292, 98),
(89, 'AR', '2004-04-14', 0, 0, 0, 0, 0, 0, 0, NULL, 10, 'Line', NULL, NULL, '2004-04-14 18:15:32', 292, 98),
(90, 'AR', '2004-03-27', 0, 0, 10, 100, 0, 0, 0, NULL, 10, 'Line', NULL, NULL, '2004-04-14 18:17:18', 292, 98),
(91, 'AR', NULL, 0, 0, 0, 0, 0, 0, 0, NULL, 10, 'line', NULL, NULL, '2001-04-25 20:33:34', 294, 75),
(92, 'AR', '2004-09-22', 100, 5, 5, 0, 0, 5, 85, NULL, 10, 'Line', NULL, NULL, '2004-09-22 20:34:00', 297, 31),
(93, 'AR', '2012-04-16', 50, 55, 45, 0, 0, 10, 90, 0, 10, 'Line', NULL, NULL, NULL, 299, 22),
(94, 'AR', '2012-11-02', 50, 30, 35, 0, 0, 0, 100, 0, 10, 'Line', NULL, NULL, NULL, 299, 22),
(95, 'AR', '2003-10-31', 200, 30, 25, 0, 0, 15, 85, NULL, 10, 'Line', NULL, NULL, '2003-10-31 11:54:07', 314, 77),
(96, 'AR', '2007-11-02', 0, 0, 0, 100, 0, 0, 0, 0, 10, 'Line', NULL, NULL, '2007-11-02 13:29:33', 316, 84),
(97, 'AR', '2003-11-25', 0, 0, 0, 0, 0, 0, 0, NULL, 10, 'Line', NULL, NULL, '2003-11-25 18:43:13', 319, 45),
(98, 'AR', '2004-04-19', 50, 0, 5, 90, 5, 0, 5, NULL, 10, 'Line', NULL, NULL, '2004-04-19 06:26:43', 320, 90),
(99, 'AR', NULL, 0, 0, 0, 0, 0, 0, 0, NULL, 10, 'line', NULL, NULL, '2001-04-25 21:06:06', 324, 75),
(100, 'AR', '2012-04-16', 50, 10, 70, 100, 0, 0, 0, 0, 10, 'Line', NULL, NULL, NULL, 325, 22),
(101, 'AR', '2012-11-05', 50, 0, 0, 0, 25, 0, 75, 0, 10, 'Line', NULL, NULL, NULL, 325, 22),
(102, 'AR', '2010-05-03', 40, 0, 0, 0, 5, 0, 95, 0, 8, 'Line', NULL, NULL, NULL, 326, 33),
(103, 'AR', '2007-06-25', 50, 0, 5, 0, 0, 0, 100, 0, 10, 'Line', NULL, NULL, '2007-06-25 13:49:17', 330, 8),
(104, 'AR', '2007-06-25', 50, 0, 45, 0, 0, 0, 100, 0, 10, 'Line', NULL, NULL, '2007-06-25 14:01:35', 331, 8),
(105, 'AR', NULL, 0, 0, 0, 0, 0, 0, 0, NULL, 10, 'line', NULL, NULL, '2001-04-25 21:01:03', 332, 75),
(106, 'AR', '2002-06-21', 50, 30, 100, 0, 20, 5, 75, NULL, 10, 'L Shape', NULL, NULL, '2002-06-21 13:48:24', 335, 8),
(107, 'AR', '2003-06-17', 50, 10, 95, 0, 15, 5, 80, NULL, 10, 'Line', NULL, NULL, '2003-06-24 14:39:42', 335, 8),
(108, 'AR', '2007-03-30', 50, 100, 35, 0, 0, 0, 100, 0, 10, 'Line', NULL, NULL, '2007-03-30 08:34:02', 338, 57),
(109, 'AR', '2007-03-27', 0, 0, 0, 0, 0, 0, 0, 0, 10, 'Line', NULL, NULL, '2007-04-02 11:03:10', 338, 57),
(110, 'AR', '2007-03-27', 0, 0, 0, 0, 0, 0, 0, 0, 10, 'Line', NULL, NULL, '2007-04-02 11:03:41', 338, 57),
(111, 'AR', NULL, 0, 0, 0, 0, 0, 0, 0, NULL, 10, 'straight line', NULL, NULL, '2001-05-24 15:06:02', 341, 35),
(112, 'AR', '2002-04-09', 50, 0, 0, 100, 0, 0, 0, NULL, 5, 'Line', NULL, NULL, '2002-04-09 14:36:28', 358, 76),
(113, 'AR', NULL, 0, 0, 0, 0, 0, 0, 0, NULL, 10, 'straight line', NULL, NULL, '2000-06-05 10:18:38', 364, 108),
(114, 'AR', '2012-04-16', 50, 95, 5, 0, 0, 0, 100, 0, 10, 'Line', NULL, NULL, NULL, 367, 22),
(115, 'AR', '2012-11-02', 50, 55, 25, 0, 0, 0, 100, 0, 10, 'Line', NULL, NULL, NULL, 367, 22),
(116, 'AR', '1995-01-01', 0, 0, 0, 0, 0, 0, 100, 0, 10, 'Line', NULL, NULL, NULL, 369, 58),
(117, 'AR', '2012-08-31', 100, 40, 20, 0, 0, 0, 100, 0, 20, 'Line', NULL, NULL, NULL, 369, 58),
(118, 'AR', '2006-04-12', 50, 10, 15, 0, 5, 0, 95, 0, 10, 'Line', NULL, NULL, '2006-04-12 12:14:16', 378, 125),
(119, 'AR', '2006-04-20', 50, 15, 5, 0, 10, 0, 90, 0, 6, 'Line', NULL, NULL, '2006-04-20 13:36:32', 379, 125),
(120, 'AR', '2006-04-12', 50, 0, 0, 100, 0, 0, 0, 0, 10, 'Line', NULL, NULL, '2006-04-12 12:18:36', 380, 125),
(121, 'AR', '2003-05-04', 4, 20, 20, 20, 0, 0, 20, NULL, 1, 'Line', NULL, NULL, '2004-09-02 09:15:20', 383, 8),
(122, 'AR', '2013-01-01', 0, 0, 0, 10, 0, 10, 10, 0, 10, 'Line', NULL, NULL, NULL, 384, 44),
(123, 'AR', '2006-04-12', 50, 0, 20, 0, 10, 0, 90, 0, 10, 'Line', NULL, NULL, '2006-04-12 12:16:57', 385, 125),
(124, 'AR', '2004-09-22', 0, 0, 0, 0, 0, 0, 0, NULL, 10, 'Line', NULL, NULL, '2004-09-22 15:30:39', 391, 78),
(125, 'AR', NULL, 0, 0, 0, 0, 0, 0, 0, NULL, 10, 'straight line', NULL, NULL, '2001-05-24 15:11:12', 395, 35),
(126, 'AR', '2004-10-15', 50, 20, 15, 0, 0, 0, 65, NULL, 10, 'Line', NULL, NULL, '2004-10-15 07:31:11', 396, 41),
(127, 'AR', '2012-06-11', 0, 5, 80, 0, 5, 0, 95, 0, 10, 'Line', NULL, NULL, NULL, 397, 8),
(128, 'BI', '2004-11-19', NULL, 0, 0, 100, 0, 0, 0, NULL, NULL, NULL, 100, 20, '2004-11-19 10:39:46', 1, 87),
(129, 'BI', NULL, NULL, 0, 0, 5, 0, 0, 95, NULL, NULL, NULL, 100, 20, '2000-12-07 13:16:36', 2, 59),
(130, 'BI', '2004-11-10', NULL, 0, 0, 0, 0, 100, 0, NULL, NULL, NULL, 100, 20, '2004-11-10 10:36:49', 3, 87),
(131, 'BI', '2004-11-10', NULL, 0, 5, 75, 5, 0, 20, NULL, NULL, NULL, 100, 20, '2004-11-10 13:35:17', 4, 87),
(132, 'BI', '2005-12-14', NULL, 0, 20, 70, 20, 10, 0, NULL, NULL, NULL, 100, 20, '2005-12-14 12:13:09', 5, 87),
(133, 'BI', '2005-12-09', NULL, 0, 20, 70, 20, 10, 0, NULL, NULL, NULL, 100, 20, '2005-12-14 12:14:47', 5, 87),
(134, 'BI', NULL, NULL, 0, 5, 100, 0, 0, 0, NULL, NULL, NULL, 100, 20, '2000-12-03 17:34:46', 6, 59),
(135, 'BI', '2004-03-09', NULL, 0, 0, 35, 0, 65, 0, NULL, NULL, NULL, 100, 20, '2004-03-09 10:48:23', 7, 87),
(136, 'BI', '2004-11-10', NULL, 0, 35, 55, 35, 10, 0, NULL, NULL, NULL, 100, 20, '2004-11-10 10:43:32', 8, 87),
(137, 'BI', '2004-11-10', NULL, 15, 15, 20, 15, 20, 45, NULL, NULL, NULL, 100, 20, '2004-11-10 10:40:08', 9, 87),
(138, 'BI', '2004-11-12', NULL, 0, 15, 20, 15, 20, 45, NULL, NULL, NULL, 100, 20, '2004-11-12 10:23:03', 10, 87),
(139, 'BI', '2004-11-12', NULL, 0, 70, 0, 0, 20, 10, NULL, NULL, NULL, 100, 20, '2004-11-12 12:09:13', 11, 87),
(140, 'BI', '2004-11-10', NULL, 5, 5, 0, 0, 80, 15, NULL, NULL, NULL, 100, 20, '2004-11-10 13:19:04', 12, 87),
(141, 'BI', NULL, NULL, 10, 20, 20, 0, 20, 50, NULL, NULL, NULL, 100, 20, '2000-12-06 12:22:40', 13, 59),
(142, 'BI', '2004-11-10', NULL, 0, 10, 0, 0, 40, 50, NULL, NULL, NULL, 100, 20, '2004-11-10 13:34:16', 14, 87),
(143, 'BI', '2004-11-10', NULL, 0, 15, 20, 15, 60, 5, NULL, NULL, NULL, 100, 20, '2004-11-10 13:18:26', 15, 87),
(144, 'BI', '2004-11-10', NULL, 0, 0, 15, 0, 85, 0, NULL, NULL, NULL, 100, 20, '2004-11-10 12:29:42', 16, 87),
(145, 'BI', '2004-11-10', NULL, 0, 15, 40, 15, 45, 0, NULL, NULL, NULL, 100, 20, '2004-11-10 13:16:21', 17, 87),
(146, 'BI', '2004-11-12', NULL, 0, 20, 20, 20, 0, 60, NULL, NULL, NULL, 100, 20, '2004-11-12 10:31:13', 18, 87),
(147, 'BI', '2004-11-10', NULL, 0, 0, 0, 0, 15, 85, NULL, NULL, NULL, 100, 20, '2004-11-10 12:13:20', 19, 87),
(148, 'BI', '2004-11-10', NULL, 0, 0, 85, 0, 15, 0, NULL, NULL, NULL, 100, 20, '2004-11-10 12:18:50', 20, 87),
(149, 'BI', '2004-11-12', NULL, 0, 0, 45, 0, 55, 0, NULL, NULL, NULL, 100, 20, '2004-11-12 10:23:49', 21, 87),
(150, 'BI', '2004-11-10', NULL, 10, 5, 0, 0, 85, 0, NULL, NULL, NULL, 100, 20, '2004-11-10 13:14:53', 22, 87),
(151, 'BI', '2004-11-12', NULL, 0, 25, 20, 25, 50, 5, NULL, NULL, NULL, 100, 20, '2004-11-12 10:43:58', 23, 87),
(152, 'BI', '2004-11-12', NULL, 20, 0, 30, 20, 35, 15, NULL, NULL, NULL, 100, 20, '2004-11-12 12:13:57', 24, 87),
(153, 'BI', '2004-11-10', NULL, 0, 0, 80, 0, 20, 0, NULL, NULL, NULL, 100, 20, '2004-11-10 12:25:23', 25, 87),
(154, 'BI', '2004-11-10', NULL, 15, 30, 45, 45, 10, 0, NULL, NULL, NULL, 100, 20, '2004-11-10 12:13:54', 26, 87),
(155, 'BI', '2004-11-10', NULL, 10, 10, 0, 0, 90, 0, NULL, NULL, NULL, 100, 20, '2004-11-10 13:28:51', 27, 87),
(156, 'BI', '2004-11-10', NULL, 5, 0, 70, 5, 15, 10, NULL, NULL, NULL, 100, 20, '2004-11-10 12:13:51', 28, 87),
(157, 'BI', '2004-11-10', NULL, 10, 5, 70, 10, 0, 20, NULL, NULL, NULL, 100, 20, '2004-11-10 13:19:16', 29, 87),
(158, 'BI', '2004-11-10', NULL, 10, 0, 70, 10, 0, 20, NULL, NULL, NULL, 100, 20, '2004-11-10 13:19:08', 30, 87),
(159, 'BI', '2004-11-10', NULL, 0, 50, 50, 50, 0, 0, NULL, NULL, NULL, 100, 20, '2004-11-10 12:14:19', 31, 87),
(160, 'BI', '2004-11-10', NULL, 0, 20, 25, 0, 40, 15, NULL, NULL, NULL, 100, 10, '2004-11-10 13:15:19', 32, 87),
(161, 'BI', '2004-11-19', NULL, 5, 15, 0, 20, 75, 5, NULL, NULL, NULL, 100, 20, '2004-11-19 13:22:47', 33, 87),
(162, 'BI', '2004-11-10', NULL, 20, 10, 5, 0, 60, 5, NULL, NULL, NULL, 100, 20, '2004-11-10 12:14:04', 34, 87),
(163, 'BI', '2004-11-10', NULL, 10, 15, 10, 25, 45, 20, NULL, NULL, NULL, 100, 20, '2004-11-10 12:20:57', 35, 87),
(164, 'BI', '2004-11-19', NULL, 0, 10, 10, 10, 70, 10, NULL, NULL, NULL, 100, 20, '2004-11-19 10:44:38', 35, 87),
(165, 'BI', '2004-11-10', NULL, 10, 35, 0, 45, 50, 5, NULL, NULL, NULL, 100, 20, '2004-11-10 12:14:14', 36, 87),
(166, 'BI', '2004-11-10', NULL, 0, 0, 95, 0, 5, 0, NULL, NULL, NULL, 100, 20, '2004-11-10 10:41:33', 37, 87),
(167, 'BI', '2004-11-10', NULL, 5, 10, 55, 0, 20, 10, NULL, NULL, NULL, 100, 10, '2004-11-10 13:15:48', 38, 87),
(168, 'BI', '2004-11-10', NULL, 5, 30, 35, 35, 15, 15, NULL, NULL, NULL, 100, 20, '2004-11-10 10:45:41', 39, 87),
(169, 'BI', '2004-11-10', NULL, 0, 50, 5, 0, 45, 0, NULL, NULL, NULL, 100, 20, '2004-11-10 13:15:19', 40, 87),
(170, 'BI', '2004-11-10', NULL, 10, 10, 20, 20, 40, 20, NULL, NULL, NULL, 100, 20, '2004-11-10 13:22:10', 41, 87),
(171, 'BI', '2004-11-10', NULL, 0, 0, 0, 0, 0, 0, NULL, NULL, NULL, 100, 20, '2004-11-10 13:10:34', 42, 87),
(172, 'BI', '2004-11-10', NULL, 0, 0, 70, 0, 5, 0, NULL, NULL, NULL, 100, 20, '2004-11-10 13:22:57', 43, 87),
(173, 'BI', '2004-11-10', NULL, 5, 10, 0, 15, 85, 0, NULL, NULL, NULL, 100, 20, '2004-11-10 12:13:46', 44, 87),
(174, 'BI', '2004-11-10', NULL, 5, 25, 55, 30, 5, 5, NULL, NULL, NULL, 100, 20, '2004-11-10 12:13:39', 45, 87),
(175, 'BI', '2004-11-10', NULL, 0, 45, 15, 45, 0, 40, NULL, NULL, NULL, 100, 20, '2004-11-10 12:13:41', 46, 87),
(176, 'BI', '2004-12-03', NULL, 0, 0, 95, 0, 0, 5, NULL, NULL, NULL, 100, 20, '2004-12-03 12:34:31', 47, 87),
(177, 'BI', '2004-11-10', NULL, 0, 60, 15, 60, 0, 25, NULL, NULL, NULL, 100, 20, '2004-11-10 12:14:10', 48, 87),
(178, 'BI', '2004-11-19', NULL, 0, 45, 0, 45, 35, 20, NULL, NULL, NULL, 100, 20, '2004-11-19 10:34:46', 49, 87),
(179, 'BI', '2004-11-10', NULL, 5, 45, 0, 50, 15, 35, NULL, NULL, NULL, 100, 10, '2004-11-10 13:16:46', 50, 87),
(180, 'BI', '2004-11-10', NULL, 5, 20, 5, 25, 70, 0, NULL, NULL, NULL, 100, 20, '2004-11-10 12:13:09', 51, 87),
(181, 'BI', '2004-11-10', NULL, 0, 15, 75, 15, 0, 10, NULL, NULL, NULL, 100, 20, '2004-11-10 13:16:15', 52, 87),
(182, 'BI', '2004-11-10', NULL, 0, 5, 45, 0, 30, 20, NULL, NULL, NULL, 100, 20, '2004-11-10 13:15:23', 53, 87),
(183, 'BI', '2004-12-03', NULL, 0, 5, 10, 5, 80, 5, NULL, NULL, NULL, 100, 20, '2004-12-03 13:22:55', 54, 87),
(184, 'BI', '2004-11-10', NULL, 0, 0, 90, 0, 10, 0, NULL, NULL, NULL, 100, 20, '2004-11-10 12:13:08', 55, 87),
(185, 'BI', '2004-11-12', NULL, 0, 45, 10, 45, 45, 0, NULL, NULL, NULL, 100, 20, '2004-11-12 10:22:37', 56, 87),
(186, 'BI', '2004-11-10', NULL, 0, 10, 65, 10, 10, 15, NULL, NULL, NULL, 100, 20, '2004-11-10 10:44:58', 57, 87),
(187, 'BI', '2004-11-10', NULL, 0, 60, 10, 65, 25, 0, NULL, NULL, NULL, 100, 20, '2004-11-10 10:41:36', 58, 87),
(188, 'BI', '2004-11-10', NULL, 0, 60, 10, 60, 30, 0, NULL, NULL, NULL, 100, 20, '2004-11-10 10:48:47', 59, 87),
(189, 'BI', '2004-11-10', NULL, 0, 0, 20, 0, 80, 0, NULL, NULL, NULL, 100, 10, '2004-11-10 13:16:12', 60, 87),
(190, 'BI', NULL, NULL, 0, 0, 30, 0, 70, 0, NULL, NULL, NULL, 100, 20, '2000-12-07 11:49:02', 61, 59),
(191, 'BI', '2004-11-10', NULL, 0, 0, 100, 0, 0, 0, NULL, NULL, NULL, 100, 20, '2004-11-10 12:20:02', 62, 87),
(192, 'BI', '2004-11-10', NULL, 0, 0, 30, 0, 70, 0, NULL, NULL, NULL, 100, 20, '2004-11-10 13:23:43', 63, 87),
(193, 'BI', '2004-11-10', NULL, 0, 0, 0, 0, 100, 0, NULL, NULL, NULL, 100, 20, '2004-11-10 13:31:51', 64, 87),
(194, 'BI', '2004-11-10', NULL, 0, 0, 0, 0, 0, 100, NULL, NULL, NULL, 100, 20, '2004-11-10 13:15:48', 65, 87),
(195, 'BI', '2004-11-10', NULL, 0, 40, 60, 20, 5, 15, NULL, NULL, NULL, 100, 20, '2004-11-10 12:30:59', 66, 87),
(196, 'BI', '2004-11-10', NULL, 10, 5, 0, 15, 35, 50, NULL, NULL, NULL, 100, 20, '2004-11-10 12:25:36', 67, 87),
(197, 'BI', '2004-11-10', NULL, 5, 25, 5, 0, 5, 90, NULL, NULL, NULL, 100, 20, '2004-11-10 12:13:49', 68, 87),
(198, 'BI', NULL, NULL, 0, 3, 75, 0, 0, 25, NULL, NULL, NULL, 100, 20, '2000-12-06 12:18:15', 69, 59),
(199, 'BI', '2004-11-10', NULL, 0, 0, 100, 0, 0, 0, NULL, NULL, NULL, 100, 20, '2004-11-10 10:44:15', 70, 87),
(200, 'BI', '2004-11-10', NULL, 5, 0, 85, 0, 5, 5, NULL, NULL, NULL, 100, 20, '2004-11-10 13:30:01', 71, 87),
(201, 'BI', '2004-11-10', NULL, 0, 0, 95, 0, 0, 5, NULL, NULL, NULL, 100, 20, '2004-11-10 12:34:59', 72, 87),
(202, 'BI', '2004-11-10', NULL, 10, 10, 40, 5, 20, 15, NULL, NULL, NULL, 100, 20, '2004-11-10 13:31:49', 73, 87),
(203, 'BI', NULL, NULL, 5, 0, 0, 0, 80, 5, NULL, NULL, NULL, 100, 20, '2000-12-06 12:26:04', 74, 59),
(204, 'BI', '2004-11-10', NULL, 0, 55, 10, 55, 5, 30, NULL, NULL, NULL, 100, 20, '2004-11-10 12:13:21', 75, 87),
(205, 'BI', NULL, NULL, 0, 0, 20, 0, 0, 80, NULL, NULL, NULL, 100, 20, '2000-12-01 11:59:14', 76, 59),
(206, 'BI', NULL, NULL, 0, 0, 92, 0, 0, 8, NULL, NULL, NULL, 100, 20, '2000-12-07 11:55:45', 77, 59),
(207, 'BI', '2004-11-12', NULL, 20, 0, 30, 0, 70, 0, NULL, NULL, NULL, 100, 20, '2004-11-12 10:46:41', 79, 87),
(208, 'BI', '2004-03-11', NULL, 0, 30, 25, 30, 25, 20, NULL, NULL, NULL, 100, 20, '2004-03-11 10:02:39', 80, 87),
(209, 'BI', '2004-03-11', NULL, 10, 0, 10, 40, 20, 30, NULL, NULL, NULL, 100, 20, '2004-03-11 12:27:36', 81, 87),
(210, 'BI', '2007-10-26', NULL, 0, 0, 0, 15, 10, 75, 0, NULL, NULL, 100, 50, '2007-10-26 13:44:49', 82, 84),
(211, 'BI', '2004-03-11', NULL, 0, 0, 0, 10, 0, 90, NULL, NULL, NULL, 100, 20, '2004-03-11 12:42:21', 83, 87),
(212, 'BI', '2004-03-11', NULL, 0, 10, 0, 0, 10, 80, NULL, NULL, NULL, 100, 20, '2004-03-11 10:42:34', 84, 87),
(213, 'BI', '2006-05-12', NULL, 30, 15, 0, 0, 10, 45, 0, NULL, NULL, 100, 20, '2006-05-12 08:08:27', 85, 6),
(214, 'BI', '2006-05-12', NULL, 0, 0, 0, 0, 25, 75, 0, NULL, NULL, 100, 20, '2006-05-12 08:03:16', 86, 6),
(215, 'BI', '2006-05-17', NULL, 0, 10, 80, 0, 0, 10, 0, NULL, NULL, 100, 20, '2006-05-17 20:30:57', 87, 6),
(216, 'BI', '2003-05-23', NULL, 0, 25, 95, 0, 0, 5, NULL, NULL, NULL, 100, 20, '2003-05-23 13:19:13', 89, 126),
(217, 'BI', '2004-03-11', NULL, 0, 0, 100, 0, 0, 0, NULL, NULL, NULL, 97, 22, '2004-03-11 10:54:43', 90, 87),
(218, 'BI', '2004-11-10', NULL, 0, 0, 0, 0, 100, 0, NULL, NULL, NULL, 100, 20, '2004-11-10 10:46:23', 92, 87),
(219, 'BI', '2003-12-02', NULL, 0, 10, 5, 5, 5, 15, NULL, NULL, NULL, 5, 5, '2003-12-02 10:17:43', 93, 124),
(220, 'BI', '2004-11-11', NULL, 0, 0, 80, 0, 0, 20, NULL, NULL, NULL, 100, 20, '2004-11-11 09:19:44', 94, 110),
(221, 'BI', '2005-10-25', NULL, 0, 0, 80, 0, 0, 20, 0, NULL, NULL, 100, 20, '2006-05-22 13:39:59', 94, 110),
(222, 'BI', '2004-11-11', NULL, 0, 0, 70, 0, 0, 25, NULL, NULL, NULL, 100, 20, '2004-11-11 09:23:05', 95, 110),
(223, 'BI', '2006-05-22', NULL, 0, 0, 75, 0, 15, 10, 0, NULL, NULL, 100, 20, '2006-05-22 14:10:52', 96, 110),
(224, 'BI', '2005-12-02', NULL, 5, 45, 0, 0, 5, 95, NULL, NULL, NULL, 100, 20, '2005-12-02 11:34:51', 97, 95),
(225, 'BI', '2004-03-11', NULL, 0, 0, 20, 0, 0, 80, NULL, NULL, NULL, 100, 20, '2004-03-11 10:43:26', 106, 87),
(226, 'BI', '2004-03-11', NULL, 0, 0, 90, 0, 5, 5, NULL, NULL, NULL, 100, 20, '2004-03-11 10:44:54', 107, 87),
(227, 'BI', '2003-02-07', NULL, 0, 15, 40, 0, 60, 0, NULL, NULL, NULL, 100, 20, '2003-02-07 09:34:11', 108, 101),
(228, 'BI', '2007-11-02', NULL, 0, 20, 5, 0, 60, 35, 0, NULL, NULL, 100, 25, '2007-11-02 13:17:19', 112, 84),
(229, 'BI', '2002-01-15', NULL, 0, 25, 35, 0, 40, 0, NULL, NULL, NULL, 100, 20, '2002-01-15 11:47:43', 113, 60),
(230, 'BI', '2004-03-11', NULL, 0, 0, 0, 0, 100, 0, NULL, NULL, NULL, 100, 20, '2004-03-11 12:39:26', 114, 87),
(231, 'BI', '2005-06-24', NULL, 40, 75, 0, 20, 0, 80, NULL, NULL, NULL, 100, 20, '2005-06-24 13:08:02', 115, 29),
(232, 'BI', '2005-06-24', NULL, 30, 25, 0, 0, 40, 5, NULL, NULL, NULL, 100, 20, '2005-06-24 13:01:08', 116, 29),
(233, 'BI', '2005-06-24', NULL, 50, 45, 0, 0, 0, 100, NULL, NULL, NULL, 100, 20, '2005-06-24 13:05:25', 117, 29),
(234, 'BI', '2002-01-16', NULL, 0, 0, 0, 0, 0, 0, NULL, NULL, NULL, 100, 20, '2002-01-16 10:52:06', 119, 60),
(235, 'BI', '2002-02-05', NULL, 10, 5, 0, 5, 10, 70, NULL, NULL, NULL, 100, 20, '2002-02-05 14:39:39', 119, 60),
(236, 'BI', NULL, NULL, 0, 35, 70, 0, 30, 0, NULL, NULL, NULL, 100, 20, '2000-06-05 11:10:54', 122, 34),
(237, 'BI', NULL, NULL, 10, 25, 15, 0, 45, 40, NULL, NULL, NULL, 100, 20, '2000-06-05 11:10:54', 123, 34),
(238, 'BI', NULL, NULL, 2, 20, 50, 0, 5, 45, NULL, NULL, NULL, 100, 20, '2000-06-05 11:10:54', 124, 34),
(239, 'BI', NULL, NULL, 0, 0, 40, 0, 8, 52, NULL, NULL, NULL, 100, 20, '2000-06-05 11:10:54', 125, 34),
(240, 'BI', NULL, NULL, 5, 8, 35, 0, 35, 30, NULL, NULL, NULL, 100, 20, '2000-06-05 11:10:54', 126, 34),
(241, 'BI', NULL, NULL, 5, 2, 0, 0, 45, 55, NULL, NULL, NULL, 90, 20, '2000-06-05 11:10:54', 127, 34),
(242, 'BI', NULL, NULL, 8, 15, 0, 0, 85, 15, NULL, NULL, NULL, 85, 20, '2000-06-05 11:10:54', 128, 34),
(243, 'BI', NULL, NULL, 20, 15, 20, 0, 75, 5, NULL, NULL, NULL, 70, 20, '2000-06-05 11:10:54', 129, 34),
(244, 'BI', NULL, NULL, 5, 5, 0, 0, 97, 5, NULL, NULL, NULL, 95, 20, '2000-06-05 11:10:54', 130, 34),
(245, 'BI', '2004-12-03', NULL, 0, 0, 0, 0, 100, 0, NULL, NULL, NULL, 100, 20, '2004-12-03 10:41:50', 131, 87),
(246, 'BI', '2006-06-02', NULL, 20, 10, 0, 50, 10, 10, 0, NULL, NULL, 100, 20, '2006-06-02 08:15:39', 132, 37),
(247, 'BI', '2006-06-02', NULL, 25, 5, 0, 5, 0, 75, 0, NULL, NULL, 100, 20, '2006-06-02 08:16:23', 133, 37),
(248, 'BI', '2006-06-02', NULL, 5, 5, 80, 0, 0, 10, 0, NULL, NULL, 100, 20, '2006-06-02 08:16:47', 134, 37),
(249, 'BI', '2006-06-02', NULL, 15, 5, 0, 5, 5, 70, 0, NULL, NULL, 100, 20, '2006-06-02 08:24:26', 135, 37),
(250, 'BI', '2006-06-02', NULL, 10, 30, 0, 15, 0, 75, 0, NULL, NULL, 100, 20, '2006-06-02 08:18:10', 136, 37),
(251, 'BI', '2004-11-12', NULL, 0, 0, 0, 0, 100, 0, NULL, NULL, NULL, 100, 20, '2004-11-12 10:27:54', 138, 87),
(252, 'BI', NULL, NULL, 5, 5, 0, 0, 20, 80, NULL, NULL, NULL, 90, 40, '2001-01-11 13:56:58', 139, 43),
(253, 'BI', '2005-12-14', NULL, 0, 40, 20, 40, 40, 0, NULL, NULL, NULL, 100, 20, '2005-12-14 12:09:48', 140, 87),
(254, 'BI', '2002-07-10', NULL, 0, 5, 95, 0, 0, 5, NULL, NULL, NULL, 100, 20, '2002-07-10 07:09:44', 149, 35),
(255, 'BI', '2002-04-17', NULL, 85, 45, 0, 0, 0, 95, NULL, NULL, NULL, 100, 20, '2002-04-17 08:38:35', 150, 35),
(256, 'BI', '2004-03-11', NULL, 0, 5, 80, 5, 10, 5, NULL, NULL, NULL, 100, 20, '2004-03-11 12:43:05', 153, 87),
(257, 'BI', '2004-11-11', NULL, 10, 0, 0, 20, 65, 5, NULL, NULL, NULL, 100, 20, '2004-11-11 09:27:18', 154, 110),
(258, 'BI', '2005-10-11', NULL, 10, 0, 5, 0, 45, 40, 0, NULL, NULL, 100, 20, '2006-05-24 13:37:45', 154, 110),
(259, 'BI', '2004-03-11', NULL, 0, 5, 80, 0, 5, 10, NULL, NULL, NULL, 100, 20, '2004-03-11 10:42:44', 159, 87),
(260, 'BI', '2005-04-14', NULL, 0, 5, 70, 0, 0, 30, NULL, NULL, NULL, 100, 20, '2005-04-14 11:51:05', 161, 3),
(261, 'BI', '2002-05-17', NULL, 0, 0, 100, 0, 0, 0, NULL, NULL, NULL, 100, 20, '2002-05-17 10:37:40', 162, 37),
(262, 'BI', '2002-05-15', NULL, 0, 0, 100, 0, 0, 0, NULL, NULL, NULL, 100, 20, '2002-05-15 10:17:11', 163, 37),
(263, 'BI', '2002-05-17', NULL, 0, 5, 75, 0, 0, 20, NULL, NULL, NULL, 100, 20, '2002-05-17 10:44:28', 164, 37),
(264, 'BI', '2004-10-19', NULL, 0, 10, 55, 0, 35, 0, NULL, NULL, NULL, 100, 20, '2004-10-19 10:58:18', 165, 19),
(265, 'BI', '2004-10-19', NULL, 0, 0, 80, 0, 5, 0, NULL, NULL, NULL, 85, 20, '2004-10-19 11:01:29', 166, 19),
(266, 'BI', '2004-10-19', NULL, 0, 0, 0, 0, 0, 0, NULL, NULL, NULL, 100, 20, '2004-10-19 11:20:31', 167, 19),
(267, 'BI', '2004-09-27', NULL, 100, 0, 90, 10, 0, 0, NULL, NULL, NULL, 100, 20, '2004-12-10 13:30:57', 167, 19),
(268, 'BI', '2004-11-19', NULL, 0, 0, 0, 0, 100, 0, NULL, NULL, NULL, 100, 20, '2004-11-19 10:49:28', 168, 87),
(269, 'BI', '2004-03-11', NULL, 0, 0, 100, 0, 0, 0, NULL, NULL, NULL, 100, 20, '2004-03-11 10:42:24', 169, 87),
(270, 'BI', '2004-03-11', NULL, 0, 0, 100, 0, 0, 0, NULL, NULL, NULL, 100, 20, '2004-03-11 10:42:27', 170, 87),
(271, 'BI', '2004-03-11', NULL, 0, 15, 20, 0, 60, 5, NULL, NULL, NULL, 100, 20, '2004-03-11 12:25:53', 171, 87),
(272, 'BI', '2002-01-15', NULL, 10, 10, 20, 0, 50, 10, NULL, NULL, NULL, 100, 20, '2002-01-15 11:57:28', 172, 60),
(273, 'BI', '2007-10-26', NULL, 0, 0, 100, 0, 0, 0, 0, NULL, NULL, 100, 20, '2007-10-26 13:50:33', 175, 84),
(274, 'BI', '2004-03-11', NULL, 0, 5, 90, 0, 5, 0, NULL, NULL, NULL, 100, 20, '2004-03-11 12:50:23', 177, 87),
(275, 'BI', '2005-06-28', NULL, 10, 40, 20, 0, 25, 55, NULL, NULL, NULL, 100, 20, '2005-06-28 12:16:20', 180, 56),
(276, 'BI', '2005-06-28', NULL, 40, 10, 0, 10, 15, 75, NULL, NULL, NULL, 100, 20, '2005-06-28 12:16:36', 181, 56),
(277, 'BI', '2005-06-28', NULL, 80, 20, 0, 0, 10, 90, NULL, NULL, NULL, 100, 20, '2005-06-28 12:19:59', 182, 56),
(278, 'BI', '2001-09-04', NULL, 85, 45, 0, 0, 5, 90, NULL, NULL, NULL, 100, 20, '2002-04-17 08:34:09', 183, 35),
(279, 'BI', NULL, NULL, 0, 0, 0, 0, 100, 0, NULL, NULL, NULL, 100, 20, '2000-06-05 11:10:54', 185, 59),
(280, 'BI', '2005-12-02', NULL, 0, 15, 75, 0, 15, 10, NULL, NULL, NULL, 100, 10, '2005-12-02 11:16:17', 188, 95),
(281, 'BI', '2006-10-12', NULL, 5, 15, 70, 0, 10, 0, 0, NULL, NULL, 100, 20, '2006-11-16 11:09:16', 188, 95),
(282, 'BI', '2002-04-17', NULL, 90, 35, 0, 0, 0, 15, NULL, NULL, NULL, 100, 20, '2002-04-17 08:56:33', 189, 35),
(283, 'BI', '2004-03-09', NULL, 0, 35, 15, 35, 15, 35, NULL, NULL, NULL, 100, 20, '2004-03-09 10:45:30', 190, 87),
(284, 'BI', '2004-11-10', NULL, 0, 0, 0, 0, 100, 0, NULL, NULL, NULL, 100, 20, '2004-11-10 10:41:35', 191, 87),
(285, 'BI', '2004-03-11', NULL, 0, 0, 70, 0, 10, 20, NULL, NULL, NULL, 100, 20, '2004-03-11 10:43:00', 192, 87),
(286, 'BI', '2004-11-12', NULL, 5, 5, 0, 5, 60, 35, NULL, NULL, NULL, 100, 20, '2004-11-12 10:43:17', 193, 87),
(287, 'BI', '2004-03-11', NULL, 0, 0, 80, 0, 0, 20, NULL, NULL, NULL, 100, 20, '2004-03-11 10:42:44', 194, 87),
(288, 'BI', '2005-04-14', NULL, 0, 5, 80, 0, 0, 20, NULL, NULL, NULL, 100, 20, '2005-04-14 11:45:18', 198, 3),
(289, 'BI', '2004-12-10', NULL, 100, 0, 40, 0, 40, 20, NULL, NULL, NULL, 100, 20, '2004-12-10 13:35:20', 199, 19),
(290, 'BI', '2004-09-27', NULL, 100, 0, 40, 0, 40, 20, NULL, NULL, NULL, 100, 20, '2004-12-10 13:38:54', 199, 19),
(291, 'BI', '2005-12-02', NULL, 0, 10, 60, 0, 30, 0, NULL, NULL, NULL, 94, 20, '2005-12-02 11:04:50', 200, 95),
(292, 'BI', '2004-11-11', NULL, 0, 0, 45, 0, 0, 55, NULL, NULL, NULL, 100, 20, '2004-11-11 09:31:05', 201, 110),
(293, 'BI', '2005-10-11', NULL, 0, 0, 90, 0, 0, 10, 0, NULL, NULL, 100, 20, '2006-05-22 14:45:48', 201, 110),
(294, 'BI', '2004-11-10', NULL, 0, 10, 0, 5, 85, 0, NULL, NULL, NULL, 100, 20, '2004-11-10 10:36:39', 202, 87),
(295, 'BI', '2003-05-28', NULL, 0, 15, 80, 5, 10, 0, NULL, NULL, NULL, 100, 20, '2003-05-28 09:32:16', 203, 126),
(296, 'BI', '2003-05-28', NULL, 0, 15, 85, 0, 10, 0, NULL, NULL, NULL, 100, 20, '2003-05-28 09:39:19', 204, 126),
(297, 'BI', NULL, NULL, 15, 12, 0, 0, 41, 32, NULL, NULL, NULL, 95, 20, '2000-06-05 11:10:54', 205, 72),
(298, 'BI', '2002-02-01', NULL, 10, 20, 10, 0, 25, 65, NULL, NULL, NULL, 85, 20, '2002-03-11 15:25:39', 205, 72),
(299, 'BI', '2007-05-10', NULL, 25, 50, 5, 0, 10, 10, 0, NULL, NULL, 80, 20, '2007-05-16 14:07:17', 205, 72),
(300, 'BI', NULL, NULL, 0, 10, 30, 0, 45, 15, NULL, NULL, NULL, 100, 20, '2000-06-05 11:10:54', 207, 72),
(301, 'BI', '2002-02-01', NULL, 0, 10, 25, 0, 55, 20, NULL, NULL, NULL, 100, 20, '2002-03-11 15:29:31', 207, 72),
(302, 'BI', '2007-05-10', NULL, 5, 15, 20, 0, 50, 5, 0, NULL, NULL, 100, 20, '2007-05-17 13:17:12', 207, 72),
(303, 'BI', NULL, NULL, 0, 0, 100, 0, 0, 0, NULL, NULL, NULL, 100, 20, '2000-06-05 11:10:54', 208, 72),
(304, 'BI', '2002-02-01', NULL, 0, 0, 95, 0, 0, 5, NULL, NULL, NULL, 100, 20, '2002-03-11 15:30:25', 208, 72),
(305, 'BI', NULL, NULL, 0, 0, 60, 0, 15, 35, NULL, NULL, NULL, 100, 20, '2000-06-05 11:10:54', 209, 72),
(306, 'BI', '2002-02-01', NULL, 0, 0, 10, 0, 10, 80, NULL, NULL, NULL, 100, 20, '2002-03-11 15:31:28', 209, 72),
(307, 'BI', NULL, NULL, 0, 0, 93, 0, 0, 7, NULL, NULL, NULL, 100, 20, '2000-06-05 11:10:54', 210, 72),
(308, 'BI', NULL, NULL, 0, 0, 1, 0, 97, 2, NULL, NULL, NULL, 100, 20, '2000-06-05 11:10:54', 211, 72),
(309, 'BI', NULL, NULL, 0, 50, 25, 0, 20, 5, NULL, NULL, NULL, 90, 20, '2000-06-05 11:10:54', 212, 72),
(310, 'BI', NULL, NULL, 0, 7, 23, 0, 70, 0, NULL, NULL, NULL, 95, 20, '2000-06-05 11:10:54', 213, 72),
(311, 'BI', '2002-03-11', NULL, 0, 5, 10, 0, 80, 10, NULL, NULL, NULL, 90, 20, '2002-03-11 15:32:40', 213, 72),
(312, 'BI', '2007-05-17', NULL, 0, 5, 25, 0, 70, 0, 0, NULL, NULL, 100, 20, '2007-05-17 13:42:46', 213, 72),
(313, 'BI', '2006-04-13', NULL, 70, 65, 0, 0, 20, 75, 5, NULL, NULL, 100, 20, '2006-04-13 09:04:54', 214, 26),
(314, 'BI', '2006-03-03', NULL, 0, 0, 100, 0, 0, 0, 0, NULL, NULL, 100, 20, '2006-03-03 10:17:38', 215, 95),
(315, 'BI', '2006-11-16', NULL, 0, 5, 40, 0, 20, 35, 0, NULL, NULL, 100, 20, '2006-11-16 11:00:08', 215, 95),
(316, 'BI', '2002-07-15', NULL, 0, 5, 95, 0, 0, 0, NULL, NULL, NULL, 100, 20, '2002-07-15 09:16:57', 221, 8),
(317, 'BI', '2003-07-11', NULL, 0, 15, 90, 0, 5, 5, NULL, NULL, NULL, 100, 20, '2003-07-14 12:28:58', 221, 8),
(318, 'BI', '2002-07-15', NULL, 0, 0, 55, 0, 25, 20, NULL, NULL, NULL, 100, 20, '2002-07-15 09:18:32', 222, 8),
(319, 'BI', '2003-07-10', NULL, 0, 5, 70, 0, 20, 10, NULL, NULL, NULL, 100, 20, '2003-07-14 11:21:31', 222, 8),
(320, 'BI', '2005-06-17', NULL, 0, 15, 65, 0, 25, 10, NULL, NULL, NULL, 100, 20, '2004-06-21 09:45:37', 222, 8),
(321, 'BI', '2004-06-17', NULL, 0, 15, 65, 0, 25, 10, NULL, NULL, NULL, 100, 20, '2004-06-21 09:47:43', 222, 8),
(322, 'BI', '2004-06-17', NULL, 0, 15, 65, 0, 25, 10, NULL, NULL, NULL, 100, 20, '2004-06-21 09:58:02', 222, 8),
(323, 'BI', '2003-05-21', NULL, 35, 10, 0, 20, 20, 25, NULL, NULL, NULL, 100, 20, '2003-05-21 09:07:20', 224, 37),
(324, 'BI', '2003-03-21', NULL, 35, 10, 15, 0, 20, 25, NULL, NULL, NULL, 100, 20, '2003-05-22 09:29:16', 224, 37),
(325, 'BI', '2005-12-13', NULL, 25, 0, 0, 25, 20, 55, NULL, NULL, NULL, 100, 20, '2005-12-13 10:03:43', 226, 87),
(326, 'BI', '2005-12-14', NULL, 0, 10, 85, 0, 0, 5, NULL, NULL, NULL, 100, 20, '2005-12-14 10:14:09', 227, 87),
(327, 'BI', '2005-12-14', NULL, 0, 5, 90, 0, 0, 5, NULL, NULL, NULL, 100, 20, '2005-12-14 10:15:53', 228, 87),
(328, 'BI', '2005-12-14', NULL, 10, 60, 10, 0, 25, 65, NULL, NULL, NULL, 100, 20, '2005-12-14 12:06:49', 229, 87),
(329, 'BI', '2005-12-14', NULL, 0, 0, 100, 0, 0, 0, NULL, NULL, NULL, 100, 20, '2005-12-14 12:03:00', 230, 87),
(330, 'BI', '2005-12-14', NULL, 0, 0, 0, 0, 0, 0, NULL, NULL, NULL, 100, 20, '2005-12-14 09:23:00', 231, 87),
(331, 'BI', '2004-11-12', NULL, 0, 0, 0, 0, 0, 0, NULL, NULL, NULL, 100, 20, '2004-11-12 10:40:57', 232, 87),
(332, 'BI', '2004-11-12', NULL, 0, 0, 0, 0, 100, 0, NULL, NULL, NULL, 100, 20, '2004-11-12 10:42:35', 233, 87),
(333, 'BI', '2004-11-19', NULL, 10, 10, 0, 0, 90, 0, NULL, NULL, NULL, 100, 20, '2004-11-19 13:22:37', 234, 87),
(334, 'BI', '2004-11-12', NULL, 0, 40, 55, 40, 5, 0, NULL, NULL, NULL, 100, 20, '2004-11-12 10:45:32', 235, 87),
(335, 'BI', '2005-12-14', NULL, 10, 25, 45, 35, 15, 5, NULL, NULL, NULL, 100, 20, '2005-12-14 10:28:13', 236, 87),
(336, 'BI', '2005-12-14', NULL, 0, 0, 90, 0, 0, 10, NULL, NULL, NULL, 100, 20, '2005-12-14 09:25:46', 237, 87),
(337, 'BI', '2004-11-12', NULL, 0, 5, 0, 0, 0, 100, NULL, NULL, NULL, 100, 20, '2004-11-12 12:12:01', 238, 87),
(338, 'BI', '2005-12-14', NULL, 0, 5, 95, 0, 0, 0, NULL, NULL, NULL, 100, 20, '2005-12-14 10:38:59', 239, 87),
(339, 'BI', '2004-11-10', NULL, 5, 50, 0, 0, 20, 25, NULL, NULL, NULL, 100, 20, '2004-11-10 13:18:00', 240, 87),
(340, 'BI', '2005-12-13', NULL, 0, 5, 45, 5, 50, 0, NULL, NULL, NULL, 100, 20, '2005-12-13 10:52:40', 241, 87),
(341, 'BI', '2005-12-13', NULL, 0, 0, 10, 0, 85, 5, NULL, NULL, NULL, 100, 20, '2005-12-13 09:43:11', 242, 87),
(342, 'BI', '2005-12-20', NULL, 5, 5, 10, 10, 80, 0, 0, NULL, NULL, 100, 20, '2005-12-20 11:14:11', 243, 87),
(343, 'BI', '2005-12-13', NULL, 5, 0, 0, 0, 90, 5, NULL, NULL, NULL, 100, 20, '2005-12-13 11:00:16', 244, 87),
(344, 'BI', '2005-12-14', NULL, 5, 0, 0, 0, 95, 0, NULL, NULL, NULL, 100, 20, '2005-12-14 12:04:39', 245, 87),
(345, 'BI', '2005-12-13', NULL, 5, 5, 55, 5, 30, 10, NULL, NULL, NULL, 100, 20, '2005-12-13 09:51:25', 246, 87),
(346, 'BI', '2005-12-14', NULL, 15, 5, 25, 0, 30, 10, NULL, NULL, NULL, 100, 20, '2005-12-14 12:14:49', 247, 87),
(347, 'BI', '2004-12-03', NULL, 5, 0, 85, 5, 5, 5, NULL, NULL, NULL, 100, 20, '2004-12-03 13:29:00', 248, 87),
(348, 'BI', '2004-11-19', NULL, 5, 0, 85, 5, 5, 5, NULL, NULL, NULL, 100, 20, '2004-11-19 13:25:02', 249, 87),
(349, 'BI', '2005-12-14', NULL, 0, 10, 20, 10, 15, 55, NULL, NULL, NULL, 100, 20, '2005-12-14 10:43:40', 250, 87),
(350, 'BI', '2005-12-14', NULL, 5, 5, 25, 10, 35, 25, NULL, NULL, NULL, 100, 20, '2005-12-14 09:39:49', 251, 87),
(351, 'BI', '2005-12-13', NULL, 0, 10, 85, 10, 0, 5, NULL, NULL, NULL, 100, 20, '2005-12-13 12:34:56', 252, 87),
(352, 'BI', '2005-12-14', NULL, 0, 10, 15, 0, 75, 0, NULL, NULL, NULL, 100, 20, '2005-12-14 10:35:54', 253, 87),
(353, 'BI', '2005-12-13', NULL, 0, 0, 85, 0, 0, 15, NULL, NULL, NULL, 100, 20, '2005-12-13 12:31:44', 254, 87),
(354, 'BI', '2005-12-14', NULL, 0, 0, 80, 0, 20, 0, NULL, NULL, NULL, 100, 20, '2005-12-14 09:19:51', 255, 87),
(355, 'BI', '2005-12-14', NULL, 0, 0, 40, 0, 0, 60, NULL, NULL, NULL, 100, 20, '2005-12-14 10:25:07', 256, 87),
(356, 'BI', '2005-12-14', NULL, 0, 0, 40, 0, 0, 60, NULL, NULL, NULL, 100, 20, '2005-12-14 10:23:58', 257, 87),
(357, 'BI', '2005-12-14', NULL, 0, 0, 65, 0, 5, 30, NULL, NULL, NULL, 100, 20, '2005-12-14 10:19:46', 258, 87),
(358, 'BI', '2005-12-14', NULL, 0, 0, 65, 0, 5, 30, NULL, NULL, NULL, 100, 20, '2005-12-14 10:13:38', 259, 87),
(359, 'BI', '2004-11-12', NULL, 0, 0, 100, 0, 0, 0, NULL, NULL, NULL, 100, 20, '2004-11-12 10:44:23', 260, 87),
(360, 'BI', '2005-12-14', NULL, 0, 0, 100, 0, 0, 0, NULL, NULL, NULL, 100, 20, '2005-12-14 09:09:25', 261, 87),
(361, 'BI', '2005-12-13', NULL, 0, 5, 90, 5, 0, 5, NULL, NULL, NULL, 100, 20, '2005-12-13 09:53:18', 262, 87),
(362, 'BI', '2005-12-14', NULL, 0, 0, 0, 0, 0, 0, NULL, NULL, NULL, 100, 20, '2005-12-14 12:00:52', 263, 87),
(363, 'BI', '2005-12-14', NULL, 0, 0, 100, 0, 0, 0, NULL, NULL, NULL, 100, 20, '2005-12-14 12:03:42', 264, 87),
(364, 'BI', '2005-12-14', NULL, 0, 0, 0, 0, 0, 0, NULL, NULL, NULL, 100, 20, '2005-12-14 12:02:29', 265, 87),
(365, 'BI', '2005-12-14', NULL, 0, 0, 80, 0, 0, 20, NULL, NULL, NULL, 100, 20, '2005-12-14 09:23:49', 266, 87),
(366, 'BI', '2005-12-13', NULL, 0, 5, 95, 5, 0, 0, NULL, NULL, NULL, 100, 20, '2005-12-13 12:50:28', 267, 87),
(367, 'BI', '2005-12-13', NULL, 0, 0, 100, 0, 0, 0, NULL, NULL, NULL, 100, 20, '2005-12-13 12:29:56', 268, 87),
(368, 'BI', '2005-12-13', NULL, 10, 0, 0, 0, 90, 0, NULL, NULL, NULL, 100, 20, '2005-12-13 09:55:02', 269, 87),
(369, 'BI', '2005-12-13', NULL, 10, 0, 0, 0, 90, 0, NULL, NULL, NULL, 100, 20, '2005-12-13 09:56:19', 269, 87),
(370, 'BI', '2005-12-09', NULL, 10, 0, 0, 0, 90, 0, NULL, NULL, NULL, 100, 20, '2005-12-13 09:56:38', 269, 87),
(371, 'BI', '2004-03-11', NULL, 0, 5, 90, 5, 0, 5, NULL, NULL, NULL, 100, 20, '2004-03-11 10:42:48', 271, 87),
(372, 'BI', '2004-03-11', NULL, 0, 5, 90, 5, 0, 5, NULL, NULL, NULL, 100, 20, '2004-03-11 11:00:32', 272, 87),
(373, 'BI', '2004-03-11', NULL, 30, 20, 70, 0, 5, 5, NULL, NULL, NULL, 100, 20, '2004-03-11 12:39:01', 275, 87),
(374, 'BI', '2004-03-11', NULL, 30, 25, 20, 5, 20, 0, NULL, NULL, NULL, 100, 20, '2004-03-11 12:26:06', 276, 87),
(375, 'BI', '2004-03-11', NULL, 0, 0, 70, 0, 30, 0, NULL, NULL, NULL, 100, 20, '2004-03-11 12:26:03', 277, 87),
(376, 'BI', '2004-03-11', NULL, 0, 0, 100, 0, 0, 0, NULL, NULL, NULL, 100, 20, '2004-03-11 12:24:34', 278, 87),
(377, 'BI', '2004-03-11', NULL, 20, 0, 30, 0, 50, 0, NULL, NULL, NULL, 100, 20, '2004-03-11 12:25:55', 279, 87),
(378, 'BI', '2004-03-11', NULL, 10, 80, 45, 0, 20, 20, NULL, NULL, NULL, 100, 20, '2004-03-11 09:45:48', 280, 87),
(379, 'BI', '2004-03-11', NULL, 0, 0, 50, 0, 0, 50, NULL, NULL, NULL, 100, 20, '2004-03-11 09:53:01', 281, 87),
(380, 'BI', '2004-03-11', NULL, 10, 5, 45, 5, 20, 0, NULL, NULL, NULL, 100, 20, '2004-03-11 12:27:06', 282, 87),
(381, 'BI', '2002-05-16', NULL, 10, 0, 0, 15, 10, 65, NULL, NULL, NULL, 100, 20, '2002-05-16 08:27:25', 284, 37),
(382, 'BI', '2002-05-15', NULL, 40, 5, 0, 0, 10, 40, NULL, NULL, NULL, 100, 20, '2002-05-15 07:31:04', 285, 37),
(383, 'BI', '2002-04-16', NULL, 40, 15, 0, 0, 5, 40, NULL, NULL, NULL, 100, 20, '2002-05-15 07:36:38', 285, 37),
(384, 'BI', '2002-05-16', NULL, 50, 5, 0, 20, 0, 25, NULL, NULL, NULL, 100, 20, '2002-05-16 08:48:28', 286, 37),
(385, 'BI', '2002-05-16', NULL, 40, 5, 0, 15, 0, 40, NULL, NULL, NULL, 100, 20, '2002-05-16 10:24:49', 287, 37),
(386, 'BI', '2002-05-16', NULL, 45, 10, 0, 20, 0, 25, NULL, NULL, NULL, 100, 20, '2002-05-16 10:35:53', 288, 37),
(387, 'BI', '2004-03-11', NULL, 0, 0, 65, 0, 30, 5, NULL, NULL, NULL, 100, 20, '2004-03-11 09:40:59', 289, 87),
(388, 'BI', '2004-11-19', NULL, 10, 5, 70, 0, 5, 10, NULL, NULL, NULL, 100, 20, '2004-11-19 12:31:06', 290, 87),
(389, 'BI', '2004-11-12', NULL, 45, 30, 45, 45, 10, 0, NULL, NULL, NULL, 100, 20, '2004-11-12 12:12:53', 291, 87),
(390, 'BI', '2004-11-19', NULL, 10, 5, 70, 0, 5, 10, NULL, NULL, NULL, 100, 20, '2004-11-19 12:33:29', 293, 87),
(391, 'BI', '2004-05-11', NULL, 0, 15, 90, 0, 0, 10, NULL, NULL, NULL, 100, 20, '2004-05-11 07:34:17', 295, 115),
(392, 'BI', '2004-02-20', NULL, 0, 35, 75, 0, 10, 15, NULL, NULL, NULL, 5, 20, '2004-05-11 08:25:52', 295, 115),
(393, 'BI', '2003-02-20', NULL, 0, 0, 90, 0, 0, 10, NULL, NULL, NULL, 5, 20, '2004-05-11 09:01:57', 295, 115),
(394, 'BI', '2004-02-20', NULL, 0, 0, 90, 0, 0, 10, NULL, NULL, NULL, 5, 20, '2004-05-11 09:03:18', 295, 115),
(395, 'BI', '2004-04-28', NULL, 0, 30, 80, 0, 0, 20, NULL, NULL, NULL, 5, 20, '2004-05-11 10:30:17', 295, 115),
(396, 'BI', '2004-04-28', NULL, 0, 30, 85, 0, 0, 15, NULL, NULL, NULL, 5, 20, '2004-05-11 10:33:10', 295, 115),
(397, 'BI', '2004-03-11', NULL, 0, 0, 25, 50, 15, 10, NULL, NULL, NULL, 100, 20, '2004-03-11 09:41:59', 296, 87),
(398, 'BI', '2004-05-11', NULL, 0, 0, 0, 0, 0, 0, NULL, NULL, NULL, 100, 20, '2004-05-11 07:12:21', 298, 115),
(399, 'BI', '2003-02-20', NULL, 0, 70, 50, 0, 10, 40, NULL, NULL, NULL, 5, 20, '2004-05-11 08:58:05', 298, 115),
(400, 'BI', '2004-04-28', NULL, 0, 70, 90, 0, 0, 10, NULL, NULL, NULL, 5, 20, '2004-05-11 10:21:25', 298, 115),
(401, 'BI', '2004-04-28', NULL, 5, 20, 65, 0, 10, 25, NULL, NULL, NULL, 5, 20, '2004-05-11 10:24:26', 298, 115),
(402, 'BI', '2004-04-28', NULL, 5, 20, 65, 0, 10, 25, NULL, NULL, NULL, 5, 20, '2004-05-11 10:25:33', 298, 115),
(403, 'BI', '2004-03-11', NULL, 5, 0, 65, 5, 15, 0, NULL, NULL, NULL, 100, 20, '2004-03-11 12:26:02', 300, 87),
(404, 'BI', '2004-03-11', NULL, 5, 0, 65, 0, 15, 0, NULL, NULL, NULL, 100, 20, '2004-03-11 12:25:17', 301, 87),
(405, 'BI', '2004-03-09', NULL, 0, 0, 45, 5, 35, 15, NULL, NULL, NULL, 100, 20, '2004-03-09 10:52:36', 302, 87),
(406, 'BI', '2004-03-11', NULL, 0, 0, 25, 10, 15, 10, NULL, NULL, NULL, 100, 20, '2004-03-11 09:40:29', 303, 87),
(407, 'BI', '2005-12-13', NULL, 5, 5, 85, 10, 0, 5, NULL, NULL, NULL, 100, 20, '2005-12-13 12:35:30', 304, 87),
(408, 'BI', '2002-05-16', NULL, 45, 25, 0, 10, 0, 20, NULL, NULL, NULL, 100, 20, '2002-05-16 10:45:26', 305, 37),
(409, 'BI', '2002-05-17', NULL, 30, 15, 0, 25, 5, 25, NULL, NULL, NULL, 100, 20, '2002-05-17 10:25:56', 306, 37),
(410, 'BI', '2005-12-02', NULL, 0, 0, 85, 0, 5, 5, NULL, NULL, NULL, 97, 20, '2005-12-02 11:50:43', 307, 95),
(411, 'BI', '2002-08-08', NULL, 5, 20, 0, 0, 30, 45, NULL, NULL, NULL, 100, 20, '2002-08-08 13:15:19', 308, 37),
(412, 'BI', '2003-12-02', NULL, 0, 5, 75, 0, 0, 25, NULL, NULL, NULL, 100, 20, '2003-12-02 09:58:52', 309, 124),
(413, 'BI', '2003-12-02', NULL, 0, 0, 50, 0, 0, 50, NULL, NULL, NULL, 100, 20, '2003-12-02 10:10:10', 310, 124),
(414, 'BI', '2006-10-31', NULL, 5, 55, 75, 0, 20, 0, 0, NULL, NULL, 100, 20, '2006-10-31 08:36:15', 311, 8),
(415, 'BI', '2004-11-10', NULL, 0, 0, 50, 0, 0, 50, NULL, NULL, NULL, 100, 20, '2004-11-10 12:14:04', 313, 87),
(416, 'BI', '2004-03-11', NULL, 0, 0, 80, 0, 0, 20, NULL, NULL, NULL, 100, 20, '2004-03-11 10:42:36', 315, 87),
(417, 'BI', '2002-01-15', NULL, 0, 20, 15, 0, 20, 45, NULL, NULL, NULL, 100, 20, '2002-01-15 11:26:08', 317, 60),
(418, 'BI', '2004-03-11', NULL, 0, 0, 65, 0, 15, 20, NULL, NULL, NULL, 100, 20, '2004-03-11 10:52:22', 318, 87),
(419, 'BI', '2003-05-23', NULL, 0, 5, 5, 0, 85, 10, NULL, NULL, NULL, 100, 20, '2003-05-23 13:27:09', 321, 126),
(420, 'BI', '2004-10-19', NULL, 0, 0, 0, 0, 0, 0, NULL, NULL, NULL, 100, 20, '2004-10-19 11:20:08', 322, 19),
(421, 'BI', '2004-09-27', NULL, 95, 5, 80, 5, 5, 10, NULL, NULL, NULL, 100, 20, '2004-12-10 13:42:55', 322, 19),
(422, 'BI', '2005-12-02', NULL, 5, 25, 35, 25, 25, 5, NULL, NULL, NULL, 100, 20, '2005-12-02 11:17:02', 327, 95),
(423, 'BI', '2004-11-10', NULL, 0, 10, 5, 10, 5, 5, NULL, NULL, NULL, 100, 20, '2004-11-10 10:37:22', 333, 87),
(424, 'BI', '2004-11-10', NULL, 0, 10, 50, 10, 25, 10, NULL, NULL, NULL, 100, 20, '2004-11-10 10:39:06', 334, 87),
(425, 'BI', '2004-03-09', NULL, 0, 5, 65, 0, 30, 0, NULL, NULL, NULL, 100, 20, '2004-03-09 10:46:42', 336, 87),
(426, 'BI', '2004-03-11', NULL, 0, 25, 75, 25, 0, 0, NULL, NULL, NULL, 100, 20, '2004-03-11 12:43:09', 337, 87),
(427, 'BI', '2004-11-11', NULL, 0, 0, 0, 0, 0, 0, NULL, NULL, NULL, 100, 20, '2004-11-11 09:32:04', 339, 110),
(428, 'BI', '2004-11-11', NULL, 0, 5, 80, 0, 0, 10, NULL, NULL, NULL, 100, 20, '2004-11-11 09:35:22', 340, 110),
(429, 'BI', '2004-03-11', NULL, 0, 0, 25, 50, 15, 10, NULL, NULL, NULL, 100, 20, '2004-03-11 09:45:53', 342, 87),
(430, 'BI', '2003-05-21', NULL, 10, 5, 0, 30, 0, 55, NULL, NULL, NULL, 100, 20, '2003-05-21 08:33:39', 343, 37),
(431, 'BI', '2003-05-21', NULL, 15, 5, 10, 10, 0, 60, NULL, NULL, NULL, 100, 20, '2003-05-21 08:46:35', 344, 37),
(432, 'BI', '2004-05-11', NULL, 0, 5, 0, 0, 90, 10, NULL, NULL, NULL, 100, 20, '2004-05-11 07:39:01', 345, 115),
(433, 'BI', '2004-02-20', NULL, 0, 20, 0, 0, 100, 0, NULL, NULL, NULL, 5, 20, '2004-05-11 09:11:48', 345, 115),
(434, 'BI', '2004-02-20', NULL, 0, 30, 0, 0, 70, 30, NULL, NULL, NULL, 5, 20, '2004-05-11 09:19:11', 345, 115),
(435, 'BI', '2004-04-28', NULL, 0, 0, 0, 0, 90, 10, NULL, NULL, NULL, 5, 20, '2004-05-11 10:37:49', 345, 115),
(436, 'BI', '2004-04-28', NULL, 0, 0, 0, 0, 30, 70, NULL, NULL, NULL, 5, 20, '2004-05-11 10:40:42', 345, 115),
(437, 'BI', '2002-01-15', NULL, 90, 10, 0, 0, 0, 0, NULL, NULL, NULL, 100, 20, '2002-01-15 12:03:45', 346, 60),
(438, 'BI', '2002-02-05', NULL, 70, 5, 0, 0, 0, 25, NULL, NULL, NULL, 100, 20, '2002-02-05 14:41:41', 346, 60),
(439, 'BI', '2004-05-11', NULL, 0, 40, 5, 0, 80, 5, NULL, NULL, NULL, 100, 20, '2004-05-11 07:41:46', 349, 115),
(440, 'BI', '2004-02-20', NULL, 0, 30, 5, 0, 65, 30, NULL, NULL, NULL, 5, 20, '2004-05-11 09:23:13', 349, 115),
(441, 'BI', '2004-02-20', NULL, 5, 45, 5, 0, 50, 45, NULL, NULL, NULL, 5, 20, '2004-05-11 09:35:43', 349, 115),
(442, 'BI', '2004-04-28', NULL, 0, 10, 0, 0, 95, 5, NULL, NULL, NULL, 5, 20, '2004-05-11 10:45:00', 349, 115),
(443, 'BI', '2004-04-28', NULL, 5, 45, 5, 0, 80, 15, NULL, NULL, NULL, 5, 20, '2004-05-11 10:48:36', 349, 115),
(444, 'BI', '2004-03-09', NULL, 0, 5, 40, 0, 60, 0, NULL, NULL, NULL, 100, 20, '2004-03-09 10:44:20', 350, 87),
(445, 'BI', '2004-03-11', NULL, 5, 5, 10, 15, 35, 10, NULL, NULL, NULL, 100, 20, '2004-03-11 12:26:37', 351, 87),
(446, 'BI', '2004-03-11', NULL, 10, 5, 15, 0, 50, 20, NULL, NULL, NULL, 100, 20, '2004-03-11 12:25:22', 352, 87),
(447, 'BI', '2004-11-10', NULL, 0, 10, 15, 0, 85, 0, NULL, NULL, NULL, 100, 20, '2004-11-10 10:50:27', 353, 87),
(448, 'BI', '2004-03-11', NULL, 0, 0, 0, 0, 100, 0, NULL, NULL, NULL, 100, 20, '2004-03-11 12:25:30', 354, 87),
(449, 'BI', '2004-03-11', NULL, 0, 0, 100, 0, 0, 0, NULL, NULL, NULL, 100, 20, '2004-03-11 10:41:36', 355, 87),
(450, 'BI', '2003-12-02', NULL, 0, 0, 100, 0, 0, 0, NULL, NULL, NULL, 100, 10, '2003-12-02 10:10:18', 356, 124),
(451, 'BI', '2004-03-11', NULL, 0, 10, 25, 0, 65, 0, NULL, NULL, NULL, 100, 20, '2004-03-11 10:42:42', 357, 87),
(452, 'BI', '2004-03-11', NULL, 10, 80, 30, 10, 60, 0, NULL, NULL, NULL, 100, 20, '2004-03-11 10:37:37', 361, 87),
(453, 'BI', '2004-03-09', NULL, 5, 5, 0, 5, 95, 0, NULL, NULL, NULL, 100, 20, '2004-03-09 10:48:15', 362, 87),
(454, 'BI', '2004-03-11', NULL, 0, 10, 25, 0, 65, 0, NULL, NULL, NULL, 100, 20, '2004-03-11 10:42:37', 365, 87),
(455, 'BI', '2004-11-10', NULL, 25, 25, 25, 50, 0, 25, NULL, NULL, NULL, 100, 20, '2004-11-10 10:45:10', 366, 87),
(456, 'BI', '2004-03-11', NULL, 0, 5, 25, 5, 70, 0, NULL, NULL, NULL, 100, 20, '2004-03-11 12:26:03', 368, 87),
(457, 'BI', '2002-05-17', NULL, 20, 10, 0, 20, 0, 50, NULL, NULL, NULL, 100, 20, '2002-05-17 10:51:32', 370, 37),
(458, 'BI', '2003-05-21', NULL, 15, 15, 0, 50, 0, 40, NULL, NULL, NULL, 100, 20, '2003-05-21 09:00:29', 371, 37);
INSERT INTO `habitats` (`id`, `type`, `recording_date`, `area`, `shrubcover`, `tree_canopy`, `lawn`, `other`, `paved_building`, `gravel_soil`, `water`, `num_traps`, `trap_arrange`, `percent_observed`, `radius`, `date_entered`, `site_id`, `school_id`) VALUES
(459, 'BI', '2003-05-21', NULL, 30, 5, 0, 20, 0, 65, NULL, NULL, NULL, 100, 20, '2003-05-21 09:26:39', 372, 37),
(460, 'BI', '2005-05-23', NULL, 50, 20, 0, 0, 0, 30, NULL, NULL, NULL, 100, 20, '2005-05-23 08:40:46', 373, 37),
(461, 'BI', '2004-03-11', NULL, 5, 5, 75, 5, 0, 5, NULL, NULL, NULL, 100, 20, '2004-03-11 10:59:16', 374, 87),
(462, 'BI', '2004-03-11', NULL, 5, 15, 20, 5, 35, 40, NULL, NULL, NULL, 100, 20, '2004-03-11 12:31:04', 375, 87),
(463, 'BI', '1995-01-01', NULL, 0, 0, 15, 10, 25, 10, 0, NULL, NULL, 100, 20, NULL, 376, 44),
(464, 'BI', '2013-01-01', NULL, 0, 5, 10, 0, 10, 10, 0, NULL, NULL, 100, 20, NULL, 377, 44),
(465, 'BI', '2004-03-11', NULL, 5, 5, 0, 0, 85, 5, NULL, NULL, NULL, 100, 20, '2004-03-11 12:35:05', 381, 87),
(466, 'BI', '2002-01-15', NULL, 0, 0, 80, 10, 10, 0, NULL, NULL, NULL, 100, 20, '2002-01-15 11:35:58', 382, 60),
(467, 'BI', '2004-08-19', NULL, 0, 0, 0, 0, 0, 0, NULL, NULL, NULL, 100, 20, '2004-08-19 11:20:13', 383, 8),
(468, 'BI', '2004-03-09', NULL, 0, 0, 90, 0, 0, 10, NULL, NULL, NULL, 100, 20, '2004-03-09 10:33:12', 386, 87),
(469, 'BI', '2004-03-09', NULL, 0, 5, 95, 0, 0, 5, NULL, NULL, NULL, 100, 20, '2004-03-09 10:46:23', 387, 87),
(470, 'BI', '2003-12-02', NULL, 0, 0, 90, 0, 0, 10, NULL, NULL, NULL, 40, 20, '2003-12-02 09:50:13', 388, 124),
(471, 'BI', '2004-11-10', NULL, 0, 55, 5, 55, 30, 0, NULL, NULL, NULL, 90, 20, '2004-11-10 10:44:04', 389, 87),
(472, 'BI', '2004-11-10', NULL, 0, 20, 70, 20, 0, 10, NULL, NULL, NULL, 100, 20, '2004-11-10 13:32:53', 390, 87),
(473, 'BI', '2004-11-10', NULL, 20, 0, 0, 0, 0, 80, NULL, NULL, NULL, 100, 20, '2004-11-10 12:26:40', 392, 87),
(474, 'BI', '2004-05-11', NULL, 5, 5, 5, 0, 85, 0, NULL, NULL, NULL, 100, 20, '2004-05-11 07:19:18', 393, 115),
(475, 'BI', '2004-02-20', NULL, 5, 15, 0, 0, 85, 15, NULL, NULL, NULL, 5, 20, '2004-05-11 08:29:16', 393, 115),
(476, 'BI', '2004-02-20', NULL, 5, 15, 0, 0, 85, 15, NULL, NULL, NULL, 5, 20, '2004-05-11 09:31:36', 393, 115),
(477, 'BI', '2004-04-28', NULL, 5, 5, 0, 0, 90, 10, NULL, NULL, NULL, 5, 20, '2004-05-11 10:13:20', 393, 115),
(478, 'BI', '2004-04-28', NULL, 5, 10, 10, 0, 80, 10, NULL, NULL, NULL, 5, 20, '2004-05-11 10:16:44', 393, 115),
(479, 'BI', '2004-05-11', NULL, 0, 5, 10, 0, 90, 0, NULL, NULL, NULL, 100, 20, '2004-05-11 07:23:51', 394, 115),
(480, 'BI', '2004-02-20', NULL, 0, 20, 20, 0, 80, 0, NULL, NULL, NULL, 5, 20, '2004-05-11 08:15:57', 394, 115),
(481, 'BI', '2004-04-28', NULL, 0, 55, 15, 0, 75, 10, NULL, NULL, NULL, 5, 20, '2004-05-11 09:54:57', 394, 115),
(482, 'BI', '2004-04-28', NULL, 0, 30, 10, 0, 80, 10, NULL, NULL, NULL, 5, 20, '2004-05-11 10:02:58', 394, 115),
(483, 'BI', '2004-04-28', NULL, 0, 30, 10, 0, 80, 10, NULL, NULL, NULL, 5, 20, '2004-05-11 10:08:52', 394, 115),
(484, 'VE', '1995-01-01', 100, 15, 35, 40, 0, 30, 30, 0, NULL, NULL, NULL, NULL, NULL, 335, 8),
(485, 'VE', '1995-01-01', 0, 30, 20, 15, 15, 15, 15, 30, NULL, NULL, NULL, NULL, NULL, 376, 44),
(486, 'VE', '2004-06-08', 6, 20, 20, 20, 0, 0, 20, NULL, NULL, NULL, NULL, NULL, '2004-09-02 09:27:35', 383, 8),
(487, 'VE', '2002-05-22', 8238, 20, 25, 35, 0, 45, 20, NULL, NULL, NULL, NULL, NULL, '2002-05-22 09:34:17', 328, 55);

-- --------------------------------------------------------

--
-- Table structure for table `schools`
--

CREATE TABLE `schools` (
  `id` int(11) NOT NULL AUTO_INCREMENT,
  `school_id` varchar(3) NOT NULL,
  `school_name` varchar(100) DEFAULT NULL,
  `address` varchar(100) DEFAULT NULL,
  `zipcode` varchar(10) DEFAULT NULL,
  `city` varchar(50) DEFAULT NULL,
  `date_entered` datetime DEFAULT NULL,
  PRIMARY KEY (`id`),
  UNIQUE KEY `school_id` (`school_id`),
  KEY `school_id_2` (`school_id`)
) ENGINE=InnoDB  DEFAULT CHARSET=latin1 AUTO_INCREMENT=133 ;

--
-- Dumping data for table `schools`
--

INSERT INTO `schools` (`id`, `school_id`, `school_name`, `address`, `zipcode`, `city`, `date_entered`) VALUES
(1, 'AKM', 'Akimel A-al Middle School', '2720 E. Liberty Lane', '85048', 'Phoenix', '2005-08-16 14:39:38'),
(2, 'ALB', 'Alta E. Butler Elementary School', '3843 W. Roosevelt St.', '85009', 'Phoenix', '2005-08-16 14:40:46'),
(3, 'ALE', 'Alta Loma Elementary School', '9750 N. 87th Ave.', '85345', 'Peoria', '2004-06-28 09:50:54'),
(4, 'AMH', 'Arthur M. Hamilton School', '2020 W. Durango', '85009', 'Phoenix', '2000-08-10 10:29:47'),
(5, 'ANL', 'Arcadia Neighborhood Learning Center', '4330 N. 62nd Street', '85251', 'Scottsdale', '2006-02-08 16:16:14'),
(6, 'ARC', 'Arcadia High School', '4703 E. Indian School Rd.', '85018', 'Phoenix', '2005-08-16 14:37:12'),
(7, 'ARE', 'Augusta Ranch Elementary', '9430 E. Neville', '85212', 'Mesa', '2006-08-17 14:18:31'),
(8, 'ASU', 'Arizona State University', NULL, '85287', 'Tempe', '2000-06-05 11:07:07'),
(9, 'BAS', 'BASIS Mesa', '5010 South Eastmark Parkway', '85212', 'Mesa', '2013-11-26 00:00:00'),
(10, 'BBE', 'Bernard Black Elementary', '6650 S. 27th Ave.', '85041', 'Phoenix', '2005-08-24 15:50:34'),
(11, 'BCH', 'Bourgade Catholic School', '4602 N. 31st. Ave.', '85017', 'Phoenix', '2004-06-28 09:53:52'),
(12, 'BCK', 'Boulder Creek High School', '40404 N. Galvin Peak Parkway', '85086', 'Anthem', '2006-08-17 14:18:37'),
(13, 'BJH', 'Brimhall Junior High School', '4949 E. Southern Ave', '85206', 'Mesa', '2000-06-05 11:07:07'),
(14, 'CAS', 'Chaparral High School', '6935 E. Gold Dust Ave.', '85253', 'Scottsdale', '2004-07-26 11:21:12'),
(15, 'CBH', 'Camelback High School', '4612 N. 28th St.', '85016', 'Phoenix', '2001-11-30 12:24:02'),
(16, 'CCE', 'Copper Canyon Elementary School', '17650 N. 54th Street', '85254', 'Scottsdale', '2000-08-10 10:21:22'),
(17, 'CCS', 'Cesar Chavez High School', '3921 W. Baseline Rd.', '85339', 'Laveen', '2003-07-22 12:58:33'),
(18, 'CEE', 'Chandler Environmental Education Center', '4050 East Chandler Heights Road', '85249', 'Chandler', '2010-03-31 00:00:00'),
(19, 'CES', 'Cheyenne Elementary School', '11806 N. 87th Ave.', '85345', 'Peoria', '2004-06-28 09:54:44'),
(20, 'CHH', 'Carl Hayden Community High School', '333 W. Roosevelt', '85009', 'Phoenix', '2004-06-28 09:55:41'),
(21, 'CHS', 'Centennial High School', '14388 N. 79th Ave.', '85381', 'Peoria', '2003-06-27 14:13:59'),
(22, 'CMS', 'Centennial Middle School', '13808 S. 36th St.', '85044', 'Phoenix', '2003-06-27 14:27:39'),
(23, 'CNT', 'Central High School', '4525 N Central Ave', '85012', 'Phoenix', '2013-05-08 00:00:00'),
(24, 'COS', 'Constitution Elementary School', '18440 N. 15th Ave.', '85023', 'Phoenix', '2004-06-28 09:57:32'),
(25, 'CPA', 'Chandler Preparatory Academy', '2020 N. Arizona Ave.', '85225', 'Chandler', '2006-08-17 14:11:47'),
(26, 'CTS', 'Cheyenne Traditional School', '11130 E Cholla', '85259', 'Scottsdale', '2006-04-06 14:45:03'),
(27, 'CVH', 'Campo Verde High School', '3870 S. Quartz Street', '85297', 'gilbert', '2010-09-01 00:00:00'),
(28, 'DAS', 'Desert Arroyo Middle School', 'PO Box 427', '85327', 'Cave Creek', '2004-06-28 09:56:39'),
(29, 'DBG', 'Desert Botanical Garden', '1201 N. Galvin Parkway', '85008', 'Phoenix', '2005-06-24 10:47:55'),
(30, 'DCE', 'Desert Canyon Elementary School', '10203 E. McDowell Mountain Ranch Rd.', '85259', 'Scottsdale', '2001-11-28 11:37:30'),
(31, 'DCS', 'Diamond Canyon School', '42901 N. 45th Ave.', '85086', 'Phoenix', '2004-07-26 11:24:50'),
(32, 'DEH', 'Desert Eagle High School', '10005 E. Osborne Rd.', '85256', 'Scottsdale', '2000-06-05 11:07:07'),
(33, 'DEJ', 'Desert Ridge Junior High School', '10211 E. Madero Ave.', '85212', 'Mesa', '2005-08-16 14:43:17'),
(34, 'DES', 'Discovery School', '7910 W. Maryland', '85303', 'Glendale', '2000-06-05 11:07:07'),
(35, 'DHE', 'Desert Harbor Elementary', '15585 N. 91st Ave', '85382', 'Peoria', '2000-06-05 11:07:07'),
(36, 'DHS', 'Dobson High School', NULL, NULL, 'Mesa', '2000-06-05 11:07:07'),
(37, 'DMH', 'Desert Mountain High School', '12575 E. Via Linda', '85259', 'Scottsdale', '2001-11-28 12:44:53'),
(38, 'DOC', 'Desert Outdoor Center', '41402 N. 87th Ave.', '85382', 'Peoria', '2000-06-05 11:07:07'),
(39, 'DRH', 'Desert Ridge High School', '10045 East Madero Avenue', '85209', 'Mesa', '2010-05-05 00:00:00'),
(40, 'DRJ', 'Desert Ridge Junior High School', '10211 E. Madero', '85212', 'Mesa', '2005-08-16 14:38:05'),
(41, 'DSE', 'Desert Sage Elementary School', '4035 W. Alameda Rd.', '85310', 'Glendale', '2004-07-26 11:21:07'),
(42, 'DVA', 'Deer Valley High School', '18424 N. 51st Ave.', '85303', 'Glendale', '2000-06-05 11:07:07'),
(43, 'DVH', 'Desert Vista High School', '16640 S. 32nd St.', '85044', 'Phoenix', '2000-06-05 11:07:07'),
(44, 'DVM', 'Deer Valley Middle School', '21100 N. 27th ave', '85207', 'Phoenix', '2000-06-05 11:07:07'),
(45, 'DYS', 'Dysart Elementary School', '12950 W. Varney Rd.', '85335', 'El Mirage', '2003-06-27 14:17:17'),
(46, 'EDU', 'EDU Prize', '580 W. Melody Dr.', '85234', 'Gilbert', '2001-11-28 11:43:19'),
(47, 'EES', 'Eisenhower Elementary', '848 N.Mesa Dr.', '85201', 'Mesa', '2000-06-05 11:07:07'),
(48, 'EME', 'Estrella Mountain Elelmentary School', '10301 S. San Miguel', '85338', 'Goodyear', '2000-10-25 13:09:15'),
(49, 'EVS', 'Evans Elementary School', '4525 S. College', '85282', 'Tempe', '2000-06-05 11:07:07'),
(50, 'FES', 'Falcon Hill Elementary School', '1645 N. Sterling Street', '85207', 'Mesa', '2000-06-05 11:07:07'),
(51, 'FFE', 'Finley Farms Elementary School', '375 S. Columbus', '85296', 'Gilbert', '2002-07-23 12:40:05'),
(52, 'FHH', 'Fountain Hills High School', NULL, NULL, 'Fountain Hills', '2000-06-05 11:07:07'),
(53, 'FHM', 'Fountain Hills Middle School', '16000 Palisades Blvd.', '85268', 'Fountain Hills', '2001-11-28 12:46:32'),
(54, 'GES', 'Granada East School', '3022 W. Campbell Ave.', '85017', 'Phoenix', '2003-07-22 12:59:25'),
(55, 'GMS', 'Greenway Middle School', '3002 E. Nisbet Rd.', '85032', 'Phoenix', '2000-08-10 10:20:18'),
(56, 'GRP', 'Gilbert Riparian Preserve', '775 N. Greenfiled Rd.', '85234', 'Gilbert', '2005-06-28 11:15:19'),
(57, 'HHS', 'Highland High School', '140 S. Gilbert Road', '85296', 'Gilbert', '2006-08-17 14:17:05'),
(58, 'HIS', 'Ironwood High School', '6051 W. Sweetwater', '85304', 'Glendale', '2005-08-16 14:41:54'),
(59, 'HJH', 'Hendrix Jr. High', '1550 W. Summit Place', '85224', 'Chandler', '2000-06-05 11:07:07'),
(60, 'HME', 'Holmes Elementary', '948 S. Horne', '85204', 'Mesa', '2001-11-28 11:42:19'),
(61, 'ICE', 'Ignacio G. Conchos Elementary School', '1718 W. Vineyard Road', '85041', 'Phoenix', '2004-07-26 11:23:40'),
(62, 'IMS', 'Ingleside Middle School', '5402 E. Osborn Rd.', '85018', 'Phoenix', '2006-08-17 14:16:20'),
(63, 'JFE', 'Jefferson Elementary School', '120 South Jefferson', '85208', 'Mesa', '2001-11-28 11:45:16'),
(64, 'KAL', 'Kyrene Altadena Middle School', '14620 S. Desert Foothills Parkway', '85048', 'Phoenix', '2002-07-23 12:37:43'),
(65, 'KAM', 'Kyrene Aprende Middle School', '777 N. Desert Breeze Blvd', '85248', 'Chandler', '2000-06-05 11:07:07'),
(66, 'KES', 'Kiva Elementary School', '6911 E. McDonald Dr.', '85253', 'Scottsdale', '2000-08-10 10:19:20'),
(67, 'KPM', 'Kyrene Pueblo Middle School', '360 S. Twelve Oaks Blvd.', '85226', 'Chandler', '2000-08-10 10:23:32'),
(68, 'LCS', 'Lattie Coor School', '220 LaCanada', '85323', 'Avondale', '2002-07-23 12:49:40'),
(69, 'LEM', 'Lowell Elementary School', '920 E. Broadway Rd.', '85204', 'Mesa', '2003-07-22 13:00:39'),
(70, 'LES', 'Liberty Elementary School', '19818 W. Highway 85', '85326', 'Buckeye', '2003-07-22 12:55:04'),
(71, 'LOW', 'Lowell School', '1120 S. 1st Ave.', '85003', 'Phoenix', '2000-06-05 11:07:07'),
(72, 'MAC', 'Machan Elementary School', '2140 E. Virginia Ave.', '85006', 'Phoenix', '2000-06-05 11:07:07'),
(73, 'MAH', 'Moon Valley High School', '3625 West Cactus Rd.', '85029', 'Phoenix', '2001-11-28 12:49:52'),
(74, 'MCE', 'MacArthur Elementary School', '1435 East McLellan Rd.', '85203', 'Mesa', '2002-07-23 12:47:44'),
(75, 'MES', 'Mendoza Elementary School', '5831 E. McClellan', '85205', 'Mesa', '2000-06-05 11:07:07'),
(76, 'MEY', 'Meyer Elementary School', '2615 S. Dorsey Ln.', '85282', 'Tempe', '2000-06-05 11:07:07'),
(77, 'MHS', 'Mesquite High School', '500 S. McQueen Rd.', '85233', 'Gilbert', '2000-06-05 11:07:07'),
(78, 'MJH', 'Mesquite Jr. High School', '130 W. Mesquite St.', '85233', 'Gilbert', '2004-08-18 14:01:53'),
(79, 'MMS', 'McKemy Middle School', '2250 S. College', '85282', 'Tempe', '2000-06-05 11:07:07'),
(80, 'MOE', 'Mobile Elementary School', '42798 S. 99th Ave.', '85239', 'Maricopa', '2002-07-23 12:42:28'),
(81, 'MOS', 'Moon Mountain School', '13425 N. 19th Ave.', '85029', 'Phoenix', '2000-08-10 10:12:21'),
(82, 'MPH', 'Mountain Pointe High School', '4201 East Knox Rd.', '85044', 'Phoenix', '2001-11-30 12:26:25'),
(83, 'MRH', 'Mountain Ridge High School', '22800 N 67th Ave.', '85310', 'Glendale', '2000-06-05 11:07:07'),
(84, 'MSH', 'Mesa High School', '1630 E. Southern Ave.', '85024', 'Mesa', '2001-11-28 12:41:13'),
(85, 'MTA', 'Marc T. Atkinson Middle School', '4315 N. Maryvale Parkway', '85013', 'Phoenix', '2002-07-23 12:48:38'),
(86, 'MVE', 'Monte Vista Elementary', '3501 E. Osborn Rd.', '85018', 'Phoenix', '2000-06-05 11:07:07'),
(87, 'MVH', 'Mountain View High School', '2700 E. Brown Road', '85213', 'Mesa', '2000-06-05 11:07:07'),
(88, 'NDP', 'Notre Dame Preparatory HS', '9701 E. Bell Rd.', '85260', 'Scottsdale', '2004-08-18 15:12:18'),
(89, 'NFL', 'NFL-YET', '4848 South 2nd St.', '85040', 'Phoenix', '2000-11-01 14:39:53'),
(90, 'OEL', 'Oasis Elementary', '7841 W. Sweetwater Ave.', '85381', 'Peoria', '2002-07-23 12:41:06'),
(91, 'PCD', 'Phoenix Country Day School', '3901 E. Stanford Dr.', '85253', 'Paradise Valley', '2006-10-30 14:04:03'),
(92, 'PEN', 'Pendergast Elementary School', '3802 N. 91st Ave.', '85037', 'Phoenix', '2003-11-13 08:32:43'),
(93, 'PER', 'Perry High School', '1919 E. Queen Creek Rd.', '85296', 'Gilbert', '2007-07-12 14:26:39'),
(94, 'PES', 'Pueblo Elementary School', '6320 N. 82nd St.', '85250', 'Scottsdale', '2001-11-28 12:48:56'),
(95, 'PHC', 'Phoenix College', '1202 W. Thomas Rd.', '85013', 'Phoenix', '2005-11-29 12:53:13'),
(96, 'PVH', 'Paradise Valley High School', '3650 E. Bell Road', '85032', 'Phoenix', '2004-06-28 09:50:31'),
(97, 'QCH', 'Queen Creek High School', '22149 E. Ocotillo Rd', '85242', 'Queen Creek', '2007-07-12 14:23:01'),
(98, 'RFE', 'Ruth Fisher Elementary School', '38201 W. Indian School Rd.', '85354', 'Tonopah', '2004-04-08 09:13:24'),
(99, 'RJH', 'Rhodes Junior High', '1860 S. Longmore', '85202', 'Mesa', '2000-08-10 10:17:07'),
(100, 'RMH', 'Red Mountain High School', '7301 E. Brown Rd.', '85207', 'Mesa', '2001-11-28 12:50:41'),
(101, 'RPM', 'Royal Palm Middle School', '8520 N. 19th Ave.', '85021', 'Phoenix', '2000-09-27 11:24:36'),
(102, 'SAK', 'Santan K-8', '1550 E. Chandler Heights Road', '85225', 'Chandler', '2002-07-23 11:48:03'),
(103, 'SCH', 'Seton Catholic High School', '1150 N. Dobson Road', '85224', 'Chandler', '2003-07-22 12:55:20'),
(104, 'SDO', 'Sandra Day O''Connor High School', '25250 N. 35th Ave.', '85034', 'Phoenix', '2006-08-17 14:19:32'),
(105, 'SFM', 'Sam Fees Middle School', '1600 E. Watson Dr.', '85283', 'Tempe', '2001-11-28 12:48:00'),
(106, 'SHS', 'Skyline High School', '845 S. Crismon', '85208', 'Mesa', '2000-06-05 11:07:07'),
(107, 'SJV', 'Saint John Vianney School', '539 La Pasada Blvd.', '85338', 'Goodyear', '2004-01-20 10:59:04'),
(108, 'SLC', 'Sunridge Learning Center', '737 W. Guadalupe', '85210', 'Mesa', '2000-06-05 11:07:07'),
(109, 'SMH', 'St. Mary''s High School', '2525 N. Third St.', '85004', 'Phoenix', '2000-06-05 11:07:07'),
(110, 'SMS', 'Supai Middle School', '6720 E. Continental', '85257', 'Scottsdale', '2000-08-10 10:22:16'),
(111, 'SOL', 'Solano School', '1526 W. Missouri', '85015', 'Phoenix', '2003-06-27 14:17:13'),
(112, 'SQP', 'Squaw Peak School', '4601 North 34th Street', '85018', 'Phoenix', '2001-11-28 12:40:59'),
(113, 'SRS', 'Sirrine School', '591 West Mesquite', '85225', 'Chandler', '2001-11-28 11:44:27'),
(114, 'SVE', 'Stevenson Elementary School', '638 S. 96th St', '85208', 'Mesa', '2001-11-28 11:42:08'),
(115, 'TAY', 'Taylor Junior High School', '705 S. 32nd Street', '85204', 'Mesa', '2003-07-22 12:57:37'),
(116, 'TBH', 'Trevor Brown High School', '7402 W. Catalina Dr.', '85033', 'Phoenix', '2000-06-05 11:07:07'),
(117, 'TES', 'Tesseract', '4800 East Doubletree Ranch Road', '85253', 'Paradise Valley', '2007-08-24 11:03:50'),
(118, 'THS', 'Tempe High School', '1730 S. Mill', '85281', 'Tempe', '2000-06-05 11:07:07'),
(119, 'TMM', 'Thunder Mountain Middle School', '3700 E. 16th St.', '85219', 'Apache Junction', '2001-11-28 12:51:57'),
(120, 'TPA', 'Tempe Preparatory Academy', '1251 East Southern Ave.', '85282', 'Tempe', '2001-11-28 11:46:15'),
(121, 'VHS', 'Verde Valley Home Based Student Support Center', '30 Arizona 260', '86322', 'Camp Verde', '2013-03-14 13:03:03'),
(122, 'VPA', 'Veritas Preparatory Academy', '2131 E. Lincoln Dr.', '85016', 'Phoenix', '2005-08-16 14:38:40'),
(123, 'VVM', 'Vista Verde Middle School', '2826 E. Grovers', '85032', 'Phoenix', '2006-08-17 14:14:58'),
(124, 'VVS', 'Valley View School', '8220 S. 7th Avenue', '85041', 'Phoenix', '2003-10-02 09:41:04'),
(125, 'WCH', 'Willow Canyon High School', '17901 W. Lundberg St.', '85374', 'Surprise', '2006-03-09 11:54:31'),
(126, 'WHS', 'Washington High School', '2217 West Glendale Avenue', '85021', 'Phoenix', '2002-07-23 12:38:11'),
(127, 'WJH', 'Willis Junior High School', '401 South McQueen', '85225', 'Chandler', '2002-01-28 08:40:05'),
(128, 'WPE', 'Westpoint Elementary School', NULL, NULL, 'Dysart', '2002-07-23 12:56:23'),
(129, 'WTR', 'White Tank Regional Park', '13025 N. White Tank Mountain Road', '85355', 'Waddell', '2006-05-17 14:09:03'),
(130, 'WWC', 'Wigwam Creek Middle School', '4510 127th Ave.', '85340', 'Litchfield Park', '2004-07-26 11:22:17'),
(131, 'ZES', 'Zedo Ishikawa Elementary School', '2635 N. 32 Street', '85213', 'Mesa', '2000-06-05 11:07:07'),
(132, 'ZZZ', 'Testing', 'test', NULL, 'test', '2012-01-11 00:00:00');

-- --------------------------------------------------------

--
-- Table structure for table `sites`
--

CREATE TABLE `sites` (
  `id` int(11) NOT NULL AUTO_INCREMENT,
  `site_id` varchar(50) NOT NULL,
  `school_id` int(11) NOT NULL,
  `site_name` varchar(40) DEFAULT NULL,
  `address` varchar(100) DEFAULT NULL,
  `description` varchar(100) DEFAULT NULL,
  `city` varchar(50) DEFAULT NULL,
  `zipcode` varchar(10) DEFAULT NULL,
  `date_entered` datetime DEFAULT NULL,
  `location` varchar(255) DEFAULT NULL,
  PRIMARY KEY (`id`),
  UNIQUE KEY `site_id` (`site_id`),
  KEY `school_id` (`school_id`)
) ENGINE=InnoDB  DEFAULT CHARSET=latin1 AUTO_INCREMENT=398 ;

--
-- Dumping data for table `sites`
--

INSERT INTO `sites` (`id`, `site_id`, `school_id`, `site_name`, `address`, `description`, `city`, `zipcode`, `date_entered`, `location`) VALUES
(1, ' football field', 87, 'N.33.26.505.W.111.46.305', '2700 E. Brown Road', 'East side of the football field on the 15 yard line all grass', 'Mesa', '85213', '2004-11-19 10:39:46', 'Football field East of the 50 yard line'),
(2, '1', 59, 'Pond', '1550 W. Summit Place', 'Pond along canal. Not lined or vegetated yet. North of softball diamond.', 'Chandler', '85224', '2000-12-07 13:16:36', NULL),
(3, '111', 87, 'N 33', '2700 E. Brown Road', 'BASKETBALL COURT', 'Mesa', '85213', '2004-11-10 10:36:49', 'CONCRETE'),
(4, '1166ft N. 33 26.333 W. 111 46.493', 87, 'baseball fields', '2700 E. Brown Road', 'behind portables by baseball fields', 'Mesa', '85213', '2004-11-10 13:35:17', '26.333 46.493'),
(5, '1265332637111146323', 87, '4E', '2700 E. Brown Road', ' ', 'Mesa', '85213', '2005-12-14 12:13:09', NULL),
(6, '2', 59, 'West grass', '1550 W. Summit Place', 'West of the Hendrix Auditorium on the grassy playing field.', 'Chandler', '85224', '2000-12-03 17:34:46', NULL),
(7, '200E', 87, 'East of 200 Building', '2700 E. Brown Road', 'South of school to the west of sophomore lockers', 'Mesa', '85213', '2004-03-09 10:48:23', 'S. of school to west of sophomore lockers'),
(8, '257.291', 87, 'N 33* 26.257  W 111* 46.291', '2700 E. Brown Road', 'North east corner of main academic building.  Three trees and grassy area.  Sidewalk ramp running th', 'Mesa', '85213', '2004-11-10 10:43:32', 'North east corner of main academic building'),
(9, '280.484', 87, 'N33.26.280W111.46.484', '2700 E. Brown Road', 'near pond on south side of fence. under three big trees with two tables underneath.', 'Mesa', '85213', '2004-11-10 10:40:08', 'Ag area'),
(10, '290.484', 87, 'N33.26.290W111.46.484', '2700 E. Brown Road', 'under three big trees near pond. on picnic tables', 'Mesa', '85213', '2004-11-12 10:23:03', 'ag area'),
(11, '294.397', 87, 'n33.26.294w111.46.397', '2700 E. Brown Road', 'benches where students have eaten at lunchtime.', 'Mesa', '85213', '2004-11-12 12:09:13', 'west side of sophmore lockers'),
(12, '299.402', 87, 'N33.26.299W111.46.402', '2700 E. Brown Road', 'it is a great spot to look for birds and it has a lot of shade and a bunch of tables.', 'Mesa', '85213', '2004-11-10 13:19:04', 'Near sophmore Lockers'),
(13, '3', 59, 'Garden', '1550 W. Summit Place', 'Centered in the garden area, north east of the east patio.', 'Chandler', '85224', '2000-12-06 12:22:40', NULL),
(14, '307.464', 87, 'N33.26.307W111.46.464', '2700 E. Brown Road', 'the center of my circle is a tree in the eating area right next to the sophmore locker. it is the tr', 'Mesa', '85213', '2004-11-10 13:34:16', 'next to sophmore lockers'),
(15, '308.388', 87, 'N33.26.308W111.46.388', '2700 E. Brown Road', 'My area is located in the lunch area which makes it a good place to watch for birds  because left ov', 'Mesa', '85213', '2004-11-10 13:18:26', 'Sophmore Lockers'),
(16, '312.289', 87, 'N33.26.312W111.46.289', '2700 E. Brown Road', 'by the trashcans', 'Mesa', '85213', '2004-11-10 12:29:42', 'E of main building'),
(17, '314.388', 87, 'N33.26.314W111.46.388', '2700 E. Brown Road', 'There is a grove of trees nearby my location.', 'Mesa', '85213', '2004-11-10 13:16:21', 'Southeast corner of Auditorium'),
(18, '317.497', 87, ' N 33 26.317  W 111 46.497', '2700 E. Brown Road', 'theres some old orange groves along with a pond and stables', 'Mesa', '85203', '2004-11-12 10:31:13', 'ag'),
(19, '321.265', 87, 'N33.26.321W111.46.265', '2700 E. Brown Road', 'on irrigaton valve in grass', 'Mesa', '85213', '2004-11-10 12:13:20', 'E of main building'),
(20, '321.266', 87, 'N33.26.321W111.46.266', '2700 E. Brown Road', 'on irrigaton valve in grass', 'Mesa', '85213', '2004-11-10 12:18:50', 'E of main building'),
(21, '326.295', 87, 'N33.26.326W111.96.295', '2700 E. Brown Road', 'near the marquee', 'Mesa', '85213', '2004-11-12 10:23:49', 'back of building'),
(22, '326.376', 87, 'N33.26.326w111.46.376', '2700 E. Brown Road', 'the center of my circle is generally the middle of the school. there are two flag poles here and my ', 'Mesa', '85213', '2004-11-10 13:14:53', 'flag poles'),
(23, '329.380 ', 87, 'N33.26.329W111.46.380', '2700 E. Brown Road', 'seniorlockers, and the tables and benches near them', 'Mesa', '85213', '2004-11-12 10:43:58', 'senior lockers'),
(24, '331.323', 87, 'N33.26.331W111.46.323', '2700 E. Brown Road', 'Site is on the edge of the parking lot, going into it, and halfway on the grass.', 'Mesa', '85213', '2004-11-12 12:13:57', 'East of the main building'),
(25, '332.277', 87, 'N33.26.332W111.46.277', '2700 E. Brown Road', 'in the grass', 'Mesa', '85213', '2004-11-10 12:25:23', 'E main building'),
(26, '3326', 87, 'N33.26.366W111.45.304', '2700 E. Brown Road', 'It is a lawn between a parkinglot and the main building. Three or four pine trees and two more canop', 'Mesa', '85213', '2004-11-10 12:13:54', 'N lawn near N parking lot'),
(27, '334.307', 87, 'N33.26.334W111.46.307', '2700 E. Brown Road', 'Large open space. Few Trees', 'Mesa', '85213', '2004-11-10 13:28:51', 'Court Yard'),
(28, '335.289', 87, 'N33.66.335W111.46.289', '2700 E. Brown Road', 'mostly grass with left over food from lunch usually!! ', 'Mesa', '85213', '2004-11-10 12:13:51', 'E side of main building'),
(29, '336.297', 87, 'N33.26.336W111.46.297', '2700 E. Brown Road', 'On the East side of the main academic building in the grassy area. ', 'Mesa', '85213', '2004-11-10 13:19:16', 'grassy knoll'),
(30, '337.289', 87, 'N33.26.337W111.46.289', '2700 E. Brown Road', 'On the eastern most side of the main academic building. A lot of small shrubs and a few trees. The b', 'Mesa', '85213', '2004-11-10 13:19:08', 'Grassy Knoll'),
(31, '342.293', 87, 'N33.26.342W111.46.293', '2700 E. Brown Road', 'grass hill blocked off by railings with little trees and shade', 'Mesa', '85213', '2004-11-10 12:14:19', 'E side of main building'),
(32, '343.393', 87, 'N33.26.343W111.46.393', '2700 E. Brown Road', 'Trees, picnic tables, building, grass, cement, trash can. Lots of birds come here.', 'Mesa', '85213', '2004-11-10 13:15:19', 'Picnic Table by Jr Lockers'),
(33, '347.367', 87, 'N33.26.347W111.46.367', '2700 E. Brown Road', 'Picnic table at top of the ramp.', 'Mesa', '85213', '2004-11-19 13:22:47', 'W. side of Main Building'),
(34, '347.375', 87, 'N33.26.347W111.46.375', '2700 E. Brown Road', 'It doesnt have a lot of soil, it is has about 90% pavement. ', 'Mesa', '85213', '2004-11-10 12:14:04', 'bench by Sr. lockers'),
(35, '347.376', 87, 'N33.26.347W111.46.376', '2700 E. Brown Road', 'MANY GARBAGE CANS AROUND AND IN MY SPOT, DO NOT REMOVE GARBAGE CANS CAUSE THEIR PRESENCE BRINGS BIRD', 'Mesa', '85213', '2004-11-10 12:20:57', 'THE PAIN TRAIN STOP'),
(36, '351.393', 87, 'N33.26.351W111.46.393', '2700 E. Brown Road', 'Many trees hang over my cite.  The center point is the garbage can near the N. pod of the auditorium', 'Mesa', '85213', '2004-11-10 12:14:14', 'near north pod of auditorium'),
(37, '353.269', 87, 'N3326353W11146269', '2700 E. Brown Road', 'In the east grass of the school near lindsay road.  Midpoint being the announcement board.  Just sou', 'Mesa', '85213', '2004-11-10 10:41:33', 'East of Main Building'),
(38, '353.356', 87, 'N33.26.353W111.46.356', '2700 E. Brown Road', 'UNDER THE BRIDGE IN THE NORTHWEST EXIT OF THE MAIN BUILDING.  THERE IS ALOT OF GRASS, AND IT IS SHAD', 'Mesa', '85213', '2004-11-10 13:15:48', 'UNDER THE BRIGDE'),
(39, '357.305', 87, 'N: 33*26.357       W:  111*46.305', '2700 E. Brown Road', 'North side of Main Academic Building.  Near the Jr./Sr. parking lot, in the back of school. Includes', 'Mesa', '85213', '2004-11-10 10:45:41', 'N. side of Main Building'),
(40, '357.400', 87, 'N33.26.357W111.46.400', '2700 E. Brown Road', 'Big tree, plot of grass, next to a ramada. A bit of concrete surrounding the grass, with two benches', 'Mesa', '85213', '2004-11-10 13:15:19', 'Under the big tree between the Junior and Senior lockers'),
(41, '358.29', 87, 'N33.26.358W111.46.299', '2700 E. Brown Road', 'This is the best place to watch birds. it is by a lot of cars and it is a good place to watch birds ', 'Mesa', '85213', '2004-11-10 13:22:10', 'NECorner A Building'),
(42, '358.299', 87, 'N33.26.358', '2700 E. Brown Road', ' ', 'Mesa', '85213', '2004-11-10 13:10:34', NULL),
(43, '358.2999', 87, 'N33.26.358', '2700 E. Brown Road', 'IT IS THE GRASSY AREA IN BETWEEN THE PORTABLES. ', 'Mesa', '85213', '2004-11-10 13:22:57', 'BY AGRICULTURAL CENTER'),
(44, '358.373', 87, 'N33.26.358WIII.46.373', '2700 E. Brown Road', 'mostly concrete, food left over after lunch time on ground', 'Mesa', '85213', '2004-11-10 12:13:46', 'Senior Lockers'),
(45, '360.360', 87, 'N33.26.360W111.46.360', '2700 E. Brown Road', 'Most of my site is all lawn. There are a few trees and bushes. On all of the edges of my lawn there ', 'Mesa', '85213', '2004-11-10 12:13:39', 'North side of main building'),
(46, '360.446', 87, 'N33.26.360W111.46.446', '2700 E. Brown Road', 'center point is under a tree, close to the band room, on the gravel.', 'Mesa', '85213', '2004-11-10 12:13:41', 'soccer field'),
(47, '361.287(east side/North parking lot)', 87, 'N.33.26.361.W.111.46.287', '2700 E. Brown Road', 'Moslty all a grass area, very little dirt ', 'Mesa', '85213', '2004-12-03 12:34:31', 'East side by North Parking lot'),
(48, '361.431', 87, 'N33.26.361W111.46.431', '2700 E. Brown Road', 'all dirt and some grass', 'Mesa', '85213', '2004-11-10 12:14:10', 'NW of Junior Lockers'),
(49, '362.412', 87, 'N33.26.362W111.46.412', '2700 E. Brown Road', 'Behind Junior Lockers. Between Auditorium and Gym.', 'Mesa', '85213', '2004-11-19 10:34:46', 'BehindJr.Locker'),
(50, '364.428', 87, 'N33.26.364W111.46.428', '2700 E. Brown Road', 'BEHIND JOUNIOR LOCKERS NEXT TO THE PORTALBES AND BY SOCCER FIELD (NORTHWEST CORNER)', 'Mesa', '85213', '2004-11-10 13:16:46', 'LOCKER BY THE SOCCER FIELD'),
(51, '365.387', 87, 'N33.26.365W111.46.387', '2700 E. Brown Road', 'BENCH AREA WHERE KIDS EAT AT LUNCH', 'Mesa', '85213', '2004-11-10 12:13:09', 'BENCHS BY JOUNIOR LOCKERS'),
(52, '367.468', 87, 'N33.26.367W111.46.468', '2700 E. Brown Road', 'Theres three small trees in my circle, grass and gravel area.', 'Mesa', '85213', '2004-11-10 13:16:15', 'by the baseball field'),
(53, '372.351', 87, 'N33.26.372W111.46.351', '2700 E. Brown Road', 'A big tree. part of my circle is in the parking lot. its right in front of the gym. its a good place', 'Mesa', '85213', '2004-11-10 13:15:23', 'The big tree right in front of the junior parking lot'),
(54, '378.428', 87, 'N33.26.378W111.46.428', '2700 E. Brown Road', 'Includes sports fields', 'Mesa', '85213', '2004-12-03 13:22:55', 'W. side of gym'),
(55, '379.432', 87, 'N33.26.379W111.46.432', '2700 E. Brown Road', ' ', 'Mesa', '85213', '2004-11-10 12:13:08', 'W. side of gym'),
(56, '38.34', 87, 'N33.26.387W111.46.344', '2700 E. Brown Road', 'IN BETWEEN THE GYM AND THE SOUTH WEST SIDE OF THE PARKING LOT ', 'Mesa', '85213', '2004-11-12 10:22:37', 'EAST SIDE OF GYM'),
(57, '380.414', 87, 'n.3326380w.11146.414', '2700 E. Brown Road', 'northwest of juniors lockers has a pine tree almost by the center of the area where the site is.', 'Mesa', '85213', '2004-11-10 10:44:58', 'nothwest junior lockers'),
(58, '385.056', 87, 'N33.26.385W111.45.056', '2700 E. Brown Road', 'Between gymnasium door and phone booth on east side of gymnasium', 'Mesa', '85213', '2004-11-10 10:41:36', 'E. side of gymnasium'),
(59, '385.372', 87, 'N. 33.26.385W.111.46.372', '2700 E. Brown Road', ' ', 'Mesa', '85213', '2004-11-10 10:48:47', 'in front of gym'),
(60, '395.423', 87, 'N 33.26.395W111.46.423', '2700 E. Brown Road', 'Mostly pavement. Little Grass. No trees in my area. There is just a field. ', 'Mesa', '85213', '2004-11-10 13:16:12', 'Soccer Field and Gym Bulilding'),
(61, '4', 59, 'patio', '1550 W. Summit Pl.', 'cafateria patio NE side of school', 'Chandler', '85224', '2000-12-07 11:49:02', NULL),
(62, '404 435', 87, 'N 33 26.404 W 111.46.435', '2700 E. Brown Road', 'Football field. Flag football is often being played during bird observing. Irrigation.', 'Mesa', '85213', '2004-11-10 12:20:02', 'JV Football field w. of gym'),
(63, '407.418', 87, 'N33.26.407W111.46.418', '2700 E. Brown Road', 'Mostly pavement.  No trees or shrubs.', 'Mesa', '85213', '2004-11-10 13:23:43', 'Boys Locker Room'),
(64, '412393', 87, 'N33.26.412W111.46.393', '2700 E. Brown Road', 'Most southern tennis court.', 'Mesa', '85213', '2004-11-10 13:31:51', 'Tennis Court'),
(65, '428.393', 87, 'n33.26.428w111.436.393', '2700 E. Brown Road', 'Center Tennis Courst', 'Mesa', '85213', '2004-11-10 13:15:48', 'Tennis Courts'),
(66, '47.73', 87, 'N33.26.347.W111.46.273', '2700 E. Brown Road', 'Mostly grassy area, with small part of cement walkway with one tree canopy.', 'Mesa', '85213', '2004-11-10 12:30:59', 'E. side in front of school'),
(67, '476.432', 87, 'N33.26.476W111.46.4322', '2700 E. Brown Road', 'mostly gravel and some tree canopy/vegitation. ', 'Mesa', '85213', '2004-11-10 12:25:36', 'baseball feild'),
(68, '480.419', 87, 'N33.26.48W111.46.419', '2700 E. Brown Road', 'dirt ground and a side walk running through it with a tree', 'Mesa', '85213', '2004-11-10 12:13:49', 'baseball field'),
(69, '5', 59, 'North grass', '1550 W. Summit Place', 'North of west basketball courts, centered east of the irrigation berm, so that the right field fence', 'Chandler', '85224', '2000-12-06 12:18:15', NULL),
(70, '505.305', 87, 'N.33.26.505.W.111.46.305', '2700 E. Brown Road', 'on the football field which falls on the east side of the field on the 15 yard line.', 'Mesa', '85213', '2004-11-10 10:44:15', 'east of  fifty yard line'),
(71, '535.273', 87, 'N33.26.353W111.46.273', '2700 E. Brown Road', 'THE MARQUIS', 'Mesa', '85213', '2004-11-10 13:30:01', NULL),
(72, '56.74', 87, 'N33.26.356W46.274', '2700 E. Brown Road', 'Is in front of the school, mostly all a grass area, liitle piece of dirt. ', 'Mesa', '85213', '2004-11-10 12:34:59', 'E side in front of school'),
(73, '580.980', 87, 'N26.58W46.90', '2700 E. Brown Road', 'My lovely bird watching spot is close to the senior parking lot. It is filled with lucious beautiful', 'Mesa', '85213', '2004-11-10 13:31:49', NULL),
(74, '6', 59, 'east parking lot', '1550 W. Summit Place   ', 'East end of east parking lot, centered between the two marked handicapped parking spots, with a smil', 'Chandler', '85224', '2000-12-06 12:26:04', NULL),
(75, '646.419', 87, 'N33.26.46W111.46.419', '2700 E. Brown Road', 'mostly in the grass under trees', 'Mesa', '85213', '2004-11-10 12:13:21', 'baseball fields'),
(76, '7', 59, 'canal power poles', '1550 W. Summit', 'By canal behind baseball field', 'Chandler', '85224', '2000-12-01 11:59:14', NULL),
(77, '8', 59, 'football field grass', '1550 W. Summit Pl.', 'NE corner of school,north of football field', 'Chandler', '85224', '2000-12-07 11:55:45', NULL),
(78, '9', 59, 'Far west Canalbank', ' 1550 W. Summit Place', 'east-west transect under the high-power transmission lines, starting due north of the softball field', 'Chandler', '85224', '2010-02-26 00:00:00', 'Between the back fence north of the softball field and the canalroad'),
(79, '999.46', 87, 'N.33.26.999W111.46', '2700 E. Brown Road', 'basic playground and lots of shrubs', 'Mesa', '85213', '2004-11-12 10:46:41', 'playground'),
(80, 'AG1', 87, 'agriculture area', '2700 E. Brown Road', 'The SW corner of the school where the animals are kept.', 'Mesa', '85213', '2004-03-11 10:02:39', 'SE corner of agriculture area'),
(81, 'AGA4', 87, 'Ag Area', '2700 E. Brown Road', 'My site is located behind the parking lot.It is right by the cow and all the animals it is kind of h', 'Mesa', '85213', '2004-03-11 12:27:36', NULL),
(82, 'agg', 84, 'Ag area', '1630 E. Southern Ave.', ' ', 'Mesa', '85024', '2007-10-26 13:44:49', NULL),
(83, 'AGRA', 87, 'Agriculture Area', '2700 E. Brown Road', 'BY the citrus trees', 'Mesa', '85213', '2004-03-11 12:42:21', 'behind the parking lot and portables'),
(84, 'Agrea', 87, 'Agriculture Area', '2700 E. Brown Road', 'in the agriculture area standing near or under the palo verde trees.', 'Mesa', '85213', '2004-03-11 10:42:34', 'SW corner of campus'),
(85, 'ARC1', 6, 'Circle Building', '4703 E. Indian School Rd.', 'Site is entirely inside of the circle building.  It is on the south side of the circle just north of', 'Phoenix', '85018', '2006-05-12 08:08:27', 'South end of circle building'),
(86, 'ARC2', 6, 'Senior parking', '4703 E. Indian School Rd.', 'Site is located on the east side of campus in the senior parking lot.  Exact center of site is at th', 'Phoenix', '85018', '2006-05-12 08:03:16', 'Center of Senior parking lot'),
(87, 'ARC3', 6, 'Practice field', '4703 E Indian School Rd.', 'Site is located at the Tavan field just south of the Arcadia football field.  Circle is located imme', 'Phoenix', '85018', '2006-05-17 20:30:57', 'NW corner of field'),
(88, 'ATHFD', 57, 'Athletic Field', '140 S. Gilbert Road', 'Out field is the on the South east campus. It is the first athletic field the closest side East by t', 'Gilbert', '85296', '2007-03-30 08:59:57', 'SE Side of campus, first field'),
(89, 'B100CO', 126, 'between 100 bld. and  counslers  office', '2217 West Glendale Avenue', 'Behind the counslers office, but in front of 100 building. ', 'Phoenix', '85021', '2003-05-23 13:19:13', 'grassy  mideian'),
(90, 'baseball', 87, 'Baseballfield', '2700 E. Brown Road', 'grassy', 'Mesa', '85213', '2004-03-11 10:54:43', 'basball field'),
(91, 'BBB2', 90, 'Behind Baseball field', '7841 W. Sweetwater Ave.', 'South side of Centennial High School campus between the track and behind the baseball fenced area.', 'Peoria', '85381', '2004-04-19 06:29:47', 'South side of campus'),
(92, 'BBCN33.26.420W111.46.360', 87, 'N33.26.420W111.46.360', '2700 E. Brown Road', 'Middle of Basketball Courts.', 'Mesa', '85213', '2004-11-10 10:46:23', 'Basketball Courts'),
(93, 'bbcbbcourt', 124, 'bbcourt', '8220 S. 7th Avenue', 'the middle of the basketball court', 'Phoenix', '85041', '2003-12-02 10:17:43', 'center of the basketball court'),
(94, 'BBN1', 110, 'Baseball Field North 1', '6720 E. Continental', 'Area between 2nd and 3rd base and into the outfieldto the fence', 'Scottsdale', '85257', '2004-11-11 09:19:44', 'north baseball field west of Supai'),
(95, 'BBS1', 110, 'Baseball Field South 1', '6720 E. Continental', 'between 1st and 2nd bases into the outfield to the fence', 'Scottsdale', '85257', '2004-11-11 09:23:05', 'The south baseball field west of Supai'),
(96, 'BBS2', 110, 'Baseball South 2', '6720 E. Continental', 'West of Supai south east corner baseball field', 'Scottsdale', '85257', '2006-05-22 14:10:52', 'South baseball field by Supai'),
(97, 'BC3', 95, 'between B&C bldgs', '1202 W. Thomas Rd.', 'S. of library, W. of C building, N. of Thomas rd., and E. of B building', 'Phoenix', '85013', '2005-12-02 11:34:51', 'N. of Thomas rd'),
(98, 'BJH 1', 13, 'Brimhall Junior High Site 1', NULL, 'Small trees and shrubs are present.  Not immediately on the campus', 'Mesa', NULL, '2000-06-05 10:18:38', 'Located in empty field adjacent to the school immediately to the east of the school.  There is a  plant line along the site'),
(99, 'BJH 2', 13, 'Brimhall Junior High Site 2', NULL, 'Some trees and watered regularly', 'Mesa', NULL, '2000-06-05 10:18:38', 'Located along the fence line directly to the east of the softball field'),
(100, 'BJH 3', 13, 'Brimhall Junior High Site 3', NULL, 'Not heavily watered except in spots. Some trees', 'Mesa', NULL, '2000-06-05 10:18:38', 'Located directly south of the football field.'),
(101, 'BJH 4', 13, 'Brimhall Junior High Site 4', NULL, 'Heavily shaded.  Next to brick wall.  Irrigated regularly', 'Mesa', NULL, '2000-06-05 10:18:38', 'Located directly west of the tennis courts'),
(102, 'BJH 5', 13, 'Brimhall Junior High School Site #5', NULL, 'Along a fence line and in a grassy area', 'Mesa', NULL, '2000-06-05 10:18:38', 'Brimhall Junior High'),
(103, 'BJH6', 13, 'Brimhall Site 6', NULL, 'located in a grassy, irrigated area along the left field fence of the baseball field', 'Mesa', NULL, '2000-09-29 12:38:01', 'Brimhall Junior High School\r\n'),
(104, 'BLCHR', 78, 'West of bleachers', ' 130 W. Mesquite St.', 'The site is along the fence that is located under/behind the football bleachers. The area is grass w', 'Gilbert', '85233', '2009-09-21 00:00:00', 'Just west of football bleachers'),
(105, 'BNDFD', 57, 'Band Field', '140 S. Gilbert Road', 'North west corner of school in the band field practice area, the area closest to the road and along ', 'Gilbert', '85296', '2007-03-30 09:03:27', 'North West corner of school'),
(106, 'BPW', 87, 'behind portables', '2700 E. Brown Road', 'west  most part of Mountain View on baseball feild', 'Mesa', '85213', '2004-03-11 10:43:26', 'behind portables'),
(107, 'BPW2', 87, 'Behind portables', '2700 E. Brown Road', 'west most part of mountain view on baseball field', 'Mesa', '85213', '2004-03-11 10:44:54', 'behind portables'),
(108, 'BS4', 101, 'Busbay Courtyard', '8520 N. 19th Ave.', 'Courtyard area located between portables 119,120,121, and 122', 'Phoenix', '85021', '2003-02-07 09:34:11', 'Busbay Courtyard North of Butler Avenue'),
(109, 'bsbl', 84, 'Baseball', '1630 E. Southern Ave.', ' ', 'Mesa', '85024', '2007-10-26 13:37:04', 'NW corner of baseball field'),
(110, 'bywc', 128, 'Bus Yard West', '13700 W. Greenway Rd.', 'The site is located to the west side of the front of the school, which faces South.  The line is app', 'Dysart', '85374', '2003-01-23 11:44:22', 'W side of school bus parking lot'),
(111, 'city', 118, 'city', NULL, ' ', NULL, NULL, '1999-08-29 00:00:00', NULL),
(112, 'COC', 84, 'Center of Campus', '1630 E. Southern Ave.', ' ', 'Mesa', '85024', '2007-11-02 13:17:19', NULL),
(113, 'COURT', 60, 'basketball court', '948 S. Horne', 'north east of campus on the basketall court with several trees around', 'Mesa', '85204', '2002-01-15 11:47:43', 'ne side of the campus'),
(114, 'cy1', 87, 'courtyard', '2700 E. Brown Road', 'in middle of school by flagpole', 'Mesa', '85213', '2004-03-11 12:39:26', NULL),
(115, 'DBG1', 29, 'Desert Oasis', '1201 N. Galvin Parkway', 'The centerpoint is located in the rocks surounding the pond.  Find the small sign that says, help ke', 'Phoenix', '85008', '2005-06-24 13:08:02', 'Centerpoint at edge of Desert Oasis pond.'),
(116, 'DBG2', 29, 'Webster Center', '1201 N. Galvin Parkway', 'The midpoint is 1.5 meters east of a rusty 3 leaf patterned metal lamp post.  The spot is marked by ', 'Phoenix', '85008', '2005-06-24 13:01:07', 'NE of Webster Center'),
(117, 'DBG3', 29, 'Wildflower Garden', '1201 N. Galvin Parkway', 'Where the three paths intersect, just E of the hummingbird garden sign.', 'Phoenix', '85008', '2005-06-24 13:05:24', 'Northwest quadrant of the park'),
(118, 'DEC', 128, 'Desert East Cafeteria', ' 17901 W. Lundberg St.', 'Site is located east of the cafeteria at Willow Canyon High School.  It is at the edge of a desert a', 'Dysart', NULL, '2003-12-14 21:45:35', 'Site borders the school on the east of Lundberg St.'),
(119, 'deser', 60, 'desert', '948 S. Horne', 'north side of the preserve in a desert landscaped area', 'Mesa', '85204', '2002-01-16 10:52:06', 'north side of the priparian preserve'),
(120, 'desert', 118, 'desert', NULL, ' ', NULL, NULL, '1999-08-29 00:00:00', NULL),
(121, 'DH1', 101, 'Desert Habitat', '8520 N. 19th Ave.', 'Traps are located in Habitat area in the NE corner of the Royal Palm Campus along the south and east', 'Phoenix', '85021', '2003-02-04 13:45:12', 'Southern and Eastern edges of Habitat area'),
(122, 'DIS1', 34, 'DIS1', 'Cafeteria', 'by mesquite tree in front of cafeteria', 'Glendale', '85303', '2000-06-05 11:10:54', NULL),
(123, 'DIS2', 34, 'DIS2', 'NE gate', 'Just outside NE gate, by street', 'Glendale', '85303', '2000-06-05 11:10:54', NULL),
(124, 'DIS3', 34, 'DIS3', 'North Central Gate', 'Just inside the gate', 'Glendale', '85303', '2000-06-05 11:10:54', NULL),
(125, 'DIS4', 34, 'DIS4', 'Park Fence', 'By West gate of park fence', 'Glendale', '85303', '2000-06-05 11:10:54', NULL),
(126, 'DIS5', 34, 'DIS5', 'Pond', 'Stand by first pole south of pond', 'Glendale', '85303', '2000-06-05 11:10:54', NULL),
(127, 'DIS6', 34, 'DIS6', 'West parking lot.', 'in parking lot by canal', 'Glendale', '85303', '2000-06-05 11:10:54', NULL),
(128, 'DIS7', 34, 'DIS7', 'Busbay', 'South End, By closeable gate', 'Glendale', '85303', '2000-06-05 11:10:54', NULL),
(129, 'DIS8', 34, 'DIS8', 'East side parking lot', 'underneath 1st. Tree', 'Glendale', '85303', '2000-06-05 11:10:54', NULL),
(130, 'DIS9', 34, 'DIS9', 'West parking lot by emergency lane.', 'Stand by sign at end of emergency lane', 'Glendale', '85303', '2000-06-05 11:10:54', NULL),
(131, 'dkdkdd', 87, 'Flag pole ', '2700 E. Brown Road', 'Kind of cold', 'Mesa', '85213', '2004-12-03 10:41:50', 'N.33.26.3281 w.111.46.380 Flag pole'),
(132, 'DMHSE3', 37, 'East7000', '12575 E. Via Linda', 'NO GRASS. DESERT WASH. NEAR/INCLUDING EATING AREA (CAFETERIA). BETWEEEN BRIDGE AND SERVICE ROAD. ', 'Scottsdale', '85259', '2006-06-02 08:15:39', 'E OF 7000 BUILDING'),
(133, 'DMHSN1', 37, 'North7000', '12575 E. Via Linda', ' ', 'Scottsdale', '85259', '2006-06-02 08:16:23', 'N OF 7000 BUILDING'),
(134, 'DMHSP5', 37, 'Practice Field', '12575 E. Via Linda', ' ', 'Scottsdale', '85259', '2006-06-02 08:16:47', 'South Practice Field'),
(135, 'DMHSS4', 37, 'South7000', '12575 E. Via Linda', 'The site is a desert location comprised of desert plants and rocks.', 'Scottsdale', '85259', '2006-06-02 08:24:26', 'S OF 7000 BUILDING'),
(136, 'DMHSW2', 37, 'West7000', '12575 E. Via Linda', 'Desert patch between two parking lots on West side of building. Center point is located next to larg', 'Scottsdale', '85259', '2006-06-02 08:18:10', 'W OF 7000 BUILDING'),
(137, 'DS', 4, 'Durango Street', NULL, ' ', NULL, NULL, '2000-09-27 00:00:00', NULL),
(138, 'DSOC', 87, 'N 3326.332 W1146.358', '2700 E. Brown Road', 'It is downstairs in the outside cafetria where all the tables are.', 'Mesa', '85213', '2004-11-12 10:27:54', 'down stairs outside cafetria'),
(139, 'DV1', 43, 'volleyball court', '16440 South 32nd St.', 'School courtyard', 'Phoenix', '85048', '2001-01-11 13:56:58', NULL),
(140, 'E33 W111', 87, '40', '2700 E. Brown Road', ' ', 'Mesa', '85213', '2005-12-14 12:09:48', NULL),
(141, 'East F', 48, 'Estrella Mountain Elementary School', NULL, ' ', 'Goodyear', NULL, '2000-11-21 15:11:24', 'East Field - grassy knoll surrounded by brush'),
(142, 'ECN', 59, 'East canal', '1550 W. Summit Place', 'area east of the canal', 'Chandler', '85224', '2002-01-24 17:55:09', 'east of the canal'),
(143, 'EE1', 77, 'Schoolyard', NULL, 'These traps are in back of two portable classrooms and runs along a block fence. It is an irrigated ', NULL, NULL, '2000-06-05 10:18:38', 'Eisenhower Elementary\r\nMesa, Ariz.'),
(144, 'EEN', 77, 'East Entrance North', '500 S. McQueen Rd.', 'A cup lies in the ground every 2.5 meters. The trap line forms a "7" if viewed from trap #1 and lies', 'Gilbert', '85233', '2006-10-23 10:22:06', 'East Entrance North of Sidewalk'),
(145, 'eenl', 77, 'east entrance north lawn', '500 S. McQueen Rd.', 'It is the north lawn on the east entrance.', 'Gilbert', '85233', '2006-10-23 11:32:01', 'East side of school, lawn; north side of the front entrance sidewalk'),
(146, 'ees', 77, 'east entrance south', '500 S. McQueen Rd.', 'East entrance to MHS south of main sidewalk in gravel and shrub landscape, no lawn', 'Gilbert', '85233', '2004-09-30 09:03:21', 'east entrance south of main sidewalk'),
(147, 'EES1', 47, 'Schoolyard', NULL, 'This record was generated to provide a site description where none had been entered', NULL, NULL, '2000-06-05 10:18:38', 'Eisenhower Elementary\r\nMesa, Ariz.'),
(148, 'eesl', 77, 'east entrance south lawn', '500 S. McQueen Rd.', 'East entrance to MHS Administration building\r\nEast lawn on south side of main sidewalk', 'Gilbert', '85233', '2006-10-05 12:19:46', 'east entrance south of main sidewalk, lawn'),
(149, 'EF1', 35, 'East Field', '15585 N. 91st Ave', 'Playground, on southeast end of school, just west of habitat', 'Peoria', '85382', '2002-07-10 07:09:44', 'East playground'),
(150, 'EH1', 35, 'East Habitat', '15585 N. 91st Ave', 'The habitat is located in the southeast corner of the school grounds east of the playground.', 'Peoria', '85382', '2002-04-17 08:38:35', 'East Habitat'),
(151, 'EME1', 48, 'EME1', NULL, 'This record was generated to provide a site description where none was provided (PHM)', 'Goodyear', NULL, '2001-08-29 13:09:29', NULL),
(152, 'EMES', 48, 'North Wash', NULL, ' ', 'Goodyear', NULL, '2001-01-18 08:36:31', 'In a local wash, sandy bottom, surrounded by trees.'),
(153, 'EMNPL', 87, 'East of Main building', '2700 E. Brown Road', 'On the East side of the main building near the restrooms and the parking lot in the grass.', 'Mesa', '85213', '2004-03-11 12:43:05', 'On the East side of the main building near the parking lot by the bathrooms'),
(154, 'EN1', 110, 'Eagles Nest 1', '6720 E. Continental', 'West side of the traditional campus between Building A and Pods D and E', 'Scottsdale', '85257', '2004-11-11 09:27:18', 'Eagles Nest area in from of Pods D and E'),
(155, 'EPLC', 77, 'East Parkinglot Center', NULL, ' ', NULL, NULL, '2011-07-20 00:00:00', NULL),
(156, 'EPLN', 77, 'east parking lot north', '500 S. McQueen Rd.', 'Landscaped portion of the strip of land between student drop off at front of school and McQueen Road', 'Gilbert', '85233', '2004-09-30 12:00:42', 'between lot and McQueen on North side of flagpole'),
(157, 'EPLS', 77, 'East Parking Lot South', '500 S. McQueen Rd.', 'In front of administration between round about and McQueen, South of the Flagpole', 'Gilbert', '85233', '2005-10-24 09:18:25', 'East Parking Lot South'),
(158, 'ES1', 48, 'north wash', NULL, ' ', 'Goodyear', NULL, '2000-11-20 09:36:12', 'estrella mountain elementary wash'),
(159, 'ESMB', 87, 'East side of the main building 1', '2700 E. Brown Road', 'Sitting on the top of the hill under a tree about 30 yards west of the mvt message board.', 'Mesa', '85213', '2004-03-11 10:42:44', NULL),
(160, 'ESTGRAS', 59, 'EAST GRASS', '1550 W. Summit Place', ' ', 'Chandler', '85224', '2002-01-24 16:12:10', NULL),
(161, 'FBF', 3, 'Football Field', '9750 N. 87th Ave.', 'SW corner of the recess field. A portion of the cirle includes the basball diamond off of third base', 'Peoria', '85345', '2005-04-14 11:51:05', 'SW Corner of Recess field'),
(162, 'FBFD1', 37, 'Football Field site 1', '12575 E. Via Linda', 'in the center of the west end of the varsity football field on the south side of the school', 'Scottsdale', '85259', '2002-05-17 10:37:40', 'west end of the football field'),
(163, 'FBFD2', 37, 'Football Field 2', '12575 E. Via Linda', 'Approximately the center of the 50 yard line on the main football field.', 'Scottsdale', '85259', '2002-05-15 10:17:11', 'Center of the footbal field'),
(164, 'FBFD3', 37, 'Football Field site 3', '12575 E. Via Linda', 'the site is centered on the north sideline of the football practice field, at the 10 yard line, and ', 'Scottsdale', '85259', '2002-05-17 10:44:28', 'nw corner of the football practice field'),
(165, 'FF1', 19, 'Football Field #1', '11806 N. 87th Ave.', 'We made this circle near the portables.  The center point is at the corner of the firt portable, wit', 'Peoria', '85345', '2004-10-19 10:58:18', 'south side of field by portables'),
(166, 'FF2', 19, 'Football Field 2', '11806 N. 87th Ave.', 'This site is located in the west corner of the field.  The top of the circle is located where the fe', 'Peoria', '85345', '2004-10-19 11:01:29', 'in far west corner of field'),
(167, 'FF3', 19, 'Football Field 3', '11806 N. 87th Ave.', ' ', 'Peoria', '85345', '2004-10-19 11:20:31', NULL),
(168, 'FLAG POLE', 87, 'N. 33.26.3281 W.111 46.380', '2700 E. Brown Road', 'NO BIRDS', 'Mesa', '85213', '2004-11-19 10:49:28', 'FLAG POLE'),
(169, 'Foot1', 87, 'Football field', '2700 E. Brown Road', 'Northeast corner of school. On football field', 'Mesa', '85213', '2004-03-11 10:42:24', 'northeast corner'),
(170, 'foot2', 87, 'football field', '2700 E. Brown Road', 'northeast corner of school, middle of the football field', 'Mesa', '85213', '2004-03-11 10:42:27', NULL),
(171, 'FPSL9', 87, 'Flag Pole and Sophmore Lockers', '2700 E. Brown Road', 'When you come into the school from Brown Road, you can see the flag pole and thats the outer edge of', 'Mesa', '85213', '2004-03-11 12:25:53', NULL),
(172, 'front', 60, 'front of school', '948 S. Horne', 'east side of campus in front of the school covering part of the parking lot', 'Mesa', '85204', '2002-01-15 11:57:28', 'east side of campus'),
(173, 'front lawn', 77, 'O hour', '500 S. McQueen Rd.', 'front school, south side of main sidewalk', 'Gilbert', '85233', '2003-10-24 12:06:09', 'south lawn, main entrance'),
(174, 'FSP', 23, 'front of school planter', ' 4515 N . Central', 'Turn around on main entrance on central. In front of school shaded planter on east side, underneath ', ' Phoenix', '85012', '2013-05-09 00:00:00', 'front of school planter'),
(175, 'ftbl', 84, 'football', '1630 E. Southern Ave.', ' ', 'Mesa', '85024', '2007-10-26 13:50:33', NULL),
(176, 'GARDN', 78, 'Desert Garden', '130 W. Mesquite St.', 'Fenced in area at the South-East Corner of the campus between the parking lot and I building', 'Gilbert', '85233', '2004-09-22 15:21:18', 'SE Corner of Campus'),
(177, 'gfbs', 87, 'grass field by seminary', '2700 E. Brown Road', 'grass field across from the seminary building', 'Mesa', '85213', '2004-03-11 12:50:23', NULL),
(178, 'GO8A', 90, 'Garden Oasis 2', '7841 W. Sweetwater Ave.', 'Garden Oasis is an area west of the Junior high building that consists of a fenced vegetable garden ', 'Peoria', '85381', '2003-04-29 07:53:15', 'West Garden Oasis 2nd line'),
(179, 'GO8B', 90, 'Garden Oasis 1', '7841 W. Sweetwater Ave.', 'Garden Oasis is west of the Junior High building.', 'Peoria', '85381', '2003-05-01 11:57:03', 'West Garden Oasis 1st line'),
(180, 'GRP1', 56, 'Ethno-botanical Garden', '775 N. Greenfiled Rd.', 'Center of site is at the crossroads of the sidewalks.  Site includes prickly pear patch, archeologic', 'Gilbert', '85234', '2005-06-28 12:16:20', 'Partly in Entho-botanical Garden by the Northern bathroom'),
(181, 'GRP2', 56, 'Water Ranch Lake', '775 N. Greenfiled Rd.', 'On the Southeast side of the Water Ranch Lake, West of the Pump House.  The center point is at the l', 'Gilbert', '85234', '2005-06-28 12:16:36', 'Southeast side of Water Ranch Lake'),
(182, 'GRP3', 56, 'Gazebo', '775 N. Greenfiled Rd.', 'Midpoint is located directly east of the eastern most pole of the gazebo in between the two visitor ', 'Gilbert', '85234', '2005-06-28 12:19:59', 'Southeast of library'),
(183, 'H', 35, 'Habitat', NULL, 'SEC of the habitat towards the NWC.  The habitat has many desert native plants as well as a pond.', 'Peoria', NULL, '2001-05-24 15:09:19', 'Desert Harbor Elem., Peoria'),
(184, 'HJH1', 59, 'HJH 1', NULL, 'This record was generated to provide a site description where none had been entered', 'Chandler', NULL, '2001-08-29 13:02:19', NULL),
(185, 'HJHPatio', 59, 'Hendrix Patio', '1550 W. Summit Place', 'East of acasdemic building on cafeteria patio', 'Chandler', '85224', '2000-06-05 11:10:54', NULL),
(186, 'HJHwca', 59, 'West canalbank site', NULL, 'Pits dug in dry dirt that broke the bulb planters.  This site will be transformed into a botanical g', 'Chandler', NULL, '2000-06-05 10:18:38', '30 meters south of the Arizona Western Canal, behind the Hendrix softball fields'),
(187, 'HJHwgr', 59, 'West grass transect', NULL, 'Some traps run under the canopy of 4 meter tall ash trees.The site is flood irrigated monthly in win', 'Chandler', NULL, '2000-06-05 10:18:38', 'West of the auditorium on a relatively unused part of the pe field'),
(188, 'HK1', 95, 'East of H&K ', '1202 W. Thomas Rd.', 'Lawn between H&K, with 6 trees and large area of lawn, 30% asphalt and pavement', 'Phoenix', '85013', '2005-12-02 11:16:17', 'lawn facing 12st between H & K buildings'),
(189, 'HP1', 35, 'Pond', '15585 N. 91st Ave', 'The habitat is located in the southeast corner of the school grounds east of the playground.', 'Peoria', '85382', '2002-04-17 08:56:33', 'Southwest side of habitat'),
(190, 'JL1', 87, 'Junior Lockers', '2700 E. Brown Road', ' ', 'Mesa', '85213', '2004-03-09 10:45:30', 'West side of Bldg'),
(191, 'jory', 87, 'basketball courts', '2700 E. Brown Road', 'located directly in the middle of the basketball courts', 'Mesa', '85213', '2004-11-10 10:41:35', 'basketball courts'),
(192, 'jrl', 87, 'buzzn frog(jr lockers)', '2700 E. Brown Road', 'behind the junior lockers under big pines trees and a concrete bench to sit down on', 'Mesa', '85213', '2004-03-11 10:43:00', 'junior lockers across from the softball field'),
(193, 'jrlkr', 87, 'N33.26.355W111.46.400', '2700 E. Brown Road', 'by the jr lockers inbetween the gym and auditorium', 'Mesa', '85213', '2004-11-12 10:43:17', 'jr. lockers'),
(194, 'jun1', 87, 'Junior   lockers', '2700 E. Brown Road', 'Behind the junior lockers underneath tree directly across varsity softball field.', 'Mesa', '85213', '2004-03-11 10:42:44', 'Behind junior lockers across from sotball field'),
(195, 'Junkyard', 8, 'Junkyard', NULL, ' ', NULL, NULL, '2000-02-04 00:00:00', NULL),
(196, 'JVBASE', 22, 'JV Baseball field', ' 13808 S. 36th St. ', 'Behind the backstop of the JV baseball diamond.  The site is just beyond the north end of the track.', 'Phoenix', '85044', '2012-12-02 00:00:00', 'North baseball field'),
(197, 'JY', 72, 'junk yard', NULL, ' ', NULL, NULL, '2000-01-27 00:00:00', 'pods Tim Craig brought us'),
(198, 'K2PL', 3, 'K-2 Playground', '9750 N. 87th Ave.', 'Kindergarten Playground equipment close by. Very few trees, mainly a grassy area.', 'Peoria', '85345', '2005-04-14 11:45:18', 'North Side Playground'),
(199, 'LJP', 19, 'Long Jump Pit', '11806 N. 87th Ave.', 'Southern end of the football field by the long jump pit and block wall.', 'Peoria', '85345', '2004-12-10 13:35:20', 'S end of the football field by the long jump pit'),
(200, 'LL2', 95, 'Library Lawn', '1202 W. Thomas Rd.', 'Between the Fannin Library and the Bulpitt Auditorium.', 'Phoenix', '85013', '2005-12-02 11:04:50', 'North of the Fannin Library'),
(201, 'LM1', 110, 'Building L and M soccerfield', '6720 E. Continental', 'North soccer field between buildings L and M on the east end of Supai', 'Scottsdale', '85257', '2004-11-11 09:31:05', 'Between buildings L and M'),
(202, 'love', 87, 'soph hill', '2700 E. Brown Road', 'it is precisely located on the hill in front of the somphmore locker cages', 'Mesa', '85213', '2004-11-10 10:36:39', 'sophmore hill'),
(203, 'lqrs', 126, 'tree top', '2217 West Glendale Avenue', 'twards the ram, take a right, the big circle with the three palm trees.', 'Phoenix', '85021', '2003-05-28 09:32:16', 'lunch quad, right side'),
(204, 'LQSS', 126, 'circle and palm trees', '2217 West Glendale Avenue', 'south of the ram in the quad area, the circle with the three palm trees in it.', 'Phoenix', '85021', '2003-05-28 09:39:19', 'south of the quad area'),
(205, 'M1M1', 72, 'M1', '2140 E.Virginia', 'Garden', 'Phoenix', '85006', '2000-06-05 11:10:54', NULL),
(206, 'M1Mendoza One', 75, 'Mendoza One', NULL, 'somewhere in mendoza', 'Mesa', NULL, '2000-06-05 10:18:38', 'Mendoza School'),
(207, 'M2', 72, 'M2', '2140 E. Virginia', 'Headstart', 'Phoenix', '85006', '2000-06-05 11:10:54', NULL),
(208, 'M3', 72, 'M3', '2140 E. Virginia', 'center field', 'Phoenix', '85006', '2000-06-05 11:10:54', NULL),
(209, 'M4', 72, 'M4', '2140 E. Virginia', 'sandbox', 'Phoenix', '85006', '2000-06-05 11:10:54', NULL),
(210, 'M5', 72, 'M5', '2140 E. Virginia', 'field, portable', 'Phoenix', '85006', '2000-06-05 11:10:54', NULL),
(211, 'M6', 72, 'M6', '2140 E. Virginia', 'b-ball court', 'Phoenix', '85006', '2000-06-05 11:10:54', NULL),
(212, 'M7', 72, 'M7', '2140 E. Virginia', 'pines trees', 'Phoenix', '85006', '2000-06-05 11:10:54', NULL),
(213, 'M8', 72, 'M8', '2140 E. Virginia', 'parking lot', 'Phoenix', '85006', '2000-06-05 11:10:54', NULL),
(214, 'MEDCTR', 26, 'MEDIA CENTER', '11130 E Cholla', '11130 E CHOLLA, SCOTTSDALE AZ\r\nBEHIND THE LIBRARY IN THE COURTYARD', 'Scottsdale', '85259', '2006-04-13 09:04:54', 'COURT YARD'),
(215, 'MF5', 95, 'Baseball field', '1202 W. Thomas Rd.', 'dead center field', 'Phoenix', '85013', '2006-03-03 10:17:37', 'canter field of March Field'),
(216, 'MHS5', 77, 'Mesquite High 5', NULL, ' ', 'Gilbert', '85233', '2000-06-05 10:18:38', '500 E. McQueen Gilbert Az. 85233'),
(217, 'MHS6', 77, 'Mesquite High 6', NULL, 'open field south west of school', 'Gilbert', '85233', '2000-06-05 10:18:38', '500 S. McQueen Gilbert Az 85233'),
(218, 'MHS7', 77, 'Mesquite High 7', NULL, 'desert landscape front of school east side', 'Gilbert', '85233', '2000-06-05 10:18:38', '500 E. McQueen Gilbert Az. 85233'),
(219, 'MJHS1', 78, 'Desert Garden', '130 W. Mesquite St.', 'The desert garden is next to the I and G buildings on the west side. It is enclosed in a fence with ', 'Gilbert', '85233', '2006-10-25 17:05:05', 'The SW side of campus'),
(220, 'MJHS2', 78, 'Grass Parkway', '130 W. Mesquite St.', 'The grass parkway is located on the south side of the staff parking lot in the SW corner of campus.', 'Gilbert', '85233', '2006-10-25 17:07:10', 'South of Parking Lot'),
(221, 'MLP1', 8, 'Mitchell Park', NULL, 'The half line of the soccer field about 15m from the sideline.', 'Tempe', '85287', '2002-07-15 09:16:57', 'Soccer field'),
(222, 'MLP2', 8, 'Mitchell Park', NULL, 'N of basketball court\r\nS of playground\r\nE of water fountain\r\nincludes table and grill', 'Tempe', '85287', '2002-07-15 09:18:32', 'school yard'),
(223, 'MRHS5', 83, 'MRHS', NULL, ' ', NULL, NULL, '2000-01-18 00:00:00', 'community around MRHS campus'),
(224, 'MWSH', 37, 'Middle Wash', '12575 E. Via Linda', 'located in the wash just south of the 7000 bridge, just east of the 7000 bldg., just north of the se', 'Scottsdale', '85259', '2003-05-21 09:07:20', 'W of outdoor patio of cafeteria'),
(225, 'MYD', 83, 'Maintenance Yard', '22800 N 67th Ave.', 'On the corner of Patrick and 67th, along the wall, behind the maintenance yard, starting on the fart', 'Glendale', '85310', '2003-10-01 07:51:38', 'Behind Maintenance Yard'),
(226, 'N 33 26.302 W111 46.487', 87, '2H', '2700 E. Brown Road', ' ', 'Mesa', '85213', '2005-12-13 10:03:43', 'West side of Agricultural building'),
(227, 'N 33 26.425', 87, '3A', '2700 E. Brown Road', 'the east side of the soccer field including one tree', 'Mesa', '85213', '2005-12-14 10:14:09', 'east side of soccor field'),
(228, 'N 33.  26.429 W 111. 46.429', 87, '3K', '2700 E. Brown Road', 'OUTSIDE BOYS PE DOOR BY TENNIS COURTS', 'Mesa', '85213', '2005-12-14 10:15:53', 'SOCCER FIELD'),
(229, 'N 33.26.384 W 111.46.354', 87, '4N', '2700 E. Brown Road', 'In front of gym entrance and part of the parking lot.', 'Mesa', '85213', '2005-12-14 12:06:49', 'Outside of Gym'),
(230, 'N. 33.26 553 W. 111 46.443', 87, '4A', '2700 E. Brown Road', 'end of obstacle course next to  baseball fields in open area by ramp and weave poles ', 'Mesa', '85213', '2005-12-14 12:03:00', 'west side of obstacle course by baceball fields'),
(231, 'N. 3326.508 W.1146.410', 87, '2D', '2700 E. Brown Road', ' ', 'Mesa', '85213', '2005-12-14 09:23:00', 'West of football field'),
(232, 'N.33', 87, 'football field west of 50 yard line', '2700 E. Brown Road', ' ', 'Mesa', '85213', '2004-11-12 10:40:57', NULL),
(233, 'N.33.26.3281 w.11146.380', 87, 'flag pole', '2700 E. Brown Road', 'In between the flag poles in the middle campus', 'Mesa', '85213', '2004-11-12 10:42:35', 'flagpole'),
(234, 'N.33.26.334W.111.46.397', 87, 'by the flag poles by lockers', '2700 E. Brown Road', 'It is a wide open space containing few trees and alot of concrete by flag poles and between trees', 'Mesa', '85213', '2004-11-19 13:22:37', 'By flag poles and lockers'),
(235, 'N.33.26.338.W.111.46.276', 87, 'Uhhhh by trees', '2700 E. Brown Road', 'has 5 trees, and grass. also by the seminary building.', 'Mesa', '85213', '2004-11-12 10:45:32', 'south west corner of campus'),
(236, 'N.3326.3591W.1146292', 87, '3B', '2700 E. Brown Road', ' ', 'Mesa', '85213', '2005-12-14 10:28:13', 'NE.ofmainbuilding'),
(237, 'N.3326.508 W.1146.410', 87, '2D', '2700 E. Brown Road', 'Go to the football field and then go to the practice field, which is west of the main football field', 'Mesa', '85213', '2005-12-14 09:25:46', 'West of football field'),
(238, 'N295W476', 87, 'N33.26.295W111.46.476', '2700 E. Brown Road', 'THERE IS HORSES,TREES ,WATER \r\n', 'Mesa', '85213', '2004-11-12 12:12:01', 'AGRICULTURE'),
(239, 'N33 26.545', 87, '3D', '2700 E. Brown Road', ' ', 'Mesa', '85213', '2005-12-14 10:38:59', 'Obstacle Course'),
(240, 'N33.26.294W111.46.468', 87, 'agricultural center', '2700 E. Brown Road', 'their is a citrus orchard, cows, and watering hole next to mine', 'Mesa', '85213', '2004-11-10 13:18:00', '.294 .468'),
(241, 'N33.26.302W111.46.284', 87, '3G', '2700 E. Brown Road', ' ', 'Mesa', '85213', '2005-12-13 10:52:40', 'near bookstore'),
(242, 'N33.26.302W111.46.380', 87, '2C', '2700 E. Brown Road', 'On the South side of the school. To the East of the front office. ', 'Mesa', '85213', '2005-12-13 09:43:11', 'Sophmore Lockers'),
(243, 'N33.26.314W111.46.38', 87, '4K', '2700 E. Brown Road', ' ', 'Mesa', '85213', '2005-12-20 11:14:11', 'South Cages Courtyard'),
(244, 'N33.26.326.W111.46.375', 87, '3E', '2700 E. Brown Road', 'center of school, by flag poles', 'Mesa', '85213', '2005-12-13 11:00:16', 'middle of flag poles'),
(245, 'N33.26.331 W111.46.376', 87, '4i', '2700 E. Brown Road', 'from south flag pole to end of cement and auditorium', 'Mesa', '85213', '2005-12-14 12:04:39', 'courtyard'),
(246, 'N33.26.338W111.46361', 87, '2A', '2700 E. Brown Road', ' ', 'Mesa', '85213', '2005-12-13 09:51:25', 'W.side of A building near stair ramps'),
(247, 'N33.26.346 W111.46.352', 87, '4G', '2700 E. Brown Road', 'Right outside south downstairs door', 'Mesa', '85213', '2005-12-14 12:14:49', 'S Door Downstairs in the little grassy area'),
(248, 'N33.26.353W111.46.273', 87, 'marque', '2700 E. Brown Road', ' ', 'Mesa', '85213', '2004-12-03 13:29:00', 'by the marque'),
(249, 'N33.26.353W11146.273', 87, 'by the marquee', '2700 E. Brown Road', 'by the marquee', 'Mesa', '85213', '2004-11-19 13:25:02', 'by the marquee'),
(250, 'N33.26.364W111.46.424', 87, '3L', '2700 E. Brown Road', ' ', 'Mesa', '85213', '2005-12-14 10:43:40', 'SE corner of the track'),
(251, 'N33.26.367W111.46.429', 87, '2k', '2700 E. Brown Road', ' ', 'Mesa', '85213', '2005-12-14 09:39:49', 'pine tress honey suckles cement grass dirt bench'),
(252, 'N33.26.385 W111.46.433', 87, '4J', '2700 E. Brown Road', ' ', 'Mesa', '85213', '2005-12-13 12:34:56', 'Westside of gym'),
(253, 'N33.26.3851W111.46.351', 87, '3I', '2700 E. Brown Road', ' ', 'Mesa', '85213', '2005-12-14 10:35:54', 'east side of gym'),
(254, 'N33.26.440W111 46.432', 87, '4D', '2700 E. Brown Road', 'It is west of the baseball field or known as the practice baseball field.', 'Mesa', '85213', '2005-12-13 12:31:44', 'West of the baseball field'),
(255, 'N33.26.467W111.46.346', 87, '2j', '2700 E. Brown Road', ' ', 'Mesa', '85213', '2005-12-14 09:19:51', 'behind bleachers ( home)'),
(256, 'n33.26.476w111.46.48', 87, '3f', '2700 E. Brown Road', 'west side of batting cages, north of the', 'Mesa', '85213', '2005-12-14 10:25:07', 'NW corner of soccer field'),
(257, 'n33.26.476w111.46.483', 87, '3f', '2700 E. Brown Road', 'west side of batting cages, north of the', 'Mesa', '85213', '2005-12-14 10:23:58', 'NW corner of soccer field'),
(258, 'N33.26.504W111.46.42', 87, '3C', '2700 E. Brown Road', 'The baseball field near the west side of the annex and the northern tennis courts', 'Mesa', '85213', '2005-12-14 10:19:46', 'Varsity Baseball Field'),
(259, 'N33.26.504W111.46.425', 87, '3C', '2700 E. Brown Road', 'The baseball field near the west side of the annex and the northern tennis courts', 'Mesa', '85213', '2005-12-14 10:13:38', 'Varsity Baseball Field'),
(260, 'N33.26.506W111.46.351', 87, 'football field west of 50 yard line', '2700 E. Brown Road', 'The site I am covering is on the football field, the area west of the 50 yard line to the gold post.', 'Mesa', '85213', '2004-11-12 10:44:23', '506.351'),
(261, 'N33.26.506W111.46333', 87, '2G', '2700 E. Brown Road', ' ', 'Mesa', '85213', '2005-12-14 09:09:25', 'Middle of football field 50 yard line'),
(262, 'N33.26.531W111.46.408', 87, '2F', '2700 E. Brown Road', 'All grass. Part of a tree inside circle. One light pole in circle. ', 'Mesa', '85213', '2005-12-13 09:53:18', 'right between baseball and football fields'),
(263, 'N33.26.538', 87, '4L', '2700 E. Brown Road', ' ', 'Mesa', '85213', '2005-12-14 12:00:52', NULL),
(264, 'N33.26.538 W111.46.34', 87, '4L', '2700 E. Brown Road', ' ', 'Mesa', '85213', '2005-12-14 12:03:42', ' northern small soccer feild'),
(265, 'N33.26.538 W111.46.341', 87, '4L', '2700 E. Brown Road', ' ', 'Mesa', '85213', '2005-12-14 12:02:29', ' northern small soccer feild'),
(266, 'N33.26508W111.4641', 87, '2E', '2700 E. Brown Road', ' ', 'Mesa', '85213', '2005-12-14 09:23:49', 'Girls Soccer'),
(267, 'N33.26536W111.46.397', 87, '4F', '2700 E. Brown Road', 'open field of grass with Aleppo Pine tree to left', 'Mesa', '85213', '2005-12-13 12:50:28', 'West of football field'),
(268, 'N33026.402W111.46..442', 87, '4H', '2700 E. Brown Road', 'approximately 20 meters from the south goal pole', 'Mesa', '85213', '2005-12-13 12:29:56', 'south side soccer field'),
(269, 'N:33 26.327 W:111 46.380', 87, '2I', '2700 E. Brown Road', 'Our site is located right in front of the auditorium. The two flag poles are 8.5 meters away from ou', 'Mesa', '85213', '2005-12-13 09:55:02', 'East side of the Auditorium (front)'),
(270, 'NBASE', 22, 'North Baseball Diamond', '13808 S. 36th St. ', 'Behind the north baseball diamond, behind the backstop from the first base dougout to the third base', 'Phoenix', '85044', '2012-05-31 00:00:00', 'North baseball diamond, inbetween the track and baseball diamond'),
(271, 'NBF', 87, 'north baseball fields', '2700 E. Brown Road', 'between football field and baseball fields north side of school', 'Mesa', '85213', '2004-03-11 10:42:48', 'West side of fields'),
(272, 'nbf1', 87, 'north baseballfield', '2700 E. Brown Road', ' ', 'Mesa', '85213', '2004-03-11 11:00:32', 'norht of school property');
INSERT INTO `sites` (`id`, `site_id`, `school_id`, `site_name`, `address`, `description`, `city`, `zipcode`, `date_entered`, `location`) VALUES
(273, 'NC', 75, 'Mendoza Elementary', NULL, 'gravel area with various bushes and shrubs with drip irrigation system', 'Mesa', NULL, '2001-04-25 20:35:16', 'North center front of school'),
(274, 'NE', 75, 'Mendoza Elementary', NULL, 'Northeast corner near block fence line, various trees and shrubs', 'Mesa', NULL, '2001-04-25 20:37:04', 'Northeast corner'),
(275, 'NEBFC', 87, 'Bird Feeder Corner', '2700 E. Brown Road', 'In the corner under two ash trees.', 'Mesa', '85213', '2004-03-11 12:39:01', 'NE corner of main building'),
(276, 'NEM', 87, 'North East corner Music building', '2700 E. Brown Road', 'around the lunch tables near the music room', 'Mesa', '85213', '2004-03-11 12:26:06', NULL),
(277, 'NEM1', 87, 'North East Corner of Main Building', '2700 E. Brown Road', 'Green, pavement, building, trees.', 'Mesa', '85213', '2004-03-11 12:26:03', NULL),
(278, 'NEM2', 87, 'N. E. corner of main building', '2700 E. Brown Road', 'grass, no trees, flat, front of the school next to the road', 'Mesa', '85213', '2004-03-11 12:24:34', NULL),
(279, 'NEM5', 87, 'N.E. Music Building', '2700 E. Brown Road', 'by a table right next to building', 'Mesa', '85213', '2004-03-11 12:25:55', NULL),
(280, 'NEMB', 87, 'north east side of main building', '2700 E. Brown Road', 'this site is on the corner of the building on the north east side. it includes the ramp heading up t', 'Mesa', '85213', '2004-03-11 09:45:48', 'Mountain View HS'),
(281, 'NEMB2', 87, 'northeast of the main b', '2700 E. Brown Road', 'it is NE from the main building almost by the lyndsy', 'Mesa', '85213', '2004-03-11 09:53:01', 'NE'),
(282, 'NET', 87, 'N.E. corner of main building', '2700 E. Brown Road', 'The small field of grass on the N.E. corner of the main building, but before the sidewalk that slope', 'Mesa', '85213', '2004-03-11 12:27:06', NULL),
(283, 'NF', 35, 'North Front', NULL, 'The ten pitfall traps were placed at the corner of Tumblewood and 91st Avenue.Quarter Circle shape.T', 'Peoria', NULL, '2001-05-24 15:08:08', 'Desert Harbor Elem., Peoria'),
(284, 'NFLD1', 37, 'North Field Site 2', '12575 E. Via Linda', 'located in the very southwest corner of the field directly north of the 7000 building', 'Scottsdale', '85259', '2002-05-16 08:27:25', 'SW corner of field north of 7000 bldg'),
(285, 'NFLD2', 37, 'north field 2', '12575 E. Via Linda', 'the site is in the northwest corner of the field adjacent to the north side of the 7000 bldg.', 'Scottsdale', '85259', '2002-05-15 07:31:04', 'nw corner of field just north of the 7000bldg'),
(286, 'NFLD3', 37, 'North Field 3', '12575 E. Via Linda', 'on the south side of the field just north of the 7000 building, next to the 7000bldg, just west of t', 'Scottsdale', '85259', '2002-05-16 08:48:28', 'south side of field north of 7000 bldg'),
(287, 'NFLD4', 37, 'North Field Site 4', '12575 E. Via Linda', 'on the north side of the field directly north of the 7000 bldg, just south of Via Linda Road, just w', 'Scottsdale', '85259', '2002-05-16 10:24:49', 'north side of field directly north of 7000 bldg'),
(288, 'NFLD5', 37, 'North Field Site 5', '12575 E. Via Linda', 'located in the northeast corner of the field just north of the 7000 bldg,just west of the wash', 'Scottsdale', '85259', '2002-05-16 10:35:53', 'NE corner of field directly north of the 7000 bldg'),
(289, 'nmb1', 87, 'North Main building', '2700 E. Brown Road', 'views the parking lot, has a few trees and shrubbery.', 'Mesa', '85213', '2004-03-11 09:40:59', 'Directly north of the main building'),
(290, 'north of main building', 87, 'North side of main building', '2700 E. Brown Road', ' ', 'Mesa', '85213', '2004-11-19 12:31:06', 'nsomb'),
(291, 'NPL', 87, 'N33.26.366W111.45.304', '2700 E. Brown Road', 'This site is a secluded spot that is positioned between the main building and the north parkinglot. ', 'Mesa', '85213', '2004-11-12 12:12:53', 'North Parkinglot Lawn'),
(292, 'NSCW', 98, 'RFE North Side', '38201 W. Indian School Rd.', 'The site runs along the north side of the C-wing along a chain link fence.', 'Tonopah', '85354', '2004-04-14 18:12:29', 'North side of C-Wing'),
(293, 'NSOMB', 87, 'N33.26.361 W111.46.344', '2700 E. Brown Road', ' ', 'Mesa', '85213', '2004-11-19 12:33:29', 'North side of the main building'),
(294, 'NW', 75, 'Mendoza Elementary', NULL, 'grassy area with sprinkler system', 'Mesa', NULL, '2001-04-25 20:33:34', 'Northwest corner front of school'),
(295, 'NW-PL', 115, 'Northwest Corner - parking lot side', '705 S. 32nd Street', 'Along black fence starting at west parking side walk, measure 20 meters west then 20 meters south in', 'Mesa', '85204', '2004-05-11 07:34:17', 'Northwest corner, parking lot side'),
(296, 'NW1ma', 87, '2700 E. Brown Road', '2700 E. Brown Road', ' ', 'Mesa', '85213', '2004-03-11 09:41:59', 'NORTH WEST CORNER OF MAIN BUILDING'),
(297, 'NW300', 31, 'northwest', '42901 N. 45th Ave.', 'Between 300 and 600 buildings. Along the fence facing the teacher parking lot.', 'Phoenix', '85086', '2004-09-22 20:34:00', 'northwest of building 300'),
(298, 'NWcor', 115, '2-NW corner w/ marque', '705 S. 32nd Street', ' ', 'Mesa', '85204', '2004-05-11 07:12:21', 'edge of auditorium toward marque, 20 meters from corner and 20 meters from fence'),
(299, 'NWGAR', 22, 'North West Garden', '13808 S. 36th St. ', 'This area was once a garden center that was maintained by the elementary students.  The garden has n', 'Phoenix', '85044', '2012-05-31 00:00:00', 'Abandoned garden '),
(300, 'NWM3', 87, 'N.W. Corner of Main Building', '2700 E. Brown Road', 'On hillside, N.W. Corner of Main Building', 'Mesa', '85213', '2004-03-11 12:26:02', NULL),
(301, 'NWM4', 87, 'Northwest corner  of main building', '2700 E. Brown Road', 'Northwest corner of the main academic building. Next to Jr/SR parking lot. Ramp goes about it down t', 'Mesa', '85213', '2004-03-11 12:25:17', NULL),
(302, 'NWMain', 87, 'N.W. Corner of Main Building', '2700 E. Brown Road', ' ', 'Mesa', '85213', '2004-03-09 10:52:36', NULL),
(303, 'NWMAIN1', 87, '2700 E. Brown Road', '2700 E. Brown Road', ' ', 'Mesa', '85213', '2004-03-11 09:40:29', 'NORTH WEST CORNER OF MAIN BUILDING'),
(304, 'NWSF', 87, 'North West Soccer Field', '2700 E. Brown Road', '7 trees, goal post, grass, dirt path.', 'Mesa', '85213', '2005-12-13 12:35:30', 'North west side of soccer field'),
(305, 'NWSH1', 37, 'North Wash site 1', '12575 E. Via Linda', 'in the bottom of the wash between the 7000 bldg and the 5000 bldg, north of the bridge, halfway betw', 'Scottsdale', '85259', '2002-05-16 10:45:26', 'center of the north wash'),
(306, 'NWSH2', 37, 'North Wash site 2', '12575 E. Via Linda', 'at the bottom of the wash between the 7000 bldg and the 5000 bldg, just north of the bridge', 'Scottsdale', '85259', '2002-05-17 10:25:56', 'bottom of the north wash, near the south end'),
(307, 'occ-6', 95, 'OSBORNE CAMPUS COURTYARD', '1202 W. Thomas Rd.', '33*29.199 NORTH\r\n112*05.203 WEST\r\ncentrally located in the courtyard\r\nskirting the playground and bu', 'Phoenix', '85013', '2005-12-02 11:50:43', 'osborne campus courtyard'),
(308, 'ODCT2', 37, 'Outdoor Court 2', '12575 E. Via Linda', 'northwest corner of the outdoor basketball courts located west of the football field', 'Scottsdale', '85259', '2002-08-08 13:15:19', 'northwest corner of outdoor courts'),
(309, 'oito', 124, 'the field', '8220 S. 7th Avenue', 'it is where the south parking lot is.\r\nAnd where the swing set is.where the play ground is.', 'Phoenix', '85041', '2003-12-02 09:58:52', 'by the south east feild.'),
(310, 'oito 2', 124, 'the feild 2', '8220 S. 7th Avenue', 'where the play ground is.where the south parking lot is. where the swin set is.', 'Phoenix', '85041', '2003-12-02 10:10:10', 'where the south parking lot.'),
(311, 'oms', 8, 'Old Main side', NULL, 'GPS coordinates\r\nN 33 25.235\r\nH 1110 56.005', 'Tempe', '85287', '2006-10-31 08:36:15', 'near gazebo by old main'),
(312, 'parkSP', 72, 'parkSP', NULL, ' ', NULL, NULL, '2000-05-09 00:00:00', 'Park at Squaw Peak / Thomas to Virginia'),
(313, 'PBFNW', 87, 'N33.26.347W.111.216.375', '2700 E. Brown Road', 'Its the practice feild of the baseball field out by the Annex and near the tennis court.The center p', 'Mesa', '85213', '2004-11-10 12:14:04', 'baseball field'),
(314, 'pd. 1', 77, 'period one', '500 S. McQueen Rd.', 'Rocky area north of main entrance sidewalk.', 'Gilbert', '85233', '2003-10-31 11:54:07', 'north main entrance'),
(315, 'PF5', 87, 'practic field', '2700 E. Brown Road', 'from the flag pole go north to reach P.E. building, turn west and walk till you reach a big soccer f', 'Mesa', '85213', '2004-03-11 10:42:36', NULL),
(316, 'PFF', 84, 'Practice Field', '1630 E. Southern Ave.', ' ', 'Mesa', '85024', '2007-11-02 13:29:33', NULL),
(317, 'PLAY', 60, 'playground', '948 S. Horne', 'west side of campus in the intermediate playground area', 'Mesa', '85204', '2002-01-15 11:26:08', 'west side of campus'),
(318, 'PLAYG', 87, 'Playground', '2700 E. Brown Road', 'I stand on the downramp and I look to the South at the playground.', 'Mesa', '85213', '2004-03-11 10:52:22', 'Southeast side of school'),
(319, 'POD', 45, 'Dysart Elementary', '12950 W. Varney Rd.', 'The site is in between the blue and green pods on the south side of the school next to the only play', 'El Mirage', '85335', '2003-11-25 18:43:13', 'south garden'),
(320, 'PS1', 90, 'Poolside', '7841 W. Sweetwater Ave.', 'Northwest side of Centennial High School campus between street and pool on grassy area.', 'Peoria', '85381', '2004-04-19 06:26:43', 'NW corner of school grounds'),
(321, 'QAEC', 126, 'quad area east corner ', '2217 West Glendale Avenue', 'past the cafeteria, east table, pointing to building 200', 'Phoenix', '85021', '2003-05-23 13:27:09', 'east table, corner closest to 200 building'),
(322, 'RAM', 19, 'Ramada Area', '11806 N. 87th Ave.', ' ', 'Peoria', '85345', '2004-10-19 11:20:08', 'grassy area near ramada'),
(323, 'RROP', 8, 'Red River Opry', NULL, 'Blue palo verde trees surrounding the parking lot.', 'Tempe', '85287', '2002-06-21 13:31:44', 'Mill and Curry'),
(324, 'S', 75, 'Mendoza Elementary', NULL, 'heavily graveled area with tall trees along chain link fence', 'Mesa', NULL, '2001-04-25 21:06:06', 'South side back of school'),
(325, 'SBASE', 22, 'South Baseball Diamond', '13808 S. 36th St. ', 'This area is located between the south baseball field and the south end of the track.  This is an ir', 'Phoenix', '85044', '2012-05-31 00:00:00', 'Along the first base foul line, between the track and the fence.'),
(326, 'SBBC', 33, 'DRHS', ' 10045 E Madero', 'Diagonal transect line in field', 'Mesa', '85209', '2010-05-06 00:00:00', 'Basketball Courts'),
(327, 'SC4', 95, 'STUDENT CENTER', '1202 W. Thomas Rd.', 'EAST OF THE STUDENT CENTER THE CENTER POINT WAS THE WATER FOUNTAIN ', 'Phoenix', '85013', '2005-12-02 11:17:02', NULL),
(328, 'SCG', 55, 'School Grounds', '3002 E. Nisbet Rd.', 'between 32nd Street and 28th Street and between Nisbett and Greenway Road', 'Phoenix', '85032', '2002-05-22 09:34:17', 'entire campus'),
(329, 'school', 118, 'school', NULL, ' ', NULL, NULL, '1999-08-15 00:00:00', NULL),
(330, 'SDC 1', 8, 'Sonoran Desert Center', NULL, 'Transect along wash terrace.', 'Tempe', '85287', '2007-06-25 13:49:17', 'Urban Desert Reminant'),
(331, 'SDC Wash', 8, 'Sonoran Desert Center', NULL, 'Park at end of Sonoran Desert Parkway and follow unmarked trail that is south of dead end.  Walk pas', 'Tempe', '85287', '2007-06-25 14:01:35', 'Urban desert remnant 4.5 mi north of Happy Valley Rd. and I-17'),
(332, 'SE', 75, 'Mendoza Elementary', NULL, 'grassy area with various shrubs near dumpsters', 'Mesa', NULL, '2001-04-25 21:01:03', 'South east corner back of school near dumpsters'),
(333, 'sec', 87, 'south east corner ', '2700 E. Brown Road', 'south east corner of school, between the parking lot and front of school, in the area of 3 lined tre', 'Mesa', '85213', '2004-11-10 10:37:22', 'SE corner of school'),
(334, 'secos', 87, 'south east corner of school', '2700 E. Brown Road', 'southeast corner of the school by the semenary cross walk on the front lawn', 'Mesa', '85213', '2004-11-10 10:39:06', 'SE corner of the school'),
(335, 'SEGA', 8, 'Secret Garden', NULL, 'Along the ivy behind the tree line and around the corner throught the flower bed - about a half mete', 'Tempe', '85287', '2002-06-21 13:48:24', 'South and west walls of the garden'),
(336, 'SEM', 87, 'Seminary', '2700 E. Brown Road', 'SEMINARY', 'Mesa', '85213', '2004-03-09 10:46:42', 'SE CORNER OF SCHOOL'),
(337, 'Sem3', 87, 'Near Seminary', '2700 E. Brown Road', 'Mostly grassy', 'Mesa', '85213', '2004-03-11 12:43:09', NULL),
(338, 'SEMG', 57, 'Seminary Gravel', '140 S. Gilbert Road', 'The east end of the school at the end of the sidewalk there is an area covered with gravel and bushe', 'Gilbert', '85296', '2007-03-30 08:34:02', 'East end of school between Building 5 and the seminary'),
(339, 'SES1', 110, 'Southeast soccer field', '6720 E. Continental', ' ', 'Scottsdale', '85257', '2004-11-11 09:32:04', NULL),
(340, 'SES1*', 110, 'Southeast Soccer Field', '6720 E. Continental', 'South east corner of the soccerfield west of Supai', 'Scottsdale', '85257', '2004-11-11 09:35:22', 'Southeast corner of the soccer fields'),
(341, 'SF', 35, 'South Fence', NULL, 'The ten pitfall traps were placed along the school''s south, chain-linked fence, five meters apart.  ', 'Peoria', NULL, '2001-05-24 15:06:02', 'Desert Harbor Elem, Peoria'),
(342, 'sfd', 87, '2700 E. Brown Road', '2700 E. Brown Road', ' ', 'Mesa', '85213', '2004-03-11 09:45:53', 'NORTH WEST CORNER OF MAIN BUILDING'),
(343, 'SFLD1', 37, 'South Field 1', '12575 E. Via Linda', 'located just south of the service road that runs behind the school and just east of the tennis court', 'Scottsdale', '85259', '2003-05-21 08:33:39', 'northernmost section of the south wash'),
(344, 'SFLD2', 37, 'South Field 2', '12575 E. Via Linda', 'located just south of the outdoor basketball courts, just north of the outfield fence of the ball fi', 'Scottsdale', '85259', '2003-05-21 08:46:35', 'SW corner of the outdoor basketball courts'),
(345, 'ShopP', 115, 'Shop-West Parking Lot', '705 S. 32nd Street', 'Start at NW corner of shop and measure 20 meters north into the parking lot then 20 meters to NE cor', 'Mesa', '85204', '2004-05-11 07:39:01', 'Shop-West Parking Lot'),
(346, 'shrub', 60, 'riparian shrubs', '948 S. Horne', 'riparian area covered with shrubs and bushes', 'Mesa', '85204', '2002-01-15 12:03:45', 'riparian preserve at water ranch'),
(347, 'site 10', 8, 'site 10', NULL, ' ', 'Sun City', NULL, '1999-11-06 00:00:00', 'Loop 101 north of Thunderbird'),
(348, 'site 5', 8, 'site 5', NULL, ' ', NULL, NULL, '1999-10-01 00:00:00', '24th St and Carefree Hwy'),
(349, 'Site6', 115, '6-Academic-shop-gym', '705 S. 32nd Street', 'Measure 20 meters due north from NE corner of Academic building between shop and gym', 'Mesa', '85204', '2004-05-11 07:41:46', 'Academic - shop and gym'),
(350, 'SL1', 87, 'Senior Lockers', '2700 E. Brown Road', ' ', 'Mesa', '85213', '2004-03-09 10:44:20', 'West side of main building'),
(351, 'SL33', 87, 'Senior Lockers', '2700 E. Brown Road', 'By the Junior/Senior Parking lot, by the gymnasium', 'Mesa', '85213', '2004-03-11 12:26:37', NULL),
(352, 'SLC77', 87, 'senior lockers/courtyard', '2700 E. Brown Road', 'on a bench in front of senior lockers.  area includes trees grass and cement', 'Mesa', '85213', '2004-03-11 12:25:22', NULL),
(353, 'SLH', 87, 'N33.26.310W111.46.382', '2700 E. Brown Road', 'sophmore hill', 'Mesa', '85213', '2004-11-10 10:50:27', 'NW'),
(354, 'SLNAR', 87, 'Sophmore Lockers/Near Art Builldings', '2700 E. Brown Road', 'Near Sophmore Lockers, by picnic tables and art buildings. Close to the street.', 'Mesa', '85213', '2004-03-11 12:25:30', NULL),
(355, 'softf', 87, 'softball feild', '2700 E. Brown Road', 'Grass...everywhere! A few weeds, but mostly grass.', 'Mesa', '85213', '2004-03-11 10:41:36', 'W of the softball feild'),
(356, 'sogo', 124, 'soccergoal', '8220 S. 7th Avenue', 'nourthwest soccergoal', 'Phoenix', '85041', '2003-12-02 10:10:18', 'soccergoal'),
(357, 'sophl', 87, 'sophomore lockers', '2700 E. Brown Road', 'Sitting under Chinese Pistachio trees at picnic table', 'Mesa', '85213', '2004-03-11 10:42:42', NULL),
(358, 'South ', 76, 'MEYER Habitat2', '2615 S. Dorsey Ln.', 'South Habitat built as a hummingbird/butterfly attractor using Arizona native plants', 'Tempe', '85282', '2002-04-09 14:36:28', 'Second habitat'),
(359, 'SPFG', 72, 'SP Freeway Garden', NULL, ' ', 'Phoenix', NULL, '2000-03-09 00:00:00', 'Squaw Peak and Thomas to Squaw Peak and Virginia on East side'),
(360, 'SPFGT', 72, 'SP Freeway Garden T', NULL, ' ', 'Phoenix', NULL, '2000-03-09 00:00:00', 'This is a walkway, desert garden at Squaw Peak Freeay and Thomas in Phoenix.  It goes as far as Virginia and 21st street.  It has 15 palo verde trees'),
(361, 'SPHMR ', 87, 'SOPHMORE LOCKERS', '2700 E. Brown Road', 'west of the sophmore lockers is  ramada with trees and benches and i sit there and watch all the bir', 'Mesa', '85213', '2004-03-11 10:37:37', 'BENCHES BY SOPHMOER LOCKERS'),
(362, 'spl', 87, 'South Parking Lot', '2700 E. Brown Road', ' ', 'Mesa', '85213', '2004-03-09 10:48:15', 'South'),
(363, 'SPWP', 72, 'SP WALK WAY PARK', NULL, ' ', 'Phoenix', NULL, '2000-03-09 00:00:00', 'The park goes from Thomas to Virginia, next to Squaw Peak freeway.'),
(364, 'SR1', 108, 'Sunridge', NULL, 'East side of school; primarily gravel ground cover; mature eucalyptus and bottle trees; drainage are', 'Mesa', NULL, '2000-06-05 10:18:38', '737 W. Guadalupe Road Mesa, AZ  85210 \r\nEast side of school'),
(365, 'srl', 87, 'senior lockers', '2700 E. Brown Road', 'sitting at picnic tables under the trees by the lockers.', 'Mesa', '85213', '2004-03-11 10:42:37', NULL),
(366, 'steer pen', 87, 'pimp daddy site', '2700 E. Brown Road', 'My site is near the orange groves in the ag center where the pimps are located.', 'Mesa', '85213', '2004-11-10 10:45:10', 'ag. center'),
(367, 'SWASH', 22, 'South Wash', ' 13808 S. 36th St. ', 'This site is located in the SW corner of the school ground.  There is a large concrete wash just bey', 'Phoenix', '85044', '2012-05-25 00:00:00', 'South side of wash behind baseball field'),
(368, 'SWCC', 87, 'SW corner of courtyard', '2700 E. Brown Road', 'From the flagpole, walk towards the sophmore lockers (south).  When you reach them, take an immediat', 'Mesa', '85213', '2004-03-11 12:26:03', NULL),
(369, 'SWS', 58, 'SW Sweetwater', ' 6051 W. Sweetwater', 'Behind the football score board in the open area parallel to the fence.', 'Glendale', '85403', '2012-10-05 00:00:00', 'SW corner of Sweetwater and 59th Ave'),
(370, 'SWSH1', 37, 'South Wash site 1', '12575 E. Via Linda', 'northwest corner of the wash located south of the 8000 bldg, between the tennis courts and the outdo', 'Scottsdale', '85259', '2002-05-17 10:51:32', 'west side of the south was'),
(371, 'SWSH2', 37, 'South Wash 2', '12575 E. Via Linda', 'located 50 meters south of the service road behind the school, with the center point in the bottom o', 'Scottsdale', '85259', '2003-05-21 09:00:29', 'SE of tennis courts'),
(372, 'SWSH3', 37, 'South Wash 3', '12575 E. Via Linda', 'located about 70 meters south of the service road behind the school, with chain link fence running t', 'Scottsdale', '85259', '2003-05-21 09:26:39', 'east of batting cage, north of chain-link fence'),
(373, 'SWSH5', 37, 'South Wash South', '12575 E. Via Linda', 'South wash located between the two baseball fields; bounded on the north by the fence and centered i', 'Scottsdale', '85259', '2005-05-23 08:40:46', 'South of fence in south wash'),
(374, 'swside', 87, 'south west of building', '2700 E. Brown Road', 'grassy, trees, concreat, and building', 'Mesa', '85213', '2004-03-11 10:59:16', 'sw building'),
(375, 'TBSN', 87, 'tables by senior lockers', '2700 E. Brown Road', 'South East Corner of courtyard, adjacent to the senior locker cages. ', 'Mesa', '85213', '2004-03-11 12:31:04', '(South East end of courtyard)'),
(376, 'test', 44, ' ', NULL, ' ', NULL, NULL, '2013-02-25 00:00:00', NULL),
(377, 'test2', 44, ' ', NULL, ' ', NULL, NULL, '2013-02-25 00:00:00', NULL),
(378, 'TLHR', 125, 'Home Run Line', '17901 W. Lundberg St.', 'The site is located between the Baseball Field and the East Soccer Field.  It follows the curve of t', 'Surprise', '85374', '2006-04-12 12:14:16', 'Over the fence of the Home Run Line of the Baseball Field'),
(379, 'TLM', 125, 'Trap Line: Marquis', '17901 W. Lundberg St.', 'This site is located in front of the school. The trapline begins at the scrolling marquis and goes d', 'Surprise', '85374', '2006-04-20 13:36:32', 'Front of School'),
(380, 'TLSF', 125, 'Trap Line Soccer Field', '17901 W. Lundberg St.', 'At the southern end of the eastern soccer field.  The trap line runs East-West in between the goal l', 'Surprise', '85374', '2006-04-12 12:18:36', 'At the southern end of the eastern soccer field'),
(381, 'TN2SL', 87, 'picnic tables next to Senior lockers', '2700 E. Brown Road', 'MY SITE IS THE PICNIC TABLES BETWEEN THE THE COURTYARD AND THE SENIOR LOCKER AREA, ON THE NORTH SIDE', 'Mesa', '85213', '2004-03-11 12:35:05', NULL),
(382, 'TREES', 60, 'trees', '948 S. Horne', 'north west side of campus in three trees by north parking lot', 'Mesa', '85204', '2002-01-15 11:35:58', 'north west side of campus'),
(383, 'tstSt', 8, 'testSiteatASU', NULL, ' ', 'Tempe', '85287', '2004-08-19 11:20:13', NULL),
(384, 'ttt', 44, ' ', NULL, ' ', NULL, NULL, '2013-02-25 00:00:00', NULL),
(385, 'UPS', 125, 'Trap Line UPS', '17901 W. Lundberg St.', 'To the west of the walkway in between the baseball and softball fields...Closer to the softball fiel', 'Surprise', '85374', '2006-04-12 12:16:57', 'By the baseball fields'),
(386, 'VBF1', 87, 'Varsity Baseball Field', '2700 E. Brown Road', ' ', 'Mesa', '85213', '2004-03-09 10:33:12', 'NW Corner of campus'),
(387, 'VBF2', 87, 'Varsity Baseball field 2', '2700 E. Brown Road', ' ', 'Mesa', '85213', '2004-03-09 10:46:23', 'Area outside of baseball field'),
(388, 'VVF', 124, 'Valley View Sw. Field', '8220 S. 7th Avenue', 'The field is South West from the office and the grass is very dead.\r\nLots of yellow grass(dead) and ', 'Phoenix', '85041', '2003-12-02 09:50:13', 'SW Field at Valley View School'),
(389, 'W111-46.401', 87, 'N33-26.303', '2700 E. Brown Road', 'My site is located towards the front of the shchool towards the office. From the classroom it is on ', 'Mesa', '85213', '2004-11-10 10:44:04', 'sophomore lunch area'),
(390, 'W111.46.316', 87, 'N33.26.360', '2700 E. Brown Road', 'grass area by north east parking lot next to ramp. ', 'Mesa', '85213', '2004-11-10 13:32:53', 'BY NORTH EAST PARKING LOT'),
(391, 'WCTYD', 78, 'Central Courtyard - West', '130 W. Mesquite St.', 'Courtyard area South of the Cafeteria and North of G building', 'Gilbert', '85233', '2004-09-22 15:30:39', 'West end of  courtyard'),
(392, 'West area', 87, 'Agriculture area', '2700 E. Brown Road', 'Orchards', 'Mesa', '85213', '2004-11-10 12:26:40', 'Agriculture area'),
(393, 'WestP', 115, 'West Parking Lot - north', '705 S. 32nd Street', '20 meters east from eadge of street along north curb of parking lot = center (encompasses trees in l', 'Mesa', '85204', '2004-05-11 07:19:18', 'West Parking Lot north end'),
(394, 'WestS', 115, 'West Parking Lot - South', '705 S. 32nd Street', 'measure 20 meters north from Irving Taylor boundary, then 20 meters east for center points - north s', 'Mesa', '85204', '2004-05-11 07:23:51', 'West Parking Lot - south end'),
(395, 'WF', 35, 'West Fence', NULL, 'In the grassy area along the fence.  On the other side of the fence is 6 feet of desert landscaping ', 'Peoria', NULL, '2001-05-24 15:11:12', 'Desert Harbor Elem., Peoria'),
(396, 'WPLM', 41, 'West parking lot medians', '4035 W. Alameda Rd.', 'We put our traps on the west side of our parking lot in the grassy area that is confined by cement. ', 'Glendale', '85310', '2004-10-15 07:31:11', 'W. side of parking lot, in medians'),
(397, 'WVP', 8, 'ASU West Visitor parking', ' 4701 W. Thunderbird', 'Along the xeric landscape next to the lawn', ' Glendale', '85304', '2012-06-14 00:00:00', 'East of visitor parking lot');

-- --------------------------------------------------------

--
-- Table structure for table `teachers`
--

CREATE TABLE `teachers` (
  `id` int(11) NOT NULL AUTO_INCREMENT,
  `email_address` varchar(160) DEFAULT NULL,
  `password` varchar(160) NOT NULL,
  `type` varchar(1) NOT NULL DEFAULT 'P',
  `name` varchar(255) DEFAULT NULL,
  `school_id` int(11) DEFAULT NULL,
  `date_created` datetime DEFAULT NULL,
  `last_login` datetime DEFAULT NULL,
  PRIMARY KEY (`id`),
  UNIQUE KEY `email_address` (`email_address`),
  KEY `email_address_2` (`email_address`,`password`),
  KEY `school_id` (`school_id`)
) ENGINE=InnoDB  DEFAULT CHARSET=latin1 AUTO_INCREMENT=114 ;

--
-- Dumping data for table `teachers`
--

INSERT INTO `teachers` (`id`, `email_address`, `password`, `type`, `name`, `school_id`, `date_created`, `last_login`) VALUES
(1, 'cherrainedavis@yahoo.com', '5ef3f435d713ec7e69ee08f93f42a322ce180627', 'T', 'envr', 39, '2014-03-13 13:01:52', NULL),
(2, 'kkay@susd.org', '5ef3f435d713ec7e69ee08f93f42a322ce180627', 'T', 'Ms.Kay', 62, '2014-03-13 13:01:52', NULL),
(3, 'gaara_luver@yahoo.com', '5ef3f435d713ec7e69ee08f93f42a322ce180627', 'T', 'Mr. Smith', 115, '2014-03-13 13:01:52', NULL),
(4, 'abell@susd.org', '5ef3f435d713ec7e69ee08f93f42a322ce180627', 'T', 'Ms. Bell', 6, '2014-03-13 13:01:52', NULL),
(5, 'ajones@pusd11.org', '5ef3f435d713ec7e69ee08f93f42a322ce180627', 'T', 'Mrs. Jones', 58, '2014-03-13 13:01:52', NULL),
(6, 'arina.melkozernova@asu.edu', '5ef3f435d713ec7e69ee08f93f42a322ce180627', 'T', 'TEST', 57, '2014-03-13 13:01:52', NULL),
(7, 'joshua.applebach@asu.edu', '5ef3f435d713ec7e69ee08f93f42a322ce180627', 'T', 'Applebach', 27, '2014-03-13 13:01:52', NULL),
(8, 'nullemail0@null.com', '5ef3f435d713ec7e69ee08f93f42a322ce180627', 'T', 'Jones', 8, '2014-03-13 13:01:52', NULL),
(9, 'nullemail1@null.com', '5ef3f435d713ec7e69ee08f93f42a322ce180627', 'T', 'Mr. Smith', 8, '2014-03-13 13:01:52', NULL),
(10, 'aeullman@mpsaz.org', '5ef3f435d713ec7e69ee08f93f42a322ce180627', 'T', 'Mr. Ullman', 100, '2014-03-13 13:01:52', NULL),
(11, 'bill_golladay@gilbert.k12.az.us', '5ef3f435d713ec7e69ee08f93f42a322ce180627', 'T', 'Mr. Golladay', 78, '2014-03-13 13:01:52', NULL),
(12, 'barbara.cortez@gilbertschools.net', '5ef3f435d713ec7e69ee08f93f42a322ce180627', 'T', 'Barbara Cortez', 77, '2014-03-13 13:01:52', NULL),
(13, 'nullemail2@null.com', '5ef3f435d713ec7e69ee08f93f42a322ce180627', 'T', 'Musheno', 43, '2014-03-13 13:01:52', NULL),
(14, 'bryan.barker@asu.edu', '5ef3f435d713ec7e69ee08f93f42a322ce180627', 'T', 'Testing', 2, '2014-03-13 13:01:52', NULL),
(15, 'shears@asu.edu', '5ef3f435d713ec7e69ee08f93f42a322ce180627', 'T', 'Ms. Saltz', 8, '2014-03-13 13:01:52', NULL),
(16, 'Brandy.Walsvik@dc.dvusd.org', '5ef3f435d713ec7e69ee08f93f42a322ce180627', 'T', 'Mrs. Walsvik', 31, '2014-03-13 13:01:52', NULL),
(17, 'yessenia3840@yahoo.com', '5ef3f435d713ec7e69ee08f93f42a322ce180627', 'T', 'Mr. Daniels', 17, '2014-03-13 13:01:52', NULL),
(18, 'cdittburner@susd.org', '5ef3f435d713ec7e69ee08f93f42a322ce180627', 'T', 'Mrs. Dittburner', 110, '2014-03-13 13:01:52', NULL),
(19, 'cberda@pendergast.k12.az.us', '5ef3f435d713ec7e69ee08f93f42a322ce180627', 'T', 'Mrs. Berda', 92, '2014-03-13 13:01:52', NULL),
(20, 'nullemail3@null.com', '5ef3f435d713ec7e69ee08f93f42a322ce180627', 'T', 'Boling', 72, '2014-03-13 13:01:52', NULL),
(21, 'cfesenmaier@susd.org', '5ef3f435d713ec7e69ee08f93f42a322ce180627', 'T', 'Ms. Fesenmaier', 37, '2014-03-13 13:01:52', NULL),
(22, 'sugatod@hotmail.com', '5ef3f435d713ec7e69ee08f93f42a322ce180627', 'T', 'Mr Smith ', 67, '2014-03-13 13:01:52', NULL),
(23, 'cheryl_vitale@gilbert.k12.az.us', '5ef3f435d713ec7e69ee08f93f42a322ce180627', 'T', 'Mrs. Vitale', 78, '2014-03-13 13:01:52', NULL),
(24, 'charlene.saltz@asu.edu', '5ef3f435d713ec7e69ee08f93f42a322ce180627', 'T', 'Ms. Saltz', 8, '2014-03-13 13:01:52', NULL),
(25, 'snyder@phxhs.k12.az.us', '5ef3f435d713ec7e69ee08f93f42a322ce180627', 'T', 'Mrs. Snyder', 15, '2014-03-13 13:01:52', NULL),
(26, 'nullemail4@null.com', '5ef3f435d713ec7e69ee08f93f42a322ce180627', 'T', 'Steiner', 75, '2014-03-13 13:01:52', NULL),
(27, 'Ecology.Explorers@asu.edu', '5ef3f435d713ec7e69ee08f93f42a322ce180627', 'T', 'Mr. DBG', 29, '2014-03-13 13:01:52', NULL),
(28, 'nullemail5@null.com', '5ef3f435d713ec7e69ee08f93f42a322ce180627', 'T', 'Boomgaard', 13, '2014-03-13 13:01:52', NULL),
(29, 'd13caligrl@aol.com', '5ef3f435d713ec7e69ee08f93f42a322ce180627', 'T', 'NA', 8, '2014-03-13 13:01:52', NULL),
(30, 'debstaires@yahoo.com', '5ef3f435d713ec7e69ee08f93f42a322ce180627', 'T', 'Deb Staires', 124, '2014-03-13 13:01:52', NULL),
(31, 'daryl_dubas@gilbert.k12.az.us', '5ef3f435d713ec7e69ee08f93f42a322ce180627', 'T', 'Mr. Dubas', 77, '2014-03-13 13:01:52', NULL),
(32, 'danielle.duncan@asu.edu', '5ef3f435d713ec7e69ee08f93f42a322ce180627', 'T', 'mr. klopatek', 8, '2014-03-13 13:01:52', NULL),
(33, 'cfesenmeier@susd.org', '5ef3f435d713ec7e69ee08f93f42a322ce180627', 'T', 'Fesenmeier', 37, '2014-03-13 13:01:52', NULL),
(34, 'elena.ortiz-barney@pcmail.maricopa.edu', '5ef3f435d713ec7e69ee08f93f42a322ce180627', 'T', 'Dr. Ortiz-Barney', 95, '2014-03-13 13:01:52', NULL),
(35, 'nullemail6@null.com', '5ef3f435d713ec7e69ee08f93f42a322ce180627', 'T', 'Foster', 77, '2014-03-13 13:01:52', NULL),
(36, 'arsenalchick110@yahoo.com', '5ef3f435d713ec7e69ee08f93f42a322ce180627', 'T', 'ms. Morgan', 77, '2014-03-13 13:01:52', NULL),
(37, 'gleonard@dysart.org', '5ef3f435d713ec7e69ee08f93f42a322ce180627', 'T', 'Ms. Leonard', 125, '2014-03-13 13:01:52', NULL),
(38, 'glescallette@susd.org', '5ef3f435d713ec7e69ee08f93f42a322ce180627', 'T', 'Mr. Lescallette', 37, '2014-03-13 13:01:52', NULL),
(39, 'ecology.explorers7@asu.edu', '5ef3f435d713ec7e69ee08f93f42a322ce180627', 'T', 'Ms. GRP', 56, '2014-03-13 13:01:52', NULL),
(40, 'hope_phillips@creighton.k12.az.us', '5ef3f435d713ec7e69ee08f93f42a322ce180627', 'T', 'Miss Phillips', 72, '2014-03-13 13:01:52', NULL),
(41, 'nullemail8@null.com', '5ef3f435d713ec7e69ee08f93f42a322ce180627', 'T', 'Int-Hout', 35, '2014-03-13 13:01:52', NULL),
(42, 'prichardjason@yahoo.com', '5ef3f435d713ec7e69ee08f93f42a322ce180627', 'T', 'Mr. Prichard', 127, '2014-03-13 13:01:52', NULL),
(43, 'jcjung@mpsaz.org', '5ef3f435d713ec7e69ee08f93f42a322ce180627', 'T', 'jcjung', 84, '2014-03-13 13:01:52', NULL),
(44, 'jfreed@mr.dvusd.org', '5ef3f435d713ec7e69ee08f93f42a322ce180627', 'T', 'Mrs. Freed', 83, '2014-03-13 13:01:52', NULL),
(45, 'jhdonova@guhsdaz.org', '5ef3f435d713ec7e69ee08f93f42a322ce180627', 'T', 'Ms. Donovan', 126, '2014-03-13 13:01:52', NULL),
(46, 'jhorton@notredamepreparatory.org', '5ef3f435d713ec7e69ee08f93f42a322ce180627', 'T', 'Jen Horton', 88, '2014-03-13 13:01:52', NULL),
(47, 'jhutman@kyrene.org', '5ef3f435d713ec7e69ee08f93f42a322ce180627', 'T', 'Mr. Hutman', 22, '2014-03-13 13:01:52', NULL),
(48, 'joshua_applebach@gilbert.k12.az.us', '5ef3f435d713ec7e69ee08f93f42a322ce180627', 'T', 'Applebach', 27, '2014-03-13 13:01:52', NULL),
(49, 'jeff_lockwood@terc.edu', '5ef3f435d713ec7e69ee08f93f42a322ce180627', 'T', 'J. Lockwood', 132, '2014-03-13 13:01:52', NULL),
(50, 'nullemail9@null.com', '5ef3f435d713ec7e69ee08f93f42a322ce180627', 'T', 'Mangels', 48, '2014-03-13 13:01:52', NULL),
(51, 'john_dole@gilbert.k12.az.us', '5ef3f435d713ec7e69ee08f93f42a322ce180627', 'T', 'Mr. Dole', 77, '2014-03-13 13:01:52', NULL),
(52, 'jon.hutman@basismesa.org', '5ef3f435d713ec7e69ee08f93f42a322ce180627', 'T', 'Jon Hutman', 9, '2014-03-13 13:01:52', NULL),
(53, 'jperry@phoenixunion.org', '5ef3f435d713ec7e69ee08f93f42a322ce180627', 'T', 'Ms. Perry', 132, '2014-03-13 13:01:52', NULL),
(54, 'jperry@phxhx.k12.az.us', '5ef3f435d713ec7e69ee08f93f42a322ce180627', 'T', 'Ms. Perry', 23, '2014-03-13 13:01:52', NULL),
(55, 'jsaspe@imap2.asu.edu', '5ef3f435d713ec7e69ee08f93f42a322ce180627', 'T', 'mr. duran', 124, '2014-03-13 13:01:52', NULL),
(56, 'nullemail10@null.com', '5ef3f435d713ec7e69ee08f93f42a322ce180627', 'T', 'John Wallace', 83, '2014-03-13 13:01:52', NULL),
(57, 'johnnorawhitbeck@hotmail.com', '5ef3f435d713ec7e69ee08f93f42a322ce180627', 'T', 'Mr. Whitbeck', 98, '2014-03-13 13:01:52', NULL),
(58, 'jwsmith@asu.edu', '5ef3f435d713ec7e69ee08f93f42a322ce180627', 'T', 'Mr. Smith', 4, '2014-03-13 13:01:52', NULL),
(59, 'kadams@de.dvusd.org', '5ef3f435d713ec7e69ee08f93f42a322ce180627', 'T', 'Mrs. Christensen', 41, '2014-03-13 13:01:52', NULL),
(60, 'blue_karena@hotmail.com', '5ef3f435d713ec7e69ee08f93f42a322ce180627', 'T', 'Mr. Davis', 32, '2014-03-13 13:01:52', NULL),
(61, 'kchristensen@de.dvusd.org', '5ef3f435d713ec7e69ee08f93f42a322ce180627', 'T', 'Mrs. Christensen', 41, '2014-03-13 13:01:52', NULL),
(62, 'kdiana@pvschools.net', '5ef3f435d713ec7e69ee08f93f42a322ce180627', 'T', 'Mrs. Diana', 16, '2014-03-13 13:01:52', NULL),
(63, 'kimberly.willis@rsd.k12.az.us', '5ef3f435d713ec7e69ee08f93f42a322ce180627', 'T', 'Mrs. Shaffer', 10, '2014-03-13 13:01:52', NULL),
(64, 'kmclean@peoriaud.k12.az.us', '5ef3f435d713ec7e69ee08f93f42a322ce180627', 'T', 'Kristen McLean', 3, '2014-03-13 13:01:52', NULL),
(65, 'tobyazgirl@aim.com', '5ef3f435d713ec7e69ee08f93f42a322ce180627', 'T', 'Mr. Dole', 77, '2014-03-13 13:01:52', NULL),
(66, 'krya.perry@asu.edu', '5ef3f435d713ec7e69ee08f93f42a322ce180627', 'T', 'Krya Perry', 8, '2014-03-13 13:01:52', NULL),
(67, 'lcalderon@peoriaud.k12.az.us', '5ef3f435d713ec7e69ee08f93f42a322ce180627', 'T', 'Mrs. Calderon', 35, '2014-03-13 13:01:52', NULL),
(68, 'laural.casler@asu.edu', '5ef3f435d713ec7e69ee08f93f42a322ce180627', 'T', 'Laural Casler', 8, '2014-03-13 13:01:52', NULL),
(69, 'lheck@dysart.org', '5ef3f435d713ec7e69ee08f93f42a322ce180627', 'T', 'Mrs. Heck', 45, '2014-03-13 13:01:52', NULL),
(70, 'lidol@dysart.org', '5ef3f435d713ec7e69ee08f93f42a322ce180627', 'T', 'Ms. Idol', 128, '2014-03-13 13:01:52', NULL),
(71, 'lylyduma@yahoo.com', '5ef3f435d713ec7e69ee08f93f42a322ce180627', 'T', 'Lili Duma', 34, '2014-03-13 13:01:52', NULL),
(72, 'nullemail11@null.com', '5ef3f435d713ec7e69ee08f93f42a322ce180627', 'T', 'Langstaff', 59, '2014-03-13 13:01:52', NULL),
(73, 'lmcateer@cox.net', '5ef3f435d713ec7e69ee08f93f42a322ce180627', 'T', 'Linda McAteer', 107, '2014-03-13 13:01:52', NULL),
(74, 'mbrand@peoriaud.k12.az.us', '5ef3f435d713ec7e69ee08f93f42a322ce180627', 'T', 'Mr. Brand', 90, '2014-03-13 13:01:52', NULL),
(75, 'peter.mccartney@asu.edu', '5ef3f435d713ec7e69ee08f93f42a322ce180627', 'T', 'Peter McCartney', 8, '2014-03-13 13:01:52', NULL),
(76, 'mdavis@tempeschools.org', '5ef3f435d713ec7e69ee08f93f42a322ce180627', 'T', 'Meg Davis', 79, '2014-03-13 13:01:52', NULL),
(77, 'melissa.mara@so.dvusd.org', '5ef3f435d713ec7e69ee08f93f42a322ce180627', 'T', 'Ms. Mara', 104, '2014-03-13 13:01:52', NULL),
(78, 'mmelser@asu.edu', '5ef3f435d713ec7e69ee08f93f42a322ce180627', 'T', 'Monica Elser', 8, '2014-03-13 13:01:52', NULL),
(79, 'stephanie_morgan@gilbert.k12.az.us', '5ef3f435d713ec7e69ee08f93f42a322ce180627', 'T', 'Ms. Morgan', 77, '2014-03-13 13:01:52', NULL),
(80, 'nnitschke@peoriaud.k12.az.us', '5ef3f435d713ec7e69ee08f93f42a322ce180627', 'T', 'Mrs. Nitschke', 19, '2014-03-13 13:01:52', NULL),
(81, 'nragle@tempeschools.org', '5ef3f435d713ec7e69ee08f93f42a322ce180627', 'T', 'Nancy Ragle', 79, '2014-03-13 13:01:52', NULL),
(82, 'pakupfer@mpsaz.org', '5ef3f435d713ec7e69ee08f93f42a322ce180627', 'T', 'Mrs. Kupferer', 115, '2014-03-13 13:01:52', NULL),
(83, 'pvachon@rp.wesd.k12.az.us', '5ef3f435d713ec7e69ee08f93f42a322ce180627', 'T', 'Mr. Vachon', 101, '2014-03-13 13:01:52', NULL),
(84, 'pwhitake@tmms.ajusd.org', '5ef3f435d713ec7e69ee08f93f42a322ce180627', 'T', 'Mrs. Whitaker', 119, '2014-03-13 13:01:52', NULL),
(85, 'nullemail12@null.com', '5ef3f435d713ec7e69ee08f93f42a322ce180627', 'T', 'R Bachman', 72, '2014-03-13 13:01:52', NULL),
(86, 'rperi@asu.edu', '5ef3f435d713ec7e69ee08f93f42a322ce180627', 'T', 'ravi', 8, '2014-03-13 13:01:52', NULL),
(87, 'sarahlizz@cox.net', '5ef3f435d713ec7e69ee08f93f42a322ce180627', 'T', 'Mrs. Bell', 6, '2014-03-13 13:01:52', NULL),
(88, 'sarnold@veritasprepacademy.org', '5ef3f435d713ec7e69ee08f93f42a322ce180627', 'T', 'Mrs. Arnold', 122, '2014-03-13 13:01:52', NULL),
(89, 'nullemail13@null.com', '5ef3f435d713ec7e69ee08f93f42a322ce180627', 'T', 'Scott', 34, '2014-03-13 13:01:52', NULL),
(90, 'sgreenhalgh.ths@tuhsd.k12.az.us', '5ef3f435d713ec7e69ee08f93f42a322ce180627', 'T', 'Greenhalg', 118, '2014-03-13 13:01:52', NULL),
(91, 'shuffaker@hotmail.com', '5ef3f435d713ec7e69ee08f93f42a322ce180627', 'T', 'Mrs. Huffaker', 76, '2014-03-13 13:01:52', NULL),
(92, 'sweet11z@yahoo.com', '5ef3f435d713ec7e69ee08f93f42a322ce180627', 'T', 'Ms. Krone', 95, '2014-03-13 13:01:52', NULL),
(93, 'slmihalic@home.com', '5ef3f435d713ec7e69ee08f93f42a322ce180627', 'T', 'Mrs. Mihalic', 55, '2014-03-13 13:01:52', NULL),
(94, 'smanes@cox.net', '5ef3f435d713ec7e69ee08f93f42a322ce180627', 'T', 'Sharin Manes', 53, '2014-03-13 13:01:52', NULL),
(95, 'smaynard@qcusd.og', '5ef3f435d713ec7e69ee08f93f42a322ce180627', 'T', 'Mrs. Maynard', 97, '2014-03-13 13:01:52', NULL),
(96, 'smihalic@pvusd.k12.az.us', '5ef3f435d713ec7e69ee08f93f42a322ce180627', 'T', 'Mrs. Mihalic', 55, '2014-03-13 13:01:52', NULL),
(97, 'shiloh_carroll@gilbert.k12.az.us', '5ef3f435d713ec7e69ee08f93f42a322ce180627', 'T', 'Mr. Carroll', 57, '2014-03-13 13:01:52', NULL),
(98, 'greenway homepage', '5ef3f435d713ec7e69ee08f93f42a322ce180627', 'T', 'mrs. Mihalic', 55, '2014-03-13 13:01:52', NULL),
(99, 'nullemail14@null.com', '5ef3f435d713ec7e69ee08f93f42a322ce180627', 'T', 'Wiseman', 4, '2014-03-13 13:01:52', NULL),
(100, 'tscarlso@mpsaz.org', '5ef3f435d713ec7e69ee08f93f42a322ce180627', 'T', 'Mrs. Carlson', 60, '2014-03-13 13:01:52', NULL),
(101, 'nullemail15@null.com', '5ef3f435d713ec7e69ee08f93f42a322ce180627', 'T', 'Craig', 8, '2014-03-13 13:01:52', NULL),
(102, 'test@test', '5ef3f435d713ec7e69ee08f93f42a322ce180627', 'T', 'test', 44, '2014-03-13 13:01:52', NULL),
(103, 'ryan.raub@asu.edu', '5ef3f435d713ec7e69ee08f93f42a322ce180627', 'T', 'For Testing', 132, '2014-03-13 13:01:52', NULL),
(104, 'blue_karena938@hotmail.com', '5ef3f435d713ec7e69ee08f93f42a322ce180627', 'T', 'Mr. Smith', 13, '2014-03-13 13:01:52', NULL),
(105, 'rosie.wilson@cox.net', '5ef3f435d713ec7e69ee08f93f42a322ce180627', 'T', 'Mr. Dole', 77, '2014-03-13 13:01:52', NULL),
(106, 'Tina.Salata@asu.edu', '5ef3f435d713ec7e69ee08f93f42a322ce180627', 'T', 'Tina Salata', 8, '2014-03-13 13:01:52', NULL),
(107, 'girlmaestra@yahoo.com', '5ef3f435d713ec7e69ee08f93f42a322ce180627', 'T', 'Ms. Tina Skjerping', 72, '2014-03-13 13:01:52', NULL),
(108, 'tspotleson@susd.org', '5ef3f435d713ec7e69ee08f93f42a322ce180627', 'T', 'Mrs. Spot', 26, '2014-03-13 13:01:52', NULL),
(109, 'tsupplee@audubon.org', '5ef3f435d713ec7e69ee08f93f42a322ce180627', 'T', 'Ms. Supplee', 95, '2014-03-13 13:01:52', NULL),
(110, 'nullemail16@null.com', '5ef3f435d713ec7e69ee08f93f42a322ce180627', 'T', 'Massey', 75, '2014-03-13 13:01:52', NULL),
(111, 'weporter@asu.edu', '5ef3f435d713ec7e69ee08f93f42a322ce180627', 'T', 'Wayne Porter', 8, '2014-03-13 13:01:52', NULL),
(112, 'wsblasde@mpsaz.org', '5ef3f435d713ec7e69ee08f93f42a322ce180627', 'T', 'Mrs. Blasdell', 87, '2014-03-13 13:01:52', NULL),
(113, 'ecology.explorers17@asu.edu', '5ef3f435d713ec7e69ee08f93f42a322ce180627', 'T', 'Ms. WTP', 129, '2014-03-13 13:01:52', NULL);

-- --------------------------------------------------------

--
-- Table structure for table `teachers_classes`
--

CREATE TABLE `teachers_classes` (
  `id` int(11) NOT NULL AUTO_INCREMENT,
  `class_name` varchar(50) DEFAULT NULL,
  `grade` varchar(10) DEFAULT NULL,
  `date_entered` datetime DEFAULT NULL,
  `teacher_id` int(11) NOT NULL,
  `school_id` int(11) NOT NULL,
  PRIMARY KEY (`id`),
  KEY `school_id` (`school_id`),
  KEY `teacher_id` (`teacher_id`)
) ENGINE=InnoDB  DEFAULT CHARSET=latin1 AUTO_INCREMENT=162 ;

--
-- Dumping data for table `teachers_classes`
--

INSERT INTO `teachers_classes` (`id`, `class_name`, `grade`, `date_entered`, `teacher_id`, `school_id`) VALUES
(1, 'Mr. Smith  Grade 12', '12', '2000-06-05 11:14:27', 9, 8),
(2, 'Jones Grade 12', '12', '2000-06-05 11:14:27', 8, 8),
(3, 'Dave Boomgaard Grade 9', '9', '2000-06-05 11:14:27', 28, 13),
(4, 'Bowling', NULL, '2000-06-05 11:14:27', 89, 34),
(5, 'Vicki Massey', NULL, '2000-06-05 11:14:27', 110, 75),
(6, 'Foster Biology', NULL, '2000-06-05 11:14:27', 35, 77),
(7, 'Langstaff 8th', NULL, '2000-06-05 11:14:27', 72, 59),
(8, 'Langstaff Thematic', NULL, '2000-06-05 11:14:27', 72, 59),
(9, 'R. Bachman', '6', '2000-06-05 11:14:27', 85, 72),
(10, 'B. Musheno', '10', '2000-06-05 11:14:27', 13, 43),
(11, 'C. Boling', '5', '2000-06-05 11:14:27', 20, 72),
(12, 'S. Greenhalg', '11', '2000-06-05 11:14:27', 90, 118),
(13, 'Int-Hout', '7-8', '2000-06-05 11:14:27', 41, 35),
(14, 'J. Wallace', NULL, '2000-06-05 11:14:27', 56, 83),
(15, 'summerworkshop', NULL, '2000-06-26 11:06:07', 101, 8),
(16, 'Cara Steiner', NULL, '2000-08-10 09:45:07', 26, 75),
(17, 'Susan Wiseman', NULL, '2000-08-10 10:31:06', 99, 4),
(18, 'James Mangels', NULL, '2000-10-25 13:11:23', 50, 48),
(19, 'resource', '6', '2002-01-15 11:27:35', 100, 60),
(20, 'Integrated 4th period', '8th', '2002-03-28 09:32:38', 72, 59),
(21, 'intigrated3rd', '8', '2002-03-28 13:14:20', 72, 59),
(22, 'Intergraded 3rd ', '8th', '2002-03-28 13:14:24', 72, 59),
(23, 'integrated 3rd period', '8th grade', '2002-03-28 13:14:59', 72, 59),
(24, 'integrated 3period', '8', '2002-03-28 13:15:08', 72, 59),
(25, 'intergraded 3 period', '8', '2002-03-28 13:15:15', 72, 59),
(26, 'intergrated 3rd period', '8', '2002-03-28 13:15:23', 72, 59),
(27, 'intergraded 3rd period', '8', '2002-03-28 13:15:30', 72, 59),
(28, 'integraded 3rd period', '8th grade', '2002-03-28 13:15:31', 72, 59),
(29, 'Intergated 3rd period', '8th', '2002-03-28 13:15:31', 72, 59),
(30, 'intergrated 3 period', '8', '2002-03-28 13:15:48', 72, 59),
(31, 'Integrated 3rd pd', '8th', '2002-03-28 13:17:58', 72, 59),
(32, 'intergrated 3rd pd', '8th grade', '2002-03-28 13:22:41', 72, 59),
(33, 'INTERGRATED 5TH PERIOD', '8', '2002-03-28 14:14:19', 72, 59),
(34, 'Integrated 6th period', '8TH', '2002-03-28 14:58:02', 72, 59),
(35, 'Habitat Club', '3', '2002-04-09 14:37:07', 91, 76),
(36, 'Science', '5', '2002-04-17 08:30:34', 67, 35),
(37, 'Integrated 5th pd', '8th grade', '2002-04-24 07:40:13', 72, 59),
(38, 'Ecology 1st period', '11th, 12th', '2002-05-15 07:23:01', 38, 37),
(39, 'Ecology 3rd period', '11th, 12th', '2002-05-15 07:23:42', 38, 37),
(40, 'Science 2nd period', '8', '2002-05-22 09:35:21', 96, 55),
(41, 'Arthropod Summer Internship', NULL, '2002-06-21 13:32:25', 24, 8),
(42, 'Summer Bird and Plant Internship', NULL, '2002-07-15 09:17:27', 24, 8),
(43, 'Integrated 2nd period', '8th', '2002-12-10 22:03:29', 72, 59),
(44, 'Integrated 1st', '8', '2003-01-16 15:26:16', 72, 59),
(45, 'Gifted Self Contained class', '4/5 GATE', '2003-01-22 08:31:30', 70, 128),
(46, 'Science 4th Period', '7th', '2003-02-04 13:45:46', 83, 101),
(47, 'Science 8A', '8', '2003-04-30 06:59:14', 74, 90),
(48, 'Science 8B', '8', '2003-05-01 11:57:44', 74, 90),
(49, 'Environmental Biology 2nd period', '11th 12th', '2003-05-21 08:35:24', 38, 37),
(50, 'BIOLOGY 2ND', '10', '2003-05-28 09:15:38', 45, 126),
(51, 'BIOLOGY 3RD', '10', '2003-05-28 09:16:20', 45, 126),
(52, 'biology 7th', '10th', '2003-05-28 09:18:50', 45, 126),
(53, 'Environmental 3rd Period', '11/12', '2003-10-01 07:46:59', 44, 83),
(54, 'Biology 5th Period', NULL, '2003-10-13 09:26:37', 44, 83),
(55, '0 hour', '9th', '2003-10-24 12:10:10', 51, 77),
(56, '1st hour', '9', '2003-10-31 11:54:47', 51, 77),
(57, 'Ecology Club', '5th', '2003-11-25 18:40:31', 69, 45),
(58, 'Ecology 5th/6th', '5th', '2003-11-25 18:43:48', 69, 45),
(59, '1st science class', '7/8', '2003-12-02 10:00:03', 30, 124),
(60, 'Fifth Grade Class', '5', '2004-01-23 16:23:56', 19, 92),
(61, 'test', 'first', '2004-03-02 14:21:45', 111, 8),
(62, 'Environmental 2', '11-12', '2004-03-09 10:27:10', 112, 87),
(63, 'ldresource', '4,5,6', '2004-03-09 10:45:01', 100, 60),
(64, 'Environmental 3', '11,12', '2004-03-11 10:35:40', 112, 87),
(65, 'Environmental4', '11,12', '2004-03-11 12:17:19', 112, 87),
(66, '5th grade', '5', '2004-04-14 18:13:59', 57, 98),
(67, 'Biology 1st Period', '10', '2004-04-19 06:27:12', 74, 90),
(68, 'Biology 2nd period', '10', '2004-04-19 06:30:11', 74, 90),
(69, 'Biology 3rd period', '10', '2004-04-19 06:30:38', 74, 90),
(70, 'Bio 1st period', '9', '2004-05-11 07:14:15', 82, 115),
(71, 'Bio 2nd period', '9', '2004-05-11 07:14:37', 82, 115),
(72, 'AZ Ecology - Fall 04 - 1st hour', '7/8', '2004-09-22 15:22:38', 11, 78),
(73, '5th Grade 2004', '5th', '2004-09-22 20:34:21', 16, 31),
(74, 'honors biology 1st period', '9-10', '2004-09-30 08:15:42', 51, 77),
(75, 'honors biology period 2', '9-10', '2004-09-30 09:06:01', 51, 77),
(76, 'honors biology period 5', '9-10', '2004-09-30 12:02:16', 51, 77),
(77, 'grade 5 elementary science', '5', '2004-10-15 07:31:52', 61, 41),
(78, '1st Hour Science', '8', '2004-10-19 10:58:40', 80, 19),
(79, '5th Hour Science', '8', '2004-10-19 10:59:04', 80, 19),
(80, '6th Hour Science', '8', '2004-10-19 10:59:20', 80, 19),
(81, '7th Hour Science', '8', '2004-10-19 10:59:35', 80, 19),
(82, 'environmental sciece third', '12', '2004-11-10 10:30:38', 112, 87),
(83, 'Environmental Science 3rd', NULL, '2004-11-10 10:30:40', 112, 87),
(84, 'Env.Sci.3', NULL, '2004-11-10 10:30:46', 112, 87),
(85, 'EVNS3', '12', '2004-11-10 10:30:47', 112, 87),
(86, 'Environmental Science 3rd!', NULL, '2004-11-10 10:30:49', 112, 87),
(87, 'Environmental Science 3', NULL, '2004-11-10 10:30:50', 112, 87),
(88, 'environmental science third', '12', '2004-11-10 10:30:51', 112, 87),
(89, 'Env. Science 3rd', NULL, '2004-11-10 10:31:06', 112, 87),
(90, 'Enviromental Science 3', NULL, '2004-11-10 10:31:07', 112, 87),
(91, 'Envsci3', '11th', '2004-11-10 10:31:07', 112, 87),
(92, 'Enviroment Science', '11', '2004-11-10 10:31:09', 112, 87),
(93, 'ENVIROMENTALSCIENCE3rd', NULL, '2004-11-10 10:31:10', 112, 87),
(94, 'Env Sci 3', NULL, '2004-11-10 10:31:17', 112, 87),
(95, 'Evn. Science 3rd', NULL, '2004-11-10 10:31:23', 112, 87),
(96, 'enviromental science third', NULL, '2004-11-10 10:31:36', 112, 87),
(97, 'EnvironmentalScience3rd', NULL, '2004-11-10 10:31:58', 112, 87),
(98, 'environmental science', '11', '2004-11-10 10:32:06', 112, 87),
(99, 'evironmental science third', '11', '2004-11-10 10:38:59', 112, 87),
(100, 'Environmental Science3', '12', '2004-11-10 10:45:02', 112, 87),
(101, 'environmental science tres', '12', '2004-11-10 10:47:43', 112, 87),
(102, 'EnvSci4', NULL, '2004-11-10 12:04:36', 112, 87),
(103, 'ENVSCI5', NULL, '2004-11-10 13:06:35', 112, 87),
(104, 'Physical Science 1', '8', '2004-11-11 09:36:05', 18, 110),
(105, 'environmental science 5', '12', '2004-12-15 18:28:24', 112, 87),
(106, 'Topics in Science ELT 2', '8th Grade', '2005-04-14 11:51:40', 64, 3),
(107, 'Biology 4th period', '9th', '2005-05-16 08:15:52', 38, 37),
(108, 'Biology 6th period', '9th', '2005-05-16 08:16:30', 38, 37),
(109, 'Biology 7th period', '9th', '2005-05-16 08:16:51', 38, 37),
(110, 'Honors Biology 5th period', '9th', '2005-05-16 08:17:49', 38, 37),
(111, 'Biology Zero Hour', '12', '2005-05-23 08:43:02', 38, 37),
(112, 'F', NULL, '2005-06-24 12:48:29', 27, 29),
(113, 'Field Trip', NULL, '2005-06-24 12:49:02', 27, 29),
(114, 'fieldtrip', NULL, '2005-06-28 12:18:05', 39, 56),
(115, 'BIO110', 'College', '2005-12-02 11:05:22', 34, 95),
(116, 'Environmental Science 2nd', NULL, '2005-12-12 08:34:44', 112, 87),
(117, 'Environmental Science3rd', NULL, '2005-12-12 08:35:07', 112, 87),
(118, '2005EnvScience3rd', NULL, '2005-12-12 08:36:02', 112, 87),
(119, '2005Env.Science2nd', NULL, '2005-12-12 08:36:49', 112, 87),
(120, '2005Env.Science4th', NULL, '2005-12-12 08:37:11', 112, 87),
(121, 'Bird Club', '4', '2006-04-06 14:25:47', 108, 19),
(122, 'BirdClub', '4', '2006-04-06 14:51:54', 108, 26),
(123, 'Botany/Zoology', '10-12', '2006-04-12 12:18:55', 37, 125),
(124, 'Honors Physiology and Anatomy - all periods', '11-12', '2006-05-12 09:15:24', 4, 6),
(125, 'AP Biology', '12', '2006-06-02 08:18:26', 21, 37),
(126, 'Ap Biology2', '12', '2006-06-02 08:19:01', 21, 37),
(127, 'AP BIOLOGY 3', '12', '2006-06-02 08:19:05', 21, 37),
(128, 'AP Biology 5', '12th', '2006-06-02 08:20:01', 21, 37),
(129, 'AP Biology 4', '12', '2006-06-02 08:27:21', 21, 37),
(130, 'H Biology 1st period', '9th', '2006-06-06 08:00:16', 38, 37),
(131, 'summer internship', 'internship', '2006-06-22 08:00:14', 78, 8),
(132, 'Honors biology 3', '9', '2006-10-12 10:13:58', 51, 77),
(133, 'honors period 4', '9', '2006-10-23 11:27:43', 51, 77),
(134, 'honors period 6', '9', '2006-10-25 11:41:56', 51, 77),
(135, 'AZ ECOLOGY 3RD PERIOD', '7/8', '2006-10-25 17:12:31', 23, 78),
(136, 'Fly  Ways', NULL, '2006-10-31 08:39:15', 106, 8),
(137, 'biology 109', NULL, '2006-11-16 10:56:15', 109, 95),
(138, 'Bio 109', NULL, '2006-11-16 10:57:18', 109, 95),
(139, 'Biology 4th Period Mr.Carroll', '9', '2007-03-30 08:35:08', 97, 57),
(140, 'Biology 6th period Mr. Carroll', '9', '2007-03-30 09:00:42', 97, 57),
(141, 'Biology 7th Period Mr. Carroll', '9', '2007-03-30 09:03:53', 97, 57),
(142, 'TESTING', 'NA', '2007-05-29 08:59:51', 106, 8),
(143, 'HONORS  PERIOD 7', '9', '2007-10-02 11:44:01', 51, 77),
(144, 'APES', NULL, '2007-10-25 06:31:24', 43, 84),
(145, '1ST HOUR ECOLOGY', '7/8 GRADE', '2009-09-21 00:00:00', 23, 78),
(146, '2ND HOUR ECOLOGY', '7/8 GRADE', '2009-09-21 00:00:00', 23, 78),
(147, 'Mesa teachers', NULL, '2010-06-28 00:00:00', 72, 59),
(148, 'Lab Biology 1st period', '9', '2012-04-30 00:00:00', 12, 77),
(149, 'Lab Biology 2nd period', '9', '2012-04-30 00:00:00', 12, 77),
(150, 'Lab Biology 3rd period', '9', '2012-04-30 00:00:00', 12, 77),
(151, 'Lab Biology 6th period', '9', '2012-04-30 00:00:00', 12, 77),
(152, 'Lab Biology 7th period', '9', '2012-04-30 00:00:00', 12, 77),
(153, 'class', NULL, '0000-00-00 00:00:00', 47, 22),
(154, 'Environmental  2nd hour', '11-12', '2012-10-05 00:00:00', 5, 58),
(155, 'Environmental 5th hour', '11-12', '2012-10-05 00:00:00', 5, 58),
(156, '1st period Science', '7', '2012-11-21 00:00:00', 47, 22),
(157, '2nd period Science', '7th', '2012-11-21 00:00:00', 47, 22),
(158, '4th period Science', '7th', '2012-12-03 00:00:00', 47, 22),
(159, '6th period Science', '7th', '2012-12-03 00:00:00', 47, 22),
(160, 'test-testtest', NULL, '2013-02-25 00:00:00', 102, 44),
(161, 'M6EM2013', '10', '2013-05-09 00:00:00', 54, 23);

-- --------------------------------------------------------

--
-- Table structure for table `veg_samples`
--

CREATE TABLE `veg_samples` (
  `id` int(11) NOT NULL AUTO_INCREMENT,
  `tree_count` int(10) DEFAULT NULL,
  `cactus_count` int(10) DEFAULT NULL,
  `collection_date` date DEFAULT NULL,
  `observer` varchar(255) DEFAULT NULL,
  `shrub_count` int(10) DEFAULT NULL,
  `date_entered` datetime DEFAULT NULL,
  `site_id` int(11) NOT NULL,
  `habitat_id` int(11) NOT NULL,
  `teachers_class_id` int(11) DEFAULT NULL,
  PRIMARY KEY (`id`),
  KEY `site_id` (`site_id`),
  KEY `teachers_class_id` (`teachers_class_id`),
  KEY `habitat_id` (`habitat_id`)
) ENGINE=InnoDB  DEFAULT CHARSET=latin1 AUTO_INCREMENT=8 ;

--
-- Dumping data for table `veg_samples`
--

INSERT INTO `veg_samples` (`id`, `tree_count`, `cactus_count`, `collection_date`, `observer`, `shrub_count`, `date_entered`, `site_id`, `habitat_id`, `teachers_class_id`) VALUES
(1, 0, 0, '2002-05-23', NULL, 0, '2002-05-23 08:33:05', 328, 487, NULL),
(2, 0, 0, '2002-05-23', NULL, 0, '2002-05-23 08:33:57', 328, 487, NULL),
(3, 0, 0, '2002-05-23', NULL, 0, '2002-05-23 08:34:58', 328, 487, NULL),
(4, 0, 0, '2002-05-24', NULL, 0, '2002-05-24 08:49:44', 328, 487, NULL),
(5, 0, 0, '2002-05-24', NULL, 0, '2002-05-24 08:49:49', 328, 487, NULL),
(6, 0, 0, '2002-05-24', NULL, 0, '2002-05-24 08:53:15', 328, 487, NULL),
(7, 0, 0, '2002-05-24', NULL, 0, '2002-05-24 08:58:42', 328, 487, NULL);

-- --------------------------------------------------------

--
-- Table structure for table `veg_specimens`
--

CREATE TABLE `veg_specimens` (
  `id` int(11) NOT NULL AUTO_INCREMENT,
  `veg_no` varchar(50) NOT NULL,
  `veg_sample_id` int(11) NOT NULL,
  `plant_type` varchar(6) DEFAULT NULL,
  `species_id` int(11) NOT NULL,
  `circumference` double(15,5) DEFAULT NULL,
  `canopy` double(15,5) DEFAULT NULL,
  `height` double(15,5) DEFAULT NULL,
  `comments` varchar(100) DEFAULT NULL,
  PRIMARY KEY (`id`),
  KEY `species_id` (`species_id`),
  KEY `veg_sample_id` (`veg_sample_id`)
) ENGINE=InnoDB  DEFAULT CHARSET=latin1 AUTO_INCREMENT=36 ;

--
-- Dumping data for table `veg_specimens`
--

INSERT INTO `veg_specimens` (`id`, `veg_no`, `veg_sample_id`, `plant_type`, `species_id`, `circumference`, `canopy`, `height`, `comments`) VALUES
(1, '1', 1, 'Shrub', 165, 0.00000, 6.50000, 1.00000, 'South parking lot'),
(2, '1', 2, 'Tree', 36, 0.53000, 49.00000, 6.00000, 'East parking lot'),
(3, '1', 3, 'Shrub', 29, 1.21000, 0.00000, 4.90000, ' '),
(4, '1', 4, 'Tree', 163, 0.56000, 8.40000, 8.30000, ' '),
(5, '1', 5, 'Shrub', 20, 0.00000, 8.00000, 1.20000, 'by the front parking lot'),
(6, '1', 6, 'Tree', 163, 0.56000, 8.40000, 8.30000, 'edge of track'),
(7, '1', 7, 'Shrub', 34, 1.90000, 0.00000, 0.79000, 'south parking lot'),
(8, '2', 1, 'Shrub', 165, 0.00000, 3.50000, 0.65000, 'West parking lot'),
(9, '2', 2, 'Tree', 36, 0.48000, 92.00000, 4.50000, 'East parking lot'),
(10, '2', 3, 'Shrub', 29, 1.23000, 0.00000, 3.82000, ' '),
(11, '2', 4, 'Tree', 163, 0.82000, 0.00000, 10.00000, ' '),
(12, '2', 5, 'Shrub', 20, 0.00000, 9.00000, 1.80000, 'by the front parking lot'),
(13, '2', 6, 'Tree', 163, 0.82000, 10.20000, 10.80000, 'front left of school'),
(14, '2', 7, 'Shrub', 34, 2.00000, 0.00000, 0.84000, 'south parking lot'),
(15, '3', 1, 'Shrub', 165, 0.00000, 5.00000, 0.75000, 'West parking loot'),
(16, '3', 2, 'Tree', 36, 0.31000, 59.00000, 2.30000, 'East parking lot'),
(17, '3', 3, 'Shrub', 29, 1.38000, 0.00000, 5.76000, ' '),
(18, '3', 4, 'Tree', 163, 0.00000, 0.00000, 0.00000, ' '),
(19, '3', 5, 'Shrub', 20, 0.00000, 10.00000, 2.00000, 'by the front parking lot'),
(20, '3', 6, 'Tree', 163, 0.79000, 6.15000, 8.00000, 'next to #1'),
(21, '3', 7, 'Shrub', 34, 2.10000, 0.00000, 0.84000, 'south parking lot'),
(22, '4', 1, 'Shrub', 165, 0.00000, 4.50000, 0.85000, 'West parking lot'),
(23, '4', 2, 'Tree', 36, 0.61000, 63.00000, 5.20000, 'East parking lot'),
(24, '4', 3, 'Shrub', 29, 1.82000, 0.00000, 6.27000, ' '),
(25, '4', 4, 'Tree', 163, 0.00000, 0.00000, 0.00000, ' '),
(26, '4', 5, 'Shrub', 20, 0.00000, 10.00000, 1.50000, 'by the front parking lot'),
(27, '4', 6, 'Tree', 163, 0.30000, 5.70000, 5.20000, 'back left of track'),
(28, '4', 7, 'Shrub', 34, 1.50000, 0.00000, 0.74000, 'south parking lot'),
(29, '5', 1, 'Shrub', 165, 0.00000, 8.00000, 1.20000, 'South parking lot'),
(30, '5', 2, 'Tree', 36, 0.58000, 72.00000, 4.70000, 'East parking lot'),
(31, '5', 3, 'Shrub', 29, 1.23000, 0.00000, 4.55000, ' '),
(32, '5', 4, 'Tree', 163, 0.00000, 0.00000, 0.00000, ' '),
(33, '5', 5, 'Shrub', 20, 0.00000, 8.00000, 1.40000, 'by the front parking lot'),
(34, '5', 6, 'Tree', 163, 0.25000, 5.50000, 8.00000, 'back left of track'),
(35, '5', 7, 'Shrub', 34, 2.20000, 0.00000, 0.79000, 'South poarking lot');

-- --------------------------------------------------------

--
-- Table structure for table `veg_taxon`
--

CREATE TABLE `veg_taxon` (
  `id` int(11) NOT NULL AUTO_INCREMENT,
  `species_id` varchar(6) NOT NULL,
  `type` varchar(10) DEFAULT NULL,
  `common_name` varchar(100) DEFAULT NULL,
  `date_entered` datetime DEFAULT NULL,
  PRIMARY KEY (`id`),
  UNIQUE KEY `species_id` (`species_id`)
) ENGINE=InnoDB  DEFAULT CHARSET=latin1 AUTO_INCREMENT=206 ;

--
-- Dumping data for table `veg_taxon`
--

INSERT INTO `veg_taxon` (`id`, `species_id`, `type`, `common_name`, `date_entered`) VALUES
(1, 'Acagre', NULL, 'Cat claw acacia', '2014-03-13 13:01:56'),
(2, 'AloWri', NULL, 'Aloysia wrightii', '2014-03-13 13:01:56'),
(3, 'AmbAmb', NULL, 'Giant bursage', '2014-03-13 13:01:56'),
(4, 'AmbDel', NULL, 'Triangle leaf bursage', '2014-03-13 13:01:56'),
(5, 'Ambdum', NULL, 'White bursage', '2014-03-13 13:01:56'),
(6, 'AmsInt', NULL, 'Coast fiddleneck', '2014-03-13 13:01:56'),
(7, 'AmsTes', NULL, 'Checker fiddleneck', '2014-03-13 13:01:56'),
(8, 'Arerom', NULL, 'Queen Palm', '2014-03-13 13:01:56'),
(9, 'ArgNeo', NULL, 'Argythamnia', '2014-03-13 13:01:56'),
(10, 'AriPur', NULL, 'Purple Three Awn Grass', '2014-03-13 13:01:56'),
(11, 'AriWri', NULL, 'Three awn grass', '2014-03-13 13:01:56'),
(12, 'AscSub', NULL, 'Milkweed', '2014-03-13 13:01:56'),
(13, 'AstNut', NULL, 'Astralagus', '2014-03-13 13:01:56'),
(14, 'AtrCan', NULL, 'Longleaf saltbush', '2014-03-13 13:01:56'),
(15, 'Atrpol', NULL, 'Little leaf saltbush', '2014-03-13 13:01:56'),
(16, 'AveFat', NULL, 'Wild oat', '2014-03-13 13:01:56'),
(17, 'Bacsar', NULL, 'Desert broom', '2014-03-13 13:01:56'),
(18, 'BaiMul', NULL, 'Desert marigold', '2014-03-13 13:01:56'),
(19, 'BebJun', NULL, 'Chuckwalla''s delight', '2014-03-13 13:01:56'),
(20, 'Bouspe', NULL, 'Bougainvillea', '2014-03-13 13:01:56'),
(21, 'BowInc', NULL, 'Bowlesia', '2014-03-13 13:01:56'),
(22, 'Brapop', NULL, 'Bottle Tree', '2014-03-13 13:01:56'),
(23, 'BraTou', NULL, 'Brassica', '2014-03-13 13:01:56'),
(24, 'BriCou', NULL, 'Brickellia', '2014-03-13 13:01:56'),
(25, 'BroAri', NULL, 'Arizona brome', '2014-03-13 13:01:56'),
(26, 'Brome', NULL, 'Red brome', '2014-03-13 13:01:56'),
(27, 'BroRub', NULL, 'Red brome', '2014-03-13 13:01:56'),
(28, 'BurMic', NULL, 'Elephant Tree', '2014-03-13 13:01:56'),
(29, 'Caepul', NULL, 'Red Bird of Paradise', '2014-03-13 13:01:56'),
(30, 'Caleri', NULL, 'Fairy Duster, False Mesquire', '2014-03-13 13:01:56'),
(31, 'Calvim', NULL, 'Bottle Brush', '2014-03-13 13:01:56'),
(32, 'CarGig', NULL, 'Saguaro', '2014-03-13 13:01:56'),
(33, 'Cargra', NULL, 'Natal Plum', '2014-03-13 13:01:56'),
(34, 'Cas', NULL, 'Cassia', '2014-03-13 13:01:56'),
(35, 'CauLas', NULL, 'Caulanthus', '2014-03-13 13:01:56'),
(36, 'Cerflo', NULL, 'Blue palo verde', '2014-03-13 13:01:56'),
(37, 'Cermic', NULL, 'Foothills palo verde', '2014-03-13 13:01:56'),
(38, 'Chenop', NULL, 'Nettleleaf goosefoot', '2014-03-13 13:01:56'),
(39, 'Chilin', NULL, 'Desert Willow', '2014-03-13 13:01:56'),
(40, 'ChlSpi', NULL, 'Chlorocantha', '2014-03-13 13:01:56'),
(41, 'ChoBre', NULL, 'Brittle spine flower', '2014-03-13 13:01:56'),
(42, 'ChorBr', NULL, 'Chorizanthe', '2014-03-13 13:01:56'),
(43, 'Cit', NULL, 'Citrus', '2014-03-13 13:01:56'),
(44, 'ConCou', NULL, 'Conyza', '2014-03-13 13:01:56'),
(45, 'CraEre', NULL, 'Crassula', '2014-03-13 13:01:56'),
(46, 'Crassu', NULL, 'Crassula', '2014-03-13 13:01:56'),
(47, 'Crypt', NULL, 'Cryptantha', '2014-03-13 13:01:56'),
(48, 'Crypta', NULL, 'Cryptantha', '2014-03-13 13:01:56'),
(49, 'CryPte', NULL, 'Cryptantha', '2014-03-13 13:01:56'),
(50, 'Cycrev', NULL, 'Sago Palm', '2014-03-13 13:01:56'),
(51, 'Dalgre', NULL, 'Indigo Bush (Trailing)', '2014-03-13 13:01:56'),
(52, 'DaPusi', NULL, 'Daucus', '2014-03-13 13:01:56'),
(53, 'DaucuP', NULL, 'Daucus', '2014-03-13 13:01:56'),
(54, 'DauPus', NULL, 'Daucus', '2014-03-13 13:01:56'),
(55, 'Diciii', NULL, 'Dicot three', '2014-03-13 13:01:56'),
(56, 'dicoti', NULL, 'dicot one', '2014-03-13 13:01:56'),
(57, 'DimAur', NULL, 'Dimorphotheca', '2014-03-13 13:01:56'),
(58, 'Dpusil', NULL, 'Daucus', '2014-03-13 13:01:56'),
(59, 'DraCun', NULL, 'Draba', '2014-03-13 13:01:56'),
(60, 'EchEng', NULL, 'Engelmann''s hedgehog cactus', '2014-03-13 13:01:56'),
(61, 'EmmPen', NULL, 'Emmenantha', '2014-03-13 13:01:56'),
(62, 'Encfar', NULL, 'Brittlebush', '2014-03-13 13:01:56'),
(63, 'EphFas', NULL, 'Joint fur', '2014-03-13 13:01:56'),
(64, 'EriDif', NULL, 'Eriastrum', '2014-03-13 13:01:56'),
(65, 'EriFas', NULL, 'Flat-top buckwheat-brush', '2014-03-13 13:01:56'),
(66, 'EriInf', NULL, 'Desert trumpet', '2014-03-13 13:01:56'),
(67, 'EriLan', NULL, 'Woolly daisy', '2014-03-13 13:01:56'),
(68, 'ErioIn', NULL, 'Eriogonum', '2014-03-13 13:01:56'),
(69, 'ErioLa', NULL, 'Eriophyllum', '2014-03-13 13:01:56'),
(70, 'EriopL', NULL, 'Eriophyllum', '2014-03-13 13:01:56'),
(71, 'EriPri', NULL, 'Eriophyllum', '2014-03-13 13:01:56'),
(72, 'EroCic', NULL, 'Filaree', '2014-03-13 13:01:56'),
(73, 'EroTex', NULL, 'Erodium', '2014-03-13 13:01:56'),
(74, 'EscMex', NULL, 'Gold-poppy', '2014-03-13 13:01:56'),
(75, 'Euc', NULL, 'Eucalyptus', '2014-03-13 13:01:56'),
(76, 'EucChr', NULL, 'Eucrypta', '2014-03-13 13:01:56'),
(77, 'Eup19A', NULL, 'Euphorbia 19A', '2014-03-13 13:01:56'),
(78, 'Eup22A', NULL, 'Euphorbia 22A', '2014-03-13 13:01:56'),
(79, 'EupCap', NULL, 'Euphorbia', '2014-03-13 13:01:56'),
(80, 'Euph8A', NULL, 'Euphorbia 8A', '2014-03-13 13:01:56'),
(81, 'EupPol', NULL, 'Spurge', '2014-03-13 13:01:56'),
(82, 'FerCyl', NULL, 'Compass barrel cactus', '2014-03-13 13:01:56'),
(83, 'Feroca', NULL, 'Compass barrel cactus', '2014-03-13 13:01:56'),
(84, 'Fic', NULL, 'Indian Laurel Fig', '2014-03-13 13:01:56'),
(85, 'FilAri', NULL, 'Filago', '2014-03-13 13:01:56'),
(86, 'FoqSpl', NULL, 'Ocotillo', '2014-03-13 13:01:56'),
(87, 'Fra', NULL, 'Ash', '2014-03-13 13:01:56'),
(88, 'GalSte', NULL, 'Desert bedstraw', '2014-03-13 13:01:56'),
(89, 'HerCin', NULL, 'Burst-wort', '2014-03-13 13:01:56'),
(90, 'HernCi', NULL, 'Herniaria', '2014-03-13 13:01:56'),
(91, 'Hespar', NULL, 'Hesper Aloe', '2014-03-13 13:01:56'),
(92, 'HibDen', NULL, 'Rose mallow', '2014-03-13 13:01:56'),
(93, 'Hibros', NULL, 'Hibiscus', '2014-03-13 13:01:56'),
(94, 'Hordeu', NULL, 'Hordeum', '2014-03-13 13:01:56'),
(95, 'HorNud', NULL, 'Hordeum', '2014-03-13 13:01:56'),
(96, 'HymenS', NULL, 'Hymenoclea', '2014-03-13 13:01:56'),
(97, 'HymMon', NULL, 'Hymenoclea', '2014-03-13 13:01:56'),
(98, 'HymSal', NULL, 'Hymenoclea', '2014-03-13 13:01:56'),
(99, 'HypEmo', NULL, 'Desert lavender', '2014-03-13 13:01:56'),
(100, 'HySals', NULL, 'Hymenoclea', '2014-03-13 13:01:56'),
(101, 'IsAcra', NULL, 'Isocoma', '2014-03-13 13:01:56'),
(102, 'IsoAcr', NULL, 'Isocoma', '2014-03-13 13:01:56'),
(103, 'KalGra', NULL, 'Summer poppy', '2014-03-13 13:01:56'),
(104, 'KraGra', NULL, 'White ratany', '2014-03-13 13:01:56'),
(105, 'KramGr', NULL, 'White ratany', '2014-03-13 13:01:56'),
(106, 'Lan', NULL, 'Lantana', '2014-03-13 13:01:56'),
(107, 'Larrea', NULL, 'Creosote bush', '2014-03-13 13:01:56'),
(108, 'LarTri', NULL, 'Creosote bush', '2014-03-13 13:01:56'),
(109, 'LepDen', NULL, 'Lepidium', '2014-03-13 13:01:56'),
(110, 'LepLas', NULL, 'Poor man''s pepper', '2014-03-13 13:01:56'),
(111, 'Leufru', NULL, 'Texas Ranger', '2014-03-13 13:01:56'),
(112, 'Linant', NULL, 'Linanthus', '2014-03-13 13:01:56'),
(113, 'LoeSqu', NULL, 'Loeflingia', '2014-03-13 13:01:56'),
(114, 'LotSal', NULL, 'Lotus', '2014-03-13 13:01:56'),
(115, 'LotStr', NULL, 'Lotus', '2014-03-13 13:01:56'),
(116, 'LotusH', NULL, 'Lotus', '2014-03-13 13:01:56'),
(117, 'LotusS', NULL, 'Lotus', '2014-03-13 13:01:56'),
(118, 'LupAri', NULL, 'Arizona lupine', '2014-03-13 13:01:56'),
(119, 'LupCoc', NULL, 'Lupinus', '2014-03-13 13:01:56'),
(120, 'LupSpa', NULL, 'Lupine', '2014-03-13 13:01:56'),
(121, 'Lycium', NULL, 'Lycium', '2014-03-13 13:01:56'),
(122, 'Malvai', NULL, 'Malvai', '2014-03-13 13:01:56'),
(123, 'Mammic', NULL, 'Pincushion cactus', '2014-03-13 13:01:56'),
(124, 'MatMat', NULL, 'Pineapple weed', '2014-03-13 13:01:56'),
(125, 'Matric', NULL, 'Pineapple weed', '2014-03-13 13:01:56'),
(126, 'MelInd', NULL, 'Annual yellow sweet clover', '2014-03-13 13:01:56'),
(127, 'MenAff', NULL, 'Menzelia', '2014-03-13 13:01:56'),
(128, 'MiraBi', NULL, 'Mirabilis', '2014-03-13 13:01:56'),
(129, 'MirBig', NULL, 'Mirabilis', '2014-03-13 13:01:56'),
(130, 'Myopar', NULL, 'Myoporum', '2014-03-13 13:01:56'),
(131, 'NamHis', NULL, 'Nama', '2014-03-13 13:01:56'),
(132, 'Nerole', NULL, 'Oleander', '2014-03-13 13:01:56'),
(133, 'OenDel', NULL, 'Oenothera', '2014-03-13 13:01:56'),
(134, 'Oleeur', NULL, 'Olive', '2014-03-13 13:01:56'),
(135, 'OliLin', NULL, 'Oligomeris', '2014-03-13 13:01:56'),
(136, 'OlnTes', NULL, 'Ironwood', '2014-03-13 13:01:56'),
(137, 'OpuAca', NULL, 'Buckhorn cholla', '2014-03-13 13:01:56'),
(138, 'Opubig', NULL, 'Teddy bear cholla', '2014-03-13 13:01:56'),
(139, 'OpuChl', NULL, 'Opuntia chlorotica', '2014-03-13 13:01:56'),
(140, 'OpuEng', NULL, 'Prickly pear cactus', '2014-03-13 13:01:56'),
(141, 'OpuFul', NULL, 'Chain fruit cholla', '2014-03-13 13:01:56'),
(142, 'OpuLep', NULL, 'Opulep', '2014-03-13 13:01:56'),
(143, 'OpunLe', NULL, 'Desert Christmas cactus', '2014-03-13 13:01:56'),
(144, 'ParHes', NULL, 'Pellitory', '2014-03-13 13:01:56'),
(145, 'PecPla', NULL, 'PecPla', '2014-03-13 13:01:56'),
(146, 'PecRec', NULL, 'PecRec', '2014-03-13 13:01:56'),
(147, 'PecSet', NULL, 'PecSet', '2014-03-13 13:01:56'),
(148, 'PectSe', NULL, 'Pectocarya', '2014-03-13 13:01:56'),
(149, 'PenCil', NULL, 'Pennisetum', '2014-03-13 13:01:56'),
(150, 'Phacel', NULL, 'Phacelia', '2014-03-13 13:01:56'),
(151, 'Phaxxx', NULL, 'Phacelia', '2014-03-13 13:01:56'),
(152, 'PhoAur', NULL, 'Pholistoma', '2014-03-13 13:01:56'),
(153, 'Phodac', NULL, 'Date Palm', '2014-03-13 13:01:56'),
(154, 'Pin', NULL, 'Pine', '2014-03-13 13:01:56'),
(155, 'Pittob', NULL, 'Mock Orange', '2014-03-13 13:01:56'),
(156, 'PlaAri', NULL, 'Plantain', '2014-03-13 13:01:56'),
(157, 'PlaIns', NULL, 'Plantain', '2014-03-13 13:01:56'),
(158, 'Plan12', NULL, 'Plan12', '2014-03-13 13:01:56'),
(159, 'PlaPat', NULL, 'Plantain', '2014-03-13 13:01:56'),
(160, 'PoaB', NULL, 'Blue grass', '2014-03-13 13:01:56'),
(161, 'PoaBi', NULL, 'Blue grass', '2014-03-13 13:01:56'),
(162, 'PoaBig', NULL, 'PoaBig', '2014-03-13 13:01:56'),
(163, 'ProVel', NULL, 'Mesquite tree', '2014-03-13 13:01:56'),
(164, 'PteDry', NULL, 'Pteostegia', '2014-03-13 13:01:56'),
(165, 'Rosoff', NULL, 'Rosemary', '2014-03-13 13:01:56'),
(166, 'Rue', NULL, 'Ruellia', '2014-03-13 13:01:56'),
(167, 'SalCol', NULL, 'Salvia', '2014-03-13 13:01:56'),
(168, 'Schis', NULL, 'Schismus', '2014-03-13 13:01:56'),
(169, 'Schism', NULL, 'Schismus', '2014-03-13 13:01:56'),
(170, 'Schxxx', NULL, 'Schismus', '2014-03-13 13:01:56'),
(171, 'Scis', NULL, 'Schismus', '2014-03-13 13:01:56'),
(172, 'SelAri', NULL, 'Selaginella', '2014-03-13 13:01:56'),
(173, 'SenCov', NULL, 'Senna', '2014-03-13 13:01:56'),
(174, 'Senna', NULL, 'Senna', '2014-03-13 13:01:56'),
(175, 'SilAnt', NULL, 'Silene', '2014-03-13 13:01:56'),
(176, 'SimChi', NULL, 'Jojoba', '2014-03-13 13:01:56'),
(177, 'Simmon', NULL, 'Jojoba', '2014-03-13 13:01:56'),
(178, 'SisIri', NULL, 'Sisymbrium', '2014-03-13 13:01:56'),
(179, 'Sonchu', NULL, 'Sonchus', '2014-03-13 13:01:56'),
(180, 'SoncOl', NULL, 'Sonchus', '2014-03-13 13:01:56'),
(181, 'SonOle', NULL, 'Sonchus', '2014-03-13 13:01:56'),
(182, 'SphaeC', NULL, 'Sphaeralcea', '2014-03-13 13:01:56'),
(183, 'SphAmb', NULL, 'SphAmb', '2014-03-13 13:01:56'),
(184, 'SphCou', NULL, 'SphCou', '2014-03-13 13:01:56'),
(185, 'SphEmo', NULL, 'SphEmo', '2014-03-13 13:01:56'),
(186, 'SphPar', NULL, 'Mallow', '2014-03-13 13:01:56'),
(187, 'StePau', NULL, 'Stephanomeria', '2014-03-13 13:01:56'),
(188, 'Steph', NULL, 'Stephanomeria', '2014-03-13 13:01:56'),
(189, 'Stepha', NULL, 'Stephanomeria', '2014-03-13 13:01:56'),
(190, 'Teccap', NULL, 'Cape Honeysuckle', '2014-03-13 13:01:56'),
(191, 'Theper', NULL, 'Yellow Oleander', '2014-03-13 13:01:56'),
(192, 'TidLan', NULL, 'Tidestroemia', '2014-03-13 13:01:56'),
(193, 'TriCal', NULL, 'Trixis', '2014-03-13 13:01:56'),
(194, 'TriPor', NULL, 'Trianthemia', '2014-03-13 13:01:56'),
(195, 'TrixiC', NULL, 'Trixis', '2014-03-13 13:01:56'),
(196, 'Un7iii', NULL, 'Gilia', '2014-03-13 13:01:56'),
(197, 'UropLi', NULL, 'Uropappus', '2014-03-13 13:01:56'),
(198, 'Veroni', NULL, 'Veronica', '2014-03-13 13:01:56'),
(199, 'VigDel', NULL, 'Viguieria', '2014-03-13 13:01:56'),
(200, 'ViguDe', NULL, 'Viguieria', '2014-03-13 13:01:56'),
(201, 'Vitagn', NULL, 'Monk''s Pepper, Chaste Tree', '2014-03-13 13:01:56'),
(202, 'VulOct', NULL, 'Vulpia', '2014-03-13 13:01:56'),
(203, 'Wasfil', NULL, 'California Fan Palm', '2014-03-13 13:01:56'),
(204, 'Ziziph', NULL, 'Ziziphus', '2014-03-13 13:01:56'),
(205, 'ZizObt', NULL, 'Ziziphus', '2014-03-13 13:01:56');

--
-- Constraints for dumped tables
--

--
-- Constraints for table `arthro_samples`
--
ALTER TABLE `arthro_samples`
  ADD CONSTRAINT `arthro_samples_ibfk_1` FOREIGN KEY (`site_id`) REFERENCES `sites` (`id`),
  ADD CONSTRAINT `arthro_samples_ibfk_2` FOREIGN KEY (`teachers_class_id`) REFERENCES `teachers_classes` (`id`),
  ADD CONSTRAINT `arthro_samples_ibfk_3` FOREIGN KEY (`habitat_id`) REFERENCES `habitats` (`id`);

--
-- Constraints for table `arthro_specimens`
--
ALTER TABLE `arthro_specimens`
  ADD CONSTRAINT `arthro_specimens_ibfk_1` FOREIGN KEY (`arthro_taxon_id`) REFERENCES `arthro_taxon` (`id`),
  ADD CONSTRAINT `arthro_specimens_ibfk_2` FOREIGN KEY (`arthro_sample_id`) REFERENCES `arthro_samples` (`id`);

--
-- Constraints for table `bird_samples`
--
ALTER TABLE `bird_samples`
  ADD CONSTRAINT `bird_samples_ibfk_1` FOREIGN KEY (`site_id`) REFERENCES `sites` (`id`),
  ADD CONSTRAINT `bird_samples_ibfk_2` FOREIGN KEY (`habitat_id`) REFERENCES `habitats` (`id`),
  ADD CONSTRAINT `bird_samples_ibfk_3` FOREIGN KEY (`teachers_class_id`) REFERENCES `teachers_classes` (`id`),
  ADD CONSTRAINT `bird_samples_ibfk_4` FOREIGN KEY (`cloud_cover_id`) REFERENCES `cloud_cover` (`id`);

--
-- Constraints for table `bird_specimens`
--
ALTER TABLE `bird_specimens`
  ADD CONSTRAINT `bird_specimens_ibfk_1` FOREIGN KEY (`species_id`) REFERENCES `bird_taxon` (`id`),
  ADD CONSTRAINT `bird_specimens_ibfk_2` FOREIGN KEY (`bird_sample_id`) REFERENCES `bird_samples` (`id`);

--
-- Constraints for table `bruchid_samples`
--
ALTER TABLE `bruchid_samples`
  ADD CONSTRAINT `bruchid_samples_ibfk_1` FOREIGN KEY (`teachers_class_id`) REFERENCES `teachers_classes` (`id`),
  ADD CONSTRAINT `bruchid_samples_ibfk_2` FOREIGN KEY (`site_id`) REFERENCES `sites` (`id`);

--
-- Constraints for table `bruchid_specimens`
--
ALTER TABLE `bruchid_specimens`
  ADD CONSTRAINT `bruchid_specimens_ibfk_1` FOREIGN KEY (`bruchid_sample_id`) REFERENCES `bruchid_samples` (`id`);

--
-- Constraints for table `habitats`
--
ALTER TABLE `habitats`
  ADD CONSTRAINT `habitats_ibfk_1` FOREIGN KEY (`school_id`) REFERENCES `schools` (`id`),
  ADD CONSTRAINT `habitats_ibfk_2` FOREIGN KEY (`site_id`) REFERENCES `sites` (`id`);

--
-- Constraints for table `sites`
--
ALTER TABLE `sites`
  ADD CONSTRAINT `sites_ibfk_1` FOREIGN KEY (`school_id`) REFERENCES `schools` (`id`);

--
-- Constraints for table `teachers`
--
ALTER TABLE `teachers`
  ADD CONSTRAINT `teachers_ibfk_1` FOREIGN KEY (`school_id`) REFERENCES `schools` (`id`);

--
-- Constraints for table `teachers_classes`
--
ALTER TABLE `teachers_classes`
  ADD CONSTRAINT `teachers_classes_ibfk_1` FOREIGN KEY (`school_id`) REFERENCES `schools` (`id`),
  ADD CONSTRAINT `teachers_classes_ibfk_2` FOREIGN KEY (`teacher_id`) REFERENCES `teachers` (`id`);

--
-- Constraints for table `veg_samples`
--
ALTER TABLE `veg_samples`
  ADD CONSTRAINT `veg_samples_ibfk_1` FOREIGN KEY (`site_id`) REFERENCES `sites` (`id`),
  ADD CONSTRAINT `veg_samples_ibfk_2` FOREIGN KEY (`teachers_class_id`) REFERENCES `teachers_classes` (`id`),
  ADD CONSTRAINT `veg_samples_ibfk_3` FOREIGN KEY (`habitat_id`) REFERENCES `habitats` (`id`);

--
-- Constraints for table `veg_specimens`
--
ALTER TABLE `veg_specimens`
  ADD CONSTRAINT `veg_specimens_ibfk_1` FOREIGN KEY (`species_id`) REFERENCES `veg_taxon` (`id`),
  ADD CONSTRAINT `veg_specimens_ibfk_2` FOREIGN KEY (`veg_sample_id`) REFERENCES `veg_samples` (`id`);
